tick,time_s,euler_roll_deg,gyro_roll_rad_s,roll_offset_deg,roll_rad,rolldot_rad_s,vel_roll_raw_rad_s,roll_f_rad,rolldot_f_rad_s,vel_roll_f_rad_s,tau_fb_roll_nm,denom_roll,tau_ff_roll_g_nm,tau_ff_roll_f_nm,tau_ff_roll_nm,tau_roll_total_nm,tau_motor1_raw_nm,tau_motor1_sat_nm,tau_motor1_ramped_nm,tau_motor1_final_nm,tau_motor2_raw_nm,tau_motor2_sat_nm,tau_motor2_ramped_nm,tau_motor2_final_nm,ramp_scale
50,361.446693264,-3.8741819080873743,0.026821570470929146,1.1453187085678154,-0.08760681256651878,0.026821570470929146,-0.5796236991882324,-0.08760681256651878,0.026821570470929146,-0.5796236991882324,1.7412660906328306,165.13977952497044,0.009242384376734816,0.4999999999147086,0.5092423842914434,-2.250508474924274,-2.250508474924274,-2.2,-0.10898354206666076,-0.10898354206666076,1.0010942679221846,1.0010942679221846,0.049592181482177436,0.049592181482177436,0.04953797366666398
100,361.59669547,-3.6295885650409865,0.08270356059074402,1.1453187085678154,-0.08333785340189934,0.08270356059074402,-0.42711225152015686,-0.08333785340189934,0.08270356059074402,-0.42711225152015686,1.6278537902706518,165.19982784836301,0.008789889465428328,0.49999996195476915,0.5087898514201975,-2.136643641690849,-2.136643641690849,-2.136643641690849,-0.21267824828792523,-0.21267824828792523,0.6496936522113337,0.6496936522113337,0.06466951492516766,0.06466951492516766,0.0995384743333337
150,361.713713537,-3.017754093012996,0.16082923114299774,1.1453187085678154,-0.07265932738780975,0.16082923114299774,-0.3072455823421478,-0.07265932738780975,0.16082923114299774,-0.3072455823421478,1.3727526080909187,165.33692806137782,0.0076593661060019805,0.4999954017184115,0.5076547678244134,-1.8804073759153321,-1.8804073759153321,-1.8804073759153321,-0.26069652076610755,-0.26069652076610755,0.35364838055734094,0.35364838055734094,0.04902921758695459,0.04902921758695459,0.13863832066666268
200,361.771751245,-2.4430662451163543,0.2087891399860382,1.1453187085678154,-0.06262913227081299,0.2087891399860382,-0.40380749106407166,-0.06262913227081299,0.2087891399860382,-0.40380749106407166,1.1487569176663983,165.44863744114483,0.0065990705320569535,0.4999999033625741,0.506598973894631,-1.6553558915610294,-1.6553558915610294,-1.6553558915610294,-0.26152467151150915,-0.26152467151150915,0.1665192569434511,0.1665192569434511,0.02630787385026266,0.02630787385026266,0.15798697599999892
250,361.899955431,-0.8482749170829105,0.17052514851093292,1.1453187085678154,-0.03479477271437645,0.17052514851093292,-0.49662378430366516,-0.03479477271437645,0.17052514851093292,-0.49662378430366516,0.6098483621468271,165.67195021250208,0.003662949280205866,0.49999999764081915,0.503662946921025,-1.1135113090678521,-1.1135113090678521,-1.1135113090678521,-0.22339733190417796,-0.22339733190417796,-0.21641770933119125,-0.21641770933119125,-0.04341863297452689,-0.04341863297452689,0.20062421466665606
300,362.070114214,0.32806329730454187,0.05171051248908043,1.1453187085678154,-0.014263797756284474,0.05171051248908043,1.2581228017807007,-0.014263797756284474,0.05171051248908043,1.2581228017807007,0.2604800836381097,165.75492112445718,0.0015010927783021336,-0.5,-0.4984989072216979,0.23801882358358817,0.23801882358358817,0.23801882358358817,0.061252971847850175,0.061252971847850175,-0.1779700780298508,-0.1779700780298508,-0.04579972295970043,-0.04579972295970043,0.25734507433332965
350,362.257570465,0.9156950740498716,0.04635145142674446,1.1453187085678154,-0.004007688462734221,0.04635145142674446,1.9607170820236206,-0.004007688462734221,0.04635145142674446,1.9607170820236206,0.05467070558653199,165.77035948402212,0.00042173479476481825,-0.5,-0.4995782652052352,0.4449075596187032,0.4449075596187032,0.4449075596187032,0.1422889861643197,0.1422889861643197,-0.3243707578854311,-0.3243707578854311,-0.10373927186228406,-0.10373927186228406,0.31981696666665965
400,362.435728207,1.3807277566382494,0.010442180559039116,1.1453187085678154,0.004108662977814679,0.010442180559039116,0.25439178943634033,0.004108662977814679,0.010442180559039116,0.25439178943634033,-0.08737808552811516,165.77029196533184,-0.00043236060459760805,-0.4999619157467745,-0.5003942763513721,0.5877723618794872,0.5877723618794872,0.5877723618794872,0.22288996533939137,0.22288996533939137,0.06723189226916168,0.06723189226916168,0.02549509828882976,0.02549509828882976,0.3792113746666625
450,362.540243444,1.431654821028628,-0.00715493131428957,1.1453187085678154,0.004997507929801942,-0.00715493131428957,0.10861362516880035,0.004997507929801942,-0.00715493131428957,0.10861362516880035,-0.09636716721459515,165.76962513879624,-0.0005258964628178166,-0.4871888441030551,-0.4877147405658729,0.584081907780468,0.584081907780468,0.584081907780468,0.2418830859388499,0.2418830859388499,0.18183256930109895,0.18183256930109895,0.07530146440226784,0.07530146440226784,0.4141252840000031
500,362.676236945,1.3024709709445341,-0.008726919069886208,1.1453187085678154,0.002742824405431752,-0.008726919069886208,-0.9677371382713318,0.002742824405431752,-0.008726919069886208,-0.9677371382713318,-0.0497313810685506,165.77106293258856,-0.00028863052504047963,0.5,0.49971136947495953,-0.44997998840640896,-0.44997998840640896,-0.44997998840640896,-0.20669364888167124,-0.20669364888167124,-0.5687236851570178,-0.5687236851570178,-0.26123733659098985,-0.26123733659098985,0.459339646666668
550,362.832616027,1.1560322487479895,0.014773085713386536,1.1453187085678154,0.0001869865506887447,0.014773085713386536,2.0584607124328613,0.0001869865506887447,0.014773085713386536,2.0584607124328613,-0.006377949167876762,165.77167984741052,-1.9676758272029675e-05,-0.5,-0.5000196767582721,0.5063976259261489,0.5063976259261489,0.5063976259261489,0.25902986245337273,0.25902986245337273,0.11688955573669038,0.11688955573669038,0.05979073359464439,0.05979073359464439,0.5115147646666666
600,362.992911619,1.1200640456918793,0.06314323842525482,1.1453187085678154,-0.0004407770186662663,0.06314323842525482,4.011508464813232,-0.0004407770186662663,0.06314323842525482,4.011508464813232,-0.01435706093190426,165.77166672166476,4.6383353629695045e-05,-0.5,-0.4999536166463703,0.5143106775782745,0.5143106775782745,0.5143106775782745,0.290555746871705,0.290555746871705,-0.3858783443631464,-0.3858783443631464,-0.21799891667811466,-0.21799891667811466,0.5649420856666628
650,363.142437423,0.7678618726847338,-0.016087142750620842,1.1453187085678154,-0.0065878645703196514,-0.016087142750620842,0.6622287034988403,-0.0065878645703196514,-0.016087142750620842,0.6622287034988403,0.14271837291685205,165.76810719869158,0.0006932566810206909,-0.4999999999968674,-0.4993067433158467,0.3565883703989946,0.3565883703989946,0.3565883703989946,0.21922505209188867,0.21922505209188867,-0.0847796565418116,-0.0847796565418116,-0.05212123042856106,-0.05212123042856106,0.6147846376666545
700,363.310307214,0.9015515665477736,0.030455490574240685,1.1453187085678154,-0.004254539236426352,0.030455490574240685,0.7257680892944336,-0.004254539236426352,0.030455490574240685,0.7257680892944336,0.06911667102217639,165.770191455504,0.00044771155672108454,-0.4999999999997533,-0.49955228844303223,0.43043561742085584,0.43043561742085584,0.43043561742085584,0.2887089858218001,0.2887089858218001,0.11645700102154026,0.11645700102154026,0.07811199003056325,0.07811199003056325,0.6707367469999971
750,363.512461629,1.3448550695088135,0.05188478156924248,1.1453187085678154,0.003482566475868226,0.05188478156924248,1.8944088220596313,0.003482566475868226,0.05188478156924248,1.8944088220596313,-0.09656871323001587,165.7706835312893,-0.0003664749801258981,-0.5,-0.5003664749801259,0.5969351882101417,0.5969351882101417,0.5969351882101417,0.4405895003508127,0.4405895003508127,0.3948394791902551,0.3948394791902551,0.2914254885472909,0.2914254885472909,0.7380859916666699
800,363.718187866,1.2430402143157837,-0.05551104247570038,1.1453187085678154,0.0017055620253086101,-0.05551104247570038,2.0503506660461426,0.0017055620253086101,-0.05551104247570038,2.0503506660461426,-0.010743719328947583,165.77144307238518,-0.00017947795403266365,-0.5,-0.5001794779540326,0.5109231972829802,0.5109231972829802,0.5109231972829802,0.41202215954159865,0.41202215954159865,0.2818076690671945,0.2818076690671945,0.2272572570631205,0.2272572570631205,0.8064268009999864
850,363.941279261,1.1753628580378892,-0.018606211990118027,1.1453187085678154,0.0005243693292140972,-0.018606211990118027,1.2505604028701782,0.0005243693292140972,-0.018606211990118027,1.2505604028701782,-0.005193192159219694,165.7716600748731,-5.517984751398885e-05,-0.5,-0.500055179847514,0.5052483720067337,0.5052483720067337,0.5052483720067337,0.44510871470617547,0.44510871470617547,0.14453640900265238,0.14453640900265238,0.12733225637896617,0.12733225637896617,0.8809701116666702
900,364.126331305,0.9942139682529862,0.01004888117313385,1.1453187085678154,-0.002637275233864783,0.01004888117313385,1.7325851917266846,-0.002637275233864783,0.01004888117313385,1.7325851917266846,0.051789182684773824,165.77110971657285,0.00027752341387096284,-0.5,-0.49972247658612906,0.4479332939013552,0.4479332939013552,0.4479332939013552,0.4222780612659635,0.4222780612659635,0.3045383997142247,0.3045383997142247,0.2870960626576742,0.2870960626576742,0.9427253276666647
950,364.28212968,1.1253934075134875,0.049021970480680466,1.1453187085678154,-0.00034776210784912,0.049021970480680466,1.6692860126495361,-0.00034776210784912,0.049021970480680466,1.6692860126495361,-0.014854709193417241,165.771672764328,3.659531180955204e-05,-0.5,-0.49996340468819045,0.5148181138816077,0.5148181138816077,0.5148181138816077,0.5120261337529463,0.5120261337529463,0.21944663696483302,0.21944663696483302,0.2182565260631636,0.2182565260631636,0.9945767639999872
1000,364.395299326,1.4329312126297742,0.05837946757674217,1.1453187085678154,0.005019785165786744,0.05837946757674217,2.1162214279174805,0.005019785165786744,0.05837946757674217,2.1162214279174805,-0.12934908614023738,165.7696067538463,-0.0005282407740957635,-0.5,-0.5005282407740957,0.6298773269143332,0.6298773269143332,0.6298773269143332,0.6298773269143332,0.6298773269143332,0.44257762030466336,0.44257762030466336,0.44257762030466336,0.44257762030466336,1.0
1050,364.454558493,1.6677027436496836,0.07096312940120697,1.1453187085678154,0.009117321372032167,0.07096312940120697,5.071752548217773,0.009117321372032167,0.07096312940120697,5.071752548217773,-0.21779124285042886,165.7648344070927,-0.0009594500356591554,-0.5,-0.5009594500356591,0.718750692886088,0.718750692886088,0.718750692886088,0.718750692886088,0.718750692886088,0.2133164744279631,0.2133164744279631,0.2133164744279631,0.2133164744279631,1.0
1100,364.604535366,1.6121863257455853,-0.046878915280103683,1.1453187085678154,0.008148377090692521,-0.046878915280103683,4.382926940917969,0.008148377090692521,-0.046878915280103683,4.382926940917969,-0.1405602202409359,165.766212663835,-0.0008574796442370319,-0.5,-0.500857479644237,0.6414176998851728,0.6414176998851728,0.6414176998851728,0.6414176998851728,0.6414176998851728,0.5839223613703262,0.5839223613703262,0.5839223613703262,0.5839223613703262,1.0
1150,364.758954366,1.3451515424074743,-0.03303322568535805,1.1453187085678154,0.00348774090409279,-0.03303322568535805,5.209923267364502,0.00348774090409279,-0.03303322568535805,5.209923267364502,-0.05906088460041676,165.77068055985592,-0.00036701949628134637,-0.5,-0.5003670194962814,0.5594279040966982,0.5594279040966982,0.5594279040966982,0.5594279040966982,0.5594279040966982,0.46720731648929115,0.46720731648929115,0.46720731648929115,0.46720731648929115,1.0
1200,364.910793491,1.3643926121862233,0.015580352395772934,1.1453187085678154,0.0038235609233379375,0.015580352395772934,3.91562819480896,0.0038235609233379375,0.015580352395772934,3.91562819480896,-0.08783684883103576,165.77047827987357,-0.00040235859853270643,-0.5,-0.5004023585985327,0.5882392074295684,0.5882392074295684,0.5882392074295684,0.5882392074295684,0.5882392074295684,0.23657536970761145,0.23657536970761145,0.23657536970761145,0.23657536970761145,1.0
1250,365.064587956,1.911988728183421,0.04999779909849167,1.1453187085678154,0.013380916118621827,0.04999779909849167,7.023794651031494,0.013380916118621827,0.04999779909849167,7.023794651031494,-0.29610510945176505,165.75693185243833,-0.0014081687743923803,-0.5,-0.5014081687743924,0.7975132782261575,0.7975132782261575,0.7975132782261575,0.7975132782261575,0.7975132782261575,0.6497639372050582,0.6497639372050582,0.6497639372050582,0.6497639372050582,1.0
1300,365.225102334,1.9045436085446954,-0.032082587480545044,1.1453187085678154,0.013250974267721177,-0.032082587480545044,7.982036113739014,0.013250974267721177,-0.032082587480545044,7.982036113739014,-0.2464714391055411,165.75721694821885,-0.0013944924769894763,-0.5,-0.5013944924769895,0.7478659315825307,0.7478659315825307,0.7478659315825307,0.7478659315825307,0.7478659315825307,0.6835402436397917,0.6835402436397917,0.6835402436397917,0.6835402436397917,1.0
1350,365.29538068,1.730387124922593,-0.05453842133283615,1.1453187085678154,0.01021137021481991,-0.05453842133283615,6.613583564758301,0.01021137021481991,-0.05453842133283615,6.613583564758301,-0.17540733975031444,165.76309225941384,-0.0010745884185620214,-0.5,-0.501074588418562,0.6764819281688764,0.6764819281688764,0.6764819281688764,0.6764819281688764,0.6764819281688764,0.5492410106536216,0.5492410106536216,0.5492410106536216,0.5492410106536216,1.0
1400,365.432763406,1.4158941595188235,-0.007825580425560474,1.1453187085678154,0.004722432494163514,-0.007825580425560474,6.5875163078308105,0.004722432494163514,-0.007825580425560474,6.5875163078308105,-0.0973624699593643,165.76984541434038,-0.0004969493567724494,-0.5,-0.5004969493567725,0.5978594193161367,0.5978594193161367,0.5978594193161367,0.5978594193161367,0.5978594193161367,0.4854525839952566,0.4854525839952566,0.4854525839952566,0.4854525839952566,1.0
1450,365.633540302,1.5746689504083515,0.022870006039738655,1.1453187085678154,0.007493575364351274,0.022870006039738655,7.394575119018555,0.007493575364351274,0.022870006039738655,7.394575119018555,-0.16221124285073293,165.767056482103,-0.0007885701074125855,-0.5,-0.5007885701074126,0.6629998129581456,0.6629998129581456,0.6629998129581456,0.6629998129581456,0.6629998129581456,0.6460675072218238,0.6460675072218238,0.6460675072218238,0.6460675072218238,1.0
1500,365.803052672,1.6176037329744632,-0.042608268558979034,1.1453187085678154,0.008242928683757783,-0.042608268558979034,7.916725158691406,0.008242928683757783,-0.042608268558979034,7.916725158691406,-0.14644682067139994,165.7660849817042,-0.0008674300532588383,-0.5,-0.5008674300532588,0.6473142507246588,0.6473142507246588,0.6473142507246588,0.6473142507246588,0.6473142507246588,0.5419947031142092,0.5419947031142092,0.5419947031142092,0.5419947031142092,1.0
1550,365.977589392,1.0281347153836793,-0.050286754965782166,1.1453187085678154,-0.002045246511697768,-0.050286754965782166,6.18843412399292,-0.002045246511697768,-0.050286754965782166,6.18843412399292,0.06699052395321092,165.7713381053494,0.00021522337414354355,-0.5,-0.49978477662585646,0.43279425267264554,0.43279425267264554,0.43279425267264554,0.43279425267264554,0.43279425267264554,0.11745394985088402,0.11745394985088402,0.11745394985088402,0.11745394985088402,1.0
1600,366.161522186,1.207069236495323,0.062262505292892456,1.1453187085678154,0.0010777500271797191,0.062262505292892456,5.615004539489746,0.0010777500271797191,0.062262505292892456,5.615004539489746,-0.052368862046730746,165.7715870330838,-0.00011341262019103589,-0.5,-0.500113412620191,0.5524822746669218,0.5524822746669218,0.5524822746669218,0.5524822746669218,0.5524822746669218,0.4714855290812178,0.4714855290812178,0.4714855290812178,0.4714855290812178,1.0
1650,366.356319508,1.6092087901542829,-0.062379222363233566,1.1453187085678154,0.008096409291028978,-0.062379222363233566,6.140196323394775,0.008096409291028978,-0.062379222363233566,6.140196323394775,-0.14323711948278856,165.76628221367574,-0.0008520106697544792,-0.5,-0.5008520106697545,0.6440891301525431,0.6440891301525431,0.6440891301525431,0.6440891301525431,0.6440891301525431,0.5597046625414115,0.5597046625414115,0.5597046625414115,0.5597046625414115,1.0
1700,366.52394612,0.3308208794602287,-0.1118491068482399,1.1453187085678154,-0.014215668868273496,-0.1118491068482399,0.5469798445701599,-0.014215668868273496,-0.1118491068482399,0.5469798445701599,0.34064055751084754,165.7550340456828,0.0014960271155775014,-0.4999999996852347,-0.49850397256965717,0.15786341505880963,0.15786341505880963,0.15786341505880963,0.15786341505880963,0.15786341505880963,0.14385503430406096,0.14385503430406096,0.14385503430406096,0.14385503430406096,1.0
1750,366.579162593,0.02457342147564581,0.0165749192237854,1.1453187085678154,-0.019560695335967465,0.0165749192237854,-8.823347091674805,-0.019560695335967465,0.0165749192237854,-8.823347091674805,0.38399591610927536,165.74016119633367,0.0020586492461913248,0.5,0.5020586492461914,-0.8860545653554668,-0.8860545653554668,-0.8860545653554668,-0.8860545653554668,-0.8860545653554668,0.3835777526927265,0.3835777526927265,0.3835777526927265,0.3835777526927265,1.0
1800,366.679644793,0.788338833177285,0.3035564720630646,1.1453187085678154,-0.006230474188923833,0.3035564720630646,-6.153504371643066,-0.006230474188923833,0.3035564720630646,-6.153504371643066,-0.019952308385100676,165.7684846180834,0.0006556466477173457,0.5,0.5006556466477173,-0.4807033382626167,-0.4807033382626167,-0.4807033382626167,-0.4807033382626167,-0.4807033382626167,-0.7214129096668189,-0.7214129096668189,-0.7214129096668189,-0.7214129096668189,1.0
1850,366.827720995,3.2290259313066536,0.19973841309547424,1.1453187085678154,0.036367551684379586,0.19973841309547424,19.45654296875,0.036367551684379586,0.19973841309547424,19.45654296875,-0.8366528604225995,165.66273132078763,-0.003828662029259166,-0.5,-0.5038286620292591,1.3404815224518587,1.3404815224518587,1.3404815224518587,1.3404815224518587,1.3404815224518587,0.23155752853181738,0.23155752853181738,0.23155752853181738,0.23155752853181738,1.0
1900,366.994992896,2.977577853097923,-0.22834241390228271,1.1453187085678154,0.03197895482182503,-0.22834241390228271,27.781789779663086,0.03197895482182503,-0.22834241390228271,27.781789779663086,-0.5308902089314989,165.68743773450333,-0.003366310563660654,-0.5,-0.5033663105636607,1.0342565194951594,1.0342565194951594,1.0342565194951594,1.0342565194951594,1.0342565194951594,1.6451578844872201,1.6451578844872201,1.6451578844872201,1.6451578844872201,1.0
1950,367.154560218,-1.4265540571008037,-0.4152408242225647,1.1453187085678154,-0.044887647703289985,-0.4152408242225647,-13.328779220581055,-0.044887647703289985,-0.4152408242225647,-13.328779220581055,1.1122025698408602,165.60571129149707,0.004726712688216468,0.5,0.5047267126882165,-1.6169292825290766,-1.6169292825290766,-1.6169292825290766,-1.6169292825290766,-1.6169292825290766,0.4953790623436865,0.4953790623436865,0.4953790623436865,0.4953790623436865,1.0
2000,367.307494219,-2.3111257733719253,0.1701669543981552,1.1453187085678154,-0.06032633662223816,0.1701669543981552,-31.876724243164062,-0.06032633662223816,0.1701669543981552,-31.876724243164062,1.1332978596585144,165.47194958053078,0.006355835369815658,0.5,0.5063558353698157,-1.63965369502833,-1.63965369502833,-1.63965369502833,-1.63965369502833,-1.63965369502833,-1.5378416292474808,-1.5378416292474808,-1.5378416292474808,-1.5378416292474808,1.0
2050,367.472306025,2.7664554251923597,0.7526126503944397,1.1453187085678154,0.02829417333006859,0.7526126503944397,-6.606405258178711,0.02829417333006859,0.7526126503944397,-6.606405258178711,-0.9321356830438194,165.70573229859698,-0.0029782081675559144,0.5,0.4970217918324441,0.43511389121137534,0.43511389121137534,0.43511389121137534,0.43511389121137534,0.43511389121137534,-2.833301032265445,-2.2,-2.2,-2.2,1.0
2100,367.634977605,9.350951591702351,0.4474030137062073,1.1453187085678154,0.14321531102061275,0.4474030137062073,32.18510437011719,0.14321531102061275,0.4474030137062073,32.18510437011719,-3.0873418041422642,164.0847838433688,-0.015173614189235192,-0.5,-0.5151736141892352,3.6025154183314996,3.6025154183314996,2.2,2.2,2.2,0.599436010386854,0.599436010386854,0.599436010386854,0.599436010386854,1.0
2150,367.782726188,11.580623303797054,0.014385093003511429,1.1453187085678154,0.18213042363524437,0.014385093003511429,32.83940887451172,0.18213042363524437,0.014385093003511429,32.83940887451172,-3.650559642278331,163.04636759039275,-0.01937854642923864,-0.5,-0.5193785464292386,4.16993818870757,4.16993818870757,2.2,2.2,2.2,3.9129319194891714,2.2,2.2,2.2,1.0
2200,367.936947154,8.285969713293746,-0.34876549243927,1.1453187085678154,0.12462787076830864,-0.34876549243927,31.438201904296875,0.12462787076830864,-0.34876549243927,31.438201904296875,-2.296835684831916,164.49371250895132,-0.013182402256918286,-0.5,-0.5131824022569182,2.8100180870888343,2.8100180870888343,2.2,2.2,2.2,5.2347719750574155,2.2,2.2,2.2,1.0
2250,368.06367418,3.4137375117956585,-0.5675573945045471,1.1453187085678154,0.039591376930475236,-0.5675573945045471,29.322288513183594,0.039591376930475236,-0.5675573945045471,29.322288513183594,-0.4955279701581179,165.64256167351283,-0.0041683936454118805,-0.5,-0.5041683936454119,0.9996963638035298,0.9996963638035298,0.9996963638035298,0.9996963638035298,0.9996963638035298,3.5565076878760737,2.2,2.2,2.2,1.0
2300,368.122068763,1.3649198174127837,-0.9177086353302002,1.1453187085678154,0.0038327623903751384,-0.9177086353302002,16.501319885253906,0.0038327623903751384,-0.9177086353302002,16.501319885253906,0.3681027996803334,165.7704724758541,-0.00040332689100737007,-0.5,-0.5004033268910074,0.13230052721067403,0.13230052721067403,0.13230052721067403,0.13230052721067403,0.13230052721067403,2.47277162313298,2.2,2.2,2.2,1.0
2350,368.225646701,-3.538393586790269,-0.7596837878227234,1.1453187085678154,-0.0817462007701397,-0.7596837878227234,-33.38426208496094,-0.0817462007701397,-0.7596837878227234,-33.38426208496094,2.0179000935825786,165.22145068593974,0.008621262496012078,0.5,0.508621262496012,-2.5265213560785904,-2.5265213560785904,-2.2,-2.2,-2.2,-0.29022118030452027,-0.29022118030452027,-0.29022118030452027,-0.29022118030452027,1.0
2400,368.375018268,-8.739954458177921,-0.254458487033844,1.1453187085678154,-0.17253056421875954,-0.254458487033844,-32.63762664794922,-0.17253056421875954,-0.254458487033844,-32.63762664794922,3.584013036774495,163.3253974436012,0.018336190210571854,0.5,0.5183361902105719,-4.102349226985067,-4.102349226985067,-2.2,-2.2,-2.2,-4.177534958731119,-2.2,-2.2,-2.2,1.0
2450,368.5254076,-10.782872576665197,0.19055993854999542,1.1453187085678154,-0.20818621173501015,0.19055993854999542,-31.824214935302734,-0.20818621173501015,0.19055993854999542,-31.824214935302734,4.08027066422348,162.21383498668857,0.022226745903985393,0.5,0.5222267459039854,-4.602497410127466,-4.602497410127466,-2.2,-2.2,-2.2,-5.0325000827831525,-2.2,-2.2,-2.2,1.0
2500,368.70073341,-7.228217590121598,0.9091018438339233,1.1453187085678154,-0.1461457784473896,0.9091018438339233,-31.720746994018555,-0.1461457784473896,0.9091018438339233,-31.720746994018555,2.5265569894431907,164.0151671719344,0.015488476336929392,0.5,0.5154884763369294,-3.04204546578012,-3.04204546578012,-2.2,-2.2,-2.2,-3.234081348937866,-2.2,-2.2,-2.2,1.0
2550,368.854803457,1.68689632226936,0.8839430809020996,1.1453187085678154,0.009452312514185907,0.8839430809020996,-17.039161682128906,0.009452312514185907,0.8839430809020996,-17.039161682128906,-0.643577490732757,165.76432191991464,-0.0009947044580801455,0.5,0.49900529554191986,0.1445721951908372,0.1445721951908372,0.1445721951908372,0.1445721951908372,0.1445721951908372,-2.0763729308704164,-2.0763729308704164,-2.0763729308704164,-2.0763729308704164,1.0
2600,369.009261639,9.338363553062017,0.5384774804115295,1.1453187085678154,0.14299560829997063,0.5384774804115295,30.695402145385742,0.14299560829997063,0.5384774804115295,30.695402145385742,-3.1293097516664865,164.08994670955403,-0.015150019066862929,-0.5,-0.515150019066863,3.6444597707333495,3.6444597707333495,2.2,2.2,2.2,0.6631219341269612,0.6631219341269612,0.6631219341269612,0.6631219341269612,1.0
2650,369.06486684,11.035966090133666,0.08292490988969803,1.1453187085678154,0.17262436196208,0.08292490988969803,33.43428039550781,0.17262436196208,0.08292490988969803,33.43428039550781,-3.5677386861937332,163.3227434422547,-0.018346357775343738,-0.5,-0.5183463577753438,4.086085043969077,4.086085043969077,2.2,2.2,2.2,1.9332391223968606,1.9332391223968606,1.9332391223968606,1.9332391223968606,1.0
2700,369.214355334,10.890011777759664,-0.22566187381744385,1.1453187085678154,0.17007697865366936,-0.22566187381744385,30.0318546295166,0.17007697865366936,-0.22566187381744385,30.0318546295166,-3.311643678605683,163.39431414117772,-0.018070340843679342,-0.5,-0.5180703408436793,3.829714019449362,3.829714019449362,2.2,2.2,2.2,3.5060097555468746,2.2,2.2,2.2,1.0
2750,369.365656358,8.3115129132423,-0.39846938848495483,1.1453187085678154,0.12507368370890617,-0.39846938848495483,31.281023025512695,0.12507368370890617,-0.39846938848495483,31.281023025512695,-2.3137201339625904,164.48456510978457,-0.013230047733705352,-0.5,-0.5132300477337054,2.826950181696296,2.826950181696296,2.2,2.2,2.2,2.055292579171472,2.055292579171472,2.055292579171472,2.055292579171472,1.0
2800,369.513994735,3.83524001142137,-0.6813027858734131,1.1453187085678154,0.046947983354330064,-0.6813027858734131,30.65300178527832,0.046947983354330064,-0.6813027858734131,30.65300178527832,-0.6189443801304388,165.5901283632329,-0.00494397731503698,-0.5,-0.5049439773150369,1.1238883574454759,1.1238883574454759,1.1238883574454759,1.1238883574454759,1.1238883574454759,-0.27646173764339355,-0.27646173764339355,-0.27646173764339355,-0.27646173764339355,1.0
2850,369.675895462,-3.6738349573711524,-0.36833295226097107,1.1453187085678154,-0.0841100986301899,-0.36833295226097107,-22.54177474975586,-0.0841100986301899,-0.36833295226097107,-22.54177474975586,1.9048822208295573,165.18918690463997,0.00887172061923079,0.5,0.5088717206192308,-2.413753941448788,-2.413753941448788,-2.2,-2.2,-2.2,-0.14331989704070847,-0.14331989704070847,-0.14331989704070847,-0.14331989704070847,1.0
2900,369.86836428,-3.2814568112531983,0.3921736776828766,1.1453187085678154,-0.0772618080675602,0.3921736776828766,-32.279640197753906,-0.0772618080675602,0.3921736776828766,-32.279640197753906,1.3608738451953168,165.28013435189433,0.008146396916211017,0.5,0.508146396916211,-1.8690202421115278,-1.8690202421115278,-1.8690202421115278,-1.8690202421115278,-1.8690202421115278,-1.431290512865288,-1.431290512865288,-1.431290512865288,-1.431290512865288,1.0
2950,370.026199709,3.067298364261564,0.8223989605903625,1.1453187085678154,0.0335448731482029,0.8223989605903625,-7.253011226654053,0.0335448731482029,0.8223989605903625,-7.253011226654053,-1.0849240525813755,165.67898605127462,-0.0035312689430586886,0.5,0.49646873105694134,0.5884553215244341,0.5884553215244341,0.5884553215244341,0.5884553215244341,0.5884553215244341,-0.7118073402275207,-0.7118073402275207,-0.7118073402275207,-0.7118073402275207,1.0
3000,370.081960802,5.7698274876908355,0.625695526599884,1.1453187085678154,0.08071290448307991,0.625695526599884,22.235525131225586,0.08071290448307991,0.625695526599884,22.235525131225586,-1.917702421158922,165.2352654599916,-0.008511813735701597,-0.5,-0.5085118137357016,2.4262142348946236,2.4262142348946236,2.2,2.2,2.2,0.1634298903188795,0.1634298903188795,0.1634298903188795,0.1634298903188795,1.0
3050,370.205462704,8.054145408900697,-0.06927944719791412,1.1453187085678154,0.12058177337050438,-0.06927944719791412,32.03765106201172,0.12058177337050438,-0.06927944719791412,32.03765106201172,-2.384733145200511,164.57524628779865,-0.01275022138862373,-0.5,-0.5127502213886237,2.8974833665891344,2.8974833665891344,2.2,2.2,2.2,1.3840959548703702,1.3840959548703702,1.3840959548703702,1.3840959548703702,1.0
3100,370.418428033,2.1813829149929482,-0.7297570109367371,1.1453187085678154,0.018082731664180757,-0.7297570109367371,24.241596221923828,0.018082731664180757,-0.7297570109367371,24.241596221923828,0.004241137059217637,165.7447445124582,-0.001903067199142605,-0.5,-0.5019030671991426,0.49766193013992494,0.49766193013992494,0.49766193013992494,0.49766193013992494,0.49766193013992494,1.0639682995636026,1.0639682995636026,1.0639682995636026,1.0639682995636026,1.0
3150,370.626635381,-5.4369522420747405,0.14891676604747772,1.1453187085678154,-0.11488230034708977,0.14891676604747772,-34.90776062011719,-0.11488230034708977,0.14891676604747772,-34.90776062011719,2.3246279048438407,164.68555443876247,0.012142145094509607,0.5,0.5121421450945096,-2.8367700499383504,-2.8367700499383504,-2.2,-2.2,-2.2,-0.978709528658287,-0.978709528658287,-0.978709528658287,-0.978709528658287,1.0
3200,370.809952964,-3.6609126663483114,0.32799822092056274,1.1453187085678154,-0.08388456210494041,0.32799822092056274,-33.17278289794922,-0.08388456210494041,0.32799822092056274,-33.17278289794922,1.5201198293858902,165.19230474680853,0.00884782049911311,0.5,0.5088478204991131,-2.0289676498850033,-2.0289676498850033,-2.0289676498850033,-2.0289676498850033,-2.0289676498850033,-1.7958494262229505,-1.7958494262229505,-1.7958494262229505,-1.7958494262229505,1.0
3250,370.979064267,2.1690475933519053,0.7296519875526428,1.1453187085678154,0.017867439687252046,0.7296519875526428,-12.86956787109375,0.017867439687252046,0.7296519875526428,-12.86956787109375,-0.7044174650549558,165.74538212669216,-0.0018804045809394682,0.5,0.49811959541906053,0.2062978696358953,0.2062978696358953,0.2062978696358953,0.2062978696358953,0.2062978696358953,-0.48016841016870576,-0.48016841016870576,-0.48016841016870576,-0.48016841016870576,1.0
3300,371.159270947,7.4443179452716315,0.08411654829978943,1.1453187085678154,0.10993827626109123,0.08411654829978943,31.65275001525879,0.10993827626109123,0.08411654829978943,31.65275001525879,-2.2452239932622042,164.77693498697306,-0.011615310576742905,-0.5,-0.5116153105767429,2.756839303838947,2.756839303838947,2.2,2.2,2.2,1.1323013156307267,1.1323013156307267,1.1323013156307267,1.1323013156307267,1.0
3350,371.306126601,4.9592778398280215,-0.5645110607147217,1.1453187085678154,0.06656614437699318,-0.5645110607147217,31.455852508544922,0.06656614437699318,-0.5645110607147217,31.455852508544922,-1.0555758153345443,165.40676159418655,-0.0070150841836191975,-0.5,-0.5070150841836192,1.5625908995181634,1.5625908995181634,1.5625908995181634,1.5625908995181634,1.5625908995181634,1.8929290327690858,1.8929290327690858,1.8929290327690858,1.8929290327690858,1.0
3400,371.417023246,-0.5894871602807668,-0.8578817248344421,1.1453187085678154,-0.03027807429432869,-0.8578817248344421,7.715661525726318,-0.03027807429432869,-0.8578817248344421,7.715661525726318,1.0502379262464205,165.69616030706297,0.003187153402575793,-0.5,-0.4968128465974242,-0.5534250796489963,-0.5534250796489963,-0.5534250796489963,-0.5534250796489963,-0.5534250796489963,0.7757720666857117,0.7757720666857117,0.7757720666857117,0.7757720666857117,1.0
3450,371.565852045,-5.890520345419546,0.02944357320666313,1.1453187085678154,-0.12279855713248253,0.02944357320666313,-35.38499450683594,-0.12279855713248253,0.02944357320666313,-35.38499450683594,2.4509037632858286,164.5309069812974,0.012986952569535474,0.5,0.5129869525695355,-2.963890715855364,-2.963890715855364,-2.2,-2.2,-2.2,-1.6026388868466945,-1.6026388868466945,-1.6026388868466945,-1.6026388868466945,1.0
3500,371.747589708,-3.9418605450257385,0.48658275604248047,1.1453187085678154,-0.08878802761435509,0.48658275604248047,-29.407184600830078,-0.08878802761435509,0.48658275604248047,-29.407184600830078,1.538280060428165,165.12263583868565,0.009367647789922499,0.5,0.5093676477899225,-2.0476477082180873,-2.0476477082180873,-2.0476477082180873,-2.0476477082180873,-2.0476477082180873,-1.6513920309556944,-1.6513920309556944,-1.6513920309556944,-1.6513920309556944,1.0
3550,371.922365769,4.366974934061917,0.8767113089561462,1.1453187085678154,0.05622850850224495,0.8767113089561462,8.844650268554688,0.05622850850224495,0.8767113089561462,8.844650268554688,-1.5709765483211826,165.51127655082962,-0.005923162189685155,-0.5,-0.5059231621896851,2.076899710510868,2.076899710510868,2.076899710510868,2.076899710510868,2.076899710510868,-0.24066462852796922,-0.24066462852796922,-0.24066462852796922,-0.24066462852796922,1.0
3600,372.109093743,10.23637462702049,0.1764383763074875,1.1453187085678154,0.1586688582599163,0.1764383763074875,31.06936264038086,0.1586688582599163,0.1764383763074875,31.06936264038086,-3.273485977139462,163.70190056193434,-0.01683711502215182,-0.5,-0.5168371150221518,3.7903230921616142,3.7903230921616142,2.2,2.2,2.2,1.6836689476707136,1.6836689476707136,1.6836689476707136,1.6836689476707136,1.0
3650,372.31849228,7.858532206166116,-0.4863951504230499,1.1453187085678154,0.11716767892241478,-0.4863951504230499,31.51725959777832,0.11716767892241478,-0.4863951504230499,31.51725959777832,-2.1018954390004176,164.64196138055667,-0.012385874534381246,-0.5,-0.5123858745343812,2.614281313534799,2.614281313534799,2.2,2.2,2.2,0.9062476079195655,0.9062476079195655,0.9062476079195655,0.9062476079195655,1.0
3700,372.438893967,3.110360572544379,-1.048852562904358,1.1453187085678154,0.03429645046591759,-1.048852562904358,25.91139030456543,0.03429645046591759,-1.048852562904358,25.91139030456543,-0.18831867388467333,165.6747861676051,-0.003610448330437617,-0.5,-0.5036104483304377,0.6919291222151109,0.6919291222151109,0.6919291222151109,0.6919291222151109,0.6919291222151109,0.8227079011327305,0.8227079011327305,0.8227079011327305,0.8227079011327305,1.0
3750,372.674840508,-5.506968084369718,0.1720077097415924,1.1453187085678154,-0.11610430732369423,0.1720077097415924,-6.240596771240234,-0.11610430732369423,0.1720077097415924,-6.240596771240234,2.2656370726278636,164.6623512793809,0.012272452822416954,0.5,0.512272452822417,-2.777909525450281,-2.777909525450281,-2.2,-2.2,-2.2,-1.4848035458839652,-1.4848035458839652,-1.4848035458839652,-1.4848035458839652,1.0
3800,372.875680217,0.921196257817788,0.865568220615387,1.1453187085678154,-0.003911674693226813,0.865568220615387,-13.52899169921875,-0.003911674693226813,0.865568220615387,-13.52899169921875,-0.3448502334895426,165.7704221274083,0.00041163102494900936,0.5,0.500411631024949,-0.15556139753540643,-0.15556139753540643,-0.15556139753540643,-0.15556139753540643,-0.15556139753540643,-1.156263132792728,-1.156263132792728,-1.156263132792728,-1.156263132792728,1.0
3850,373.024992627,6.799373064024946,0.2856643795967102,1.1453187085678154,0.09868186458945276,0.2856643795967102,34.157196044921875,0.09868186458945276,0.2856643795967102,34.157196044921875,-2.114340164933419,164.97005115770594,-0.010417911454904281,-0.5,-0.5104179114549042,2.624758076388323,2.624758076388323,2.2,2.2,2.2,0.700738100365766,0.700738100365766,0.700738100365766,0.700738100365766,1.0
3900,373.173966454,7.086540683715316,-0.22404740750789642,1.1453187085678154,0.1036938850581646,-0.22404740750789642,31.58036231994629,0.1036938850581646,-0.22404740750789642,31.58036231994629,-1.9783214085221767,164.8866288772769,-0.010950719708605734,-0.5,-0.5109507197086057,2.4892721282307826,2.4892721282307826,2.2,2.2,2.2,1.9696994131437533,1.9696994131437533,1.9696994131437533,1.9696994131437533,1.0
3950,373.323099664,3.5030817222247146,-0.6142770051956177,1.1453187085678154,0.04115072757005692,-0.6142770051956177,31.00731658935547,0.04115072757005692,-0.6142770051956177,31.00731658935547,-0.5443201684325913,165.63219168183028,-0.00433275081476008,-0.5,-0.50433275081476,1.0486529192473513,1.0486529192473513,1.0486529192473513,1.0486529192473513,1.0486529192473513,0.6026975851472147,0.6026975851472147,0.6026975851472147,0.6026975851472147,1.0
4000,373.480449941,-3.012219932237993,-0.6528591513633728,1.1453187085678154,-0.07256273806095123,-0.6528591513633728,-17.011478424072266,-0.07256273806095123,-0.6528591513633728,-17.011478424072266,1.7988710082976738,165.33808266425785,0.007649148636711775,0.5,0.5076491486367117,-2.3065201569343854,-2.3065201569343854,-2.2,-2.2,-2.2,-0.3618288744812306,-0.3618288744812306,-0.3618288744812306,-0.3618288744812306,1.0
4050,373.621874875,-6.384977803117456,-0.1393156349658966,1.1453187085678154,-0.13142846778035164,-0.1393156349658966,-33.44456100463867,-0.13142846778035164,-0.1393156349658966,-33.44456100463867,2.7022470431798675,164.35064295230265,0.013909789068541088,0.5,0.5139097890685411,-3.2161568322484086,-3.2161568322484086,-2.2,-2.2,-2.2,-1.0476732714420127,-1.0476732714420127,-1.0476732714420127,-1.0476732714420127,1.0
4100,373.715262845,-6.043156717235937,0.2730754017829895,1.1453187085678154,-0.12546256437897685,0.2730754017829895,-33.715797424316406,-0.12546256437897685,0.2730754017829895,-33.715797424316406,2.3809167188621165,164.47655934036874,0.013271612995489186,0.5,0.5132716129954892,-2.8941883318576056,-2.8941883318576056,-2.2,-2.2,-2.2,-1.2856561626436829,-1.2856561626436829,-1.2856561626436829,-1.2856561626436829,1.0
4150,373.88225828,0.051729728344720866,1.0227731466293335,1.1453187085678154,-0.019086728368420153,1.0227731466293335,-23.430850982666016,-0.019086728368420153,1.0227731466293335,-23.430850982666016,-0.09787984531945843,165.7416702134732,0.002008754827290442,0.5,0.5020087548272905,-0.40412890950783203,-0.40412890950783203,-0.40412890950783203,-0.40412890950783203,-0.40412890950783203,-1.4524807142013862,-1.4524807142013862,-1.4524807142013862,-1.4524807142013862,1.0
4200,374.033657048,7.938422367566816,0.5357722640037537,1.1453187085678154,0.11856202527880669,0.5357722640037537,13.998994827270508,0.11856202527880669,0.5357722640037537,13.998994827270508,-2.653028779128079,164.61494472959401,-0.012534641472453468,-0.5,-0.5125346414724534,3.1655634206005323,3.1655634206005323,2.2,2.2,2.2,0.5527354056234511,0.5527354056234511,0.5527354056234511,0.5527354056234511,1.0
4250,374.181588474,10.34861512565131,0.0029783546924591064,1.1453187085678154,0.1606278245151043,0.0029783546924591064,20.52705955505371,0.1606278245151043,0.0029783546924591064,20.52705955505371,-3.226529401330642,163.65058755676745,-0.017048554431961627,-0.5,-0.5170485544319616,3.7435779557626034,3.7435779557626034,2.2,2.2,2.2,2.064680082361499,2.064680082361499,2.064680082361499,2.064680082361499,1.0
4300,374.337871269,8.144876788061499,-0.4287588894367218,1.1453187085678154,0.12216533467173576,-0.4287588894367218,22.081682205200195,0.12216533467173576,-0.4287588894367218,22.081682205200195,-2.2347491528553967,164.54365446737572,-0.012919317507649623,-0.5,-0.5129193175076496,2.7476684703630463,2.7476684703630463,2.2,2.2,2.2,0.9567269579245444,0.9567269579245444,0.9567269579245444,0.9567269579245444,1.0
4350,374.495026178,0.8467298535874596,-1.0649470090866089,1.1453187085678154,-0.005211358629167079,-1.0649470090866089,18.749908447265625,-0.005211358629167079,-1.0649470090866089,18.749908447265625,0.6380238343168975,165.76944527701232,0.0005484007398198522,-0.5,-0.4994515992601801,-0.13857223505671734,-0.13857223505671734,-0.13857223505671734,-0.13857223505671734,-0.13857223505671734,0.7044307562750598,0.7044307562750598,0.7044307562750598,0.7044307562750598,1.0
4400,374.643158572,-5.605924291951686,-0.24060997366905212,1.1453187085678154,-0.11783141896128654,-0.24060997366905212,-4.972292900085449,-0.11783141896128654,-0.24060997366905212,-4.972292900085449,2.4966399362144247,164.62914052514185,0.012456684852433501,0.5,0.5124566848524335,-3.009096621066858,-3.009096621066858,-2.2,-2.2,-2.2,-0.6483827210930403,-0.6483827210930403,-0.6483827210930403,-0.6483827210930403,1.0
4450,374.757028116,-5.279341784995288,0.2446286529302597,1.1453187085678154,-0.11213147893548012,0.2446286529302597,-8.496994972229004,-0.11213147893548012,0.2446286529302597,-8.496994972229004,2.1251520395623102,164.73689186559378,0.011848946094453935,0.5,0.511848946094454,-2.637000985656764,-2.637000985656764,-2.2,-2.2,-2.2,-1.4295287170317241,-1.4295287170317241,-1.4295287170317241,-1.4295287170317241,1.0
4500,374.814948831,-4.078709788349291,0.37111151218414307,1.1453187085678154,-0.09117649748921394,0.37111151218414307,-11.216508865356445,-0.09117649748921394,0.37111151218414307,-11.216508865356445,1.6440843075401599,165.0872708986489,0.009621016175406314,0.5,0.5096210161754063,-2.1537053237155663,-2.1537053237155663,-2.1537053237155663,-2.1537053237155663,-2.1537053237155663,-1.601244918989118,-1.601244918989118,-1.601244918989118,-1.601244918989118,1.0
4550,374.953827089,-0.24925905594059417,0.6297000646591187,1.1453187085678154,-0.024339973665773867,0.6297000646591187,-21.518999099731445,-0.024339973665773867,0.6297000646591187,-21.518999099731445,0.17152659540133397,165.72287693779126,0.002561818032630538,0.5,0.5025618180326306,-0.6740884134339645,-0.6740884134339645,-0.6740884134339645,-0.6740884134339645,-0.6740884134339645,-1.210819074022399,-1.210819074022399,-1.210819074022399,-1.210819074022399,1.0
4600,375.106618902,6.398766247504419,0.5196391940116882,1.1453187085678154,0.09168995663523674,0.5196391940116882,27.27790069580078,0.09168995663523674,0.5196391940116882,27.27790069580078,-2.0907579684375577,165.07954609896655,-0.009675498037732112,-0.5,-0.5096754980377322,2.6004334664752897,2.6004334664752897,2.2,2.2,2.2,0.394543795285953,0.394543795285953,0.394543795285953,0.394543795285953,1.0
4650,375.268345465,7.390614729148759,-0.3039884567260742,1.1453187085678154,0.10900097832083702,-0.3039884567260742,33.58489227294922,0.10900097832083702,-0.3039884567260742,33.58489227294922,-2.0460367912695583,164.7938077464081,-0.011515497262769105,-0.5,-0.5115154972627691,2.557552288532327,2.557552288532327,2.2,2.2,2.2,1.7819888573728702,1.7819888573728702,1.7819888573728702,1.7819888573728702,1.0
4700,375.421275991,3.0714118456892043,-0.7177265286445618,1.1453187085678154,0.033616666942834855,-0.7177265286445618,27.542438507080078,0.033616666942834855,-0.7177265286445618,27.542438507080078,-0.332434092969913,165.67858887937905,-0.003538832315434536,-0.5,-0.5035388323154345,0.8359729252853475,0.8359729252853475,0.8359729252853475,0.8359729252853475,0.8359729252853475,1.0099434043920181,1.0099434043920181,1.0099434043920181,1.0099434043920181,1.0
4750,375.581645766,-4.514446402205309,-0.5729115605354309,1.1453187085678154,-0.0987815360724926,-0.5729115605354309,-31.283939361572266,-0.0987815360724926,-0.5729115605354309,-31.283939361572266,2.296747193168334,164.96843231630018,0.010428501945314172,0.5,0.5104285019453142,-2.8071756951136484,-2.8071756951136484,-2.2,-2.2,-2.2,-0.569610642294388,-0.569610642294388,-0.569610642294388,-0.569610642294388,1.0
4800,375.750642348,-8.30413545516504,-0.12908515334129333,1.1453187085678154,-0.16492408767342567,-0.12908515334129333,-32.634071350097656,-0.16492408767342567,-0.12908515334129333,-32.634071350097656,3.3805958500045974,163.53586631713446,0.017512736324566104,0.5,0.5175127363245661,-3.8981085863291636,-3.8981085863291636,-2.2,-2.2,-2.2,-0.9890683295188609,-0.9890683295188609,-0.9890683295188609,-0.9890683295188609,1.0
4850,375.887467523,-8.3663371341627,0.09760985523462296,1.1453187085678154,-0.16600971177220344,0.09760985523462296,-34.90156555175781,-0.16600971177220344,0.09760985523462296,-34.90156555175781,3.270743993971638,163.5064024620757,0.017630134053061887,0.5,0.5176301340530619,-3.7883741280247,-3.7883741280247,-2.2,-2.2,-2.2,-0.6281488892186993,-0.6281488892186993,-0.6281488892186993,-0.6281488892186993,1.0
4900,375.953442051,-7.658197635167764,0.1980644166469574,1.1453187085678154,-0.15365034595131874,0.1980644166469574,-32.87188720703125,-0.15365034595131874,0.1980644166469574,-32.87188720703125,2.973974439184537,163.83050598043135,0.01629604101407633,0.5,0.5162960410140763,-3.490270480198613,-3.490270480198613,-2.2,-2.2,-2.2,-0.3360071334483836,-0.3360071334483836,-0.3360071334483836,-0.3360071334483836,1.0
4950,376.111125977,-4.159790963986512,0.5522125363349915,1.1453187085678154,-0.09259163096547127,0.5522125363349915,-33.95807647705078,-0.09259163096547127,0.5522125363349915,-33.95807647705078,1.587738106906812,165.0658760672485,0.00977118479425818,0.5,0.5097711847942582,-2.09750929170107,-2.09750929170107,-2.09750929170107,-2.09750929170107,-2.09750929170107,-0.6355278792871766,-0.6355278792871766,-0.6355278792871766,-0.6355278792871766,1.0
5000,376.261731632,2.301090731377296,0.8532881736755371,1.1453187085678154,0.020172027200460435,0.8532881736755371,-13.776544570922852,0.020172027200460435,0.8532881736755371,-13.776544570922852,-0.8209145905034456,165.73816018584793,-0.002123005400710612,0.5,0.4978769945992894,0.3230375959041562,0.3230375959041562,0.3230375959041562,0.3230375959041562,0.3230375959041562,-0.6812932950269038,-0.6812932950269038,-0.6812932950269038,-0.6812932950269038,1.0
5050,376.415981965,7.894594751210136,0.3977622985839844,1.1453187085678154,0.11779708907008171,0.3977622985839844,33.60710144042969,0.11779708907008171,0.3977622985839844,33.60710144042969,-2.558662905554285,164.62980541191615,-0.012453022138867896,-0.5,-0.5124530221388679,3.071115927693153,3.071115927693153,2.2,2.2,2.2,0.5666696969414453,0.5666696969414453,0.5666696969414453,0.5666696969414453,1.0
5100,376.577522443,8.225638652355022,-0.3163398504257202,1.1453187085678154,0.12357489511370659,-0.3163398504257202,30.012611389160156,0.12357489511370659,-0.3163398504257202,30.012611389160156,-2.358800973895568,164.51518894250688,-0.013069888230813797,-0.5,-0.5130698882308138,2.871870862126382,2.871870862126382,2.2,2.2,2.2,1.4953504832436075,1.4953504832436075,1.4953504832436075,1.4953504832436075,1.0
5150,376.716519153,3.4190146867031395,-0.8212928175926208,1.1453187085678154,0.03968348100781441,-0.8212928175926208,28.463232040405273,0.03968348100781441,-0.8212928175926208,28.463232040405273,-0.4010966056576455,165.64196028769513,-0.004178100943480395,-0.5,-0.5041781009434804,0.9052747066011259,0.9052747066011259,0.9052747066011259,0.9052747066011259,0.9052747066011259,1.1540968737888588,1.1540968737888588,1.1540968737888588,1.1540968737888588,1.0
5200,376.771101014,0.5586812462158638,-0.9651886224746704,1.1453187085678154,-0.010238755233585833,-0.9651886224746704,16.991037368774414,-0.010238755233585833,-0.9651886224746704,16.991037368774414,0.6831351839726039,165.76304612191652,0.001077470466592047,-0.5,-0.49892252953340793,-0.18421265443919593,-0.18421265443919593,-0.18421265443919593,-0.18421265443919593,-0.18421265443919593,0.9737105848359844,0.9737105848359844,0.9737105848359844,0.9737105848359844,1.0
5250,376.920174901,-5.5415800679887575,-0.3767639994621277,1.1453187085678154,-0.11670840039849281,-0.3767639994621277,-31.65701675415039,-0.11670840039849281,-0.3767639994621277,-31.65701675415039,2.547249230154775,164.65079063992934,0.012336883371785904,0.5,0.512336883371786,-3.059586113526561,-3.059586113526561,-2.2,-2.2,-2.2,-0.5772521568377462,-0.5772521568377462,-0.5772521568377462,-0.5772521568377462,1.0
5300,377.086729608,-7.182659374583967,0.039491042494773865,1.1453187085678154,-0.1453506375849247,0.039491042494773865,-33.41643524169922,-0.1453506375849247,0.039491042494773865,-33.41643524169922,2.882241601726826,164.0341950861707,0.015403016568149701,0.5,0.5154030165681497,-3.3976446182949758,-3.3976446182949758,-2.2,-2.2,-2.2,-1.4885068638526122,-1.4885068638526122,-1.4885068638526122,-1.4885068638526122,1.0
5350,377.23580025,-4.673349899472009,0.5483242273330688,1.1453187085678154,-0.10155492529273033,0.5483242273330688,-31.508071899414062,-0.10155492529273033,0.5483242273330688,-31.508071899414062,1.7970278299509188,164.9227343620006,0.010723269466576086,0.5,0.5107232694665761,-2.307751099417495,-2.307751099417495,-2.2,-2.2,-2.2,-0.9358795998143922,-0.9358795998143922,-0.9358795998143922,-0.9358795998143922,1.0
5400,377.391719195,0.2929845396248406,0.6092917323112488,1.1453187085678154,-0.014876037575304507,0.6092917323112488,-29.31698989868164,-0.014876037575304507,0.6092917323112488,-29.31698989868164,-0.011209922435573061,165.7534513663174,0.0015655328659635042,0.5,0.5015655328659635,-0.49035561043039044,-0.49035561043039044,-0.49035561043039044,-0.49035561043039044,-0.49035561043039044,-0.7920767677775866,-0.7920767677775866,-0.7920767677775866,-0.7920767677775866,1.0
5450,377.543007233,6.005549268779023,0.43613025546073914,1.1453187085678154,0.08482702568173409,0.43613025546073914,32.22583770751953,0.08482702568173409,0.43613025546073914,32.22583770751953,-1.9340658939327835,165.1792205561235,-0.008947699419047307,-0.5,-0.5089476994190473,2.443013593351831,2.443013593351831,2.2,2.2,2.2,0.40474755669137363,0.40474755669137363,0.40474755669137363,0.40474755669137363,1.0
5500,377.636799245,7.2724755083959876,0.06062979996204376,1.1453187085678154,0.10693905994296074,0.06062979996204376,30.206857681274414,0.10693905994296074,0.06062979996204376,30.206857681274414,-2.1809917596220196,164.83041886682906,-0.011295993725460635,-0.5,-0.5112959937254606,2.6922877533474803,2.6922877533474803,2.2,2.2,2.2,0.9379621650641905,0.9379621650641905,0.9379621650641905,0.9379621650641905,1.0
5550,377.69362353,6.9802778812687265,-0.20631743967533112,1.1453187085678154,0.10183924928307533,-0.20631743967533112,33.57787322998047,0.10183924928307533,-0.20631743967533112,33.57787322998047,-1.9349222744954786,164.91797820987767,-0.010753497876431636,-0.5,-0.5107534978764317,2.44567577237191,2.44567577237191,2.2,2.2,2.2,1.2109933172329181,1.2109933172329181,1.2109933172329181,1.2109933172329181,1.0
5600,377.820303143,3.984390425440115,-0.6771966218948364,1.1453187085678154,0.04955114915966988,-0.6771966218948364,30.370895385742188,0.04955114915966988,-0.6771966218948364,30.370895385742188,-0.6826732583113261,165.56944080765376,-0.005218543807526021,-0.5,-0.5052185438075261,1.1878918021188523,1.1878918021188523,1.1878918021188523,1.1878918021188523,1.1878918021188523,1.280032799209963,1.280032799209963,1.280032799209963,1.280032799209963,1.0
5650,377.974559005,-3.205220801058455,-0.5955510139465332,1.1453187085678154,-0.07593123868107796,-0.5955510139465332,-21.423683166503906,-0.07593123868107796,-0.5955510139465332,-21.423683166503906,1.8477653162135583,165.29691096840298,0.00800556269713795,0.5,0.5080055626971379,-2.3557708789106964,-2.3557708789106964,-2.2,-2.2,-2.2,-0.212136470304588,-0.212136470304588,-0.212136470304588,-0.212136470304588,1.0
5700,378.134136849,-6.6025641512987905,-0.2655612826347351,1.1453187085678154,-0.1352260659635067,-0.2655612826347351,-34.98785400390625,-0.1352260659635067,-0.2655612826347351,-34.98785400390625,2.812629424178905,164.2674621971631,0.014316537261450414,0.5,0.5143165372614504,-3.3269459614403556,-3.3269459614403556,-2.2,-2.2,-2.2,-0.9365524228461555,-0.9365524228461555,-0.9365524228461555,-0.9365524228461555,1.0
5750,378.335618616,-4.208452219841445,0.3553064465522766,1.1453187085678154,-0.09344093009829521,0.3553064465522766,-31.945308685302734,-0.09344093009829521,0.3553064465522766,-31.945308685302734,1.6542130981550813,165.05287808982183,0.009861327951969315,0.5,0.5098613279519694,-2.164074426107051,-2.164074426107051,-2.164074426107051,-2.164074426107051,-2.164074426107051,-0.7308137161554391,-0.7308137161554391,-0.7308137161554391,-0.7308137161554391,1.0
5800,378.52458446,3.4486534388327637,0.7251774668693542,1.1453187085678154,0.04020077481865883,0.7251774668693542,-5.476884365081787,0.04020077481865883,0.7251774668693542,-5.476884365081787,-1.1604700104272327,165.6385567107794,-0.004232622373888103,0.5,0.4957673776261119,0.6647026328011209,0.6647026328011209,0.6647026328011209,0.6647026328011209,0.6647026328011209,-0.7765129268516173,-0.7765129268516173,-0.7765129268516173,-0.7765129268516173,1.0
5850,378.68180488,7.548855698065969,0.1726534068584442,1.1453187085678154,0.11176280423998833,0.1726534068584442,32.07195281982422,0.11176280423998833,0.1726534068584442,32.07195281982422,-2.341008295833513,164.74367814015145,-0.011809664314155076,-0.5,-0.5118096643141551,2.8528179601476684,2.8528179601476684,2.2,2.2,2.2,0.9313271546508795,0.9313271546508795,0.9313271546508795,0.9313271546508795,1.0
5900,378.804265588,6.6077474111051835,-0.3346747159957886,1.1453187085678154,0.09533736601471901,-0.3346747159957886,31.153276443481445,0.09533736601471901,-0.3346747159957886,31.153276443481445,-1.744548757132837,165.0234272501939,-0.010062663941504287,-0.5,-0.5100626639415042,2.2546114210743413,2.2546114210743413,2.2,2.2,2.2,1.6647845756228374,1.6647845756228374,1.6647845756228374,1.6647845756228374,1.0
5950,378.870324977,4.890996438695404,-0.5567354559898376,1.1453187085678154,0.06537440910935402,-0.5567354559898376,29.612192153930664,0.06537440910935402,-0.5567354559898376,29.612192153930664,-1.0206377816556231,165.41970640147622,-0.006889134421080637,-0.5,-0.5068891344210806,1.5275269160767038,1.5275269160767038,1.5275269160767038,1.5275269160767038,1.5275269160767038,1.7244098170390227,1.7244098170390227,1.7244098170390227,1.7244098170390227,1.0
6000,378.933296561,2.404311751765702,-0.8181136846542358,1.1453187085678154,0.021973573863506318,-0.8181136846542358,20.729740142822266,0.021973573863506318,-0.8181136846542358,20.729740142822266,-0.02726594605012539,165.73190531787282,-0.00231266722791143,-0.5,-0.5023126672279115,0.5295786132780369,0.5295786132780369,0.5295786132780369,0.5295786132780369,0.5295786132780369,0.8464924711911328,0.8464924711911328,0.8464924711911328,0.8464924711911328,1.0
6050,379.001146752,-1.2335396346237075,-0.7984923124313354,1.1453187085678154,-0.04151891052722931,-0.7984923124313354,1.7056901454925537,-0.04151891052722931,-0.7984923124313354,1.7056901454925537,1.2361845445229078,165.62968477254128,0.004371560701658711,-0.5,-0.4956284392983413,-0.7405561052245666,-0.7405561052245666,-0.7405561052245666,-0.7405561052245666,-0.7405561052245666,0.43679590705927485,0.43679590705927485,0.43679590705927485,0.43679590705927485,1.0
6100,379.058408049,-3.644284143927092,-0.45658478140830994,1.1453187085678154,-0.08359433963894844,-0.45658478140830994,-24.374467849731445,-0.08359433963894844,-0.45658478140830994,-24.374467849731445,1.9118800113066459,165.19630452608985,0.008817066926948487,0.5,0.5088170669269485,-2.4206970782335944,-2.4206970782335944,-2.2,-2.2,-2.2,-0.34472620637221923,-0.34472620637221923,-0.34472620637221923,-0.34472620637221923,1.0
6150,379.114871849,-4.974845548493773,-0.2197750359773636,1.1453187085678154,-0.10681701704859735,-0.2197750359773636,-33.485267639160156,-0.10681701704859735,-0.2197750359773636,-33.485267639160156,2.259721830739304,164.83256401066117,0.011283004566279002,0.5,0.511283004566279,-2.771004835305583,-2.771004835305583,-2.2,-2.2,-2.2,-0.7953575046442602,-0.7953575046442602,-0.7953575046442602,-0.7953575046442602,1.0
6200,379.230330094,-5.5182344814056545,0.11173621565103531,1.1453187085678154,-0.11630094304680824,0.11173621565103531,-33.36052703857422,-0.11630094304680824,0.11173621565103531,-33.36052703857422,2.266192666982515,164.6585947818155,0.012293424341892676,0.5,0.5122934243418926,-2.7784860913244076,-2.7784860913244076,-2.2,-2.2,-2.2,-1.6488938377299858,-1.6488938377299858,-1.6488938377299858,-1.6488938377299858,1.0
6250,379.404906851,-1.6656881580096472,0.7418225407600403,1.1453187085678154,-0.04906132511794567,0.7418225407600403,-31.973363876342773,-0.04906132511794567,0.7418225407600403,-31.973363876342773,0.6272629285508959,165.57341865897604,0.0051668748183485835,0.5,0.5051668748183485,-1.1324298033692446,-1.1324298033692446,-1.1324298033692446,-1.1324298033692446,-1.1324298033692446,-1.6431472654662271,-1.6431472654662271,-1.6431472654662271,-1.6431472654662271,1.0
6300,379.605060656,8.721432692696139,0.4168705344200134,1.1453187085678154,0.13222813352942467,0.4168705344200134,28.26340675354004,0.13222813352942467,0.4168705344200134,28.26340675354004,-2.9136629867639874,164.3333232241043,-0.013995404596316085,-0.5,-0.5139954045963161,3.4276583913603034,3.4276583913603034,2.2,2.2,2.2,1.0283998656217839,1.0283998656217839,1.0283998656217839,1.0283998656217839,1.0
6350,379.774308557,9.249759777827673,-0.27789506316185,1.1453187085678154,0.1414491806924343,-0.27789506316185,21.033401489257812,0.1414491806924343,-0.27789506316185,21.033401489257812,-2.670553255455306,164.1260639891823,-0.014983981137658094,-0.5,-0.5149839811376581,3.1855372365929644,3.1855372365929644,2.2,2.2,2.2,1.8146638099957042,1.8146638099957042,1.8146638099957042,1.8146638099957042,1.0
6400,379.928933335,3.7349894829916845,-0.7607349753379822,1.1453187085678154,0.045198281556367875,-0.7607349753379822,31.12448501586914,0.045198281556367875,-0.7607349753379822,31.12448501586914,-0.5369952311760672,165.60340660709994,-0.0047594667685428235,-0.5,-0.5047594667685428,1.04175469794461,1.04175469794461,1.04175469794461,1.04175469794461,1.04175469794461,0.8861272589277378,0.8861272589277378,0.8861272589277378,0.8861272589277378,1.0
6450,380.101637605,-5.1936532198760705,-0.7033315300941467,1.1453187085678154,-0.11063593134284021,-0.7033315300941467,-5.302979469299316,-0.11063593134284021,-0.7033315300941467,-5.302979469299316,2.588280659445764,164.76428275051308,0.011689617483767272,0.5,0.5116896174837673,-3.099970276929531,-3.099970276929531,-2.2,-2.2,-2.2,-0.7128442683999536,-0.7128442683999536,-0.7128442683999536,-0.7128442683999536,1.0
6500,380.158102855,-7.168422699032721,-0.38148465752601624,1.1453187085678154,-0.1451021607220173,-0.38148465752601624,-7.46071195602417,-0.1451021607220173,-0.38148465752601624,-7.46071195602417,3.10852826215941,164.04012005990577,0.015376314938495688,0.5,0.5153763149384957,-3.6239045770979055,-3.6239045770979055,-2.2,-2.2,-2.2,-0.9887985693721506,-0.9887985693721506,-0.9887985693721506,-0.9887985693721506,1.0
6550,380.301718601,-7.477574136340423,0.29069432616233826,1.1453187085678154,-0.15049787119030952,0.29069432616233826,-6.842203617095947,-0.15049787119030952,0.29069432616233826,-6.842203617095947,2.8802545502321344,163.9091949843878,0.01595658270571437,0.5,0.5159565827057143,-3.396211132937849,-3.396211132937849,-2.2,-2.2,-2.2,-1.2901649837574078,-1.2901649837574078,-1.2901649837574078,-1.2901649837574078,1.0
6600,380.450022537,-3.758921612069763,0.6414515376091003,1.1453187085678154,-0.08559514090418816,0.6414515376091003,-19.09271240234375,-0.08559514090418816,0.6414515376091003,-19.09271240234375,1.398211927011641,165.16844897803946,0.009029113249404412,0.5,0.5090291132494044,-1.9072410402610456,-1.9072410402610456,-1.9072410402610456,-1.9072410402610456,-1.9072410402610456,-0.7996441050342968,-0.7996441050342968,-0.7996441050342968,-0.7996441050342968,1.0
6650,380.605356637,4.058181654798817,1.0024179220199585,1.1453187085678154,0.05083904907107353,1.0024179220199585,0.7339341044425964,0.05083904907107353,1.0024179220199585,0.7339341044425964,-1.5193470237163846,165.5587934071581,-0.0053544096000526,-0.4999999999998221,-0.5053544095998747,2.024701433316259,2.024701433316259,2.024701433316259,2.024701433316259,2.024701433316259,-0.4477645127645786,-0.4477645127645786,-0.4477645127645786,-0.4477645127645786,1.0
6700,380.760167566,10.0708296245596,0.23751488327980042,1.1453187085678154,0.15577955290675166,0.23751488327980042,30.478166580200195,0.15577955290675166,0.23751488327980042,30.478166580200195,-3.2483080245582903,163.7764431637151,-0.016525499389874826,-0.5,-0.5165254993898748,3.764833523948165,3.764833523948165,2.2,2.2,2.2,1.3154498419170515,1.3154498419170515,1.3154498419170515,1.3154498419170515,1.0
6750,380.93690117,10.183305764716785,0.016680896282196045,1.1453187085678154,0.15774263188242912,0.016680896282196045,32.73415756225586,0.15774263188242912,0.016680896282196045,32.73415756225586,-3.15196699852372,163.72594467597676,-0.016737189366938132,-0.5,-0.5167371893669381,3.668704187890658,3.668704187890658,2.2,2.2,2.2,0.8167912587869512,0.8167912587869512,0.8167912587869512,0.8167912587869512,1.0
6800,381.122870695,7.948934028699465,-0.27976492047309875,1.1453187085678154,0.11874548837542534,-0.27976492047309875,30.335552215576172,0.11874548837542534,-0.27976492047309875,30.335552215576172,-2.2148212328452903,164.61136629355212,-0.012554219326352398,-0.5,-0.5125542193263524,2.7273754521716427,2.7273754521716427,2.2,2.2,2.2,0.5826948474473767,0.5826948474473767,0.5826948474473767,0.5826948474473767,1.0
6850,381.327924316,1.1555399415192198,-0.8140501379966736,1.1453187085678154,0.0001783941686153423,-0.8140501379966736,21.649120330810547,0.0001783941686153423,-0.8140501379966736,21.649120330810547,0.4098885483467023,165.7716801060601,-1.8772574371868395e-05,-0.5,-0.5000187725743719,0.09013022422766959,0.09013022422766959,0.09013022422766959,0.09013022422766959,0.09013022422766959,0.8788689039692976,0.8788689039692976,0.8788689039692976,0.8788689039692976,1.0
6900,381.523182413,-6.010693681884512,-0.3033357560634613,1.1453187085678154,-0.12489597752690315,-0.3033357560634613,-15.117512702941895,-0.12489597752690315,-0.3033357560634613,-15.117512702941895,2.653439942283537,164.48821526328666,0.013211055063582071,0.5,0.5132110550635821,-3.1666509973471193,-3.1666509973471193,-2.2,-2.2,-2.2,-0.6883210085963767,-0.6883210085963767,-0.6883210085963767,-0.6883210085963767,1.0
6950,381.593481123,-6.547252852513204,0.05735217034816742,1.1453187085678154,-0.1342607016861439,0.05735217034816742,-11.45660400390625,-0.1342607016861439,0.05735217034816742,-11.45660400390625,2.6566478485355582,164.28883031541193,0.014213101267689855,0.5,0.5142131012676898,-3.170860949803248,-3.170860949803248,-2.2,-2.2,-2.2,-1.4154435630009412,-1.4154435630009412,-1.4154435630009412,-1.4154435630009412,1.0
7000,381.649777942,-5.974044167458693,0.2836858928203583,1.1453187085678154,-0.12425632283091545,0.2836858928203583,-10.610616683959961,-0.12425632283091545,0.2836858928203583,-10.610616683959961,2.3439829284985656,164.50131127840143,0.013142697751950597,0.5,0.5131426977519506,-2.8571256262505162,-2.8571256262505162,-2.2,-2.2,-2.2,-1.8716686115255126,-1.8716686115255126,-1.8716686115255126,-1.8716686115255126,1.0
7050,381.717006066,-4.288728713817074,0.568733811378479,1.1453187085678154,-0.09484201923012733,0.568733811378479,-12.742142677307129,-0.09484201923012733,0.568733811378479,-12.742142677307129,1.6376085367480213,165.0311766966433,0.010010068299185566,0.5,0.5100100682991856,-2.147618605047207,-2.147618605047207,-2.147618605047207,-2.147618605047207,-2.147618605047207,-1.4858375810746738,-1.4858375810746738,-1.4858375810746738,-1.4858375810746738,1.0
7100,381.877675941,3.3538903270709493,0.9714043140411377,1.1453187085678154,0.038546846508979805,0.9714043140411377,-3.4817612171173096,0.038546846508979805,0.9714043140411377,-3.4817612171173096,-1.262109284801779,165.64928410984442,-0.004058310360463291,0.5,0.4959416896395367,0.7661675951622422,0.7661675951622422,0.7661675951622422,0.7661675951622422,0.7661675951622422,-0.4339664368410335,-0.4339664368410335,-0.4339664368410335,-0.4339664368410335,1.0
7150,382.07720848,10.649450807644522,0.10026472806930542,1.1453187085678154,0.16587839767336846,0.10026472806930542,31.455101013183594,0.16587839767336846,0.10026472806930542,31.455101013183594,-3.4174225561107754,163.50997651166014,-0.017615931702983735,-0.5,-0.5176159317029837,3.935038487813759,3.935038487813759,2.2,2.2,2.2,1.6985899069858226,1.6985899069858226,1.6985899069858226,1.6985899069858226,1.0
7200,382.297539641,8.23731229942022,-0.5168027281761169,1.1453187085678154,0.12377863869071007,-0.5168027281761169,30.17391014099121,0.12377863869071007,-0.5168027281761169,30.17391014099121,-2.213869398503419,164.5110475451304,-0.013091656640921141,-0.5,-0.5130916566409212,2.72696105514434,2.72696105514434,2.2,2.2,2.2,0.6561092557225785,0.6561092557225785,0.6561092557225785,0.6561092557225785,1.0
7250,382.489890039,-1.6362742685141047,-1.1510406732559204,1.1453187085678154,-0.04854795590043068,-1.1510406732559204,5.490221977233887,-0.04854795590043068,-1.1510406732559204,5.490221977233887,1.5466498727626763,165.57754534183033,0.0051127248138937995,-0.5,-0.4948872751861062,-1.05176259757657,-1.05176259757657,-1.05176259757657,-1.05176259757657,-1.05176259757657,0.5473596268062466,0.5473596268062466,0.5473596268062466,0.5473596268062466,1.0
7300,382.670694105,-9.168852772014287,-0.4143412709236145,1.1453187085678154,-0.18001625195145607,-0.4143412709236145,-22.221616744995117,-0.18001625195145607,-0.4143412709236145,-22.221616744995117,3.8169852451924937,163.1091013641849,0.01914868206930414,0.5,0.5191486820693041,-4.336133927261798,-4.336133927261798,-2.2,-2.2,-2.2,-1.0789382994660466,-1.0789382994660466,-1.0789382994660466,-1.0789382994660466,1.0
7350,382.847107229,-11.227738165233761,0.10277339816093445,1.1453187085678154,-0.21595058098435405,0.10277339816093445,-26.77532196044922,-0.21595058098435405,0.10277339816093445,-26.77532196044922,4.2937658745733875,161.94455537603662,0.023081325984951193,0.5,0.5230813259849512,-4.816847200558339,-4.816847200558339,-2.2,-2.2,-2.2,-1.4235192859692487,-1.4235192859692487,-1.4235192859692487,-1.4235192859692487,1.0
7400,383.032679987,-7.418697051921267,0.7587271332740784,1.1453187085678154,-0.1494702722132206,0.7587271332740784,-26.19308090209961,-0.1494702722132206,0.7587271332740784,-26.19308090209961,2.6165204986335753,163.93449506351504,0.01584600072190356,0.5,0.5158460007219036,-3.132366499355479,-3.132366499355479,-2.2,-2.2,-2.2,-1.5134807144124491,-1.5134807144124491,-1.5134807144124491,-1.5134807144124491,1.0
7450,383.191021708,2.51570808170379,1.434613585472107,1.1453187085678154,0.02391780659556389,1.434613585472107,-16.789791107177734,0.02391780659556389,1.434613585472107,-16.789791107177734,-1.184940354947468,165.72455520895315,-0.0025173673822272194,0.5,0.49748263261777276,0.6874577223296952,0.6874577223296952,0.6874577223296952,0.6874577223296952,0.6874577223296952,-0.8447203497461615,-0.8447203497461615,-0.8447203497461615,-0.8447203497461615,1.0
7500,383.346169123,13.10872957397296,0.8260074853897095,1.1453187085678154,0.20880090937018395,0.8260074853897095,31.6142578125,0.20880090937018395,0.8260074853897095,31.6142578125,-4.604290093265179,162.19287042655378,-0.022294299580694215,-0.5,-0.5222942995806942,5.126584392845873,5.126584392845873,2.2,2.2,2.2,1.2835179877264595,1.2835179877264595,1.2835179877264595,1.2835179877264595,1.0
7550,383.457400421,17.458636292185837,0.3618656098842621,1.1453187085678154,0.28472110375761983,0.3618656098842621,29.997098922729492,0.28472110375761983,0.3618656098842621,29.997098922729492,-5.886083704459104,159.1379795745825,-0.03079042199916988,-0.5,-0.5307904219991699,6.416874126458273,6.416874126458273,2.2,2.2,2.2,1.2227834951282075,1.2227834951282075,1.2227834951282075,1.2227834951282075,1.0
7600,383.513848335,16.892434100559292,-0.27111560106277466,1.1453187085678154,0.27483901128172883,-0.27111560106277466,32.00602722167969,0.27483901128172883,-0.27111560106277466,32.00602722167969,-5.359418442473973,159.58762041574002,-0.029665478209042816,-0.5,-0.5296654782090429,5.8890839206830154,5.8890839206830154,2.2,2.2,2.2,0.7803128268345644,0.7803128268345644,0.7803128268345644,0.7803128268345644,1.0
7650,383.568626941,15.781181105618433,-0.40726789832115173,1.1453187085678154,0.2554439876973629,-0.40726789832115173,31.041208267211914,0.2554439876973629,-0.40726789832115173,31.041208267211914,-4.933380614258108,160.4250404136642,-0.027475377153071464,-0.5,-0.5274753771530715,5.460855991411179,5.460855991411179,2.2,2.2,2.2,0.9073557373856062,0.9073557373856062,0.9073557373856062,0.9073557373856062,1.0
7700,383.625165742,14.392779524725968,-0.5659854412078857,1.1453187085678154,0.231211808770895,-0.5659854412078857,31.27351951599121,0.231211808770895,-0.5659854412078857,31.27351951599121,-4.34976732246807,161.387011860017,-0.024769574638820787,-0.5,-0.5247695746388208,4.874536897106891,4.874536897106891,2.2,2.2,2.2,0.7490858532230364,0.7490858532230364,0.7490858532230364,0.7490858532230364,1.0
7750,383.760343874,9.531482882975896,-0.8268936276435852,1.1453187085678154,0.146366176456213,-0.8268936276435852,33.010459899902344,0.146366176456213,-0.8268936276435852,33.010459899902344,-2.510948130646597,164.00987475021233,-0.015512167672866398,-0.5,-0.5155121676728665,3.0264602983194635,3.0264602983194635,2.2,2.2,2.2,1.0018258966125408,1.0018258966125408,1.0018258966125408,1.0018258966125408,1.0
7800,383.91346242,0.8632591248223019,-1.1508976221084595,1.1453187085678154,-0.00492286842316389,-1.1508976221084595,23.04947280883789,-0.00492286842316389,-1.1508976221084595,23.04947280883789,0.6688990777269767,165.7696861413068,0.0005180418908403271,-0.5,-0.4994819581091597,-0.16941711961781697,-0.16941711961781697,-0.16941711961781697,-0.16941711961781697,-0.16941711961781697,0.49471883462442595,0.49471883462442595,0.49471883462442595,0.49471883462442595,1.0
7850,384.086175133,-8.511181540796576,-0.7119224071502686,1.1453187085678154,-0.16853772357106211,-0.7119224071502686,-31.863536834716797,-0.16853772357106211,-0.7119224071502686,-31.863536834716797,3.7249329771173105,163.43704996879902,0.017903673936109737,0.5,0.5179036739361097,-4.242836651053421,-4.242836651053421,-2.2,-2.2,-2.2,-0.21471492194803066,-0.21471492194803066,-0.21471492194803066,-0.21471492194803066,1.0
7900,384.244889737,-13.508735333846525,-0.4085632562637329,1.1453187085678154,-0.25576149180531504,-0.4085632562637329,-33.045528411865234,-0.25576149180531504,-0.4085632562637329,-33.045528411865234,5.313603678015179,160.4118135114116,0.027511048505750403,0.5,0.5275110485057504,-5.841114726520929,-5.841114726520929,-2.2,-2.2,-2.2,0.2252678117188478,0.2252678117188478,0.2252678117188478,0.2252678117188478,1.0
7950,384.354407417,-15.328998676901495,-0.2471669316291809,1.1453187085678154,-0.2875310803949833,-0.2471669316291809,-35.201576232910156,-0.2875310803949833,-0.2471669316291809,-35.201576232910156,5.874708164181089,159.00730215891232,0.031111468968161957,0.5,0.531111468968162,-6.405819633149251,-6.405819633149251,-2.2,-2.2,-2.2,-0.3454814133166608,-0.3454814133166608,-0.3454814133166608,-0.3454814133166608,1.0
8000,384.410980943,-16.113217091740264,-0.17105324566364288,1.1453187085678154,-0.3012182737886906,-0.17105324566364288,-33.679901123046875,-0.3012182737886906,-0.17105324566364288,-33.679901123046875,6.104643859498927,158.35296223800617,0.03268294875086309,0.5,0.5326829487508631,-6.6373268082497905,-6.6373268082497905,-2.2,-2.2,-2.2,-0.5503769503475795,-0.5503769503475795,-0.5503769503475795,-0.5503769503475795,1.0
8050,384.469936853,-16.437219067850865,0.012284558266401291,1.1453187085678154,-0.3068731750547886,0.012284558266401291,-31.737443923950195,-0.3068731750547886,0.012284558266401291,-31.737443923950195,6.132457413230848,158.0740074120959,0.03333604885518828,0.5,0.5333360488551883,-6.665793462086037,-6.665793462086037,-2.2,-2.2,-2.2,-0.7267130646129123,-0.7267130646129123,-0.7267130646129123,-0.7267130646129123,1.0
8100,384.548207168,-16.04383432260398,0.2062537670135498,1.1453187085678154,-0.30000731602311137,0.2062537670135498,-33.07268524169922,-0.30000731602311137,0.2062537670135498,-33.07268524169922,5.899433428655785,158.41204463866228,0.03254338878177101,0.5,0.532543388781771,-6.431976817437556,-6.431976817437556,-2.2,-2.2,-2.2,-0.9579684408891416,-0.9579684408891416,-0.9579684408891416,-0.9579684408891416,1.0
8150,384.613040357,-14.998677068261339,0.3828369975090027,1.1453187085678154,-0.28176588073372844,0.3828369975090027,-32.756011962890625,-0.28176588073372844,0.3828369975090027,-32.756011962890625,5.461034408252713,159.27406449296447,0.030453344165634447,0.5,0.5304533441656345,-5.991487752418347,-5.991487752418347,-2.2,-2.2,-2.2,-1.1218608662401093,-1.1218608662401093,-1.1218608662401093,-1.1218608662401093,1.0
8200,384.680068621,-13.616216898173139,0.42441892623901367,1.1453187085678154,-0.2576373989880085,0.42441892623901367,-35.299156188964844,-0.2576373989880085,0.42441892623901367,-35.299156188964844,4.945609496993985,160.3333371860828,0.027721925366031918,0.5,0.5277219253660319,-5.473331422360017,-5.473331422360017,-2.2,-2.2,-2.2,-1.1969470214183482,-1.1969470214183482,-1.1969470214183482,-1.1969470214183482,1.0
8250,384.774898705,-11.266601941611134,0.47137388586997986,1.1453187085678154,-0.21662888184189796,0.47137388586997986,-31.3806209564209,-0.21662888184189796,0.47137388586997986,-31.3806209564209,4.0985908651694745,161.92056984155874,0.023156118266138306,0.5,0.5231561182661383,-4.621746983435613,-4.621746983435613,-2.2,-2.2,-2.2,-1.277328903991119,-1.277328903991119,-1.277328903991119,-1.277328903991119,1.0
8300,384.941796002,-6.721598126832834,0.39973095059394836,1.1453187085678154,-0.13730360075831416,0.39973095059394836,-34.19951629638672,-0.13730360075831416,0.39973095059394836,-34.19951629638672,2.5454072703737625,164.22096039787073,0.014539230710177625,0.5,0.5145392307101776,-3.05994650108394,-3.05994650108394,-2.2,-2.2,-2.2,-1.2659584672805417,-1.2659584672805417,-1.2659584672805417,-1.2659584672805417,1.0
8350,385.104876764,-3.378436959730917,0.29793548583984375,1.1453187085678154,-0.07895443096756935,0.29793548583984375,-32.846221923828125,-0.07895443096756935,0.29793548583984375,-32.846221923828125,1.4277562990119754,165.2583724306947,0.008325594337903808,0.5,0.5083255943379038,-1.9360818933498791,-1.9360818933498791,-1.9360818933498791,-1.9360818933498791,-1.9360818933498791,-1.3214487698633095,-1.3214487698633095,-1.3214487698633095,-1.3214487698633095,1.0
8400,385.307181859,-0.8113192180832045,0.1662827432155609,1.1453187085678154,-0.0341497740894556,0.1662827432155609,-32.455055236816406,-0.0341497740894556,0.1662827432155609,-32.455055236816406,0.6070632634367145,165.67561311421665,0.0035949955192321847,0.5,0.5035949955192321,-1.1106582589559466,-1.1106582589559466,-1.1106582589559466,-1.1106582589559466,-1.1106582589559466,-0.873720477419565,-0.873720477419565,-0.873720477419565,-0.873720477419565,1.0
8450,385.382404909,-0.20418683771087837,0.07274768501520157,1.1453187085678154,-0.023553315056487917,0.07274768501520157,-34.684783935546875,-0.023553315056487917,0.07274768501520157,-34.684783935546875,0.4294262418322597,165.72598058266368,0.0024789901975967484,0.5,0.5024789901975968,-0.9319052320298564,-0.9319052320298564,-0.9319052320298564,-0.9319052320298564,-0.9319052320298564,-0.7959036946857179,-0.7959036946857179,-0.7959036946857179,-0.7959036946857179,1.0
8500,385.43774295,-0.004163160381681444,0.05100995674729347,1.1453187085678154,-0.020062243305146693,0.05100995674729347,-35.85891342163086,-0.020062243305146693,0.05100995674729347,-35.85891342163086,0.37678453494012637,165.73852406573835,0.002111448111224383,0.5,0.5021114481112244,-0.8788959830513507,-0.8788959830513507,-0.8788959830513507,-0.8788959830513507,-0.8788959830513507,-0.8325673261753617,-0.8325673261753617,-0.8325673261753617,-0.8325673261753617,1.0
8550,385.502859545,0.14471320563683032,0.025305312126874924,1.1453187085678154,-0.01746386053971946,0.025305312126874924,-34.65854263305664,-0.01746386053971946,0.025305312126874924,-34.65854263305664,0.3351466627433034,165.74655680332103,0.001837922457880154,0.5,0.5018379224578802,-0.8369845852011836,-0.8369845852011836,-0.8369845852011836,-0.8369845852011836,-0.8369845852011836,-0.5051650976050888,-0.5051650976050888,-0.5051650976050888,-0.5051650976050888,1.0
8600,385.663765293,-0.07552148169411033,-0.07708607614040375,1.1453187085678154,-0.021307680960744618,-0.07708607614040375,-33.60667419433594,-0.021307680960744618,-0.07708607614040375,-33.60667419433594,0.461181728012162,165.73427954850774,0.0022425622043287393,0.5,0.5022425622043287,-0.9634242902164907,-0.9634242902164907,-0.9634242902164907,-0.9634242902164907,-0.9634242902164907,-0.18661886190235288,-0.18661886190235288,-0.18661886190235288,-0.18661886190235288,1.0
8650,385.824645338,-0.9018198649161081,-0.08541172742843628,1.1453187085678154,-0.03572930835187435,-0.08541172742843628,-33.89336395263672,-0.03572930835187435,-0.08541172742843628,-33.89336395263672,0.7561466534306597,165.66652151223238,0.003761412561536925,0.5,0.503761412561537,-1.2599080659921966,-1.2599080659921966,-1.2599080659921966,-1.2599080659921966,-1.2599080659921966,0.21599229749715226,0.21599229749715226,0.21599229749715226,0.21599229749715226,1.0
8700,386.014176694,-1.8674823617779717,-0.028116978704929352,1.1453187085678154,-0.05258329838514328,-0.028116978704929352,-36.06867599487305,-0.05258329838514328,-0.028116978704929352,-36.06867599487305,1.0690448171539046,165.54393809072872,0.005538445763751335,0.5,0.5055384457637513,-1.574583262917656,-1.574583262917656,-1.574583262917656,-1.574583262917656,-1.574583262917656,-0.10678778126051991,-0.10678778126051991,-0.10678778126051991,-0.10678778126051991,1.0
8750,386.179133065,-2.204114424880985,-0.05197849124670029,1.1453187085678154,-0.05845863625407219,-0.05197849124670029,-35.58971405029297,-0.05845863625407219,-0.05197849124670029,-35.58971405029297,1.194457424967404,165.4902165233275,0.006158606951129779,0.5,0.5061586069511298,-1.7006160319185337,-1.7006160319185337,-1.7006160319185337,-1.7006160319185337,-1.7006160319185337,-0.5012072351927993,-0.5012072351927993,-0.5012072351927993,-0.5012072351927993,1.0
8800,386.262424085,-2.3996433174679983,0.005000556819140911,1.1453187085678154,-0.061871259212493895,0.005000556819140911,-32.022682189941406,-0.061871259212493895,0.005000556819140911,-32.022682189941406,1.235246425122622,165.45640597803026,0.006519011849619206,0.5,0.5065190118496192,-1.7417654369722413,-1.7417654369722413,-1.7417654369722413,-1.7417654369722413,-1.7417654369722413,-0.5855849997823954,-0.5855849997823954,-0.5855849997823954,-0.5855849997823954,1.0
8850,386.319453142,-2.33401395072405,-0.0037743551656603813,1.1453187085678154,-0.060725810676813125,-0.0037743551656603813,-35.77931213378906,-0.060725810676813125,-0.0037743551656603813,-35.77931213378906,1.209646414694759,165.46796806462442,0.006398025349683054,0.5,0.506398025349683,-1.716044440044442,-1.716044440044442,-1.716044440044442,-1.716044440044442,-1.716044440044442,-0.778287178362548,-0.778287178362548,-0.778287178362548,-0.778287178362548,1.0
8900,386.377732725,-2.253220710249027,-0.007204508874565363,1.1453187085678154,-0.05931570261716843,-0.007204508874565363,-35.7046012878418,-0.05931570261716843,-0.007204508874565363,-35.7046012878418,1.1901780648993905,165.4819052672326,0.006249107432066144,0.5,0.5062491074320662,-1.6964271723314566,-1.6964271723314566,-1.6964271723314566,-1.6964271723314566,-1.6964271723314566,-0.9258428158494783,-0.9258428158494783,-0.9258428158494783,-0.9258428158494783,1.0
8950,386.474007124,-2.2645419622417347,0.04599090665578842,1.1453187085678154,-0.05951329573988915,0.04599090665578842,-34.38990783691406,-0.05951329573988915,0.04599090665578842,-34.38990783691406,1.1690797212085253,165.4799720026456,0.006269973235650182,0.5,0.5062699732356502,-1.6753496944441755,-1.6753496944441755,-1.6753496944441755,-1.6753496944441755,-1.6753496944441755,-0.9653523901090997,-0.9653523901090997,-0.9653523901090997,-0.9653523901090997,1.0
9000,386.649994232,-1.449686413715756,0.052772991359233856,1.1453187085678154,-0.04529138348996639,0.052772991359233856,-36.01045227050781,-0.04529138348996639,0.052772991359233856,-36.01045227050781,0.8782482934172607,165.60271276271382,0.004769283867594486,0.5,0.5047692838675945,-1.3830175772848552,-1.3830175772848552,-1.3830175772848552,-1.3830175772848552,-1.3830175772848552,-0.38751500219685375,-0.38751500219685375,-0.38751500219685375,-0.38751500219685375,1.0
9050,386.863477094,-0.6674698846340353,0.042153581976890564,1.1453187085678154,-0.03163912959396839,0.042153581976890564,-35.19471740722656,-0.03163912959396839,0.042153581976890564,-35.19471740722656,0.6161848259468083,165.689218536131,0.003330514578560938,0.5,0.5033305145785609,-1.1195153405253693,-1.1195153405253693,-1.1195153405253693,-1.1195153405253693,-1.1195153405253693,-0.1979344204569373,-0.1979344204569373,-0.1979344204569373,-0.1979344204569373,1.0
9100,387.014963539,-0.5472920658574263,0.0026877569034695625,1.1453187085678154,-0.0295416309684515,0.0026877569034695625,-32.59614181518555,-0.0295416309684515,0.0026877569034695625,-32.59614181518555,0.5820094746861842,165.69978917710856,0.00310958808296899,0.5,0.503109588082969,-1.0851190627691532,-1.0851190627691532,-1.0851190627691532,-1.0851190627691532,-1.0851190627691532,-0.18348073211334476,-0.18348073211334476,-0.18348073211334476,-0.18348073211334476,1.0
9150,387.080452427,-0.4571111572550438,0.006505839992314577,1.1453187085678154,-0.027967677190899848,0.006505839992314577,-34.32675552368164,-0.027967677190899848,0.006505839992314577,-34.32675552368164,0.5528684687449941,165.70724546733678,0.002943823736524022,0.5,0.502943823736524,-1.055812292481518,-1.055812292481518,-1.055812292481518,-1.055812292481518,-1.055812292481518,-0.32528438538086646,-0.32528438538086646,-0.32528438538086646,-0.32528438538086646,1.0
9200,387.223281608,-0.3601964825438222,0.018221940845251083,1.1453187085678154,-0.026276197023689746,0.018221940845251083,-32.42695617675781,-0.026276197023689746,0.018221940845251083,-32.42695617675781,0.5149494395636504,165.71480364147922,0.0027656979468946782,0.5,0.5027656979468946,-1.017715137510545,-1.017715137510545,-1.017715137510545,-1.017715137510545,-1.017715137510545,-0.4169482122420788,-0.4169482122420788,-0.4169482122420788,-0.4169482122420788,1.0
9250,387.375262153,-0.08310762072681274,0.052547793835401535,1.1453187085678154,-0.021440084064379333,0.052547793835401535,-33.94615173339844,-0.021440084064379333,0.052547793835401535,-33.94615173339844,0.41068154257530853,165.73381328535922,0.00225650140804044,0.5,0.5022565014080405,-0.912938043983349,-0.912938043983349,-0.912938043983349,-0.912938043983349,-0.912938043983349,-0.3154502013891282,-0.3154502013891282,-0.3154502013891282,-0.3154502013891282,1.0
9300,387.53619289,0.17659740913652255,0.014842151664197445,1.1453187085678154,-0.016907376209273933,0.014842151664197445,-33.41365051269531,-0.016907376209273933,0.014842151664197445,-33.41365051269531,0.32676548586192683,165.74813252422604,0.0017793459821645722,0.5,0.5017793459821646,-0.8285448318440913,-0.8285448318440913,-0.8285448318440913,-0.8285448318440913,-0.8285448318440913,-0.332307958546565,-0.332307958546565,-0.332307958546565,-0.332307958546565,1.0
9350,387.650438356,0.3638355059479845,0.016782930120825768,1.1453187085678154,-0.013639454934746026,0.016782930120825768,-33.85235595703125,-0.013639454934746026,0.016782930120825768,-33.85235595703125,0.2658755826347748,165.7563563377227,0.0014353799614606818,0.5,0.5014353799614607,-0.7673109625962355,-0.7673109625962355,-0.7673109625962355,-0.7673109625962355,-0.7673109625962355,-0.37447051300113177,-0.37447051300113177,-0.37447051300113177,-0.37447051300113177,1.0
9400,387.717750355,0.4320086112296602,0.017473697662353516,1.1453187085678154,-0.012449609786272048,0.017473697662353516,-32.80329132080078,-0.012449609786272048,0.017473697662353516,-32.80329132080078,0.24266613944130275,165.7589136819725,0.0013101503875779536,0.5,0.501310150387578,-0.7439762898288808,-0.7439762898288808,-0.7439762898288808,-0.7439762898288808,-0.7439762898288808,-0.31209251134611893,-0.31209251134611893,-0.31209251134611893,-0.31209251134611893,1.0
9450,387.783073586,0.5129848794300984,0.01156684197485447,1.1453187085678154,-0.011036307290196418,0.01156684197485447,-32.63438415527344,-0.011036307290196418,0.01156684197485447,-32.63438415527344,0.21728697984112685,165.76164822784352,0.0011614069822242867,0.5,0.5011614069822243,-0.7184483868233512,-0.7184483868233512,-0.7184483868233512,-0.7184483868233512,-0.7184483868233512,-0.013963789031420037,-0.013963789031420037,-0.013963789031420037,-0.013963789031420037,1.0
9500,387.849793877,0.552635354861639,-0.004111841320991516,1.1453187085678154,-0.010344275943934916,-0.004111841320991516,-32.4605712890625,-0.010344275943934916,-0.004111841320991516,-32.4605712890625,0.2099252685624047,165.76286718829468,0.0010885756686420665,0.5,0.5010885756686421,-0.7110138442310467,-0.7110138442310467,-0.7110138442310467,-0.7110138442310467,-0.7110138442310467,-0.16202783164890977,-0.16202783164890977,-0.16202783164890977,-0.16202783164890977,1.0
9550,387.914585176,0.5431321071269183,-0.017844215035438538,1.1453187085678154,-0.010510138906538485,-0.017844215035438538,-33.005733489990234,-0.010510138906538485,-0.017844215035438538,-33.005733489990234,0.22054039313406937,165.76258222289084,0.001106031453771097,0.5,0.5011060314537711,-0.7216464245878405,-0.7216464245878405,-0.7216464245878405,-0.7216464245878405,-0.7216464245878405,-0.19445476721112243,-0.19445476721112243,-0.19445476721112243,-0.19445476721112243,1.0
9600,388.046101025,0.29773389565595315,-0.06467361748218536,1.1453187085678154,-0.014793145675212144,-0.06467361748218536,-35.13140869140625,-0.014793145675212144,-0.06467361748218536,-35.13140869140625,0.32400705679240527,165.75365397326703,0.0015568081764247958,0.5,0.5015568081764248,-0.82556386496883,-0.82556386496883,-0.82556386496883,-0.82556386496883,-0.82556386496883,-0.31437877534150727,-0.31437877534150727,-0.31437877534150727,-0.31437877534150727,1.0
9650,388.199791843,0.013388729910645393,-0.0018676272593438625,1.1453187085678154,-0.01975590502959676,-0.0018676272593438625,-33.62015914916992,-0.01975590502959676,-0.0018676272593438625,-33.62015914916992,0.40108372913334317,165.73952892725046,0.0020791992014578303,0.5,0.5020791992014578,-0.903162928334801,-0.903162928334801,-0.903162928334801,-0.903162928334801,-0.903162928334801,-0.41627760007673376,-0.41627760007673376,-0.41627760007673376,-0.41627760007673376,1.0
9700,388.348253413,-0.3180044830499494,-0.05498364940285683,1.1453187085678154,-0.025539807714521884,-0.05498364940285683,-33.507591247558594,-0.025539807714521884,-0.05498364940285683,-33.507591247558594,0.5413177464602887,165.71794686585747,0.002688155487212434,0.5,0.5026881554872125,-1.0440059019475012,-1.0440059019475012,-1.0440059019475012,-1.0440059019475012,-1.0440059019475012,-0.41798075928423367,-0.41798075928423367,-0.41798075928423367,-0.41798075928423367,1.0
9750,388.505011862,-0.834525639561969,-0.07019016891717911,1.1453187085678154,-0.03455480255186558,-0.07019016891717911,-33.054954528808594,-0.03455480255186558,-0.07019016891717911,-33.054954528808594,0.7184075956636844,165.67332098884154,0.003637666899245298,0.5,0.5036376668992453,-1.2220452625629297,-1.2220452625629297,-1.2220452625629297,-1.2220452625629297,-1.2220452625629297,-0.19752977406860206,-0.19752977406860206,-0.19752977406860206,-0.19752977406860206,1.0
9800,388.658651589,-0.8674988580278816,0.05264805257320404,1.1453187085678154,-0.035130293779075145,0.05264805257320404,-33.69146728515625,-0.035130293779075145,0.05264805257320404,-33.69146728515625,0.6831115477590013,165.67001772463377,0.003698299258035167,0.5,0.5036982992580352,-1.1868098470170365,-1.1868098470170365,-1.1868098470170365,-1.1868098470170365,-1.1868098470170365,-0.6129917851210778,-0.6129917851210778,-0.6129917851210778,-0.6129917851210778,1.0
9850,388.846216107,0.3182961801522765,0.16979923844337463,1.1453187085678154,-0.014434266109019517,0.16979923844337463,-28.97644805908203,-0.014434266109019517,0.16979923844337463,-28.97644805908203,0.21231280752098972,165.7545180975519,0.0015190349725194507,0.5,0.5015190349725195,-0.7138318424935092,-0.7138318424935092,-0.7138318424935092,-0.7138318424935092,-0.7138318424935092,-0.22344075321936524,-0.22344075321936524,-0.22344075321936524,-0.22344075321936524,1.0
9900,388.927798497,1.3197638359842427,0.21604900062084198,1.1453187085678154,0.003044641837477685,0.21604900062084198,-22.43411636352539,0.003044641837477685,0.21604900062084198,-22.43411636352539,-0.17377668318227218,165.77091902464602,-0.0003203913008114541,0.5,0.49967960869918854,-0.32590292551691635,-0.32590292551691635,-0.32590292551691635,-0.32590292551691635,-0.32590292551691635,-0.5816757823938574,-0.5816757823938574,-0.5816757823938574,-0.5816757823938574,1.0
9950,388.995896057,2.2182964589188705,0.3161788284778595,1.1453187085678154,0.018726994544267656,0.3161788284778595,-6.540327072143555,0.018726994544267656,0.3161788284778595,-6.540327072143555,-0.5292203525536243,165.74279083101405,-0.001970886309607892,0.5,0.4980291136903921,0.031191238863232218,0.031191238863232218,0.031191238863232218,0.031191238863232218,0.031191238863232218,-0.5907682042182401,-0.5907682042182401,-0.5907682042182401,-0.5907682042182401,1.0
10000,389.064316406,3.399438297324825,0.2319655418395996,1.1453187085678154,0.03934180855751038,0.2319655418395996,17.788101196289062,0.03934180855751038,0.2319655418395996,17.788101196289062,-0.9069624996719724,165.64418418958752,-0.004142090769294167,-0.5,-0.5041420907692942,1.4111045904412665,1.4111045904412665,1.4111045904412665,1.4111045904412665,1.4111045904412665,-0.24705731779248885,-0.24705731779248885,-0.24705731779248885,-0.24705731779248885,1.0
10050,389.252244637,3.6609677347484944,-0.21145877242088318,1.1453187085678154,0.04390635833144188,-0.21145877242088318,32.662330627441406,0.04390635833144188,-0.21145877242088318,32.662330627441406,-0.7862325683842296,165.6128874269421,-0.004623248781806546,-0.5,-0.5046232487818065,1.2908558171660363,1.2908558171660363,1.2908558171660363,1.2908558171660363,1.2908558171660363,0.841035162655777,0.841035162655777,0.841035162655777,0.841035162655777,1.0
10100,389.411199035,0.04834293502206641,-0.5163787007331848,1.1453187085678154,-0.01914583906298503,-0.5163787007331848,12.445554733276367,-0.01914583906298503,-0.5163787007331848,12.445554733276367,0.6484875852053241,165.7414840366328,0.002014977350373023,-0.5,-0.49798502264962696,-0.15050256255569716,-0.15050256255569716,-0.15050256255569716,-0.15050256255569716,-0.15050256255569716,0.7373518268883966,0.7373518268883966,0.7373518268883966,0.7373518268883966,1.0
10150,389.577627167,-3.8256260932777537,0.10310212522745132,1.1453187085678154,-0.08675935372710228,0.10310212522745132,-34.952369689941406,-0.08675935372710228,0.10310212522745132,-34.952369689941406,1.7049367581262234,165.15193811153233,0.009152530441179595,0.5,0.5091525304411796,-2.214089288567403,-2.214089288567403,-2.2,-2.2,-2.2,-0.8681820720796295,-0.8681820720796295,-0.8681820720796295,-0.8681820720796295,1.0
10200,389.72768031,-0.49785222179796496,0.5952267646789551,1.1453187085678154,-0.02867874290794134,0.5952267646789551,-29.416696548461914,-0.02867874290794134,0.5952267646789551,-29.416696548461914,0.29675148715342925,165.7039274647962,0.0030187093203257838,0.5,0.5030187093203258,-0.799770196473755,-0.799770196473755,-0.799770196473755,-0.799770196473755,-0.799770196473755,-1.38560939743653,-1.38560939743653,-1.38560939743653,-1.38560939743653,1.0
10250,389.877812598,5.766986555882934,0.53422611951828,1.1453187085678154,0.08066332086920738,0.53422611951828,30.754505157470703,0.08066332086920738,0.53422611951828,30.754505157470703,-1.883320530825967,165.23592396481115,-0.008506562200219833,-0.5,-0.5085065622002198,2.391827093026187,2.391827093026187,2.2,2.2,2.2,0.16433015993897976,0.16433015993897976,0.16433015993897976,0.16433015993897976,1.0
10300,390.031337956,7.638577063003257,-0.196222186088562,1.1453187085678154,0.11332873746752739,-0.196222186088562,33.77992248535156,0.11332873746752739,-0.196222186088562,33.77992248535156,-2.2024820011676836,164.714700185445,-0.011976534687158421,-0.5,-0.5119765346871584,2.714458535854842,2.714458535854842,2.2,2.2,2.2,1.5711002968879915,1.5711002968879915,1.5711002968879915,1.5711002968879915,1.0
10350,390.086636375,6.580919708705843,-0.45828214287757874,1.1453187085678154,0.09486913427710533,-0.45828214287757874,30.128625869750977,0.09486913427710533,-0.45828214287757874,30.128625869750977,-1.6808743147571579,165.03075353689988,-0.010012947232277587,-0.5,-0.5100129472322776,2.1908872619894355,2.1908872619894355,2.1908872619894355,2.1908872619894355,2.1908872619894355,1.9158796160454952,1.9158796160454952,1.9158796160454952,1.9158796160454952,1.0
10400,390.142938937,4.547974093293608,-0.6561769843101501,1.1453187085678154,0.05938753977417946,-0.6561769843101501,30.171567916870117,0.05938753977417946,-0.6561769843101501,30.171567916870117,-0.8666818051009422,165.48120315054646,-0.006256693368651062,-0.5,-0.5062566933686511,1.3729384984695931,1.3729384984695931,1.3729384984695931,1.3729384984695931,1.3729384984695931,2.004048328763518,2.004048328763518,2.004048328763518,2.004048328763518,1.0
10450,390.199547084,1.7148130129544945,-0.9134532809257507,1.1453187085678154,0.009939550682902337,-0.9134532809257507,22.091453552246094,0.009939550682902337,-0.9134532809257507,22.091453552246094,0.21829881780100352,165.76354351312904,-0.0010459817340026456,-0.5,-0.5010459817340026,0.2827471639329991,0.2827471639329991,0.2827471639329991,0.2827471639329991,0.2827471639329991,1.0911917494139387,1.0911917494139387,1.0911917494139387,1.0911917494139387,1.0
10500,390.254077464,-0.9496301218891395,-0.8509005308151245,1.1453187085678154,-0.03656375475227833,-0.8509005308151245,4.618950843811035,-0.03656375475227833,-0.8509005308151245,4.618950843811035,1.1569416848867653,165.66155269452665,0.003849335879760916,-0.5,-0.49615066412023906,-0.6607910207665262,-0.6607910207665262,-0.6607910207665262,-0.6607910207665262,-0.6607910207665262,0.63219516211768,0.63219516211768,0.63219516211768,0.63219516211768,1.0
10550,390.35160588,-4.818091426381511,-0.4459749162197113,1.1453187085678154,-0.10408114150166513,-0.4459749162197113,-32.3734245300293,-0.10408114150166513,-0.4459749162197113,-32.3734245300293,2.2907710244365296,164.88001184731797,0.010991910006700705,0.5,0.5109919100067007,-2.8017629344432304,-2.8017629344432304,-2.2,-2.2,-2.2,-0.6276249530397813,-0.6276249530397813,-0.6276249530397813,-0.6276249530397813,1.0
10600,390.509133848,-6.394072626884151,0.12923437356948853,1.1453187085678154,-0.1315872023999691,0.12923437356948853,-34.232749938964844,-0.1315872023999691,0.12923437356948853,-34.232749938964844,2.586421938057954,164.34721327440946,0.013926782424193571,0.5,0.5139267824241935,-3.1003487204821476,-3.1003487204821476,-2.2,-2.2,-2.2,-2.3069294561443723,-2.2,-2.2,-2.2,1.0
10650,390.675366654,-3.401651065172498,0.6279006600379944,1.1453187085678154,-0.07935959354043007,0.6279006600379944,-30.9266300201416,-0.07935959354043007,0.6279006600379944,-30.9266300201416,1.2765050527000912,165.25309347937608,0.00836849578116115,0.5,0.5083684957811612,-1.7848735484812523,-1.7848735484812523,-1.7848735484812523,-1.7848735484812523,-1.7848735484812523,-0.8171104421658641,-0.8171104421658641,-0.8171104421658641,-0.8171104421658641,1.0
10700,390.839285328,4.380546946829555,0.7922987937927246,1.1453187085678154,0.05646538481116295,0.7922987937927246,-2.7700068950653076,0.05646538481116295,0.7922987937927246,-2.7700068950653076,-1.5359629239910986,165.50907846445855,-0.005948167481274585,0.5,0.4940518325187254,1.041911091472373,1.041911091472373,1.041911091472373,1.041911091472373,1.041911091472373,0.8939131333511067,0.8939131333511067,0.8939131333511067,0.8939131333511067,1.0
10750,391.022711889,9.791232415790542,0.1406761258840561,1.1453187085678154,0.15089966103434563,0.1406761258840561,32.74701690673828,0.15089966103434563,0.1406761258840561,32.74701690673828,-3.109941326648307,163.8992559048495,-0.015999829390212043,-0.5,-0.515999829390212,3.625941156038519,3.625941156038519,2.2,2.2,2.2,1.9107734157475602,1.9107734157475602,1.9107734157475602,1.9107734157475602,1.0
10800,391.226347106,9.00275537800427,-0.11686614900827408,1.1453187085678154,0.13713814064860344,-0.11686614900827408,33.88864517211914,0.13713814064860344,-0.11686614900827408,33.88864517211914,-2.6895387521431044,164.22468974035917,-0.014521490224385862,-0.5,-0.5145214902243859,3.20406024236749,3.20406024236749,2.2,2.2,2.2,1.9171320596805743,1.9171320596805743,1.9171320596805743,1.9171320596805743,1.0
10850,391.423861857,6.4401853684050225,-0.21564511954784393,1.1453187085678154,0.09241285666823387,-0.21564511954784393,32.074981689453125,0.09241285666823387,-0.21564511954784393,32.074981689453125,-1.7364380754866016,165.06859701620388,-0.00975221179532842,-0.5,-0.5097522117953284,2.24619028728193,2.24619028728193,2.2,2.2,2.2,1.4988653812590447,1.4988653812590447,1.4988653812590447,1.4988653812590447,1.0
10900,391.55884598,3.9605859355221513,-0.32301241159439087,1.1453187085678154,0.049135682433843614,-0.32301241159439087,33.86445617675781,0.049135682433843614,-0.32301241159439087,33.86445617675781,-0.8231428344164902,165.57281734674828,-0.005174718225490325,-0.5,-0.5051747182254903,1.3283175526419804,1.3283175526419804,1.3283175526419804,1.3283175526419804,1.3283175526419804,1.0541882664421591,1.0541882664421591,1.0541882664421591,1.0541882664421591,1.0
10950,391.614894828,2.7204835563231193,-0.31125539541244507,1.1453187085678154,0.027491812855005265,-0.31125539541244507,32.34853744506836,0.027491812855005265,-0.31125539541244507,32.34853744506836,-0.3914350013389505,165.70941944935427,-0.0028937099398125194,-0.5,-0.5028937099398125,0.894328711278763,0.894328711278763,0.894328711278763,0.894328711278763,0.894328711278763,0.8310884462140427,0.8310884462140427,0.8310884462140427,0.8310884462140427,1.0
11000,391.723519064,0.3364687522127417,-0.26236584782600403,1.1453187085678154,-0.01411709489300847,-0.26236584782600403,23.113842010498047,-0.01411709489300847,-0.26236584782600403,23.113842010498047,0.41645255695538913,165.75526413119135,0.001485652026894541,-0.5,-0.49851434797310545,0.08206179101771632,0.08206179101771632,0.08206179101771632,0.08206179101771632,0.08206179101771632,0.10378773207055524,0.10378773207055524,0.10378773207055524,0.10378773207055524,1.0
11050,391.87489117,-1.5626810079196272,-0.12032877653837204,1.1453187085678154,-0.047263511195778846,-0.12032877653837204,-30.12014389038086,-0.047263511195778846,-0.12032877653837204,-30.12014389038086,1.0071495582163559,165.58768023854032,0.004977253702710917,0.5,0.504977253702711,-1.512126811919067,-1.512126811919067,-1.512126811919067,-1.512126811919067,-1.512126811919067,-1.278725646848963,-1.278725646848963,-1.278725646848963,-1.278725646848963,1.0
11100,392.028373265,-2.4458997064048518,-0.08513700217008591,1.1453187085678154,-0.06267858549952507,-0.08513700217008591,-32.506839752197266,-0.06267858549952507,-0.08513700217008591,-32.506839752197266,1.3115552872169685,165.4481272406472,0.006604294834693144,0.5,0.5066042948346932,-1.8181595820516616,-1.8181595820516616,-1.8181595820516616,-1.8181595820516616,-1.8181595820516616,-2.3211558664612384,-2.2,-2.2,-2.2,1.0
11150,392.188206347,-2.580166284448493,-0.06912656128406525,1.1453187085678154,-0.06502197936177254,-0.06912656128406525,-34.72270965576172,-0.06502197936177254,-0.06912656128406525,-34.72270965576172,1.3344762920647377,165.42348980769955,0.006851891269351654,0.5,0.5068518912693517,-1.8413281833340895,-1.8413281833340895,-1.8413281833340895,-1.8413281833340895,-1.8413281833340895,-2.8100294001949337,-2.2,-2.2,-2.2,1.0
11200,392.368244862,-2.470711862668804,0.009508947841823101,1.1453187085678154,-0.06311163932085037,0.009508947841823101,-34.806427001953125,-0.06311163932085037,0.009508947841823101,-34.806427001953125,1.2541778013272717,165.44364231777658,0.0066500445725853055,0.5,0.5066500445725853,-1.7608278458998572,-1.7608278458998572,-1.7608278458998572,-1.7608278458998572,-1.7608278458998572,-3.148905362100883,-2.2,-2.2,-2.2,1.0
11250,392.557990001,-2.4006740357024356,-0.047765105962753296,1.1453187085678154,-0.061889248639345175,-0.047765105962753296,-34.91525650024414,-0.061889248639345175,-0.047765105962753296,-34.91525650024414,1.2648556291070894,165.45622267282772,0.006520912094134762,0.5,0.5065209120941347,-1.7713765412012241,-1.7713765412012241,-1.7713765412012241,-1.7713765412012241,-1.7713765412012241,-2.5358479845243815,-2.2,-2.2,-2.2,1.0
11300,392.718708895,-2.6909525931163345,0.018874481320381165,1.1453187085678154,-0.0669555652141571,0.018874481320381165,-35.59107971191406,-0.0669555652141571,0.018874481320381165,-35.59107971191406,1.3316149171145606,165.40248103021568,0.00705624480546131,0.5,0.5070562448054613,-1.838671161920022,-1.838671161920022,-1.838671161920022,-1.838671161920022,-1.838671161920022,-2.0261811813380497,-2.0261811813380497,-2.0261811813380497,-2.0261811813380497,1.0
11350,392.850552319,-2.5836883141826923,0.0017333682626485825,1.1453187085678154,-0.06508345037698746,0.0017333682626485825,-32.752174377441406,-0.06508345037698746,0.0017333682626485825,-32.752174377441406,1.2994447130527504,165.4228313740262,0.006858387120767817,0.5,0.5068583871207678,-1.8063031001735181,-1.8063031001735181,-1.8063031001735181,-1.8063031001735181,-1.8063031001735181,-1.5660754063643025,-1.5660754063643025,-1.5660754063643025,-1.5660754063643025,1.0
11400,393.03520346,-2.438561095028496,0.0032493083272129297,1.1453187085678154,-0.06255050256848335,0.0032493083272129297,-32.631996154785156,-0.06255050256848335,0.0032493083272129297,-32.631996154785156,1.2504476664627,165.44944782223604,0.006590764055356873,0.5,0.5065907640553569,-1.7570384305180569,-1.7570384305180569,-1.7570384305180569,-1.7570384305180569,-1.7570384305180569,-0.8133661685995164,-0.8133661685995164,-0.8133661685995164,-0.8133661685995164,1.0
11450,393.221169151,-2.2485806639250607,-0.005977500230073929,1.1453187085678154,-0.05923471853137016,-0.005977500230073929,-32.94648742675781,-0.05923471853137016,-0.005977500230073929,-32.94648742675781,1.182340550425991,165.48269576567256,0.006240555665261138,0.5,0.5062405556652612,-1.6885811060912521,-1.6885811060912521,-1.6885811060912521,-1.6885811060912521,-1.6885811060912521,-0.5598680509594294,-0.5598680509594294,-0.5598680509594294,-0.5598680509594294,1.0
11500,393.400573209,-2.2780550646277815,-0.017709219828248024,1.1453187085678154,-0.05974914386868477,-0.017709219828248024,-32.29967498779297,-0.05974914386868477,-0.017709219828248024,-32.29967498779297,1.1984242426250291,165.47765604138672,0.006294879399565875,0.5,0.5062948793995659,-1.704719122024595,-1.704719122024595,-1.704719122024595,-1.704719122024595,-1.704719122024595,-0.564122085294215,-0.564122085294215,-0.564122085294215,-0.564122085294215,1.0
11550,393.560699855,-2.3432526353501384,-0.02370557188987732,1.1453187085678154,-0.06088705614209175,-0.02370557188987732,-32.47039031982422,-0.06088705614209175,-0.02370557188987732,-32.47039031982422,1.2262444744332477,165.46635351292676,0.006415055673391017,0.5,0.5064150556733911,-1.7326595301066388,-1.7326595301066388,-1.7326595301066388,-1.7326595301066388,-1.7326595301066388,-0.6057094156685744,-0.6057094156685744,-0.6057094156685744,-0.6057094156685744,1.0
11600,393.617826513,-2.3679642597672443,-0.015368185006082058,1.1453187085678154,-0.06131835535168648,-0.015368185006082058,-35.53666687011719,-0.06131835535168648,-0.015368185006082058,-35.53666687011719,1.2326202021964967,165.46201389592926,0.006460609999297332,0.5,0.5064606099992973,-1.7390808121957941,-1.7390808121957941,-1.7390808121957941,-1.7390808121957941,-1.7390808121957941,-0.5505142156480509,-0.5505142156480509,-0.5505142156480509,-0.5505142156480509,1.0
11650,393.673349261,-2.417787074667902,-0.015016969293355942,1.1453187085678154,-0.06218792751431465,-0.015016969293355942,-35.56953430175781,-0.06218792751431465,-0.015016969293355942,-35.56953430175781,1.2520745059180358,165.4531714749953,0.006552462512739939,0.5,0.5065524625127399,-1.7586269684307756,-1.7586269684307756,-1.7586269684307756,-1.7586269684307756,-1.7586269684307756,-0.6394363471009645,-0.6394363471009645,-0.6394363471009645,-0.6394363471009645,1.0
11700,393.796047208,-2.3588865114734743,0.016347136348485947,1.1453187085678154,-0.06115991875529289,0.016347136348485947,-35.914215087890625,-0.06115991875529289,0.016347136348485947,-35.914215087890625,1.2131933872015224,165.46361159748497,0.006443875464157663,0.5,0.5064438754641577,-1.71963726266568,-1.71963726266568,-1.71963726266568,-1.71963726266568,-1.71963726266568,-0.5281195972159393,-0.5281195972159393,-0.5281195972159393,-0.5281195972159393,1.0
11750,393.958241493,-2.1188506121507773,0.018463313579559326,1.1453187085678154,-0.056970501989126204,0.018463313579559326,-36.03174591064453,-0.056970501989126204,0.018463313579559326,-36.03174591064453,1.1356235956047238,165.5043604169291,0.006001491210336497,0.5,0.5060014912103366,-1.6416250868150604,-1.6416250868150604,-1.6416250868150604,-1.6416250868150604,-1.6416250868150604,-0.27973496925162405,-0.27973496925162405,-0.27973496925162405,-0.27973496925162405,1.0
11800,394.106860891,-2.152541587448923,0.029646174982190132,1.1453187085678154,-0.057558520436286925,0.029646174982190132,-34.580387115478516,-0.057558520436286925,0.029646174982190132,-34.580387115478516,1.1420860010493783,165.49881515971438,0.006063570418584958,0.5,0.506063570418585,-1.6481495714679633,-1.6481495714679633,-1.6481495714679633,-1.6481495714679633,-1.6481495714679633,-0.3725727773296459,-0.3725727773296459,-0.3725727773296459,-0.3725727773296459,1.0
11850,394.266263536,-2.112383490223833,-0.006330192554742098,1.1453187085678154,-0.05685762941837311,-0.006330192554742098,-35.885963439941406,-0.05685762941837311,-0.006330192554742098,-35.885963439941406,1.139410061902315,165.50541834494186,0.005989575323120785,0.5,0.5059895753231208,-1.6453996372254358,-1.6453996372254358,-1.6453996372254358,-1.6453996372254358,-1.6453996372254358,-0.37956448782992297,-0.37956448782992297,-0.37956448782992297,-0.37956448782992297,1.0
11900,394.418563256,-2.105874319944811,-0.0057455869391560555,1.1453187085678154,-0.05674402296543121,-0.0057455869391560555,-35.305809020996094,-0.05674402296543121,-0.0057455869391560555,-35.305809020996094,1.1301724593842029,165.50648103514015,0.005977582113622583,0.5,0.5059775821136225,-1.6361500414978254,-1.6361500414978254,-1.6361500414978254,-1.6361500414978254,-1.6361500414978254,-0.48220249155664396,-0.48220249155664396,-0.48220249155664396,-0.48220249155664396,1.0
11950,394.569133679,-2.1145475929736692,0.013037202879786491,1.1453187085678154,-0.05689540013670921,0.013037202879786491,-35.65576934814453,-0.05689540013670921,0.013037202879786491,-35.65576934814453,1.1343927907794524,165.50506456221927,0.0059935627374992145,0.5,0.5059935627374992,-1.6403863535169516,-1.6403863535169516,-1.6403863535169516,-1.6403863535169516,-1.6403863535169516,-0.33109631113535887,-0.33109631113535887,-0.33109631113535887,-0.33109631113535887,1.0
12000,394.762693509,-2.2263972767179174,-0.04211944714188576,1.1453187085678154,-0.05884754538536072,-0.04211944714188576,-35.535831451416016,-0.05884754538536072,-0.04211944714188576,-35.535831451416016,1.195717018964076,165.4864601168581,0.00619967203373645,0.5,0.5061996720337365,-1.7019166909978125,-1.7019166909978125,-1.7019166909978125,-1.7019166909978125,-1.7019166909978125,-0.568341089683964,-0.568341089683964,-0.568341089683964,-0.568341089683964,1.0
12050,394.941091518,-2.7583420142320305,-0.04742174595594406,1.1453187085678154,-0.06813173249363899,-0.04742174595594406,-34.722679138183594,-0.06813173249363899,-0.04742174595594406,-34.722679138183594,1.3846579233521008,165.38940108591973,0.0071805751658814984,0.5,0.5071805751658816,-1.8918384985179824,-1.8918384985179824,-1.8918384985179824,-1.8918384985179824,-1.8918384985179824,-0.34597335979152705,-0.34597335979152705,-0.34597335979152705,-0.34597335979152705,1.0
12100,395.0056922,-2.920633925657292,0.007508537732064724,1.1453187085678154,-0.0709642606973648,0.007508537732064724,-35.45123291015625,-0.0709642606973648,0.007508537732064724,-35.45123291015625,1.420711425592761,165.3569677862983,0.007480078060336224,0.5,0.5074800780603362,-1.9281915036530974,-1.9281915036530974,-1.9281915036530974,-1.9281915036530974,-1.9281915036530974,-0.31317241699099985,-0.31317241699099985,-0.31317241699099985,-0.31317241699099985,1.0
12150,395.074197965,-2.91146845212137,0.054521091282367706,1.1453187085678154,-0.07080429300665855,0.054521091282367706,-35.62583541870117,-0.07080429300665855,0.054521091282367706,-35.62583541870117,1.3926996340821576,165.35883460014185,0.007463160425027721,0.5,0.5074631604250277,-1.9001627945071853,-1.9001627945071853,-1.9001627945071853,-1.9001627945071853,-1.9001627945071853,-0.46115945549701753,-0.46115945549701753,-0.46115945549701753,-0.46115945549701753,1.0
12200,395.138019794,-2.7699347662442464,0.035898637026548386,1.1453187085678154,-0.06833406418561935,0.035898637026548386,-32.52663803100586,-0.06833406418561935,0.035898637026548386,-32.52663803100586,1.339513999276498,165.38712806588546,0.00720196524055483,0.5,0.5072019652405548,-1.8467159645170528,-1.8467159645170528,-1.8467159645170528,-1.8467159645170528,-1.8467159645170528,-0.6829390447336596,-0.6829390447336596,-0.6829390447336596,-0.6829390447336596,1.0
12250,395.20555758,-2.567093942707323,0.05955008417367935,1.1453187085678154,-0.06479382395744324,0.05955008417367935,-34.46575927734375,-0.06479382395744324,0.05955008417367935,-34.46575927734375,1.270538529933111,165.42592821311044,0.006827781761341813,0.5,0.5068277817613418,-1.7773663116944527,-1.7773663116944527,-1.7773663116944527,-1.7773663116944527,-1.7773663116944527,-0.5969891685062787,-0.5969891685062787,-0.5969891685062787,-0.5969891685062787,1.0
12300,395.331652053,-2.290949608007119,0.025344833731651306,1.1453187085678154,-0.05997419610619545,0.025344833731651306,-36.54976272583008,-0.05997419610619545,0.025344833731651306,-36.54976272583008,1.1856853844058943,165.475437562336,0.006318646139124682,0.5,0.5063186461391247,-1.692004030545019,-1.692004030545019,-1.692004030545019,-1.692004030545019,-1.692004030545019,-0.7459601995122812,-0.7459601995122812,-0.7459601995122812,-0.7459601995122812,1.0
12350,395.495205638,-2.1661639728616904,0.012183157727122307,1.1453187085678154,-0.05779627591371536,0.012183157727122307,-35.637939453125,-0.05779627591371536,0.012183157727122307,-35.637939453125,1.153845771184597,165.49655687888338,0.0060886722949213224,0.5,0.5060886722949213,-1.6599344434795182,-1.6599344434795182,-1.6599344434795182,-1.6599344434795182,-1.6599344434795182,-0.5580735127209385,-0.5580735127209385,-0.5580735127209385,-0.5580735127209385,1.0
12400,395.651743373,-1.8349162332587623,0.04775788262486458,1.1453187085678154,-0.05201491221785545,0.04775788262486458,-35.19047927856445,-0.05201491221785545,0.04775788262486458,-35.19047927856445,1.0126207572768473,165.54883387567128,0.005478471578971866,0.5,0.5054784715789719,-1.518099228855819,-1.518099228855819,-1.518099228855819,-1.518099228855819,-1.518099228855819,-0.7949398112945881,-0.7949398112945881,-0.7949398112945881,-0.7949398112945881,1.0
12450,395.80867882,-1.0764974706275414,0.06239742785692215,1.1453187085678154,-0.03877800770103931,0.06239742785692215,-32.832130432128906,-0.03877800770103931,0.06239742785692215,-32.832130432128906,0.7431174869415942,165.64781187051892,0.004082671722388838,0.5,0.5040826717223889,-1.2472001586639831,-1.2472001586639831,-1.2472001586639831,-1.2472001586639831,-1.2472001586639831,-0.8597085128675461,-0.8597085128675461,-0.8597085128675461,-0.8597085128675461,1.0
12500,395.994133941,-0.34507036161616783,0.05806165188550949,1.1453187085678154,-0.026012196410447358,0.05806165188550949,-33.11122131347656,-0.026012196410447358,0.05806165188550949,-33.11122131347656,0.4895681235992123,165.7159407799124,0.002737898106082427,0.5,0.5027378981060824,-0.9923060217052947,-0.9923060217052947,-0.9923060217052947,-0.9923060217052947,-0.9923060217052947,-0.9776260892649047,-0.9776260892649047,-0.9776260892649047,-0.9776260892649047,1.0
12550,396.094326389,-0.05188713285558858,0.04208076000213623,1.1453187085678154,-0.020895183756947516,0.04208076000213623,-31.942977905273438,-0.020895183756947516,0.04208076000213623,-31.942977905273438,0.39391274622272776,165.73571366123045,0.0021991356038822242,0.5,0.5021991356038822,-0.89611188182661,-0.89611188182661,-0.89611188182661,-0.89611188182661,-0.89611188182661,-1.0883531218791522,-1.0883531218791522,-1.0883531218791522,-1.0883531218791522,1.0
12600,396.150103576,0.16116176858167552,0.11767712235450745,1.1453187085678154,-0.017176778959110378,0.11767712235450745,-32.687774658203125,-0.017176778959110378,0.11767712235450745,-32.687774658203125,0.2905372378462243,165.74737606396954,0.0018077036296735008,0.5,0.5018077036296735,-0.7923449414758978,-0.7923449414758978,-0.7923449414758978,-0.7923449414758978,-0.7923449414758978,-0.8115612435646238,-0.8115612435646238,-0.8115612435646238,-0.8115612435646238,1.0
12650,396.205574696,0.3982762012292449,0.08037280291318893,1.1453187085678154,-0.013038351405411958,0.08037280291318893,-33.50590896606445,-0.013038351405411958,0.08037280291318893,-33.50590896606445,0.21959799282914153,165.75767744805583,0.0013721141560288767,0.5,0.5013721141560289,-0.7209701069851704,-0.7209701069851704,-0.7209701069851704,-0.7209701069851704,-0.7209701069851704,-0.9620192684081162,-0.9620192684081162,-0.9620192684081162,-0.9620192684081162,1.0
12700,396.279961308,0.853333099050128,0.04036445543169975,1.1453187085678154,-0.005096110254526137,0.04036445543169975,-30.166015625,-0.005096110254526137,0.04036445543169975,-30.166015625,0.07780138281654368,165.76954314428824,0.0005362727334699883,0.5,0.50053627273347,-0.5783376555500137,-0.5783376555500137,-0.5783376555500137,-0.5783376555500137,-0.5783376555500137,-0.5989407552598589,-0.5989407552598589,-0.5989407552598589,-0.5989407552598589,1.0
12750,396.42999032,0.7869302667435285,-0.02162637561559677,1.1453187085678154,-0.006255058310925959,-0.02162637561559677,-29.52400016784668,-0.006255058310925959,-0.02162637561559677,-29.52400016784668,0.13494400441090276,165.76845933025518,0.0006582337562592838,0.5,0.5006582337562593,-0.635602238167162,-0.635602238167162,-0.635602238167162,-0.635602238167162,-0.635602238167162,-0.6023739477043738,-0.6023739477043738,-0.6023739477043738,-0.6023739477043738,1.0
12800,396.597585559,0.66635373567412,-0.004805316682904959,1.1453187085678154,-0.008359515778720376,-0.004805316682904959,-30.607887268066406,-0.008359515778720376,-0.004805316682904959,-30.607887268066406,0.1708167285778419,165.76592551496628,0.0008796994529221796,0.5,0.5008796994529222,-0.6716964280307641,-0.6716964280307641,-0.6716964280307641,-0.6716964280307641,-0.6716964280307641,-0.43535013567253933,-0.43535013567253933,-0.43535013567253933,-0.43535013567253933,1.0
12850,396.749442403,0.6223678510277668,0.034543830901384354,1.1453187085678154,-0.009127214290201663,0.034543830901384354,-31.24633026123047,-0.009127214290201663,0.034543830901384354,-31.24633026123047,0.16985630479975744,165.76481953733852,0.0009604911619305246,0.5,0.5009604911619305,-0.670816795961688,-0.670816795961688,-0.670816795961688,-0.670816795961688,-0.670816795961688,-0.6233930230485962,-0.6233930230485962,-0.6233930230485962,-0.6233930230485962,1.0
12900,396.933415077,0.8335308331815272,0.015334777534008026,1.1453187085678154,-0.005441724993288516,0.015334777534008026,-28.28257179260254,-0.005441724993288516,0.015334777534008026,-28.28257179260254,0.10342302396078334,165.7692430938753,0.0005726430752013923,0.5,0.5005726430752014,-0.6039956670359847,-0.6039956670359847,-0.6039956670359847,-0.6039956670359847,-0.6039956670359847,-0.44104508588011865,-0.44104508588011865,-0.44104508588011865,-0.44104508588011865,1.0
12950,397.024207994,0.9734805021405893,0.03951292857527733,1.1453187085678154,-0.0029991424828767765,0.03951292857527733,-27.33161163330078,-0.0029991424828767765,0.03951292857527733,-27.33161163330078,0.031776704749168064,165.77094167975284,0.0003156033206591508,0.5,0.5003156033206592,-0.5320923080698272,-0.5320923080698272,-0.5320923080698272,-0.5320923080698272,-0.5320923080698272,-0.5443119758648977,-0.5443119758648977,-0.5443119758648977,-0.5443119758648977,1.0
13000,397.172094904,1.193100539147295,-0.023716973140835762,1.1453187085678154,0.0008339502662420319,-0.023716973140835762,-23.49576187133789,0.0008339502662420319,-0.023716973140835762,-23.49576187133789,-0.004950618979895195,165.77162543081783,-8.775733505681249e-05,0.5,0.49991224266494316,-0.494961623685048,-0.494961623685048,-0.494961623685048,-0.494961623685048,-0.494961623685048,-0.4351375144046568,-0.4351375144046568,-0.4351375144046568,-0.4351375144046568,1.0
13050,397.323045045,0.8855404291945,-0.0016349679790437222,1.1453187085678154,-0.004533986300230025,-0.0016349679790437222,-23.515705108642578,-0.004533986300230025,-0.0016349679790437222,-23.515705108642578,0.09477093143316857,165.76998912248953,0.0004771185782009825,0.5,0.500477118578201,-0.5952480500113696,-0.5952480500113696,-0.5952480500113696,-0.5952480500113696,-0.5952480500113696,-0.7827376519671337,-0.7827376519671337,-0.7827376519671337,-0.7827376519671337,1.0
13100,397.475378187,0.9033714917964646,0.015414228662848473,1.1453187085678154,-0.004222775548696517,0.015414228662848473,-25.262514114379883,-0.004222775548696517,0.015414228662848473,-25.262514114379883,0.07886622892771102,165.7702136395373,0.0004443689766085276,0.5,0.5004443689766085,-0.5793105979043195,-0.5793105979043195,-0.5793105979043195,-0.5793105979043195,-0.5793105979043195,-0.9002111890038336,-0.9002111890038336,-0.9002111890038336,-0.9002111890038336,1.0
13150,397.629384498,0.9016365170255756,-0.01139811985194683,1.1453187085678154,-0.0042530565708875645,-0.01139811985194683,-27.1281681060791,-0.0042530565708875645,-0.01139811985194683,-27.1281681060791,0.09248842885237903,165.77019249470922,0.00044755553173378654,0.5,0.5004475555317338,-0.5929359843841129,-0.5929359843841129,-0.5929359843841129,-0.5929359843841129,-0.5929359843841129,-0.8187759102636376,-0.8187759102636376,-0.8187759102636376,-0.8187759102636376,1.0
13200,397.807831918,0.827174061498361,-0.01820870116353035,1.1453187085678154,-0.005552671588957309,-0.01820870116353035,-28.97793960571289,-0.005552671588957309,-0.01820870116353035,-28.97793960571289,0.11649068097604558,165.76914260088418,0.0005843184320010928,0.5,0.5005843184320011,-0.6170749994080467,-0.6170749994080467,-0.6170749994080467,-0.6170749994080467,-0.6170749994080467,-0.8742189629306614,-0.8742189629306614,-0.8742189629306614,-0.8742189629306614,1.0
13250,397.889746065,0.7796794873310311,0.005643430165946484,1.1453187085678154,-0.00638160828500986,0.005643430165946484,-26.731067657470703,-0.00638160828500986,0.005643430165946484,-26.731067657470703,0.12256539750568546,165.76832758217992,0.0006715512474140792,0.5,0.500671551247414,-0.6232369487530995,-0.6232369487530995,-0.6232369487530995,-0.6232369487530995,-0.6232369487530995,-0.5162381335243701,-0.5162381335243701,-0.5162381335243701,-0.5162381335243701,1.0
13300,397.946451638,0.806131582686874,0.014724506996572018,1.1453187085678154,-0.0059199321269989,0.014724506996572018,-26.734498977661133,-0.0059199321269989,0.014724506996572018,-26.734498977661133,0.11156530246246653,165.7687954754342,0.0006229668398294618,0.5,0.5006229668398294,-0.612188269302296,-0.612188269302296,-0.612188269302296,-0.612188269302296,-0.612188269302296,-0.5701513623537109,-0.5701513623537109,-0.5701513623537109,-0.5701513623537109,1.0
