tick,time_s,euler_roll_deg,gyro_roll_rad_s,roll_offset_deg,roll_rad,rolldot_rad_s,vel_roll_raw_rad_s,roll_f_rad,rolldot_f_rad_s,vel_roll_f_rad_s,tau_fb_roll_nm,denom_roll,tau_ff_roll_g_nm,tau_ff_roll_f_nm,tau_ff_roll_nm,tau_roll_total_nm,tau_motor1_raw_nm,tau_motor1_sat_nm,tau_motor1_ramped_nm,tau_motor1_final_nm,tau_motor2_raw_nm,tau_motor2_sat_nm,tau_motor2_ramped_nm,tau_motor2_final_nm,ramp_scale
50,1172.212963349,-0.15028282469857907,-0.02209339663386345,1.2603338338779524,-0.02461990517564118,-0.02209339663386345,-0.11805178970098495,-0.02461990517564118,-0.02209339663386345,-0.11805178970098495,0.43417220773640647,165.72174791860155,0.002591292970184595,0.49118172471857036,0.493773017688755,-0.9279452254251614,-0.9279452254251614,-0.9279452254251614,-0.03079705010694747,-0.03079705010694747,-1.2182444841068791,-1.2182444841068791,-0.04043162828103562,-0.04043162828103562,0.033188435333386224
100,1172.312827304,-0.32710394921084596,-0.02005595527589321,1.2603338338779524,-0.02770601598545909,-0.02005595527589321,-0.2557392716407776,-0.02770601598545909,-0.02005595527589321,-0.2557392716407776,0.47339221910154516,165.70844548008475,0.002916267744935458,0.49996391404953716,0.5028801817944726,-0.9762724008960177,-0.9762724008960177,-0.9762724008960177,-0.06497478292850487,-0.06497478292850487,-1.1410407170130836,-1.1410407170130836,-0.07594076492633244,-0.07594076492633244,0.06655394833334564
150,1172.412786292,-0.4755082184236203,-0.013635502196848392,1.2603338338779524,-0.030296159107238055,-0.013635502196848392,-0.9753233194351196,-0.030296159107238055,-0.013635502196848392,-0.9753233194351196,0.5125763538197122,165.69607006933975,0.0031890582142014173,0.5,0.5031890582142015,-1.0157654120339137,-1.0157654120339137,-1.0157654120339137,-0.10144860487257751,-0.10144860487257751,-0.753524636926316,-0.753524636926316,-0.07525755676226746,-0.07525755676226746,0.09987404933334194
200,1172.513030621,-0.5911409198335561,-0.04632280021905899,1.2603338338779524,-0.032314330469816924,-0.04632280021905899,0.12240957468748093,-0.032314330469816924,-0.04632280021905899,0.12240957468748093,0.6174188631416957,165.68566160381098,0.003401638601909332,-0.4925818736338964,-0.48918023503198704,-0.12823862810970865,-0.12823862810970865,-0.12823862810970865,-0.01708676419072463,-0.01708676419072463,-0.2609452085385512,-0.2609452085385512,-0.03476884703712866,-0.03476884703712866,0.13324194466667905
250,1172.65965222,-1.0367952885295497,-0.037503939121961594,1.2603338338779524,-0.04009246652945876,-0.037503939121961594,-0.1587737500667572,-0.04009246652945876,-0.037503939121961594,-0.1587737500667572,0.7409927172638346,165.63927298051027,0.004221206775071144,0.4982579515189958,0.502479158294067,-1.2434718755579017,-1.2434718755579017,-1.2434718755579017,-0.2263813445919939,-0.2263813445919939,-0.7305365675586586,-0.7305365675586586,-0.13299846477295602,-0.13299846477295602,0.18205586233337576
300,1172.834686116,-1.3051972836404269,0.006325087510049343,1.2603338338779524,-0.04477696506306529,0.006325087510049343,-0.23870447278022766,-0.04477696506306529,0.006325087510049343,-0.23870447278022766,0.6624402618470383,165.60652864075905,0.004715042228073047,0.4999286740427297,0.5046437162708027,-1.167083978117841,-1.167083978117841,-1.167083978117841,-0.2805179591416604,-0.2805179591416604,-0.840502386248557,-0.840502386248557,-0.20202146414894434,-0.20202146414894434,0.24035799000004468
350,1173.059082021,-1.092106587315136,0.01654917187988758,1.2603338338779524,-0.041057830806821585,0.01654917187988758,-0.9676680564880371,-0.041057830806821585,0.01654917187988758,-0.9676680564880371,0.5565226780763299,165.63282067784587,0.004322958821872359,0.5,0.5043229588218724,-1.0608456368982022,-1.0608456368982022,-1.0608456368982022,-0.33424673644799185,-0.33424673644799185,-0.7794447760178311,-0.7794447760178311,-0.24558414868646528,-0.24558414868646528,0.31507575166665447
400,1173.288344198,-0.5033411859305693,0.03568798303604126,1.2603338338779524,-0.030781936030834914,0.03568798303604126,0.7124758362770081,-0.030781936030834914,0.03568798303604126,0.7124758362770081,0.3214197628457881,165.69362603427226,0.0032402242179544968,-0.4999999999995802,-0.4967597757816257,0.17534001293583762,0.17534001293583762,0.17534001293583762,0.06865445132433991,0.06865445132433991,-0.5017981042382028,-0.5017981042382028,-0.19647924592474117,-0.19647924592474117,0.39155039500004324
450,1173.444978846,-0.22798784583319104,0.06854864209890366,1.2603338338779524,-0.02597611363977194,0.06854864209890366,-1.105687141418457,-0.02597611363977194,0.06854864209890366,-1.105687141418457,0.2337450550743816,165.71609530864765,0.0027340985410549594,0.5,0.502734098541055,-0.7364791536154366,-0.7364791536154366,-0.7364791536154366,-0.3268904292660418,-0.3268904292660418,-0.6217532336903014,-0.6217532336903014,-0.27596868215593745,-0.27596868215593745,0.44385564433332547
500,1173.520322662,0.19252063448465856,0.06311452388763428,1.2603338338779524,-0.018636856125667692,0.06311452388763428,-0.8512486219406128,-0.018636856125667692,0.06311452388763428,-0.8512486219406128,0.08991456853538332,165.7430682836662,0.001961397683761443,0.4999999999999984,0.5019613976837598,-0.5918759662191431,-0.5918759662191431,-0.5918759662191431,-0.2776245913997925,-0.2776245913997925,-0.3496997274789556,-0.3496997274789556,-0.1640297114514325,-0.1640297114514325,0.46905873400002446
550,1173.664357062,0.4500219011442466,0.013983240351080894,1.2603338338779524,-0.01414261119440198,0.013983240351080894,3.426234245300293,-0.01414261119440198,0.013983240351080894,3.426234245300293,0.1591537509617155,165.75520472612382,0.0014883376608839424,-0.5,-0.49851166233911604,0.33935791137740057,0.33935791137740057,0.33935791137740057,0.17542906600258243,0.17542906600258243,0.008918720329094715,0.008918720329094715,0.004610479746651118,0.004610479746651118,0.5169440880000215
600,1173.83988837,0.417639307278555,0.06078961491584778,1.2603338338779524,-0.014707794077694417,0.06078961491584778,1.5335499048233032,-0.014707794077694417,0.06078961491584778,1.5335499048233032,0.06205219597286998,165.75386140936632,0.0015478246164807798,-0.5,-0.4984521753835192,0.43639997941064923,0.43639997941064923,0.43639997941064923,0.2510569750274045,0.2510569750274045,-0.49498831924548714,-0.49498831924548714,-0.28476231889721,-0.28476231889721,0.5752909873333465
650,1174.039738912,1.0496238778947147,0.048089396208524704,1.2603338338779524,-0.0036775824986398226,0.048089396208524704,3.7340152263641357,-0.0036775824986398226,0.048089396208524704,3.7340152263641357,-0.08468963487794952,165.77056849257843,0.0003869969472429689,-0.5,-0.499613003052757,0.5843026379307066,0.5843026379307066,0.5843026379307066,0.37518906979943345,0.37518906979943345,0.40698698930359334,0.40698698930359334,0.26133215909833996,0.26133215909833996,0.6421142836666908
700,1174.204874556,1.198126277715955,-0.009767439216375351,1.2603338338779524,-0.0010857266746461397,-0.009767439216375351,1.8779126405715942,-0.0010857266746461397,-0.009767439216375351,1.8779126405715942,0.06913740672240001,165.77158561132762,0.00011425201074414164,-0.5,-0.49988574798925584,0.4307483412668558,0.4307483412668558,0.4307483412668558,0.30027808280848667,0.30027808280848667,0.2050256926435382,0.2050256926435382,0.14292503537545448,0.14292503537545448,0.69710792600002
750,1174.320361544,1.4933377258144842,0.09391104429960251,1.2603338338779524,0.004066685084253549,0.09391104429960251,5.010483264923096,0.004066685084253549,0.09391104429960251,5.010483264923096,-0.32966466284480567,165.7703202387467,-0.0004279431610505214,-0.5,-0.5004279431610505,0.8300926060058562,0.8300926060058562,0.8300926060058562,0.6107389157470637,0.6107389157470637,0.15985156387063776,0.15985156387063776,0.11761045706524106,0.11761045706524106,0.7357479290000507
800,1174.38018747,1.736690322309457,-0.02196272648870945,1.2603338338779524,0.008313989136368036,-0.02196272648870945,2.875751256942749,0.008313989136368036,-0.02196272648870945,2.875751256942749,-0.11416617019378417,165.7659880524027,-0.0008749083146128658,-0.5,-0.5008749083146129,0.6150410785083971,0.6150410785083971,0.6150410785083971,0.4647810056089702,0.4647810056089702,0.5960481976630438,0.5960481976630438,0.4504282565533734,0.4504282565533734,0.7556909966666959
850,1174.435978565,1.6473639344052666,0.006388118490576744,1.2603338338779524,0.006754949558526277,0.006388118490576744,2.9691107273101807,0.006754949558526277,0.006388118490576744,2.9691107273101807,-0.11941263955624212,165.7679235303825,-0.0007108399558017191,-0.5,-0.5007108399558017,0.6201234795120438,0.6201234795120438,0.6201234795120438,0.4801533710189379,0.4801533710189379,0.5905548691750029,0.5905548691750029,0.45725878889337934,0.45725878889337934,0.7742867136666973
900,1174.573311957,1.9989541117906082,-0.0048363180831074715,1.2603338338779524,0.012891355771571397,-0.0048363180831074715,6.86308479309082,0.012891355771571397,-0.0048363180831074715,6.86308479309082,-0.25233947431422155,165.75799145732046,-0.0013566431002483919,-0.5,-0.5013566431002484,0.75369611741447,0.75369611741447,0.75369611741447,0.6180073230694504,0.6180073230694504,0.6833538785605118,0.6833538785605118,0.5603288798236818,0.5603288798236818,0.8199688293333717
950,1174.731907126,1.6078093484263707,0.02987578511238098,1.2603338338779524,0.00606459179893136,0.02987578511238098,7.617965221405029,0.00606459179893136,0.02987578511238098,7.617965221405029,-0.14648667877580432,165.76865264582614,-0.0006381900451504892,-0.5,-0.5006381900451505,0.6471248688209549,0.6471248688209549,0.6471248688209549,0.5648316671095218,0.5648316671095218,0.14915564701166606,0.14915564701166606,0.13018790780502087,0.13018790780502087,0.8728325773333836
1000,1174.888774472,1.516941578925579,-0.023045621812343597,1.2603338338779524,0.004478650037199258,-0.023045621812343597,5.629940509796143,0.004478650037199258,-0.023045621812343597,5.629940509796143,0.008451034397182769,165.77003021027986,-0.00047129537772919357,-0.5,-0.5004712953777292,0.4920202609805464,0.4920202609805464,0.4920202609805464,0.45517639650518793,0.45517639650518793,0.4305720056767372,0.4305720056767372,0.3983295598221259,0.3983295598221259,0.9251171803333212
1050,1175.085986935,1.4184115111147964,-0.010169236920773983,1.2603338338779524,0.002758975941687822,-0.010169236920773983,6.565556526184082,0.002758975941687822,-0.010169236920773983,6.565556526184082,0.00918040721475371,165.77105561158368,-0.00029033017805327237,-0.5,-0.5002903301780532,0.49110992296329953,0.49110992296329953,0.49110992296329953,0.4865898793409172,0.4865898793409172,0.27938143945182053,0.27938143945182053,0.2768100878367147,0.2768100878367147,0.9907962690000053
1100,1175.207317594,1.3965753963382657,-0.026728609576821327,1.2603338338779524,0.002377863842993974,-0.026728609576821327,6.962169170379639,0.002377863842993974,-0.026728609576821327,6.962169170379639,0.042625748360024834,165.7712168991384,-0.0002502251563902743,-0.5,-0.5002502251563903,0.4576244767963654,0.4576244767963654,0.4576244767963654,0.4576244767963654,0.4576244767963654,0.4398239590575699,0.4398239590575699,0.4398239590575699,0.4398239590575699,1.0
1150,1175.271158599,1.3963702772197537,0.031139902770519257,1.2603338338779524,0.0023742838390171522,0.031139902770519257,8.755295753479004,0.0023742838390171522,0.031139902770519257,8.755295753479004,-0.13104203960163818,165.77121830074333,-0.000249848427337324,-0.5,-0.5002498484273373,0.6312918880289755,0.6312918880289755,0.6312918880289755,0.6312918880289755,0.6312918880289755,0.4627330347650301,0.4627330347650301,0.4627330347650301,0.4627330347650301,1.0
1200,1175.328705988,1.455337648202001,-0.0139901302754879,1.2603338338779524,0.0034034586139023333,-0.0139901302754879,7.7073283195495605,0.0034034586139023333,-0.0139901302754879,7.7073283195495605,-0.019177402411945974,165.7707284099586,-0.0003581502929230741,-0.5,-0.5003581502929231,0.5195355527048691,0.5195355527048691,0.5195355527048691,0.5195355527048691,0.5195355527048691,0.1693476262603985,0.1693476262603985,0.1693476262603985,0.1693476262603985,1.0
1250,1175.423862694,1.2818380366789832,-0.0003164962399750948,1.2603338338779524,0.0003753191418945784,-0.0003164962399750948,8.833457946777344,0.0003753191418945784,-0.0003164962399750948,8.833457946777344,0.025978629220746487,165.77167112270985,-3.949516294652318e-05,-0.5,-0.5000394951629465,0.47406086594220004,0.47406086594220004,0.47406086594220004,0.47406086594220004,0.47406086594220004,0.159155123717463,0.159155123717463,0.159155123717463,0.159155123717463,1.0
1300,1175.592807683,1.3263455770231962,-0.012775915674865246,1.2603338338779524,0.0011521222628653044,-0.012775915674865246,8.403473854064941,0.0011521222628653044,-0.012775915674865246,8.403473854064941,0.0007913371383870792,165.7715733701703,-0.00012123888515387,-0.5,-0.5001212388851539,0.49932990174676684,0.49932990174676684,0.49932990174676684,0.49932990174676684,0.49932990174676684,0.4319602299925941,0.4319602299925941,0.4319602299925941,0.4319602299925941,1.0
1350,1175.785133022,1.4038199858918277,-0.003381534945219755,1.2603338338779524,0.002504305783659219,-0.003381534945219755,10.472030639648438,0.002504305783659219,-0.003381534945219755,10.472030639648438,-0.04230243648896423,165.77116604150265,-0.00026353083082914533,-0.5,-0.5002635308308292,0.5425659673197935,0.5425659673197935,0.5425659673197935,0.5425659673197935,0.5425659673197935,0.48915157516212426,0.48915157516212426,0.48915157516212426,0.48915157516212426,1.0
1400,1175.97259469,1.2855467226765944,-0.004946642555296421,1.2603338338779524,0.00044004792347550337,-0.004946642555296421,10.86877155303955,0.00044004792347550337,-0.004946642555296421,10.86877155303955,0.006249056511864304,165.77166677457336,-4.6306630291225665e-05,-0.5,-0.5000463066302913,0.49379725011842696,0.49379725011842696,0.49379725011842696,0.49379725011842696,0.49379725011842696,0.21952083483849846,0.21952083483849846,0.21952083483849846,0.21952083483849846,1.0
1450,1176.134417352,1.331955510209304,0.010878213681280613,1.2603338338779524,0.0012500340677797789,0.010878213681280613,11.999571800231934,0.0012500340677797789,0.010878213681280613,11.999571800231934,-0.0997311747738856,165.7715539930694,-0.00013154224463927293,-0.5,-0.5001315422446393,0.5998627170185249,0.5998627170185249,0.5998627170185249,0.5998627170185249,0.5998627170185249,0.38356194092409324,0.38356194092409324,0.38356194092409324,0.38356194092409324,1.0
1500,1176.291916909,1.3349080729214535,0.0040827286429703236,1.2603338338779524,0.0013015660084784025,0.0040827286429703236,11.609969139099121,0.0013015660084784025,0.0040827286429703236,11.609969139099121,-0.04239794180802427,165.77154316024837,-0.00013696500451522618,-0.5,-0.5001369650045152,0.5425349068125395,0.5425349068125395,0.5425349068125395,0.5425349068125395,0.5425349068125395,0.1998477053043819,0.1998477053043819,0.1998477053043819,0.1998477053043819,1.0
1550,1176.36230829,1.3733560615331015,0.02253872901201248,1.2603338338779524,0.001972610000520944,0.02253872901201248,11.763870239257812,0.001972610000520944,0.02253872901201248,11.763870239257812,-0.10223862126591331,165.77136214907085,-0.00020757974005871762,-0.5,-0.5002075797400587,0.602446201005972,0.602446201005972,0.602446201005972,0.602446201005972,0.602446201005972,-0.10319330552180814,-0.10319330552180814,-0.10319330552180814,-0.10319330552180814,1.0
1600,1176.419541272,1.4197606869192856,-0.0019342915620654821,1.2603338338779524,0.002782523501664403,-0.0019342915620654821,12.764383316040039,0.002782523501664403,-0.0019342915620654821,12.764383316040039,-0.056165831823925795,165.77104486116863,-0.00029280812720754797,-0.5,-0.5002928081272076,0.5564586399511333,0.5564586399511333,0.5564586399511333,0.5564586399511333,0.5564586399511333,0.2501722181823582,0.2501722181823582,0.2501722181823582,0.2501722181823582,1.0
1650,1176.598997948,1.4114563508273135,0.0054082246497273445,1.2603338338779524,0.002637585494667291,0.0054082246497273445,14.098288536071777,0.002637585494667291,0.0054082246497273445,14.098288536071777,-0.06652673425120142,165.77110958174177,-0.0002775560631112493,-0.5,-0.5002775560631112,0.5668042903143127,0.5668042903143127,0.5668042903143127,0.5668042903143127,0.5668042903143127,0.5932817076490413,0.5932817076490413,0.5932817076490413,0.5932817076490413,1.0
1700,1176.785420123,1.5111206569271414,0.03797526657581329,1.2603338338779524,0.004377055782824754,0.03797526657581329,15.34373664855957,0.004377055782824754,0.03797526657581329,15.34373664855957,-0.17206614322248776,165.77010433165884,-0.0004606043178892244,-0.5,-0.5004606043178892,0.6725267475403769,0.6725267475403769,0.6725267475403769,0.6725267475403769,0.6725267475403769,0.034954165045290725,0.034954165045290725,0.034954165045290725,0.034954165045290725,1.0
1750,1176.945817341,1.5536756169423769,0.005831132642924786,1.2603338338779524,0.005119779948145151,0.005831132642924786,14.149900436401367,0.005119779948145151,0.005831132642924786,14.149900436401367,-0.12035844980657115,165.76952322290245,-0.0005387635804032963,-0.5,-0.5005387635804033,0.6208972133869745,0.6208972133869745,0.6208972133869745,0.6208972133869745,0.6208972133869745,0.4517640601815992,0.4517640601815992,0.4517640601815992,0.4517640601815992,1.0
1800,1177.064381078,1.5981274485561718,0.030946437269449234,1.2603338338779524,0.005895610768347978,0.030946437269449234,16.485279083251953,0.005895610768347978,0.030946437269449234,16.485279083251953,-0.1686615274551735,165.76881915052036,-0.0006204073934961289,-0.5,-0.5006204073934961,0.6692819348486696,0.6692819348486696,0.6692819348486696,0.6692819348486696,0.6692819348486696,0.6549661837397371,0.6549661837397371,0.6549661837397371,0.6549661837397371,1.0
1850,1177.12637416,1.6203510698463952,-0.011666928417980671,1.2603338338779524,0.006283486131578687,-0.011666928417980671,16.29499053955078,0.006283486131578687,-0.011666928417980671,16.29499053955078,-0.06424579813047868,165.7684299645505,-0.0006612253571716477,-0.5,-0.5006612253571716,0.5649070234876503,0.5649070234876503,0.5649070234876503,0.5649070234876503,0.5649070234876503,0.8413053117191021,0.8413053117191021,0.8413053117191021,0.8413053117191021,1.0
1900,1177.180694102,1.6147829715689537,0.04069405794143677,1.2603338338779524,0.006186304483562707,0.04069405794143677,17.3716983795166,0.006186304483562707,0.04069405794143677,17.3716983795166,-0.2038626984200369,165.76852980193343,-0.0006509984535061626,-0.5,-0.5006509984535061,0.704513696873543,0.704513696873543,0.704513696873543,0.704513696873543,0.704513696873543,0.7944457909541824,0.7944457909541824,0.7944457909541824,0.7944457909541824,1.0
1950,1177.241507067,1.647299261051563,0.02265450917184353,1.2603338338779524,0.006753820795565843,0.02265450917184353,17.74789810180664,0.006753820795565843,0.02265450917184353,17.74789810180664,-0.1555720027794167,165.76792478660872,-0.0007107211697194122,-0.5,-0.5007107211697194,0.6562827239491361,0.6562827239491361,0.6562827239491361,0.6562827239491361,0.6562827239491361,0.8088653484876396,0.8088653484876396,0.8088653484876396,0.8088653484876396,1.0
2000,1177.318321701,1.6584026940427707,-0.043920546770095825,1.2603338338779524,0.006947612259536981,-0.043920546770095825,16.831329345703125,0.006947612259536981,-0.043920546770095825,16.831329345703125,0.00604023047470921,165.767706035723,-0.0007311149632482774,-0.5,-0.5007311149632483,0.4946908844885391,0.4946908844885391,0.4946908844885391,0.4946908844885391,0.4946908844885391,0.7331359370836009,0.7331359370836009,0.7331359370836009,0.7331359370836009,1.0
2050,1177.518691975,1.6263595018818906,0.02440161630511284,1.2603338338779524,0.006388353053480386,0.02440161630511284,19.90298843383789,0.006388353053480386,0.02440161630511284,19.90298843383789,-0.16926800975553866,165.76832048629998,-0.0006722610339655214,-0.5,-0.5006722610339656,0.6699402707895042,0.6699402707895042,0.6699402707895042,0.6699402707895042,0.6699402707895042,0.7860535107668275,0.7860535107668275,0.7860535107668275,0.7860535107668275,1.0
2100,1177.73108186,1.4720573109599575,-0.16451776027679443,1.2603338338779524,0.003695271778851747,-0.16451776027679443,10.438035011291504,0.003695271778851747,-0.16451776027679443,10.438035011291504,0.4544651767448957,165.7705577478014,-0.00038885843071777114,-0.5,-0.5003888584307178,0.04592368168582206,0.04592368168582206,0.04592368168582206,0.04592368168582206,0.04592368168582206,-0.06808962409573255,-0.06808962409573255,-0.06808962409573255,-0.06808962409573255,1.0
2150,1177.936468801,1.9372117630146317,-0.2477027028799057,1.2603338338779524,0.011813748497515916,-0.2477027028799057,13.981451034545898,0.011813748497515916,-0.2477027028799057,13.981451034545898,0.4615780691002861,165.76018471026552,-0.0012432283867346012,-0.5,-0.5012432283867346,0.03966515928644854,0.03966515928644854,0.03966515928644854,0.03966515928644854,0.03966515928644854,1.1224031064771272,1.1224031064771272,1.1224031064771272,1.1224031064771272,1.0
2200,1178.149758468,1.948327682445416,-0.042372509837150574,1.2603338338779524,0.012007757890969514,-0.042372509837150574,13.806185722351074,0.012007757890969514,-0.042372509837150574,13.806185722351074,-0.37038745817308716,165.75980396519338,-0.001263647035088272,-0.5,-0.5012636470350883,0.8716511052081755,0.8716511052081755,0.8716511052081755,0.8716511052081755,0.8716511052081755,0.44011540154334056,0.44011540154334056,0.44011540154334056,0.44011540154334056,1.0
2250,1178.327806494,0.7263170336147198,-0.044343043118715286,1.2603338338779524,-0.00932035142555833,-0.044343043118715286,-12.421662330627441,-0.00932035142555833,-0.044343043118715286,-12.421662330627441,0.45280846235429417,165.76452600816341,0.0009808168650125987,0.5,0.5009808168650126,-0.9537892792193068,-0.9537892792193068,-0.9537892792193068,-0.9537892792193068,-0.9537892792193068,-0.6350982983967668,-0.6350982983967668,-0.6350982983967668,-0.6350982983967668,1.0
2300,1178.482775601,1.0763398426681021,0.03370361030101776,1.2603338338779524,-0.0032113009504973894,0.03370361030101776,-2.2039215564727783,-0.0032113009504973894,0.03370361030101776,-2.2039215564727783,-0.07905215385007176,165.77083312849433,0.00033792915491710117,0.5,0.5003379291549171,-0.4212857753048454,-0.4212857753048454,-0.4212857753048454,-0.4212857753048454,-0.4212857753048454,-0.16303288334521832,-0.16303288334521832,-0.16303288334521832,-0.16303288334521832,1.0
2350,1178.647494775,1.0420185689756112,0.015300952829420567,1.2603338338779524,-0.0038103201799094683,0.015300952829420567,-2.2237958908081055,-0.0038103201799094683,0.015300952829420567,-2.2237958908081055,0.05785330170462491,165.77048660727093,0.0004009652434210612,0.5,0.500400965243421,-0.5582542669480459,-0.5582542669480459,-0.5582542669480459,-0.5582542669480459,-0.5582542669480459,-0.36582227306258897,-0.36582227306258897,-0.36582227306258897,-0.36582227306258897,1.0
2400,1178.800066175,0.9807414201151361,0.025424225255846977,1.2603338338779524,-0.0048798081837594515,0.025424225255846977,-3.549727201461792,-0.0048798081837594515,0.025424225255846977,-3.549727201461792,-0.004266320182765404,165.7697209166927,0.0005135105163660115,0.5,0.5005135105163661,-0.49624719033360065,-0.49624719033360065,-0.49624719033360065,-0.49624719033360065,-0.49624719033360065,-0.40032925048517976,-0.40032925048517976,-0.40032925048517976,-0.40032925048517976,1.0
2450,1178.885815211,1.131368222211662,0.044030651450157166,1.2603338338779524,-0.002250874545425177,0.044030651450157166,-2.9622061252593994,-0.002250874545425177,0.044030651450157166,-2.9622061252593994,-0.10677258908321895,165.7712653255122,0.00023686189074575268,0.5,0.5002368618907458,-0.3934642728075268,-0.3934642728075268,-0.3934642728075268,-0.3934642728075268,-0.3934642728075268,-0.5440060785698289,-0.5440060785698289,-0.5440060785698289,-0.5440060785698289,1.0
2500,1178.941480728,1.2320449971342384,0.04543938860297203,1.2603338338779524,-0.0004937333427369565,0.04543938860297203,-3.349012613296509,-0.0004937333427369565,0.04543938860297203,-3.349012613296509,-0.12687275119907263,165.77166264453513,5.195599507114427e-05,0.5,0.5000519559950711,-0.37317920479599853,-0.37317920479599853,-0.37317920479599853,-0.37317920479599853,-0.37317920479599853,-0.35937388517000923,-0.35937388517000923,-0.35937388517000923,-0.35937388517000923,1.0
2550,1179.084310173,1.5771855549523839,0.05600485950708389,1.2603338338779524,0.005530105773359537,0.05600485950708389,-2.7148542404174805,0.005530105773359537,0.05600485950708389,-2.7148542404174805,-0.2570983056414682,165.7691632048112,-0.0005819437392573334,0.5,0.49941805626074265,-0.24231975061927447,-0.24231975061927447,-0.24231975061927447,-0.24231975061927447,-0.24231975061927447,-0.16311114854738323,-0.16311114854738323,-0.16311114854738323,-0.16311114854738323,1.0
2600,1179.240122403,1.6357813209551002,0.006627249531447887,1.2603338338779524,0.006552794817835092,0.006627249531447887,-1.639857292175293,0.006552794817835092,0.006627249531447887,-1.639857292175293,-0.130036202644475,165.76814516508253,-0.0006895661024605352,0.5,0.4993104338975395,-0.36927423125306447,-0.36927423125306447,-0.36927423125306447,-0.36927423125306447,-0.36927423125306447,-0.46385631839603425,-0.46385631839603425,-0.46385631839603425,-0.46385631839603425,1.0
2650,1179.403464296,1.5298609884623637,0.04702738672494888,1.2603338338779524,0.00470413627102971,0.04702738672494888,-2.109729290008545,0.00470413627102971,0.04702738672494888,-2.109729290008545,-0.1862187982588674,165.76985962342374,-0.0004950239868470833,0.5,0.4995049760131529,-0.3132861777542855,-0.3132861777542855,-0.3132861777542855,-0.3132861777542855,-0.3132861777542855,-0.19775329003715808,-0.19775329003715808,-0.19775329003715808,-0.19775329003715808,1.0
2700,1179.565687083,1.403189047167248,-0.18793387711048126,1.2603338338779524,0.0024932938255369658,-0.18793387711048126,1.7544598579406738,0.0024932938255369658,-0.18793387711048126,1.7544598579406738,0.4547207701949536,165.7711705754674,-0.0002623720256878885,-0.5,-0.5002623720256879,0.0455416018307343,0.0455416018307343,0.0455416018307343,0.0455416018307343,0.0455416018307343,0.6719548131048323,0.6719548131048323,0.6719548131048323,0.6719548131048323,1.0
2750,1179.697761776,0.5310138574354347,0.11483276635408401,1.2603338338779524,-0.012729034889489413,0.11483276635408401,-10.258450508117676,-0.012729034889489413,0.11483276635408401,-10.258450508117676,-0.12171937133469257,165.75833406795908,0.0013395591540406198,0.5,0.5013395591540406,-0.37962018781934803,-0.37962018781934803,-0.37962018781934803,-0.37962018781934803,-0.37962018781934803,-0.40651137213630306,-0.40651137213630306,-0.40651137213630306,-0.40651137213630306,1.0
2800,1179.833035832,1.7843819047456595,0.02175399661064148,1.2603338338779524,0.009146364275366067,0.02175399661064148,14.31832218170166,0.009146364275366067,0.02175399661064148,14.31832218170166,-0.3539838966578017,165.76479070774062,-0.0009625064983104029,-0.5,-0.5009625064983104,0.8549464031561121,0.8549464031561121,0.8549464031561121,0.8549464031561121,0.8549464031561121,0.6706213371210313,0.6706213371210313,0.6706213371210313,0.6706213371210313,1.0
2850,1179.997600958,0.40598086805643085,0.10948263108730316,1.2603338338779524,-0.01491127222776413,0.10948263108730316,-13.941255569458008,-0.01491127222776413,0.10948263108730316,-13.941255569458008,0.4280261322855416,165.7533649018243,0.0015692414543557606,0.5,0.5015692414543558,-0.9295953737398974,-0.9295953737398974,-0.9295953737398974,-0.9295953737398974,-0.9295953737398974,-0.6584817753210597,-0.6584817753210597,-0.6584817753210597,-0.6584817753210597,1.0
2900,1180.15404968,1.7232304740545947,-0.13017773628234863,1.2603338338779524,0.008079070467501878,-0.13017773628234863,4.365576267242432,0.008079070467501878,-0.13017773628234863,4.365576267242432,0.06352043078659568,165.76630531966904,-0.0008501859719370548,-0.5,-0.5008501859719371,0.4373297551853414,0.4373297551853414,0.4373297551853414,0.4373297551853414,0.4373297551853414,1.0317323475703717,1.0317323475703717,1.0317323475703717,1.0317323475703717,1.0
2950,1180.309330402,1.0453495668564619,0.28811585903167725,1.2603338338779524,-0.0037521832995116716,0.28811585903167725,-2.769596815109253,-0.0037521832995116716,0.28811585903167725,-2.769596815109253,-0.47510770045250184,165.7705228289733,0.00039484736203707044,0.5,0.5003948473620371,-0.025287146909535263,-0.025287146909535263,-0.025287146909535263,-0.025287146909535263,-0.025287146909535263,-0.8874597680182547,-0.8874597680182547,-0.8874597680182547,-0.8874597680182547,1.0
3000,1180.51853056,1.3526895099302296,-0.1742381751537323,1.2603338338779524,0.0016119106300175184,-0.1742381751537323,-6.353827953338623,0.0016119106300175184,-0.1742381751537323,-6.353827953338623,0.5249725775255675,165.77146866849628,-0.00016962290903318675,0.5,0.49983037709096684,-1.0248029546165343,-1.0248029546165343,-1.0248029546165343,-1.0248029546165343,-1.0248029546165343,0.589969478685207,0.589969478685207,0.589969478685207,0.589969478685207,1.0
3050,1180.6601729,1.90587165345144,0.1532542109489441,1.2603338338779524,0.011266760397702455,0.1532542109489441,11.9103364944458,0.011266760397702455,0.1532542109489441,11.9103364944458,-0.792494699531403,165.76122478894607,-0.0011856607528183715,-0.5,-0.5011856607528183,1.2936803602842213,1.2936803602842213,1.2936803602842213,1.2936803602842213,1.2936803602842213,-0.016378715504646868,-0.016378715504646868,-0.016378715504646868,-0.016378715504646868,1.0
3100,1180.722111516,2.318988815210491,-0.0485113151371479,1.2603338338779524,0.018477015066891908,-0.0485113151371479,8.257867813110352,0.018477015066891908,-0.0485113151371479,8.257867813110352,-0.26904580562526326,165.74355699482868,-0.0019445717284014457,-0.5,-0.5019445717284015,0.7709903773536647,0.7709903773536647,0.7709903773536647,0.7709903773536647,0.7709903773536647,0.862886892561819,0.862886892561819,0.862886892561819,0.862886892561819,1.0
3150,1180.845230017,1.4127699883037774,-0.07165906578302383,1.2603338338779524,0.002660512793809175,-0.07165906578302383,1.0710769891738892,0.002660512793809175,-0.07165906578302383,1.0710769891738892,0.26676573124307,165.771099574256,-0.00027996873960259674,-0.5,-0.5002799687396026,0.23351423749653255,0.23351423749653255,0.23351423749653255,0.23351423749653255,0.23351423749653255,0.4144819264034063,0.4144819264034063,0.4144819264034063,0.4144819264034063,1.0
3200,1181.001371122,1.3080823982345227,0.02461056225001812,1.2603338338779524,0.00083336966112256,0.02461056225001812,5.108984470367432,0.00083336966112256,0.02461056225001812,5.108984470367432,-0.10333784993471871,165.77162551057182,-8.769623743090656e-05,-0.5,-0.5000876962374309,0.6034255461721496,0.6034255461721496,0.6034255461721496,0.6034255461721496,0.6034255461721496,0.5850054022630469,0.5850054022630469,0.5850054022630469,0.5850054022630469,1.0
3250,1181.186517588,1.3520381873598455,0.32656002044677734,1.2603338338779524,0.001600542906671762,0.32656002044677734,-1.3574693202972412,0.001600542906671762,0.32656002044677734,-1.3574693202972412,-0.909632033170863,165.77147167708446,-0.00016842667051850016,0.5,0.4998315733294815,0.4098004598413815,0.4098004598413815,0.4098004598413815,0.4098004598413815,0.4098004598413815,-0.5156650480926479,-0.5156650480926479,-0.5156650480926479,-0.5156650480926479,1.0
3300,1181.400399321,1.2925035905113698,-0.23553644120693207,1.2603338338779524,0.0005614681728184218,-0.23553644120693207,-11.41485595703125,0.0005614681728184218,-0.23553644120693207,-11.41485595703125,0.7072694057931252,165.7716567560984,-5.908379236970982e-05,0.5,0.4999409162076303,-1.2072103220007555,-1.2072103220007555,-1.2072103220007555,-1.2072103220007555,-1.2072103220007555,0.12091806399156846,0.12091806399156846,0.12091806399156846,0.12091806399156846,1.0
3350,1181.48192947,0.823893542984345,0.3640245795249939,1.2603338338779524,-0.007617320064455271,0.3640245795249939,-1.6373240947723389,-0.007617320064455271,0.3640245795249939,-1.6373240947723389,-0.933972968567896,165.76690243084232,0.0008015926069469701,0.5,0.500801592606947,0.433171375960949,0.433171375960949,0.433171375960949,0.433171375960949,0.433171375960949,-0.567400632394575,-0.567400632394575,-0.567400632394575,-0.567400632394575,1.0
3400,1181.541973163,1.890364135827749,0.15006454288959503,1.2603338338779524,0.010996103156358003,0.15006454288959503,15.875699996948242,0.010996103156358003,0.15006454288959503,15.875699996948242,-0.7477076208689207,165.76172120324966,-0.001157175757284107,-0.5,-0.5011571757572841,1.2488647966262048,1.2488647966262048,1.2488647966262048,1.2488647966262048,1.2488647966262048,-0.08738347657590395,-0.08738347657590395,-0.08738347657590395,-0.08738347657590395,1.0
3450,1181.598112555,2.338681531248107,0.07729411125183105,1.2603338338779524,0.0188207178004086,0.07729411125183105,15.024238586425781,0.0188207178004086,0.07729411125183105,15.024238586425781,-0.49209248546967,165.74250092453622,-0.0019807523352085624,-0.5,-0.5019807523352086,0.9940732378048786,0.9940732378048786,0.9940732378048786,0.9940732378048786,0.9940732378048786,1.604215166769282,1.604215166769282,1.604215166769282,1.604215166769282,1.0
3500,1181.754714273,1.1685335226415228,0.21995490789413452,1.2603338338779524,-0.0016022176854312425,0.21995490789413452,-14.021924018859863,-0.0016022176854312425,0.21995490789413452,-14.021924018859863,-0.27591336544415457,165.77147123517398,0.00016860290939798818,0.5,0.500168602909398,-0.22425523746524345,-0.22425523746524345,-0.22425523746524345,-0.22425523746524345,-0.22425523746524345,-0.41395689673235025,-0.41395689673235025,-0.41395689673235025,-0.41395689673235025,1.0
3550,1181.910930765,2.8664782095019072,-0.0825154259800911,1.2603338338779524,0.028032507617026567,-0.0825154259800911,11.491446495056152,0.028032507617026567,-0.0825154259800911,11.491446495056152,-0.5733914688649788,165.70694640331595,-0.0029506512018539553,-0.5,-0.502950651201854,1.0763421200668328,1.0763421200668328,1.0763421200668328,1.0763421200668328,1.0763421200668328,1.152906729410938,1.152906729410938,1.152906729410938,1.152906729410938,1.0
3600,1182.062952059,0.9692062978240423,-0.11226928979158401,1.2603338338779524,-0.005081134047359229,-0.11226928979158401,-19.114171981811523,-0.005081134047359229,-0.11226928979158401,-19.114171981811523,0.24491734633092377,165.76955570119722,0.0005346967336699777,0.5,0.50053469673367,-0.7454520430645938,-0.7454520430645938,-0.7454520430645938,-0.7454520430645938,-0.7454520430645938,-0.7945180988570711,-0.7945180988570711,-0.7945180988570711,-0.7945180988570711,1.0
3650,1182.221918915,1.9188748395272632,0.061424512416124344,1.2603338338779524,0.011493708807975053,0.061424512416124344,-2.144932270050049,0.011493708807975053,0.061424512416124344,-2.144932270050049,-0.3188807769204678,165.76079923799858,-0.0012095457975765127,0.5,0.49879045420242346,-0.17990967728195567,-0.17990967728195567,-0.17990967728195567,-0.17990967728195567,-0.17990967728195567,0.11413785532379846,0.11413785532379846,0.11413785532379846,0.11413785532379846,1.0
3700,1182.383684651,1.5520028609259584,0.040155086666345596,1.2603338338779524,0.0050905848480761046,0.040155086666345596,-4.130462646484375,0.0050905848480761046,0.040155086666345596,-4.130462646484375,-0.18581997987835658,165.76954778140723,-0.0005356912751756266,0.5,0.4994643087248244,-0.3136443288464678,-0.3136443288464678,-0.3136443288464678,-0.3136443288464678,-0.3136443288464678,-0.7938835321140383,-0.7938835321140383,-0.7938835321140383,-0.7938835321140383,1.0
3750,1182.465389507,1.6258712500779406,-0.0072553884238004684,1.2603338338779524,0.0063798314519226546,-0.0072553884238004684,-5.079958438873291,0.0063798314519226546,-0.0072553884238004684,-5.079958438873291,-0.07285062829294717,165.76832945026194,-0.0006713642621725569,0.5,0.49932863573782743,-0.4264780074448803,-0.4264780074448803,-0.4264780074448803,-0.4264780074448803,-0.4264780074448803,-0.2615840642371137,-0.2615840642371137,-0.2615840642371137,-0.2615840642371137,1.0
3800,1182.522852284,1.4851154587142583,0.009784357622265816,1.2603338338779524,0.003923179451376199,0.009784357622265816,-4.288252830505371,0.003923179451376199,0.009784357622265816,-4.288252830505371,-0.053928327963227135,165.7704147013239,-0.00041284169910852644,0.5,0.49958715830089145,-0.4456588303376643,-0.4456588303376643,-0.4456588303376643,-0.4456588303376643,-0.4456588303376643,0.06904372857512078,0.06904372857512078,0.06904372857512078,0.06904372857512078,1.0
3850,1182.653774328,1.5839464817353446,0.011205142363905907,1.2603338338779524,0.00564810620620847,0.011205142363905907,-4.423679351806641,0.00564810620620847,0.011205142363905907,-4.423679351806641,-0.11326727110007496,165.76905453566334,-0.0005943614122736238,0.5,0.49940563858772635,-0.3861383674876514,-0.3861383674876514,-0.3861383674876514,-0.3861383674876514,-0.3861383674876514,0.08020190416788825,0.08020190416788825,0.08020190416788825,0.08020190416788825,1.0
3900,1182.822917684,1.5925276539321136,0.025061165913939476,1.2603338338779524,0.005797875914722684,0.025061165913939476,-1.5555475950241089,0.005797875914722684,0.025061165913939476,-1.5555475950241089,-0.1720429389866726,165.76891330556617,-0.0006101223210746924,0.5,0.4993898776789253,-0.3273469386922527,-0.3273469386922527,-0.3273469386922527,-0.3273469386922527,-0.3273469386922527,-0.3460422870822071,-0.3460422870822071,-0.3460422870822071,-0.3460422870822071,1.0
3950,1182.99674111,1.1263504877709356,0.10826835036277771,1.2603338338779524,-0.002338450532406569,0.10826835036277771,-4.586121559143066,-0.002338450532406569,0.10826835036277771,-4.586121559143066,-0.2210241651728423,165.77123221346275,0.00024607763643744797,0.5,0.5002460776364375,-0.2792219124635952,-0.2792219124635952,-0.2792219124635952,-0.2792219124635952,-0.2792219124635952,-0.8527392297305996,-0.8527392297305996,-0.8527392297305996,-0.8527392297305996,1.0
4000,1183.186787815,0.9816076802009641,-0.20527224242687225,1.2603338338779524,-0.004864689093083144,-0.20527224242687225,-15.11052417755127,-0.004864689093083144,-0.20527224242687225,-15.11052417755127,0.6884221838904004,165.7697330543808,0.0005119194838217952,0.5,0.5005119194838218,-1.1889341033742222,-1.1889341033742222,-1.1889341033742222,-1.1889341033742222,-1.1889341033742222,0.3948682723047564,0.3948682723047564,0.3948682723047564,0.3948682723047564,1.0
4050,1183.308301122,1.018344599703818,0.2945288419723511,1.2603338338779524,-0.004223508890718222,0.2945288419723511,-0.13461677730083466,-0.004223508890718222,0.2945288419723511,-0.13461677730083466,-0.7504821573147337,165.77021312923966,0.0004444461481938673,0.49543459000080875,0.49587903614900264,0.25460312116573103,0.25460312116573103,0.25460312116573103,0.25460312116573103,0.25460312116573103,-0.5450605421011661,-0.5450605421011661,-0.5450605421011661,-0.5450605421011661,1.0
4100,1183.367485973,1.797130132666371,0.13120037317276,1.2603338338779524,0.009368862826377153,0.13120037317276,11.657402992248535,0.009368862826377153,0.13120037317276,11.657402992248535,-0.50128616867804,165.76445131495427,-0.0009859222038522074,-0.5,-0.5009859222038522,1.0022720908818923,1.0022720908818923,1.0022720908818923,1.0022720908818923,1.0022720908818923,0.6990326355797103,0.6990326355797103,0.6990326355797103,0.6990326355797103,1.0
4150,1183.432739604,1.6626792462368452,-0.19264382123947144,1.2603338338779524,0.007022252175956967,-0.19264382123947144,0.2938571572303772,0.007022252175956967,-0.19264382123947144,0.2938571572303772,0.34369273618944723,165.76762013192095,-0.000738969766604354,-0.4999921444804414,-0.5007311142470457,0.15703837805759852,0.15703837805759852,0.15703837805759852,0.15703837805759852,0.15703837805759852,1.054337582989453,1.054337582989453,1.054337582989453,1.054337582989453,1.0
4200,1183.540079651,0.9887677461635473,0.10763847827911377,1.2603338338779524,-0.00473972236737609,0.10763847827911377,-4.527647972106934,-0.00473972236737609,0.10763847827911377,-4.527647972106934,-0.2455869823306332,165.7698319361117,0.0004987688255883269,0.5,0.5004987688255883,-0.2549117864949551,-0.2549117864949551,-0.2549117864949551,-0.2549117864949551,-0.2549117864949551,-0.9179552063676374,-0.9179552063676374,-0.9179552063676374,-0.9179552063676374,1.0
4250,1183.706058124,1.4997179762729225,-0.23588499426841736,1.2603338338779524,0.0041780414618551726,-0.23588499426841736,-0.2599116563796997,0.0041780414618551726,-0.23588499426841736,-0.2599116563796997,0.5209546260957972,165.77024460028255,-0.0004396614872740196,0.49996946071880427,0.49952979923153024,-1.0204844253273275,-1.0204844253273275,-1.0204844253273275,-1.0204844253273275,-1.0204844253273275,0.9084073436467055,0.9084073436467055,0.9084073436467055,0.9084073436467055,1.0
4300,1183.864717437,1.472200638210822,0.2088620960712433,1.2603338338779524,0.003697773311287164,0.2088620960712433,8.32512092590332,0.003697773311287164,0.2088620960712433,8.32512092590332,-0.6756499458485863,165.7705562241659,-0.0003891216727252604,-0.5,-0.5003891216727253,1.1760390675213115,1.1760390675213115,1.1760390675213115,1.1760390675213115,1.1760390675213115,-0.20091584961264186,-0.20091584961264186,-0.20091584961264186,-0.20091584961264186,1.0
4350,1184.028214093,1.2635529799406244,-0.16324737668037415,1.2603338338779524,5.618469789624159e-05,-0.16324737668037415,-12.8489408493042,5.618469789624159e-05,-0.16324737668037415,-12.8489408493042,0.49060745711712783,165.77168246787755,-5.912364838027082e-06,0.5,0.49999408763516195,-0.9906015447522898,-0.9906015447522898,-0.9906015447522898,-0.9906015447522898,-0.9906015447522898,0.03557953637289124,0.03557953637289124,0.03557953637289124,0.03557953637289124,1.0
4400,1184.232624175,2.394360806475228,0.17551717162132263,1.2603338338779524,0.019792504478245973,0.17551717162132263,19.709814071655273,0.019792504478245973,0.17551717162132263,19.709814071655273,-0.5593974315954287,165.73940968563713,-0.0020830520861331485,-0.5,-0.5020830520861331,1.061480483681562,1.061480483681562,1.061480483681562,1.061480483681562,1.061480483681562,1.0984836499259591,1.0984836499259591,1.0984836499259591,1.0984836499259591,1.0
4450,1184.321326132,1.9794272412837766,-0.2500940263271332,1.2603338338779524,0.012550547588616609,-0.2500940263271332,3.500164747238159,0.012550547588616609,-0.2500940263271332,3.500164747238159,0.3914177536072695,165.75870578993363,-0.001320773805512855,-0.5,-0.5013207738055129,0.10990302019824338,0.10990302019824338,0.10990302019824338,0.10990302019824338,0.10990302019824338,1.3747569956170351,1.3747569956170351,1.3747569956170351,1.3747569956170351,1.0
4500,1184.378378678,1.1583439476169215,-0.1643652319908142,1.2603338338779524,-0.0017800593189895159,-0.1643652319908142,-16.580398559570312,-0.0017800593189895159,-0.1643652319908142,-16.580398559570312,0.604452889238054,165.77142167931757,0.00018731739291287357,0.5,0.5001873173929129,-1.1046402066309668,-1.1046402066309668,-1.1046402066309668,-1.1046402066309668,-1.1046402066309668,0.430811787317516,0.430811787317516,0.430811787317516,0.430811787317516,1.0
4550,1184.531578894,2.05138179008598,0.29837629199028015,1.2603338338779524,0.013806391377002,0.29837629199028015,15.356902122497559,0.013806391377002,0.29837629199028015,15.356902122497559,-1.117361835212845,165.75597888137753,-0.0014529501077659454,-0.5,-0.5014529501077659,1.6188147853206107,1.6188147853206107,1.6188147853206107,1.6188147853206107,1.6188147853206107,-0.3320383708774659,-0.3320383708774659,-0.3320383708774659,-0.3320383708774659,1.0
4600,1184.683160298,2.0447746492810506,-0.2934442460536957,1.2603338338779524,0.013691075015813112,-0.2934442460536957,1.3652256727218628,0.013691075015813112,-0.2934442460536957,1.3652256727218628,0.6764088820870785,165.75624011105148,-0.0014408129929972184,-0.5,-0.5014408129929973,-0.17496806909408125,-0.17496806909408125,-0.17496806909408125,-0.17496806909408125,-0.17496806909408125,1.204140189291516,1.204140189291516,1.204140189291516,1.204140189291516,1.0
4650,1184.843573531,1.999120811095039,0.33456841111183167,1.2603338338779524,0.012894265223294496,0.33456841111183167,16.07248306274414,0.012894265223294496,0.33456841111183167,16.07248306274414,-1.1210331796048179,165.7579852767395,-0.0013569493148314015,-0.5,-0.5013569493148314,1.6223901289196494,1.6223901289196494,1.6223901289196494,1.6223901289196494,1.6223901289196494,-0.12713276408819696,-0.12713276408819696,-0.12713276408819696,-0.12713276408819696,1.0
4700,1185.013798741,2.076811224696172,-0.291791170835495,1.2603338338779524,0.014250218737870454,-0.291791170835495,3.9283463954925537,0.014250218737870454,-0.291791170835495,3.9283463954925537,0.6383957624204781,165.7549530225445,-0.0014996635584758342,-0.5,-0.5014996635584759,-0.13689609886200227,-0.13689609886200227,-0.13689609886200227,-0.13689609886200227,-0.13689609886200227,1.0514458199568735,1.0514458199568735,1.0514458199568735,1.0514458199568735,1.0
4750,1185.19666531,2.3290673996610796,0.4564283490180969,1.2603338338779524,0.01865291954949498,0.4564283490180969,20.89836883544922,0.01865291954949498,0.4564283490180969,20.89836883544922,-1.5864181306299572,165.7430189372852,-0.0019630886343232775,-0.5,-0.5019630886343233,2.0883812192642806,2.0883812192642806,2.0883812192642806,2.0883812192642806,2.0883812192642806,-0.25768333590449766,-0.25768333590449766,-0.25768333590449766,-0.25768333590449766,1.0
4800,1185.296985487,4.07389151677667,0.07199005782604218,1.2603338338779524,0.049105845261365175,0.07199005782604218,27.280969619750977,0.049105845261365175,0.07199005782604218,27.280969619750977,-0.958931063611956,165.573058743094,-0.005171570914479537,-0.5,-0.5051715709144795,1.4641026345264354,1.4641026345264354,1.4641026345264354,1.4641026345264354,1.4641026345264354,1.415350706862142,1.415350706862142,1.415350706862142,1.415350706862142,1.0
4850,1185.354558263,3.9368552970245885,-0.18058636784553528,1.2603338338779524,0.046714112032204866,-0.18058636784553528,22.088584899902344,0.046714112032204866,-0.18058636784553528,22.088584899902344,-0.19658416469549145,165.59193235546735,-0.004919313267737635,-0.5,-0.5049193132677376,0.7015034779632291,0.7015034779632291,0.7015034779632291,0.7015034779632291,0.7015034779632291,1.5891614154158475,1.5891614154158475,1.5891614154158475,1.5891614154158475,1.0
4900,1185.477957573,1.6177465266167987,-0.37340644001960754,1.2603338338779524,0.006238028276711702,-0.37340644001960754,-10.043009757995605,0.006238028276711702,-0.37340644001960754,-10.043009757995605,1.093739204569275,165.76847685836267,-0.0006564416015897035,0.5,0.49934355839841027,-1.5930827629676854,-1.5930827629676854,-1.5930827629676854,-1.5930827629676854,-1.5930827629676854,-0.18345842688178948,-0.18345842688178948,-0.18345842688178948,-0.18345842688178948,1.0
4950,1185.632217436,2.6957913552564654,0.2615211308002472,1.2603338338779524,0.025053460020571947,0.2615211308002472,18.182353973388672,0.025053460020571947,0.2615211308002472,18.182353973388672,-1.1984514351510644,165.719973828986,-0.0026369442258820253,-0.5,-0.502636944225882,1.7010883793769465,1.7010883793769465,1.7010883793769465,1.7010883793769465,1.7010883793769465,-0.12479476822871644,-0.12479476822871644,-0.12479476822871644,-0.12479476822871644,1.0
5000,1185.793071765,2.4582249962055513,-0.46288782358169556,1.2603338338779524,0.020907144863158464,-0.46288782358169556,6.255102634429932,0.020907144863158464,-0.46288782358169556,6.255102634429932,1.0468226237563827,165.73567247113658,-0.002200394826581982,-0.5,-0.502200394826582,-0.5446222289298007,-0.5446222289298007,-0.5446222289298007,-0.5446222289298007,-0.5446222289298007,0.957966081814352,0.957966081814352,0.957966081814352,0.957966081814352,1.0
5050,1185.98559499,0.44718062249080065,0.41660070419311523,1.2603338338779524,-0.014192200861871243,0.41660070419311523,-7.1260905265808105,-0.014192200861871243,0.41660070419311523,-7.1260905265808105,-0.8407320868755489,165.75508896850482,0.0014935570629711144,0.5,0.5014935570629712,0.33923852981257774,0.33923852981257774,0.33923852981257774,0.33923852981257774,0.33923852981257774,-1.3593805036362556,-1.3593805036362556,-1.3593805036362556,-1.3593805036362556,1.0
5100,1186.157885073,1.160382438919053,-0.2553052306175232,1.2603338338779524,-0.0017444809339940553,-0.2553052306175232,-13.899068832397461,-0.0017444809339940553,-0.2553052306175232,-13.899068832397461,0.7817319367760059,165.77143201028667,0.0001835734368629224,0.5,0.5001835734368629,-1.281915510212869,-1.281915510212869,-1.281915510212869,-1.281915510212869,-1.281915510212869,0.4269147062347395,0.4269147062347395,0.4269147062347395,0.4269147062347395,1.0
5150,1186.222081242,0.5671863791972636,-0.045757681131362915,1.2603338338779524,-0.0120977052859962,-0.045757681131362915,-10.817625045776367,-0.0120977052859962,-0.045757681131362915,-10.817625045776367,0.31988660453949125,165.7596253385912,0.0012731136407233823,0.5,0.5012731136407234,-0.8211597181802146,-0.8211597181802146,-0.8211597181802146,-0.8211597181802146,-0.8211597181802146,-0.7267972216066172,-0.7267972216066172,-0.7267972216066172,-0.7267972216066172,1.0
5200,1186.288601111,0.9918007770418561,0.12232089042663574,1.2603338338779524,-0.004686785992234946,0.12232089042663574,-3.678582191467285,-0.004686785992234946,0.12232089042663574,-3.678582191467285,-0.3672122984193946,165.76987304692128,0.0004931981619654967,0.5,0.5004931981619655,-0.13328089974257085,-0.13328089974257085,-0.13328089974257085,-0.13328089974257085,-0.13328089974257085,-0.6019060506718785,-0.6019060506718785,-0.6019060506718785,-0.6019060506718785,1.0
5250,1186.357146611,1.3525212098002124,-0.0446980744600296,1.2603338338779524,0.0016089732386171847,-0.0446980744600296,-8.087579727172852,0.0016089732386171847,-0.0446980744600296,-8.087579727172852,0.08711425548261402,165.7714694479481,-0.00016931380397616782,0.5,0.49983068619602383,-0.5869449416786379,-0.5869449416786379,-0.5869449416786379,-0.5869449416786379,-0.5869449416786379,0.20634524360486006,0.20634524360486006,0.20634524360486006,0.20634524360486006,1.0
5300,1186.424691887,0.9105277157776397,-0.009108614176511765,1.2603338338779524,-0.006105268504470587,-0.009108614176511765,-10.448904991149902,-0.006105268504470587,-0.009108614176511765,-10.448904991149902,0.20692270426815162,165.76861186262926,0.0006424706474614938,0.5,0.5006424706474615,-0.7075651749156131,-0.7075651749156131,-0.7075651749156131,-0.7075651749156131,-0.7075651749156131,-0.9016636827362052,-0.9016636827362052,-0.9016636827362052,-0.9016636827362052,1.0
5350,1186.606150441,1.3023204933393822,-0.049668941646814346,1.2603338338779524,0.0007328054495155806,-0.049668941646814346,-7.500378131866455,0.0007328054495155806,-0.049668941646814346,-7.500378131866455,0.1341071139164332,165.7716384864365,-7.711377117022019e-05,0.5,0.4999228862288298,-0.634030000145263,-0.634030000145263,-0.634030000145263,-0.634030000145263,-0.634030000145263,0.059174926994217225,0.059174926994217225,0.059174926994217225,0.059174926994217225,1.0
5400,1186.757022834,1.2730960348716016,0.08029937744140625,1.2603338338779524,0.00022274242714047376,0.08029937744140625,-2.852660894393921,0.00022274242714047376,0.08029937744140625,-2.852660894393921,-0.25603030471008625,165.77167864043994,-2.3439380537445597e-05,0.5,0.49997656061946255,-0.2439462559093763,-0.2439462559093763,-0.2439462559093763,-0.2439462559093763,-0.2439462559093763,0.12569380252600515,0.12569380252600515,0.12569380252600515,0.12569380252600515,1.0
5450,1186.920066327,0.935358868505221,0.1359952688217163,1.2603338338779524,-0.005671883132308722,0.1359952688217163,-6.145997047424316,-0.005671883132308722,0.1359952688217163,-6.145997047424316,-0.2826854586876589,165.76903236125767,0.0005968635584057097,0.5,0.5005968635584057,-0.21791140487074684,-0.21791140487074684,-0.21791140487074684,-0.21791140487074684,-0.21791140487074684,-0.9907897442376634,-0.9907897442376634,-0.9907897442376634,-0.9907897442376634,1.0
5500,1187.107713491,1.4417154762326452,-0.05906270444393158,1.2603338338779524,0.003165706861764192,-0.05906270444393158,-10.355859756469727,0.003165706861764192,-0.05906270444393158,-10.355859756469727,0.11988618649716483,165.77085708245514,-0.000333131200799445,0.5,0.4996668687992006,-0.6195530552963654,-0.6195530552963654,-0.6195530552963654,-0.6195530552963654,-0.6195530552963654,-0.3384528000656557,-0.3384528000656557,-0.3384528000656557,-0.3384528000656557,1.0
5550,1187.290529877,1.564282794001701,-0.051219820976257324,1.2603338338779524,0.005304910112172368,-0.051219820976257324,-4.579276084899902,0.005304910112172368,-0.051219820976257324,-4.579276084899902,0.04013944364341368,165.7693642251623,-0.0005582455138150639,0.5,0.49944175448618494,-0.5395811981295986,-0.5395811981295986,-0.5395811981295986,-0.5395811981295986,-0.5395811981295986,-0.5330871832887257,-0.5330871832887257,-0.5330871832887257,-0.5330871832887257,1.0
5600,1187.39244519,1.2961763112941327,0.1178755983710289,1.2603338338779524,0.0006255692429840594,0.1178755983710289,-2.9573447704315186,0.0006255692429840594,0.1178755983710289,-2.9573447704315186,-0.36250587525060063,165.77165048732974,-6.582920632667123e-05,0.5,0.4999341707936733,-0.13742829554307268,-0.13742829554307268,-0.13742829554307268,-0.13742829554307268,-0.13742829554307268,-0.6095188033422574,-0.6095188033422574,-0.6095188033422574,-0.6095188033422574,1.0
5650,1187.486383456,1.686315649468203,0.054397135972976685,1.2603338338779524,0.007434785235673189,0.054397135972976685,-2.5885837078094482,0.007434785235673189,0.054397135972976685,-2.5885837078094482,-0.32292574389839707,165.76712878656122,-0.000782383229251805,0.5,0.4992176167707482,-0.17629187287235115,-0.17629187287235115,-0.17629187287235115,-0.17629187287235115,-0.17629187287235115,0.3867458810608111,0.3867458810608111,0.3867458810608111,0.3867458810608111,1.0
5700,1187.685973031,1.7663703757392184,0.09668216109275818,1.2603338338779524,0.00883200379088521,0.09668216109275818,-2.199342727661133,0.00883200379088521,0.09668216109275818,-2.199342727661133,-0.4260763280032273,165.7652563205798,-0.0009294234206608421,0.5,0.4990705765793392,-0.07299424857611186,-0.07299424857611186,-0.07299424857611186,-0.07299424857611186,-0.07299424857611186,0.08606968911258342,0.08606968911258342,0.08606968911258342,0.08606968911258342,1.0
5750,1187.848577393,1.9296138178932274,0.0017716343281790614,1.2603338338779524,0.011681139338761568,0.0017716343281790614,-3.8128607273101807,0.011681139338761568,0.0017716343281790614,-3.8128607273101807,-0.1610682423311666,165.76044138876279,-0.0012292719006020592,0.5,0.49877072809939793,-0.33770248576823136,-0.33770248576823136,-0.33770248576823136,-0.33770248576823136,-0.33770248576823136,-0.42960614669127467,-0.42960614669127467,-0.42960614669127467,-0.42960614669127467,1.0
5800,1188.030786424,2.097974352396045,0.07347707450389862,1.2603338338779524,0.014619584996253251,0.07347707450389862,-2.4614086151123047,0.014619584996253251,0.07347707450389862,-2.4614086151123047,-0.4047508890695652,165.7540745290532,-0.0015385403196517124,0.5,0.4984614596803483,-0.09371057061078308,-0.09371057061078308,-0.09371057061078308,-0.09371057061078308,-0.09371057061078308,-0.14238917448126404,-0.14238917448126404,-0.14238917448126404,-0.14238917448126404,1.0
5850,1188.221038187,2.470008139740881,-0.15603245794773102,1.2603338338779524,0.021112799514085054,-0.15603245794773102,2.537825584411621,0.021112799514085054,-0.15603245794773102,2.537825584411621,0.2651499494673083,165.73496057827538,-0.0022220455143635814,-0.5,-0.5022220455143636,0.23707209604705526,0.23707209604705526,0.23707209604705526,0.23707209604705526,0.23707209604705526,1.0330866227944355,1.0330866227944355,1.0330866227944355,1.0330866227944355,1.0
5900,1188.306403215,1.2788761891784308,-0.06758221983909607,1.2603338338779524,0.00032362515106797163,-0.06758221983909607,-13.573044776916504,0.00032362515106797163,-0.06758221983909607,-13.573044776916504,0.21503884778285626,165.77167409941072,-3.405535848226789e-05,0.5,0.4999659446415177,-0.715004792424374,-0.715004792424374,-0.715004792424374,-0.715004792424374,-0.715004792424374,0.04613204265179621,0.04613204265179621,0.04613204265179621,0.04613204265179621,1.0
5950,1188.368707213,1.288513479375613,0.17484910786151886,1.2603338338779524,0.0004918275959789747,0.17484910786151886,-2.973144054412842,0.0004918275959789747,0.17484910786151886,-2.973144054412842,-0.5453284352991449,165.77166279927465,-5.17554516270469e-05,0.5,0.49994824454837294,0.04538019075077193,0.04538019075077193,0.04538019075077193,0.04538019075077193,0.04538019075077193,-0.5915447895702789,-0.5915447895702789,-0.5915447895702789,-0.5915447895702789,1.0
6000,1188.50353055,2.2337873279564597,-0.1613708734512329,1.2603338338779524,0.016989968586713082,-0.1613708734512329,3.2409346103668213,0.016989968586713082,-0.1613708734512329,3.2409346103668213,0.19137738924395764,165.74790188273496,-0.0017880397246953536,-0.5,-0.5017880397246953,0.3104106504807377,0.3104106504807377,0.3104106504807377,0.3104106504807377,0.3104106504807377,1.1550247101126958,1.1550247101126958,1.1550247101126958,1.1550247101126958,1.0
6050,1188.664701243,1.3439879556493393,0.18086868524551392,1.2603338338779524,0.0014600398577749724,0.18086868524551392,-9.412304878234863,0.0014600398577749724,0.18086868524551392,-9.412304878234863,-0.4570414510782153,165.77150710472978,-0.0001536413776315599,0.5,0.4998463586223684,-0.042804907544153115,-0.042804907544153115,-0.042804907544153115,-0.042804907544153115,-0.042804907544153115,-0.3550504005848515,-0.3550504005848515,-0.3550504005848515,-0.3550504005848515,1.0
6100,1188.838892471,2.65703643501899,-0.23056240379810333,1.2603338338779524,0.024377059061080217,-0.23056240379810333,5.913222789764404,0.024377059061080217,-0.23056240379810333,5.913222789764404,0.363287706095737,165.72272810680005,-0.002565722856634214,-0.5,-0.5025657228566343,0.13927801676089724,0.13927801676089724,0.13927801676089724,0.13927801676089724,0.13927801676089724,1.5536189127122375,1.5536189127122375,1.5536189127122375,1.5536189127122375,1.0
6150,1188.957309449,1.0694324937048094,0.21864303946495056,1.2603338338779524,-0.0033318569324910646,0.21864303946495056,-17.467269897460938,-0.0033318569324910646,0.21864303946495056,-17.467269897460938,-0.546964884124853,165.77076814127255,0.00035061550076797,0.5,0.500350615500768,0.04661426862408502,0.04661426862408502,0.04661426862408502,0.04661426862408502,0.04661426862408502,-0.09434923671669793,-0.09434923671669793,-0.09434923671669793,-0.09434923671669793,1.0
6200,1189.029801843,1.41092871871393,0.24265210330486298,1.2603338338779524,0.0026283765770494932,0.24265210330486298,-4.690243721008301,0.0026283765770494932,0.24265210330486298,-4.690243721008301,-0.7288448308057004,165.77111357694056,-0.00027658699400981396,0.5,0.4997234130059902,0.22912141779971018,0.22912141779971018,0.22912141779971018,0.22912141779971018,0.22912141779971018,-0.6769635216938902,-0.6769635216938902,-0.6769635216938902,-0.6769635216938902,1.0
6250,1189.099052113,2.4202030406433828,0.34025245904922485,1.2603338338779524,0.020243536550551652,0.34025245904922485,16.566143035888672,0.020243536550551652,0.34025245904922485,16.566143035888672,-1.2873462581418464,165.73792209949897,-0.0021305334379620416,-0.5,-0.502130533437962,1.7894767915798084,1.7894767915798084,1.7894767915798084,1.7894767915798084,1.7894767915798084,0.49672866482838535,0.49672866482838535,0.49672866482838535,0.49672866482838535,1.0
6300,1189.298352438,1.0619984731234853,-0.1547037959098816,1.2603338338779524,-0.0034616050682961946,-0.1547037959098816,-16.37741470336914,-0.0034616050682961946,-0.1547037959098816,-16.37741470336914,0.5795799815133985,165.77069552331616,0.00036426916654792776,0.5,0.500364269166548,-1.0799442506799464,-1.0799442506799464,-1.0799442506799464,-1.0799442506799464,-1.0799442506799464,-0.05563019856483553,-0.05563019856483553,-0.05563019856483553,-0.05563019856483553,1.0
6350,1189.449323902,2.4898927414054923,0.4048086106777191,1.2603338338779524,0.021459851283580064,0.4048086106777191,16.093528747558594,0.021459851283580064,0.4048086106777191,16.093528747558594,-1.4315341867368896,165.73374342649933,-0.002258582478476782,-0.5,-0.5022585824784768,1.9337927692153665,1.9337927692153665,1.9337927692153665,1.9337927692153665,1.9337927692153665,0.04966011902515527,0.04966011902515527,0.04966011902515527,0.04966011902515527,1.0
6400,1189.604570381,3.6135747596450685,-0.4979671239852905,1.2603338338779524,0.041071802247315645,-0.4979671239852905,11.483613967895508,0.041071802247315645,-0.4979671239852905,11.483613967895508,0.4782685363767675,165.6327261691909,-0.004324431508338939,-0.5,-0.5043244315083389,0.02605589513157147,0.02605589513157147,0.02605589513157147,0.02605589513157147,0.02605589513157147,1.3018897917146601,1.3018897917146601,1.3018897917146601,1.3018897917146601,1.0
6450,1189.762972229,0.008759421624560474,-0.41427817940711975,1.2603338338779524,-0.02184409432753455,-0.41427817940711975,-21.687484741210938,-0.02184409432753455,-0.41427817940711975,-21.687484741210938,1.3597767681502058,165.7323726958383,0.002299035500277338,0.5,0.5022990355002773,-1.862075803650483,-1.862075803650483,-1.862075803650483,-1.862075803650483,-1.862075803650483,-1.2626455376581784,-1.2626455376581784,-1.2626455376581784,-1.2626455376581784,1.0
6500,1189.919248319,1.2358288152127197,0.4320814609527588,1.2603338338779524,-0.00042769325897097296,0.4320814609527588,12.53282356262207,-0.00042769325897097296,0.4320814609527588,12.53282356262207,-1.2553355429660378,165.7716676578032,4.500653791219834e-05,-0.5,-0.4999549934620878,1.7552905364281255,1.7552905364281255,1.7552905364281255,1.7552905364281255,1.7552905364281255,-0.9100217128346757,-0.9100217128346757,-0.9100217128346757,-0.9100217128346757,1.0
6550,1189.980820889,2.411533823039344,0.02137504331767559,1.2603338338779524,0.020092230159789323,0.02137504331767559,16.901439666748047,0.020092230159789323,0.02137504331767559,16.901439666748047,-0.5144180465196624,165.73842487108737,-0.0021146049149408505,-0.5,-0.5021146049149409,1.0165326514346034,1.0165326514346034,1.0165326514346034,1.0165326514346034,1.0165326514346034,0.9444004556184521,0.9444004556184521,0.9444004556184521,0.9444004556184521,1.0
6600,1190.051294272,2.009639729303682,-0.26819488406181335,1.2603338338779524,0.013077854979783296,-0.26819488406181335,-7.449466705322266,0.013077854979783296,-0.26819488406181335,-7.449466705322266,0.5847955167700922,165.75759245435805,-0.0013762718541548435,0.5,0.49862372814584516,-1.0834192449159374,-1.0834192449159374,-1.0834192449159374,-1.0834192449159374,-1.0834192449159374,0.8200309608370326,0.8200309608370326,0.8200309608370326,0.8200309608370326,1.0
6650,1190.214987711,1.862834844934601,0.09702622145414352,1.2603338338779524,0.01051562638953328,0.09702622145414352,9.371061325073242,0.01051562638953328,0.09702622145414352,9.371061325073242,-0.4855325567456169,165.76257271750868,-0.0011066089696470675,-0.5,-0.5011066089696471,0.986639165715264,0.986639165715264,0.986639165715264,0.986639165715264,0.986639165715264,-0.24163673185559909,-0.24163673185559909,-0.24163673185559909,-0.24163673185559909,1.0
6700,1190.377469934,0.8180530909137494,-0.22955471277236938,1.2603338338779524,-0.007719255182892085,-0.22955471277236938,-12.7005615234375,-0.007719255182892085,-0.22955471277236938,-12.7005615234375,0.7986400961803447,165.7667736353847,0.0008123199535766865,0.5,0.5008123199535767,-1.2994524161339214,-1.2994524161339214,-1.2994524161339214,-1.2994524161339214,-1.2994524161339214,-0.6646593000514958,-0.6646593000514958,-0.6646593000514958,-0.6646593000514958,1.0
6750,1190.510421666,1.5989461107612215,0.07298271358013153,1.2603338338779524,0.005909899119287732,0.07298271358013153,9.724885940551758,0.005909899119287732,0.07298271358013153,9.724885940551758,-0.3824650168033976,165.76880525365286,-0.000621911021060638,-0.5,-0.5006219110210607,0.8830869278244583,0.8830869278244583,0.8830869278244583,0.8830869278244583,0.8830869278244583,-0.2832085820137227,-0.2832085820137227,-0.2832085820137227,-0.2832085820137227,1.0
6800,1190.566458532,1.446787745465026,-0.1980748027563095,1.2603338338779524,0.003254234660416841,-0.1980748027563095,-1.6845290660858154,0.003254234660416841,-0.1980748027563095,-1.6845290660858154,0.5606002523107959,165.77081025909538,-0.00034244715350055543,0.5,0.49965755284649943,-1.0602578051572953,-1.0602578051572953,-1.0602578051572953,-1.0602578051572953,-1.0602578051572953,0.41627699677466107,0.41627699677466107,0.41627699677466107,0.41627699677466107,1.0
6850,1190.62136653,0.6558164613320828,0.03685888648033142,1.2603338338779524,-0.010550818536430598,0.03685888648033142,-10.91990852355957,-0.010550818536430598,0.03685888648033142,-10.91990852355957,0.578509836154452,165.76251163996477,0.0011103126771912658,0.5,0.5011103126771913,-1.0796201488316433,-1.0796201488316433,-1.0796201488316433,-1.0796201488316433,-1.0796201488316433,-0.666118105325803,-0.666118105325803,-0.666118105325803,-0.666118105325803,1.0
6900,1190.679249553,0.7759621035143988,0.10698753595352173,1.2603338338779524,-0.0084538814984262,0.10698753595352173,-0.3135671317577362,-0.0084538814984262,0.10698753595352173,-0.3135671317577362,-0.23104931460422612,165.7657948024434,0.0008896303355082722,0.49999642908553116,0.5008860594210395,-0.26983674481681336,-0.26983674481681336,-0.26983674481681336,-0.26983674481681336,-0.26983674481681336,-1.2988593800751016,-1.2988593800751016,-1.2988593800751016,-1.2988593800751016,1.0
6950,1190.736450841,1.276748905417089,-0.06740477681159973,1.2603338338779524,0.00028649704530835096,-0.06740477681159973,10.08948040008545,0.00028649704530835096,-0.06740477681159973,10.08948040008545,-0.06269670710407824,165.7716759656709,-3.014833512439698e-05,-0.5,-0.5000301483351244,0.5627268554392026,0.5627268554392026,0.5627268554392026,0.5627268554392026,0.5627268554392026,0.15237329706707822,0.15237329706707822,0.15237329706707822,0.15237329706707822,1.0
7000,1190.796681058,1.0111894429397008,-0.23271018266677856,1.2603338338779524,-0.004348389934748412,-0.23271018266677856,1.2486913204193115,-0.004348389934748412,-0.23271018266677856,1.2486913204193115,0.6056881811262622,165.7701249381297,0.00045758772876301653,-0.5,-0.49954241227123697,-0.10614576885502525,-0.10614576885502525,-0.10614576885502525,-0.10614576885502525,-0.10614576885502525,-0.0005362467095337969,-0.0005362467095337969,-0.0005362467095337969,-0.0005362467095337969,1.0
7050,1190.866627172,0.2947636171406438,-0.12500682473182678,1.2603338338779524,-0.016852379441261292,-0.12500682473182678,-20.602209091186523,-0.016852379441261292,-0.12500682473182678,-20.602209091186523,0.7765367829913775,165.74828548089596,0.001773556989850051,0.5,0.50177355698985,-1.2783103399812275,-1.2783103399812275,-1.2783103399812275,-1.2783103399812275,-1.2783103399812275,-0.9366206150246538,-0.9366206150246538,-0.9366206150246538,-0.9366206150246538,1.0
7100,1191.033146455,0.5617117691340867,0.29663196206092834,1.2603338338779524,-0.012193255256861449,0.29663196206092834,-7.6456379890441895,-0.012193255256861449,0.29663196206092834,-7.6456379890441895,-0.5368255218357555,165.7594341257075,0.0012831699175534124,0.5,0.5012831699175534,0.0355423519182021,0.0355423519182021,0.0355423519182021,0.0355423519182021,0.0355423519182021,-0.7224995094079446,-0.7224995094079446,-0.7224995094079446,-0.7224995094079446,1.0
7150,1191.234524526,0.6120241164991643,-0.19364193081855774,1.2603338338779524,-0.011315139140933751,-0.19364193081855774,-16.356142044067383,-0.011315139140933751,-0.19364193081855774,-16.356142044067383,0.7920092805322001,165.76113478565156,0.0011907523334264783,0.5,0.5011907523334265,-1.2932000328656266,-1.2932000328656266,-1.2932000328656266,-1.2932000328656266,-1.2932000328656266,0.03401718900652889,0.03401718900652889,0.03401718900652889,0.03401718900652889,1.0
7200,1191.388893185,0.8686430214355645,0.21892210841178894,1.2603338338779524,-0.006836294326931239,0.21892210841178894,-1.8026928901672363,-0.006836294326931239,0.21892210841178894,-1.8026928901672363,-0.5614113024788127,165.76783244722634,0.0007194003285719657,0.5,0.500719400328572,0.06069190215024067,0.06069190215024067,0.06069190215024067,0.06069190215024067,0.06069190215024067,-0.13225968162124568,-0.13225968162124568,-0.13225968162124568,-0.13225968162124568,1.0
7250,1191.547305738,0.28427487449431077,-0.24794244766235352,1.2603338338779524,-0.017035442534834147,-0.24794244766235352,-21.23830795288086,-0.017035442534834147,-0.24794244766235352,-21.23830795288086,1.1211816225080287,165.74777441576137,0.0017928263607137557,0.5,0.5017928263607138,-1.6229744488687423,-1.6229744488687423,-1.6229744488687423,-1.6229744488687423,-1.6229744488687423,-0.15009665118031384,-0.15009665118031384,-0.15009665118031384,-0.15009665118031384,1.0
7300,1191.690754597,1.1747920036336643,0.30379718542099,1.2603338338779524,-0.0014929865859448915,0.30379718542099,5.631070613861084,-0.0014929865859448915,0.30379718542099,5.631070613861084,-0.8722962563096269,165.77149908920333,0.00015710839810319452,-0.5,-0.4998428916018968,1.3721391479115237,1.3721391479115237,1.3721391479115237,1.3721391479115237,1.3721391479115237,0.14286037542276592,0.14286037542276592,0.14286037542276592,0.14286037542276592,1.0
7350,1191.74703585,1.4568412503147559,-0.10674510896205902,1.2603338338779524,0.003429701421409845,-0.10674510896205902,0.13515730202198029,0.003429701421409845,-0.10674510896205902,0.13515730202198029,0.23452996638957568,165.7707136364509,-0.00036091187842218655,-0.49553180292293797,-0.49589271480136016,0.2613627484117845,0.2613627484117845,0.2613627484117845,0.2613627484117845,0.2613627484117845,0.794766743420888,0.794766743420888,0.794766743420888,0.794766743420888,1.0
7400,1191.860291906,0.09877504748640385,0.016433654353022575,1.2603338338779524,-0.020273025278002024,0.016433654353022575,-11.04747200012207,-0.020273025278002024,0.016433654353022575,-11.04747200012207,0.27428303102376167,165.73782367312376,0.002133637824842636,0.5,0.5021336378248427,-0.7764166688486043,-0.7764166688486043,-0.7764166688486043,-0.7764166688486043,-0.7764166688486043,-1.2194858258533654,-1.2194858258533654,-1.2194858258533654,-1.2194858258533654,1.0
7450,1192.030842216,0.8760238412465566,-0.20339654386043549,1.2603338338779524,-0.006707474719733,-0.20339654386043549,-13.539017677307129,-0.006707474719733,-0.20339654386043549,-13.539017677307129,0.6059738038061929,165.76797618495291,0.0007058439127344555,0.5,0.5007058439127344,-1.1066796477189274,-1.1066796477189274,-1.1066796477189274,-1.1066796477189274,-1.1066796477189274,-0.020455312349806243,-0.020455312349806243,-0.020455312349806243,-0.020455312349806243,1.0
7500,1192.1932972,0.7078980411356052,0.193161740899086,1.2603338338779524,-0.00964182348921895,0.193161740899086,-6.473453521728516,-0.00964182348921895,0.193161740899086,-6.473453521728516,-0.3902599487957993,165.764023807295,0.001014648664904444,0.5,0.5010146486649044,-0.11075469986910513,-0.11075469986910513,-0.11075469986910513,-0.11075469986910513,-0.11075469986910513,-0.5803331415362369,-0.5803331415362369,-0.5803331415362369,-0.5803331415362369,1.0
7550,1192.349724749,0.7985302758317374,-0.1451360285282135,1.2603338338779524,-0.008059992585331202,-0.1451360285282135,-10.535086631774902,-0.008059992585331202,-0.1451360285282135,-10.535086631774902,0.5169200614652447,165.76633068592375,0.0008481782601822905,0.5,0.5008481782601822,-1.0177682397254268,-1.0177682397254268,-1.0177682397254268,-1.0177682397254268,-1.0177682397254268,-0.3155276339806657,-0.3155276339806657,-0.3155276339806657,-0.3155276339806657,1.0
7600,1192.460738434,1.0496006125628543,0.08890801668167114,1.2603338338779524,-0.003677988555282355,0.08890801668167114,-3.069775342941284,-0.003677988555282355,0.08890801668167114,-3.069775342941284,-0.20056884630129446,165.77056824651075,0.00038703967751085806,0.5,0.5003870396775109,-0.2998181933762164,-0.2998181933762164,-0.2998181933762164,-0.2998181933762164,-0.2998181933762164,-0.12177914232299974,-0.12177914232299974,-0.12177914232299974,-0.12177914232299974,1.0
7650,1192.519010457,1.0164799580604047,-0.11396121233701706,1.2603338338779524,-0.0042560530267655855,-0.11396121233701706,-10.204325675964355,-0.0042560530267655855,-0.11396121233701706,-10.204325675964355,0.38808909434240174,165.77019039410962,0.00044787085705906077,0.5,0.5004478708570591,-0.8885369651994608,-0.8885369651994608,-0.8885369651994608,-0.8885369651994608,-0.8885369651994608,-0.07121056683493221,-0.07121056683493221,-0.07121056683493221,-0.07121056683493221,1.0
7700,1192.574004651,0.6751978167930816,0.0763048455119133,1.2603338338779524,-0.010212550070136786,0.0763048455119133,-9.897351264953613,-0.010212550070136786,0.0763048455119133,-9.897351264953613,0.04288600105593404,165.7630902741744,0.0010747125885988665,0.5,0.5010747125885988,-0.5439607136445328,-0.5439607136445328,-0.5439607136445328,-0.5439607136445328,-0.5439607136445328,-0.7837408712034681,-0.7837408712034681,-0.7837408712034681,-0.7837408712034681,1.0
7750,1192.63371355,0.9875425809811762,0.14659090340137482,1.2603338338779524,-0.004761105533689261,0.14659090340137482,-3.6391561031341553,-0.004761105533689261,0.14659090340137482,-3.6391561031341553,-0.3484979819278948,165.76981519884973,0.0005010190451753768,0.5,0.5005010190451754,-0.15200303711728064,-0.15200303711728064,-0.15200303711728064,-0.15200303711728064,-0.15200303711728064,-0.055189529661790956,-0.055189529661790956,-0.055189529661790956,-0.055189529661790956,1.0
7800,1192.689133636,1.2644026981620564,-0.028660673648118973,1.2603338338779524,7.101507857441847e-05,-0.028660673648118973,-7.703603744506836,7.101507857441847e-05,-0.028660673648118973,-7.703603744506836,0.04336990203665454,165.77168231246316,-7.4729787560686544e-06,0.5,0.4999925270212439,-0.5433624290578984,-0.5433624290578984,-0.5433624290578984,-0.5433624290578984,-0.5433624290578984,0.08957957048676654,0.08957957048676654,0.08957957048676654,0.08957957048676654,1.0
7850,1192.846044928,1.2740966575850086,0.1070130318403244,1.2603338338779524,0.00024020658805966322,0.1070130318403244,-3.4706711769104004,0.00024020658805966322,0.1070130318403244,-3.4706711769104004,-0.3984861392351219,165.77167797434907,-2.5277149541957168e-05,0.5,0.499974722850458,-0.10148858361533614,-0.10148858361533614,-0.10148858361533614,-0.10148858361533614,-0.10148858361533614,-0.32051767776112744,-0.32051767776112744,-0.32051767776112744,-0.32051767776112744,1.0
7900,1193.035459335,1.4680215229341262,0.0001688455231487751,1.2603338338779524,0.003624833989888429,0.0001688455231487751,-5.463420867919922,0.003624833989888429,0.0001688455231487751,-5.463420867919922,-0.03942138316348873,165.77060022684034,-0.0003814461022645624,0.5,0.49961855389773546,-0.4601971707342467,-0.4601971707342467,-0.4601971707342467,-0.4601971707342467,-0.4601971707342467,-0.7166327630308912,-0.7166327630308912,-0.7166327630308912,-0.7166327630308912,1.0
7950,1193.262070607,1.9876638090925773,0.027717024087905884,1.2603338338779524,0.012694302815943956,0.027717024087905884,-4.125485420227051,0.012694302815943956,0.027717024087905884,-4.125485420227051,-0.25678438391440384,165.75840681312914,-0.0013359036823067203,0.5,0.49866409631769326,-0.24187971240328943,-0.24187971240328943,-0.24187971240328943,-0.24187971240328943,-0.24187971240328943,-0.4100093546166079,-0.4100093546166079,-0.4100093546166079,-0.4100093546166079,1.0
8000,1193.458008272,2.657524793544646,0.08974988013505936,1.2603338338779524,0.024385582525283098,0.08974988013505936,-1.9120255708694458,0.024385582525283098,0.08974988013505936,-1.9120255708694458,-0.6362553615957335,165.7226938684428,-0.00256662031677994,0.5,0.49743337968322004,0.13882198191251344,0.13882198191251344,0.13882198191251344,0.13882198191251344,0.13882198191251344,0.5717867551745691,0.5717867551745691,0.5717867551745691,0.5717867551745691,1.0
8050,1193.616665133,3.4729652837400127,0.0764387995004654,1.2603338338779524,0.038617703933268785,0.0764387995004654,-1.2670456171035767,0.038617703933268785,0.0764387995004654,-1.2670456171035767,-0.8553674455185766,165.64883376207112,-0.004065777759035102,0.5,0.4959342222409649,0.3594332232776117,0.3594332232776117,0.3594332232776117,0.3594332232776117,0.3594332232776117,0.5144512531435491,0.5144512531435491,0.5144512531435491,0.5144512531435491,1.0
8100,1193.707459115,3.6428421202385732,-0.14132727682590485,1.2603338338779524,0.04158261405304074,-0.14132727682590485,6.822230815887451,0.04158261405304074,-0.14132727682590485,6.822230815887451,-0.2374639502860174,165.62924875890735,-0.004378275761203873,-0.5,-0.5043782757612039,0.7418422260472213,0.7418422260472213,0.7418422260472213,0.7418422260472213,0.7418422260472213,1.0908286351970853,1.0908286351970853,1.0908286351970853,1.0908286351970853,1.0
8150,1193.763004166,3.038705271405187,-0.16734182834625244,1.2603338338779524,0.03103843690827489,-0.16734182834625244,5.360493183135986,0.03103843690827489,-0.16734182834625244,5.360493183135986,0.050207765116806025,165.69231985166468,-0.003267241601314357,-0.5,-0.5032672416013143,0.4530594764845083,0.4530594764845083,0.4530594764845083,0.4530594764845083,0.4530594764845083,0.9291661179019365,0.9291661179019365,0.9291661179019365,0.9291661179019365,1.0
8200,1193.820543815,2.5418709078761124,-0.13762129843235016,1.2603338338779524,0.022367041427642106,-0.13762129843235016,4.408440589904785,0.022367041427642106,-0.13762129843235016,4.408440589904785,0.07973682449010722,165.73046808331105,-0.002354092337739063,-0.5,-0.5023540923377391,0.4226172678476319,0.4226172678476319,0.4226172678476319,0.4226172678476319,0.4226172678476319,0.2636981198218231,0.2636981198218231,0.2636981198218231,0.2636981198218231,1.0
8250,1193.973590447,1.7320266904885135,-0.03408009186387062,1.2603338338779524,0.008232593405991796,-0.03408009186387062,6.099161148071289,0.008232593405991796,-0.03408009186387062,6.099161148071289,0.030591791175321945,165.76609901013222,-0.0008663423898124837,-0.5,-0.5008663423898125,0.4702745512144906,0.4702745512144906,0.4702745512144906,0.4702745512144906,0.4702745512144906,0.48155734391074134,0.48155734391074134,0.48155734391074134,0.48155734391074134,1.0
8300,1194.132108016,1.4202698561775688,0.033646270632743835,1.2603338338779524,0.0027914101816713804,0.033646270632743835,6.489427089691162,0.0027914101816713804,0.033646270632743835,6.489427089691162,-0.10705113591621632,165.771040780293,-0.0002937432875042166,-0.5,-0.5002937432875042,0.6073448792037205,0.6073448792037205,0.6073448792037205,0.6073448792037205,0.6073448792037205,0.6444022965156261,0.6444022965156261,0.6444022965156261,0.6444022965156261,1.0
8350,1194.344711613,1.7297888430399821,0.09895671904087067,1.2603338338779524,0.008193535599857568,0.09895671904087067,6.38147497177124,0.008193535599857568,0.09895671904087067,6.38147497177124,-0.344671641911608,165.7661518657038,-0.0008622320280118408,-0.5,-0.5008622320280118,0.8455338739396199,0.8455338739396199,0.8455338739396199,0.8455338739396199,0.8455338739396199,0.343008592853138,0.343008592853138,0.343008592853138,0.343008592853138,1.0
8400,1194.499539479,2.0455172189098776,-0.09528256207704544,1.2603338338779524,0.01370403530076146,-0.09528256207704544,11.719103813171387,0.01370403530076146,-0.09528256207704544,11.719103813171387,0.06144648327062785,165.75621086100205,-0.0014421770687024803,-0.5,-0.5014421770687025,0.4399956937980747,0.4399956937980747,0.4399956937980747,0.4399956937980747,0.4399956937980747,1.0342029848762948,1.0342029848762948,1.0342029848762948,1.0342029848762948,1.0
8450,1194.661503281,1.6080379463201546,0.011657604947686195,1.2603338338779524,0.006068581584841012,0.011657604947686195,10.125911712646484,0.006068581584841012,0.011657604947686195,10.125911712646484,-0.08235689662548525,165.7686486576538,-0.000638609909118923,-0.5,-0.5006386099091189,0.5829955065346042,0.5829955065346042,0.5829955065346042,0.5829955065346042,0.5829955065346042,1.110441028854951,1.110441028854951,1.110441028854951,1.110441028854951,1.0
8500,1194.728713172,1.5646608022835788,-0.03148249536752701,1.2603338338779524,0.005311507601290941,-0.03148249536752701,6.931340217590332,0.005311507601290941,-0.03148249536752701,6.931340217590332,0.02744594748520869,165.76935845474497,-0.000558939792742881,-0.5,-0.5005589397927429,0.47311299230753423,0.47311299230753423,0.47311299230753423,0.47311299230753423,0.47311299230753423,0.26338714522225526,0.26338714522225526,0.26338714522225526,0.26338714522225526,1.0
8550,1194.88248676,1.7057107186683949,-0.10929474979639053,1.2603338338779524,0.00777329305186868,-0.10929474979639053,10.87514591217041,0.00777329305186868,-0.10929474979639053,10.87514591217041,0.17510680014138374,165.76670466394225,-0.0008180067438677692,-0.5,-0.5008180067438678,0.32571120660248404,0.32571120660248404,0.32571120660248404,0.32571120660248404,0.32571120660248404,-0.1889969510717841,-0.1889969510717841,-0.1889969510717841,-0.1889969510717841,1.0
8600,1195.085212377,1.6112544318107018,-0.02159128151834011,1.2603338338779524,0.006124719846993688,-0.02159128151834011,11.03707218170166,0.006124719846993688,-0.02159128151834011,11.03707218170166,0.09344422903706288,165.76859226400893,-0.0006445176050729151,-0.5,-0.5006445176050729,0.40720028856801,0.40720028856801,0.40720028856801,0.40720028856801,0.40720028856801,-0.108480829821952,-0.108480829821952,-0.108480829821952,-0.108480829821952,1.0
8650,1195.290585357,1.1341047801913098,0.07358764857053757,1.2603338338779524,-0.002203112598508597,0.07358764857053757,6.818464756011963,-0.002203112598508597,0.07358764857053757,6.818464756011963,-0.03197537185112308,165.77128285152816,0.000231835834653908,-0.5,-0.4997681641653461,0.5317435360164692,0.5317435360164692,0.5317435360164692,0.5317435360164692,0.5317435360164692,-0.015070933378213497,-0.015070933378213497,-0.015070933378213497,-0.015070933378213497,1.0
8700,1195.492119059,0.566177752355923,-0.07407959550619125,1.2603338338779524,-0.012115309145301581,-0.07407959550619125,-9.406289100646973,-0.012115309145301581,-0.07407959550619125,-9.406289100646973,0.600393819995291,165.75959022310207,0.0012749663792946482,0.5,0.5012749663792947,-1.1016687863745855,-1.1016687863745855,-1.1016687863745855,-1.1016687863745855,-1.1016687863745855,-0.7657025946496618,-0.7657025946496618,-0.7657025946496618,-0.7657025946496618,1.0
8750,1195.674832695,0.9460420314190614,-0.2141442894935608,1.2603338338779524,-0.005485426764935256,-0.2141442894935608,1.521732211112976,-0.005485426764935256,-0.2141442894935608,1.521732211112976,0.6642796076140051,165.7692037518749,0.0005772419868390604,-0.5,-0.49942275801316094,-0.16485684960084412,-0.16485684960084412,-0.16485684960084412,-0.16485684960084412,-0.16485684960084412,1.0951508576315119,1.0951508576315119,1.0951508576315119,1.0951508576315119,1.0
8800,1195.730281004,0.2858405352789775,-0.11614495515823364,1.2603338338779524,-0.017008116599172354,-0.11614495515823364,-12.114216804504395,-0.017008116599172354,-0.11614495515823364,-12.114216804504395,0.6087931226236365,165.74785105331063,0.0017899500028583579,0.5,0.5017899500028583,-1.1105830726264947,-1.1105830726264947,-1.1105830726264947,-1.1105830726264947,-1.1105830726264947,-0.6703135494315039,-0.6703135494315039,-0.6703135494315039,-0.6703135494315039,1.0
8850,1195.787706355,0.05381948275121378,0.08988616615533829,1.2603338338779524,-0.021057647899724544,0.08988616615533829,-12.816605567932129,-0.021057647899724544,0.08988616615533829,-12.816605567932129,0.1420640490440917,165.73515217445208,0.002216239304181924,0.5,0.5022162393041819,-0.6442802883482737,-0.6442802883482737,-0.6442802883482737,-0.6442802883482737,-0.6442802883482737,-1.284929387341807,-1.284929387341807,-1.284929387341807,-1.284929387341807,1.0
8900,1195.854280518,0.6415975549448502,0.29528477787971497,1.2603338338779524,-0.010798985268920659,0.29528477787971497,-1.6013261079788208,-0.010798985268920659,0.29528477787971497,-1.6013261079788208,-0.7094921998123204,165.76207514244246,0.0011364304285039109,0.5,0.5011364304285039,0.2083557693838165,0.2083557693838165,0.2083557693838165,0.2083557693838165,0.2083557693838165,-0.8857966293756196,-0.8857966293756196,-0.8857966293756196,-0.8857966293756196,1.0
8950,1196.000784137,2.0187710518937543,-0.10335002839565277,1.2603338338779524,0.013237226624041802,-0.10335002839565277,14.132678031921387,0.013237226624041802,-0.10335002839565277,14.132678031921387,0.055084746589847355,165.75724694817458,-0.0013930455489486802,-0.5,-0.5013930455489487,0.44630829895910135,0.44630829895910135,0.44630829895910135,0.44630829895910135,0.44630829895910135,1.1892769518668111,1.1892769518668111,1.1892769518668111,1.1892769518668111,1.0
9000,1196.162603,0.40769954108676176,0.24572746455669403,1.2603338338779524,-0.014881275724619628,0.24572746455669403,-0.5845794677734375,-0.014881275724619628,0.24572746455669403,-0.5845794677734375,-0.429258745649978,165.75343852504233,0.0015660842019294462,0.4999999999300457,0.5015660841319751,-0.07230733848199711,-0.07230733848199711,-0.07230733848199711,-0.07230733848199711,-0.07230733848199711,-0.8010335589746382,-0.8010335589746382,-0.8010335589746382,-0.8010335589746382,1.0
9050,1196.31911571,1.4447395424876683,-0.14585058391094208,1.2603338338779524,0.0032184867747128004,-0.14585058391094208,7.578003883361816,0.0032184867747128004,-0.14585058391094208,7.578003883361816,0.3227255650613374,165.77082932200113,-0.0003386853332202255,-0.5,-0.5003386853332202,0.1776131202718828,0.1776131202718828,0.1776131202718828,0.1776131202718828,0.1776131202718828,1.316816170262656,1.316816170262656,1.316816170262656,1.316816170262656,1.0
9100,1196.514858304,1.4366241038149297,0.2889397144317627,1.2603338338779524,0.0030768456496298308,0.2889397144317627,16.53496742248535,0.0030768456496298308,0.2889397144317627,16.53496742248535,-0.833546552508056,165.77090278351932,-0.0003237801675516785,-0.5,-0.5003237801675516,1.3338703326756076,1.3338703326756076,1.3338703326756076,1.3338703326756076,1.3338703326756076,0.555623824161462,0.555623824161462,0.555623824161462,0.555623824161462,1.0
9150,1196.676101614,1.1181688816406123,-0.10911023616790771,1.2603338338779524,-0.002481246497482062,-0.10911023616790771,4.547824382781982,-0.002481246497482062,-0.10911023616790771,4.547824382781982,0.3354764638209588,165.77117551283914,0.0002611042670623857,-0.5,-0.4997388957329376,0.1642624319119788,0.1642624319119788,0.1642624319119788,0.1642624319119788,0.1642624319119788,-0.11967506555873998,-0.11967506555873998,-0.11967506555873998,-0.11967506555873998,1.0
9200,1196.827209405,1.5989973371799966,-0.008731771260499954,1.2603338338779524,0.005910793188959363,-0.008731771260499954,7.104091644287109,0.005910793188959363,-0.008731771260499954,7.104091644287109,0.010599643689994262,165.7688043829613,-0.0006220051080499602,-0.5,-0.50062200510805,0.4900223614180557,0.4900223614180557,0.4900223614180557,0.4900223614180557,0.4900223614180557,1.0991069612346207,1.0991069612346207,1.0991069612346207,1.0991069612346207,1.0
9250,1196.927119937,1.3646586693987366,0.005250115878880024,1.2603338338779524,0.001820811871439218,0.005250115878880024,7.6700119972229,0.001820811871439218,0.005250115878880024,7.6700119972229,-0.02469843349513444,165.7714095896392,-0.00019160583337687548,-0.5,-0.5001916058333769,0.5248900393285113,0.5248900393285113,0.5248900393285113,0.5248900393285113,0.5248900393285113,0.14469493791247945,0.14469493791247945,0.14469493791247945,0.14469493791247945,1.0
9300,1197.140742317,1.3762228199938027,-0.012644331902265549,1.2603338338779524,0.002022644374519586,-0.012644331902265549,10.411256790161133,0.002022644374519586,-0.012644331902265549,10.411256790161133,-0.007873962558138613,165.77134568014787,-0.00021284492175681132,-0.5,-0.5002128449217568,0.5080868074798954,0.5080868074798954,0.5080868074798954,0.5080868074798954,0.5080868074798954,0.38514478801584545,0.38514478801584545,0.38514478801584545,0.38514478801584545,1.0
9350,1197.355131337,1.3365419822369675,0.05310683697462082,1.2603338338779524,0.0013300831057131285,0.05310683697462082,10.413433074951172,0.0013300831057131285,0.05310683697462082,10.413433074951172,-0.15623406211177965,165.77153697744043,-0.00013996588871323425,-0.5,-0.5001399658887132,0.6563740280004928,0.6563740280004928,0.6563740280004928,0.6563740280004928,0.6563740280004928,0.12244521141282008,0.12244521141282008,0.12244521141282008,0.12244521141282008,1.0
9400,1197.548247768,1.4336410186949267,0.00870940089225769,1.2603338338779524,0.0030247809924185305,0.00870940089225769,11.51225757598877,0.0030247809924185305,0.00870940089225769,11.51225757598877,-0.10012809500529846,165.77092895573864,-0.0003183013076656499,-0.5,-0.5003183013076656,0.600446396312964,0.600446396312964,0.600446396312964,0.600446396312964,0.600446396312964,0.6838854206978123,0.6838854206978123,0.6838854206978123,0.6838854206978123,1.0
9450,1197.703565395,1.6135198134593245,0.054655931890010834,1.2603338338779524,0.00616425821557641,0.054655931890010834,11.631589889526367,0.00616425821557641,0.054655931890010834,11.631589889526367,-0.2618201060451703,165.76855223412204,-0.0006486784177996346,-0.5,-0.5006486784177996,0.7624687844629698,0.7624687844629698,0.7624687844629698,0.7624687844629698,0.7624687844629698,0.7871957658475434,0.7871957658475434,0.7871957658475434,0.7871957658475434,1.0
9500,1197.779730574,1.6449631229120072,-0.01668393239378929,1.2603338338779524,0.006713047493249177,-0.01668393239378929,12.41430950164795,0.006713047493249177,-0.01668393239378929,12.41430950164795,-0.056482127250602684,165.76797002340075,-0.0007064303667261641,-0.5,-0.5007064303667261,0.5571885576173288,0.5571885576173288,0.5571885576173288,0.5571885576173288,0.5571885576173288,0.8583635833178628,0.8583635833178628,0.8583635833178628,0.8583635833178628,1.0
9550,1197.837768696,1.6705741978654394,-0.0015294160693883896,1.2603338338779524,0.0071600450761616224,-0.0015294160693883896,12.66710376739502,0.0071600450761616224,-0.0015294160693883896,12.66710376739502,-0.1132963111550834,165.76745913322216,-0.000753470556418715,-0.5,-0.5007534705564187,0.6140497817115022,0.6140497817115022,0.6140497817115022,0.6140497817115022,0.6140497817115022,0.45932346274020686,0.45932346274020686,0.45932346274020686,0.45932346274020686,1.0
9600,1197.895267189,1.516825358987983,-0.044254839420318604,1.2603338338779524,0.004476621616631746,-0.044254839420318604,11.80592155456543,0.004476621616631746,-0.044254839420318604,11.80592155456543,0.045633713661864125,165.77003170681837,-0.00047108192102034445,-0.5,-0.5004710819210203,0.45483736825915616,0.45483736825915616,0.45483736825915616,0.45483736825915616,0.45483736825915616,0.8827308723730416,0.8827308723730416,0.8827308723730416,0.8827308723730416,1.0
9650,1198.032933389,1.3738752626317283,-0.028529245406389236,1.2603338338779524,0.0019816717691719526,-0.028529245406389236,12.51381778717041,0.0019816717691719526,-0.028529245406389236,12.51381778717041,0.054037065320681435,165.7713591969585,-0.00020853332158240085,-0.5,-0.5002085333215824,0.446171468000901,0.446171468000901,0.446171468000901,0.446171468000901,0.446171468000901,0.7294378750758614,0.7294378750758614,0.7294378750758614,0.7294378750758614,1.0
9700,1198.216889119,1.088873986847016,-0.09637391567230225,1.2603338338779524,-0.002992538865655661,-0.09637391567230225,6.1280198097229,-0.002992538865655661,-0.09637391567230225,6.1280198097229,0.3315931240158896,165.7709449394896,0.0003149084100708973,-0.5,-0.4996850915899291,0.1680919675740395,0.1680919675740395,0.1680919675740395,0.1680919675740395,0.1680919675740395,0.5270536857172289,0.5270536857172289,0.5270536857172289,0.5270536857172289,1.0
9750,1198.401046344,0.7929017730688237,0.09114374220371246,1.2603338338779524,-0.008158228490501643,0.09114374220371246,6.834758758544922,-0.008158228490501643,0.09114374220371246,6.834758758544922,-0.09890988701062021,165.7661994292819,0.0008585163839368131,-0.5,-0.4991414836160632,0.5980513706266835,0.5980513706266835,0.5980513706266835,0.5980513706266835,0.5980513706266835,0.21913496670009425,0.21913496670009425,0.21913496670009425,0.21913496670009425,1.0
9800,1198.557571485,0.3847868711031606,0.2066318690776825,1.2603338338779524,-0.015281177256256342,0.2066318690776825,-7.034602642059326,-0.015281177256256342,0.2066318690776825,-7.034602642059326,-0.20654997508566225,165.7524448237817,0.001608175676027989,0.5,0.501608175676028,-0.29505820059036575,-0.29505820059036575,-0.29505820059036575,-0.29505820059036575,-0.29505820059036575,-0.8762220795601428,-0.8762220795601428,-0.8762220795601428,-0.8762220795601428,1.0
9850,1198.717674058,1.6762161475632815,-0.2005138397216797,1.2603338338779524,0.00725851567462087,-0.2005138397216797,1.9818708896636963,0.00725851567462087,-0.2005138397216797,1.9818708896636963,0.38257607904990476,165.7673421624631,-0.0007638332372125328,-0.5,-0.5007638332372125,0.11818775418730776,0.11818775418730776,0.11818775418730776,0.11818775418730776,0.11818775418730776,1.175891217239961,1.175891217239961,1.175891217239961,1.175891217239961,1.0
9900,1198.797584396,0.7827435742257223,-0.07236962765455246,1.2603338338779524,-0.008335522506386042,-0.07236962765455246,-14.303118705749512,-0.008335522506386042,-0.07236962765455246,-14.303118705749512,0.37963684305954637,165.7659585157642,0.0008771744455692006,0.5,0.5008771744455692,-0.8805140175051156,-0.8805140175051156,-0.8805140175051156,-0.8805140175051156,-0.8805140175051156,-0.40734614618383497,-0.40734614618383497,-0.40734614618383497,-0.40734614618383497,1.0
9950,1198.853790254,0.7520115115812201,0.03503534942865372,1.2603338338779524,-0.00887189818546176,0.03503534942865372,-11.068140029907227,-0.00887189818546176,0.03503534942865372,-11.068140029907227,-0.0023059402679809493,165.76519813333618,0.0009336218686395573,0.5,0.5009336218686395,-0.4986276816006586,-0.4986276816006586,-0.4986276816006586,-0.4986276816006586,-0.4986276816006586,-0.9051881048668027,-0.9051881048668027,-0.9051881048668027,-0.9051881048668027,1.0
10000,1198.910342027,1.2294527269008069,0.1614963412284851,1.2603338338779524,-0.00053897699341178,0.1614963412284851,-0.09356836974620819,-0.00053897699341178,0.1614963412284851,-0.09356836974620819,-0.4896618501034519,165.77165879517338,5.671702520660053e-05,0.47685896391276633,0.47691568093797293,0.012746169165478993,0.012746169165478993,0.012746169165478993,0.012746169165478993,0.012746169165478993,-0.6167934348328019,-0.6167934348328019,-0.6167934348328019,-0.6167934348328019,1.0
10050,1199.046272729,1.8532631885864745,-0.08730544149875641,1.2603338338779524,0.010348569471389055,-0.08730544149875641,8.728361129760742,0.010348569471389055,-0.08730544149875641,8.728361129760742,0.04396867536227683,165.76285986883047,-0.001089027528217567,-0.5,-0.5010890275282176,0.45712035216594077,0.45712035216594077,0.45712035216594077,0.45712035216594077,0.45712035216594077,0.8687927641576347,0.8687927641576347,0.8687927641576347,0.8687927641576347,1.0
10100,1199.223713151,1.2452712315751449,0.22565126419067383,1.2603338338779524,-0.00026289200410246905,0.22565126419067383,-2.404726028442383,-0.00026289200410246905,0.22565126419067383,-2.404726028442383,-0.6768637457539181,165.77167703407943,2.7664355835586147e-05,0.5,0.5000276643558356,0.1768360813980825,0.1768360813980825,0.1768360813980825,0.1768360813980825,0.1768360813980825,-0.9118399201528533,-0.9118399201528533,-0.9118399201528533,-0.9118399201528533,1.0
10150,1199.379679441,1.8155110254965214,-0.1921054571866989,1.2603338338779524,0.009689669925719499,-0.1921054571866989,2.855658769607544,0.009689669925719499,-0.1921054571866989,2.855658769607544,0.40645589800169635,165.76394760626835,-0.0010196840533762295,-0.5,-0.5010196840533763,0.09456378605167992,0.09456378605167992,0.09456378605167992,0.09456378605167992,0.09456378605167992,1.1783356765558501,1.1783356765558501,1.1783356765558501,1.1783356765558501,1.0
10200,1199.543686658,1.51923129312312,0.24328744411468506,1.2603338338779524,0.004518613088876008,0.24328744411468506,3.321214199066162,0.004518613088876008,0.24328744411468506,3.321214199066162,-0.8005062777598839,165.7700005878839,-0.0004755008088993194,-0.5,-0.5004755008088994,1.3009817785687834,1.3009817785687834,1.3009817785687834,1.3009817785687834,1.3009817785687834,-0.300081780050237,-0.300081780050237,-0.300081780050237,-0.300081780050237,1.0
10250,1199.636759423,2.280553419760125,-0.04379037767648697,1.2603338338779524,0.017806190866976976,-0.04379037767648697,13.824518203735352,0.017806190866976976,-0.04379037767648697,13.824518203735352,-0.1447572492056206,165.7455621275566,-0.0018739572816373754,-0.5,-0.5018739572816374,0.646631206487258,0.646631206487258,0.646631206487258,0.646631206487258,0.646631206487258,1.2067981035301705,1.2067981035301705,1.2067981035301705,1.2067981035301705,1.0
10300,1199.704230087,1.6627314331509722,-0.23035262525081635,1.2603338338779524,0.007023163009434938,-0.23035262525081635,0.9631338119506836,0.007023163009434938,-0.23035262525081635,0.9631338119506836,0.5915479798935174,165.7676190779647,-0.0007390656190912133,-0.5,-0.5007390656190912,-0.09080891427442617,-0.09080891427442617,-0.09080891427442617,-0.09080891427442617,-0.09080891427442617,0.7073147968464211,0.7073147968464211,0.7073147968464211,0.7073147968464211,1.0
10350,1199.784771782,0.9729893688505832,-0.0138032091781497,1.2603338338779524,-0.00501510700210929,-0.0138032091781497,-10.39225959777832,-0.00501510700210929,-0.0138032091781497,-10.39225959777832,0.13343915249223345,165.76961062142252,0.0005277484745647528,0.5,0.5005277484745647,-0.6339669009667982,-0.6339669009667982,-0.6339669009667982,-0.6339669009667982,-0.6339669009667982,-0.5570384817234706,-0.5570384817234706,-0.5570384817234706,-0.5570384817234706,1.0
10400,1199.984865334,1.9515626307910632,-0.042627252638339996,1.2603338338779524,0.012064218390733003,-0.042627252638339996,8.887663841247559,0.012064218390733003,-0.042627252638339996,8.887663841247559,-0.01338731068027077,165.75969199599723,-0.0012695892757858811,-0.5,-0.5012695892757859,0.5146568999560567,0.5146568999560567,0.5146568999560567,0.5146568999560567,0.5146568999560567,0.380345680337535,0.380345680337535,0.380345680337535,0.380345680337535,1.0
10450,1200.171824614,0.7941589547629292,0.12417884171009064,1.2603338338779524,-0.008136286530643702,0.12417884171009064,-7.256221294403076,-0.008136286530643702,0.12417884171009064,-7.256221294403076,-0.09900442427214136,165.76622888466204,0.0008562072604522502,0.5,0.5008562072604522,-0.40185178298831087,-0.40185178298831087,-0.40185178298831087,-0.40185178298831087,-0.40185178298831087,-0.832368410886565,-0.832368410886565,-0.832368410886565,-0.832368410886565,1.0
10500,1200.332833875,1.8653391764824685,-0.1592719554901123,1.2603338338779524,0.010559335220605134,-0.1592719554901123,8.690546035766602,0.010559335220605134,-0.1592719554901123,8.690546035766602,0.10917660993310035,165.76249682821197,-0.001111208994256667,-0.5,-0.5011112089942567,0.3919345990611563,0.3919345990611563,0.3919345990611563,0.3919345990611563,0.3919345990611563,0.5636872569434704,0.5636872569434704,0.5636872569434704,0.5636872569434704,1.0
10550,1200.511074031,0.6535056162367971,0.2356853038072586,1.2603338338779524,-0.010591150391846894,0.2356853038072586,-7.381525039672852,-0.010591150391846894,0.2356853038072586,-7.381525039672852,-0.3868464846853936,165.76244139129182,0.0011145573035730861,0.5,0.5011145573035731,-0.1142680726181795,-0.1142680726181795,-0.1142680726181795,-0.1142680726181795,-0.1142680726181795,-0.5477631554624528,-0.5477631554624528,-0.5477631554624528,-0.5477631554624528,1.0
10600,1200.593532801,1.8817079382718156,0.19671021401882172,1.2603338338779524,0.01084502400830388,0.19671021401882172,15.504980087280273,0.01084502400830388,0.19671021401882172,15.504980087280273,-0.7597737225670285,165.76199304961025,-0.0011412756875606531,-0.5,-0.5011412756875606,1.260914998254589,1.260914998254589,1.260914998254589,1.260914998254589,1.260914998254589,1.061534590103102,1.061534590103102,1.061534590103102,1.061534590103102,1.0
10650,1200.648833241,2.1891426502203175,0.026756301522254944,1.2603338338779524,0.016210771966725587,0.026756301522254944,17.95099449157715,0.016210771966725587,0.026756301522254944,17.95099449157715,-0.25200239732029267,165.75003309866852,-0.0017060217843792049,-0.5,-0.5017060217843792,0.7537084191046719,0.7537084191046719,0.7537084191046719,0.7537084191046719,0.7537084191046719,0.7240631781897283,0.7240631781897283,0.7240631781897283,0.7240631781897283,1.0
10700,1200.717321488,1.9042255778614667,-0.15663623809814453,1.2603338338779524,0.011238030958920717,-0.15663623809814453,10.588047981262207,0.011238030958920717,-0.15663623809814453,10.588047981262207,0.24882232950479466,165.76127805438986,-0.0011826371495247852,-0.5,-0.5011826371495248,0.25236030764473016,0.25236030764473016,0.25236030764473016,0.25236030764473016,0.25236030764473016,0.6660857078891923,0.6660857078891923,0.6660857078891923,0.6660857078891923,1.0
10750,1200.783380301,1.2292577463443441,-0.15129771828651428,1.2603338338779524,-0.0005423800460994249,-0.15129771828651428,-1.1874942779541016,-0.0005423800460994249,-0.15129771828651428,-1.1874942779541016,0.4856597589661732,165.7716584920005,5.7075131516918915e-05,0.5,0.5000570751315169,-0.9857168340976901,-0.9857168340976901,-0.9857168340976901,-0.9857168340976901,-0.9857168340976901,0.2733641981626519,0.2733641981626519,0.2733641981626519,0.2733641981626519,1.0
10800,1200.922166271,0.94660039938371,0.20035967230796814,1.2603338338779524,-0.005475681405514479,0.20035967230796814,-3.774178981781006,-0.005475681405514479,0.20035967230796814,-3.774178981781006,-0.420417051167325,165.76921255228137,0.0005762164436308473,0.5,0.5005762164436308,-0.08015916527630584,-0.08015916527630584,-0.08015916527630584,-0.08015916527630584,-0.08015916527630584,-0.7391541824977363,-0.7391541824977363,-0.7391541824977363,-0.7391541824977363,1.0
10850,1201.084353403,2.0874680273486845,-0.04144423454999924,1.2603338338779524,0.01443621503189206,-0.04144423454999924,20.621341705322266,0.01443621503189206,-0.04144423454999924,20.621341705322266,-0.16482176592206538,165.75451346216303,-0.0015192401017298934,-0.5,-0.5015192401017299,0.6663410060237953,0.6663410060237953,0.6663410060237953,0.6663410060237953,0.6663410060237953,0.21617065731452,0.21617065731452,0.21617065731452,0.21617065731452,1.0
10900,1201.245131384,0.3318758502023048,-0.19821672141551971,1.2603338338779524,-0.016204648781567813,-0.19821672141551971,-18.099180221557617,-0.016204648781567813,-0.19821672141551971,-18.099180221557617,0.8509905305153981,165.75004945035766,0.001705377268495727,0.5,0.5017053772684957,-1.3526959077838938,-1.3526959077838938,-1.3526959077838938,-1.3526959077838938,-1.3526959077838938,-0.33949105416077424,-0.33949105416077424,-0.33949105416077424,-0.33949105416077424,1.0
10950,1201.399157536,1.3106480947632144,0.34699755907058716,1.2603338338779524,0.0008781495131552214,0.34699755907058716,9.629791259765625,0.0008781495131552214,0.34699755907058716,9.629791259765625,-1.0765841882500926,165.77161919639192,-9.240846379187768e-05,-0.5,-0.5000924084637919,1.5766765967138845,1.5766765967138845,1.5766765967138845,1.5766765967138845,1.5766765967138845,-0.2815269730738057,-0.2815269730738057,-0.2815269730738057,-0.2815269730738057,1.0
11000,1201.56375842,2.230805310053514,-0.08546975255012512,1.2603338338779524,0.016937922555953264,-0.08546975255012512,18.576370239257812,0.016937922555953264,-0.08546975255012512,18.576370239257812,0.08461346357967359,165.74804735367033,-0.0017825613132812133,-0.5,-0.5017825613132813,0.41716909773360766,0.41716909773360766,0.41716909773360766,0.41716909773360766,0.41716909773360766,1.083669695245628,1.083669695245628,1.083669695245628,1.083669695245628,1.0
11050,1201.724593858,0.2824341118325659,-0.042583394795656204,1.2603338338779524,-0.01706756990402937,-0.042583394795656204,-20.74698829650879,-0.01706756990402937,-0.042583394795656204,-20.74698829650879,0.4833803864975701,165.74768415490638,0.001796208126105667,0.5,0.5017962081261057,-0.9851765946236758,-0.9851765946236758,-0.9851765946236758,-0.9851765946236758,-0.9851765946236758,-0.878592959340055,-0.878592959340055,-0.878592959340055,-0.878592959340055,1.0
11100,1201.882251385,2.3744369312228892,0.1839800924062729,1.2603338338779524,0.019444767255336046,0.1839800924062729,29.49648094177246,0.019444767255336046,0.1839800924062729,29.49648094177246,-1.0707890957591344,165.74053370735615,-0.002046445433778849,-0.5,-0.5020464454337789,1.5728355411929131,1.5728355411929131,1.5728355411929131,1.5728355411929131,1.5728355411929131,0.8637227710647273,0.8637227710647273,0.8637227710647273,0.8637227710647273,1.0
11150,1201.964329696,3.0347350105067052,0.05056311935186386,1.2603338338779524,0.0309691427834332,0.05056311935186386,30.355480194091797,0.0309691427834332,0.05056311935186386,30.355480194091797,-0.6776336832398907,165.69267378722324,-0.003259942769826162,-0.5,-0.5032599427698261,1.1808936260097167,1.1808936260097167,1.1808936260097167,1.1808936260097167,1.1808936260097167,0.45408149671612663,0.45408149671612663,0.45408149671612663,0.45408149671612663,1.0
11200,1202.136980527,0.834756105085604,-0.394132137298584,1.2603338338779524,-0.007427732590585948,-0.394132137298584,-20.568010330200195,-0.007427732590585948,-0.394132137298584,-20.568010330200195,1.3923159313192552,165.76713742217083,0.0007816410326342612,0.5,0.5007816410326342,-1.8930975723518895,-1.8930975723518895,-1.8930975723518895,-1.8930975723518895,-1.8930975723518895,-0.3129811950537443,-0.3129811950537443,-0.3129811950537443,-0.3129811950537443,1.0
11250,1202.289641661,0.5868340586750399,0.40261173248291016,1.2603338338779524,-0.011754788588732482,0.40261173248291016,0.034056730568408966,-0.011754788588732482,0.40261173248291016,0.034056730568408966,-0.9620400198711375,165.76029919088188,0.0012370231301541293,-0.296128258351295,-0.2948912352211409,1.2569312550922784,1.2569312550922784,1.2569312550922784,1.2569312550922784,1.2569312550922784,-0.7630506028342172,-0.7630506028342172,-0.7630506028342172,-0.7630506028342172,1.0
11300,1202.448584942,1.6888831602658931,-0.14426998794078827,1.2603338338779524,0.007479596752673387,-0.14426998794078827,8.667335510253906,0.007479596752673387,-0.14426998794078827,8.667335510253906,0.2713065239464766,165.7670737256411,-0.000787099044192648,-0.5,-0.5007870990441926,0.22948057509771602,0.22948057509771602,0.22948057509771602,0.22948057509771602,0.22948057509771602,0.8770650962630513,0.8770650962630513,0.8770650962630513,0.8770650962630513,1.0
11350,1202.605702544,0.39438406061939546,0.15429361164569855,1.2603338338779524,-0.015113674700260163,0.15429361164569855,-10.41801643371582,-0.015113674700260163,0.15429361164569855,-10.41801643371582,-0.19451743136866623,165.7528642516991,0.001590545200908524,0.5,0.5015905452009085,-0.3070731138322423,-0.3070731138322423,-0.3070731138322423,-0.3070731138322423,-0.3070731138322423,-1.2609790668234018,-1.2609790668234018,-1.2609790668234018,-1.2609790668234018,1.0
11400,1202.765270099,1.6778503770439128,-0.22673559188842773,1.2603338338779524,0.00728703835979104,-0.22673559188842773,4.841414928436279,0.00728703835979104,-0.22673559188842773,4.841414928436279,0.40266746241047635,165.76730798267008,-0.0007668348616115989,-0.5,-0.5007668348616116,0.0980993724511352,0.0980993724511352,0.0980993724511352,0.0980993724511352,0.0980993724511352,1.1527720810683755,1.1527720810683755,1.1527720810683755,1.1527720810683755,1.0
11450,1202.940867295,0.8834770717349215,0.2031727135181427,1.2603338338779524,-0.006577391307801009,0.2031727135181427,-4.354846000671387,-0.006577391307801009,0.2031727135181427,-4.354846000671387,-0.5244207555546201,165.7681185582314,0.0006921545231336204,0.5,0.5006921545231336,0.02372860103148644,0.02372860103148644,0.02372860103148644,0.02372860103148644,0.02372860103148644,-0.9707656143862778,-0.9707656143862778,-0.9707656143862778,-0.9707656143862778,1.0
11500,1203.114225289,0.6986571687145482,-0.188141867518425,1.2603338338779524,-0.009803107138723136,-0.188141867518425,-13.9869966506958,-0.009803107138723136,-0.188141867518425,-13.9869966506958,0.7071244837620881,165.76376543706075,0.0010316222741303348,0.5,0.5010316222741303,-1.2081561060362185,-1.2081561060362185,-1.2081561060362185,-1.2081561060362185,-1.2081561060362185,-0.5899381420793617,-0.5899381420793617,-0.5899381420793617,-0.5899381420793617,1.0
11550,1203.287758305,1.6952194413815493,-0.18752947449684143,1.2603338338779524,0.007590185720473527,-0.18752947449684143,-1.8757412433624268,0.007590185720473527,-0.18752947449684143,-1.8757412433624268,0.1956464106666565,165.76693642667732,-0.0007987370726286413,0.5,0.4992012629273714,-0.6948476735940279,-0.6948476735940279,-0.6948476735940279,-0.6948476735940279,-0.6948476735940279,0.7231329582396964,0.7231329582396964,0.7231329582396964,0.7231329582396964,1.0
11600,1203.439679657,0.8846971676362679,0.2649305760860443,1.2603338338779524,-0.006556096617132426,0.2649305760860443,-4.356401443481445,-0.006556096617132426,0.2649305760860443,-4.356401443481445,-0.6397655929216919,165.7681415992076,0.0006899135684765385,0.5,0.5006899135684766,0.1390756793532153,0.1390756793532153,0.1390756793532153,0.1390756793532153,0.1390756793532153,-0.8749823289055079,-0.8749823289055079,-0.8749823289055079,-0.8749823289055079,1.0
11650,1203.494488114,1.570386208355342,0.11571971327066422,1.2603338338779524,0.005411434788256883,0.11571971327066422,9.106186866760254,0.005411434788256883,0.11571971327066422,9.106186866760254,-0.5596336734684372,165.76927017762927,-0.0005694555174537202,-0.5,-0.5005694555174537,1.0602031289858909,1.0602031289858909,1.0602031289858909,1.0602031289858909,1.0602031289858909,-0.32343448663140983,-0.32343448663140983,-0.32343448663140983,-0.32343448663140983,1.0
11700,1203.549364884,1.5381810126450857,-0.14544479548931122,1.2603338338779524,0.004849348086863756,-0.14544479548931122,-3.7510316371917725,0.004849348086863756,-0.14544479548931122,-3.7510316371917725,0.35054700173622555,165.7697453317264,-0.0005103050985988586,0.5,0.49948969490140116,-0.8500366966376267,-0.8500366966376267,-0.8500366966376267,-0.8500366966376267,-0.8500366966376267,0.7208529620302149,0.7208529620302149,0.7208529620302149,0.7208529620302149,1.0
11750,1203.68463743,1.0173800489269653,0.16772563755512238,1.2603338338779524,-0.004240343477576972,0.16772563755512238,-3.798034906387329,-0.004240343477576972,0.16772563755512238,-3.798034906387329,-0.36081065731263406,165.77020139049037,0.0004462176979123069,0.5,0.5004462176979123,-0.13963556038527825,-0.13963556038527825,-0.13963556038527825,-0.13963556038527825,-0.13963556038527825,-1.032481618854153,-1.032481618854153,-1.032481618854153,-1.032481618854153,1.0
11800,1203.861572822,0.7630136656736413,-0.1965571939945221,1.2603338338779524,-0.008679874371737242,-0.1965571939945221,-12.319938659667969,-0.008679874371737242,-0.1965571939945221,-12.319938659667969,0.6529284535220223,165.7654757995762,0.0009134134926945868,0.5,0.5009134134926946,-1.1538418670147168,-1.1538418670147168,-1.1538418670147168,-1.1538418670147168,-1.1538418670147168,0.18327438390598494,0.18327438390598494,0.18327438390598494,0.18327438390598494,1.0
11850,1204.039059086,1.7818273072743689,-0.06191975995898247,1.2603338338779524,0.009101778138428926,-0.06191975995898247,3.0997090339660645,0.009101778138428926,-0.06191975995898247,3.0997090339660645,0.02255584210982997,165.76485773709905,-0.000957814273101449,-0.5,-0.5009578142731015,0.4784019721632715,0.4784019721632715,0.4784019721632715,0.4784019721632715,0.4784019721632715,1.0556699403964225,1.0556699403964225,1.0556699403964225,1.0556699403964225,1.0
11900,1204.203781633,1.1587296398616156,0.26280978322029114,1.2603338338779524,-0.0017733277194201952,0.26280978322029114,0.42634594440460205,-0.0017733277194201952,0.26280978322029114,0.42634594440460205,-0.713745358161156,165.77142364998411,0.00018660901859490235,-0.499999960770539,-0.4998133517519441,1.2135587099131002,1.2135587099131002,1.2135587099131002,1.2135587099131002,1.2135587099131002,-0.0796821648834235,-0.0796821648834235,-0.0796821648834235,-0.0796821648834235,1.0
11950,1204.284729307,1.9310487979491646,-0.16485059261322021,1.2603338338779524,0.011706184465438127,-0.16485059261322021,3.168259859085083,0.011706184465438127,-0.16485059261322021,3.168259859085083,0.10325881021736483,165.76039313330446,-0.0012319077783139734,-0.5,-0.501231907778314,0.3979730975609491,0.3979730975609491,0.3979730975609491,0.3979730975609491,0.3979730975609491,0.935952794484117,0.935952794484117,0.935952794484117,0.935952794484117,1.0
12000,1204.352459057,1.2011633640190835,-0.1932826191186905,1.2603338338779524,-0.0010327195189893251,-0.1932826191186905,-11.93496322631836,-0.0010327195189893251,-0.1932826191186905,-11.93496322631836,0.5845412260306071,165.7715948626633,0.00010867401525451393,0.5,0.5001086740152545,-1.0846499000458616,-1.0846499000458616,-1.0846499000458616,-1.0846499000458616,-1.0846499000458616,0.4642650533467685,0.4642650533467685,0.4642650533467685,0.4642650533467685,1.0
12050,1204.413726654,1.1468890800485754,0.20758980512619019,1.2603338338779524,-0.0019799844734370714,0.20758980512619019,-0.6371616721153259,-0.0019799844734370714,0.20758980512619019,-0.6371616721153259,-0.5781224409653661,165.77135974766512,0.00020835576528815012,0.4999999999914618,0.5002083557567499,0.0779140852086162,0.0779140852086162,0.0779140852086162,0.0779140852086162,0.0779140852086162,-1.0994578964239308,-1.0994578964239308,-1.0994578964239308,-1.0994578964239308,1.0
12100,1204.566528216,1.3736540285356433,-0.1755700409412384,1.2603338338779524,0.001977810505777597,-0.1755700409412384,-5.777342796325684,0.001977810505777597,-0.1755700409412384,-5.777342796325684,0.601494997704647,165.7713604565222,-0.00020812699588481832,0.5,0.4997918730041152,-1.1012868707087622,-1.1012868707087622,-1.1012868707087622,-1.1012868707087622,-1.1012868707087622,0.8256041054351295,0.8256041054351295,0.8256041054351295,0.8256041054351295,1.0
12150,1204.726803859,1.6686156411209383,0.2088896781206131,1.2603338338779524,0.007125861812382939,0.2088896781206131,11.841703414916992,0.007125861812382939,0.2088896781206131,11.841703414916992,-0.7181133698043201,165.76749936509313,-0.0007498732398372956,-0.5,-0.5007498732398373,1.2188632430441575,1.2188632430441575,1.2188632430441575,1.2188632430441575,1.2188632430441575,0.4832148092097496,0.4832148092097496,0.4832148092097496,0.4832148092097496,1.0
12200,1204.885513499,1.3672789007190826,-0.191977858543396,1.2603338338779524,0.0018665435351431364,-0.191977858543396,0.375309020280838,0.0018665435351431364,-0.191977858543396,0.375309020280838,0.535915695249594,165.7713956970135,-0.0001964182325017516,-0.49999969785569826,-0.5001961160882,-0.03571957916139401,-0.03571957916139401,-0.03571957916139401,-0.03571957916139401,-0.03571957916139401,0.8365674885572283,0.8365674885572283,0.8365674885572283,0.8365674885572283,1.0
12250,1205.041729334,1.563666476150813,0.2719479203224182,1.2603338338779524,0.005294153336435556,0.2719479203224182,11.179408073425293,0.005294153336435556,0.2719479203224182,11.179408073425293,-0.9133653129555718,165.76937361807214,-0.0005571135374055619,-0.5,-0.5005571135374055,1.4139224264929773,1.4139224264929773,1.4139224264929773,1.4139224264929773,1.4139224264929773,-0.37230419055576547,-0.37230419055576547,-0.37230419055576547,-0.37230419055576547,1.0
12300,1205.107237344,2.1858007667254773,-0.17203842103481293,1.2603338338779524,0.016152445096522576,-0.17203842103481293,4.146978378295898,0.016152445096522576,-0.17203842103481293,4.146978378295898,0.20456767234053597,165.75018860711657,-0.0016998824040037163,-0.5,-0.5016998824040038,0.2971322100634678,0.2971322100634678,0.2971322100634678,0.2971322100634678,0.2971322100634678,1.1584142211114763,1.1584142211114763,1.1584142211114763,1.1584142211114763,1.0
12350,1205.173925444,1.397537705959297,-0.21231187880039215,1.2603338338779524,0.002394659314304593,-0.21231187880039215,-9.603158950805664,0.002394659314304593,-0.21231187880039215,-9.603158950805664,0.6174324509269933,165.77121029536127,-0.00025199256847864543,0.5,0.49974800743152137,-1.1171804583585145,-1.1171804583585145,-1.1171804583585145,-1.1171804583585145,-1.1171804583585145,0.5799559301789013,0.5799559301789013,0.5799559301789013,0.5799559301789013,1.0
12400,1205.241601978,1.3872300967281015,0.11468394100666046,1.2603338338779524,0.002214757595211267,0.11468394100666046,-1.316872000694275,0.002214757595211267,0.11468394100666046,-1.316872000694275,-0.3890155331328718,165.7712786131027,-0.00023306125375298188,0.5,0.499766938746247,-0.11075140561337521,-0.11075140561337521,-0.11075140561337521,-0.11075140561337521,-0.11075140561337521,-1.0969999041854988,-1.0969999041854988,-1.0969999041854988,-1.0969999041854988,1.0
12450,1205.320882976,1.8992845763271973,0.06157757341861725,1.2603338338779524,0.011151794213801622,0.06157757341861725,6.592441558837891,0.011151794213801622,0.06157757341861725,6.592441558837891,-0.39462220628118716,165.7614371237626,-0.0011735612544029395,-0.5,-0.5011735612544029,0.8957957675355901,0.8957957675355901,0.8957957675355901,0.8957957675355901,0.8957957675355901,-0.1717067708603287,-0.1717067708603287,-0.1717067708603287,-0.1717067708603287,1.0
12500,1205.497085212,0.7375123006337525,0.1958162933588028,1.2603338338779524,-0.009124957155436276,0.1958162933588028,-3.2525711059570312,-0.009124957155436276,0.1958162933588028,-3.2525711059570312,-0.3296494288328199,165.76482293139125,0.0009602536220636995,0.5,0.5009602536220636,-0.17131082478924375,-0.17131082478924375,-0.17131082478924375,-0.17131082478924375,-0.17131082478924375,-1.1592844046178183,-1.1592844046178183,-1.1592844046178183,-1.1592844046178183,1.0
12550,1205.655274074,0.9069188145749342,-0.18097709119319916,1.2603338338779524,-0.006168255712836981,-0.18097709119319916,-6.807654857635498,-0.006168255712836981,-0.18097709119319916,-6.807654857635498,0.6583968820107443,165.76854817259246,0.0006490990937781306,0.5,0.5006490990937781,-1.1590459811045224,-1.1590459811045224,-1.1590459811045224,-1.1590459811045224,-1.1590459811045224,0.3416707308342001,0.3416707308342001,0.3416707308342001,0.3416707308342001,1.0
12600,1205.824561617,1.172995130273422,0.19209742546081543,1.2603338338779524,-0.0015243479423224932,0.19209742546081543,11.248466491699219,-0.0015243479423224932,0.19209742546081543,11.248466491699219,-0.5186074202573677,165.7714912932233,0.00016040858846989273,-0.5,-0.4998395914115301,1.018447011668898,1.018447011668898,1.018447011668898,1.018447011668898,1.018447011668898,-0.048420743165063285,-0.048420743165063285,-0.048420743165063285,-0.048420743165063285,1.0
12650,1205.9812079,0.5001258210179329,-0.15275846421718597,1.2603338338779524,-0.013268132824450732,-0.15275846421718597,-8.470813751220703,-0.013268132824450732,-0.15275846421718597,-8.470813751220703,0.6336538667407032,165.75717946132062,0.0013962984015193612,0.5,0.5013962984015193,-1.1350501651422227,-1.1350501651422227,-1.1350501651422227,-1.1350501651422227,-1.1350501651422227,-0.2882618841542902,-0.2882618841542902,-0.2882618841542902,-0.2882618841542902,1.0
12700,1206.12187474,1.4371509888763727,-0.034584712237119675,1.2603338338779524,0.0030860415287315875,-0.034584712237119675,11.617673873901367,0.0030860415287315875,-0.034584712237119675,11.617673873901367,0.10280087902390352,165.7708981144603,-0.0003247478670467494,-0.5,-0.5003247478670467,0.3975238688431432,0.3975238688431432,0.3975238688431432,0.3975238688431432,0.3975238688431432,0.9023309518091348,0.9023309518091348,0.9023309518091348,0.9023309518091348,1.0
12750,1206.179708423,1.1758226151463957,-0.2178260087966919,1.2603338338779524,-0.0014749990217387682,-0.2178260087966919,0.32523584365844727,-0.0014749990217387682,-0.2178260087966919,0.32523584365844727,0.6365662338375172,165.77150348752073,0.00015521554688044633,-0.4999977608987168,-0.4998425453518363,-0.1367236884856809,-0.1367236884856809,-0.1367236884856809,-0.1367236884856809,-0.1367236884856809,0.6234506848424359,0.6234506848424359,0.6234506848424359,0.6234506848424359,1.0
12800,1206.23484746,0.6991568397410169,-0.08032391220331192,1.2603338338779524,-0.009794386234134436,-0.08032391220331192,-11.412463188171387,-0.009794386234134436,-0.08032391220331192,-11.412463188171387,0.41733195527941985,165.7637795172241,0.001030704478401131,0.5,0.5010307044784011,-0.9183626597578209,-0.9183626597578209,-0.9183626597578209,-0.9183626597578209,-0.9183626597578209,-0.5717714166566639,-0.5717714166566639,-0.5717714166566639,-0.5717714166566639,1.0
12850,1206.296636628,0.7436746253689849,0.14606131613254547,1.2603338338779524,-0.009017404299229384,0.14606131613254547,-3.626194953918457,-0.009017404299229384,0.14606131613254547,-3.626194953918457,-0.28249313286125,165.7649836856134,0.0009489348181265729,0.5,0.5009489348181265,-0.21845580195687653,-0.21845580195687653,-0.21845580195687653,-0.21845580195687653,-0.21845580195687653,-0.5574275709324408,-0.5574275709324408,-0.5574275709324408,-0.5574275709324408,1.0
12900,1206.352396017,1.2582628917067438,0.16948643326759338,1.2603338338779524,-3.614475950598772e-05,0.16948643326759338,13.9447660446167,-3.614475950598772e-05,0.16948643326759338,13.9447660446167,-0.5224343911946864,165.77168262031415,3.8035446136274918e-06,-0.5,-0.4999961964553864,1.0224305876500728,1.0224305876500728,1.0224305876500728,1.0224305876500728,1.0224305876500728,-0.21472194736114752,-0.21472194736114752,-0.21472194736114752,-0.21472194736114752,1.0
12950,1206.410310168,1.6364841901093767,0.01890501007437706,1.2603338338779524,0.006565062198787927,0.01890501007437706,14.806719779968262,0.006565062198787927,0.01890501007437706,14.806719779968262,-0.24411988870871532,165.76813190750389,-0.0006908570647059613,-0.5,-0.500690857064706,0.7448107457734212,0.7448107457734212,0.7448107457734212,0.7448107457734212,0.7448107457734212,0.8220391740087385,0.8220391740087385,0.8220391740087385,0.8220391740087385,1.0
13000,1206.534738105,0.6754295096163331,0.0472823902964592,1.2603338338779524,-0.010208506267517806,0.0472823902964592,-8.130132675170898,-0.010208506267517806,0.0472823902964592,-8.130132675170898,0.2726044880024392,165.7630970773736,0.0010742870117518928,0.5,0.5010742870117519,-0.7736787750141911,-0.7736787750141911,-0.7736787750141911,-0.7736787750141911,-0.7736787750141911,-0.7953931121249755,-0.7953931121249755,-0.7953931121249755,-0.7953931121249755,1.0
13050,1206.724603237,1.3786474304274516,-0.15387094020843506,1.2603338338779524,0.0020649618096649676,-0.15387094020843506,3.4132649898529053,0.0020649618096649676,-0.15387094020843506,3.4132649898529053,0.4187014534083049,165.7713314293013,-0.00021729804085118365,-0.5,-0.5002172980408511,0.08151584463254624,0.08151584463254624,0.08151584463254624,0.08151584463254624,0.08151584463254624,1.0553006196982617,1.0553006196982617,1.0553006196982617,1.0553006196982617,1.0
13100,1206.952811972,2.214257042355043,-0.15182897448539734,1.2603338338779524,0.01664910079911352,-0.15182897448539734,7.027707099914551,0.01664910079911352,-0.15182897448539734,7.027707099914551,-0.013354145517923133,165.74884651339352,-0.0017521598518289935,-0.5,-0.501752159851829,0.5151063053697521,0.5151063053697521,0.5151063053697521,0.5151063053697521,0.5151063053697521,1.4690986833771627,1.4690986833771627,1.4690986833771627,1.4690986833771627,1.0
13150,1207.204971014,2.035522731163445,-0.1724090278148651,1.2603338338779524,0.013529598582535982,-0.1724090278148651,8.422788619995117,0.013529598582535982,-0.1724090278148651,8.422788619995117,-0.05316281049400573,165.75660222661298,-0.0014238175672753395,-0.5,-0.5014238175672754,0.5545866280612811,0.5545866280612811,0.5545866280612811,0.5545866280612811,0.5545866280612811,1.274576432278422,1.274576432278422,1.274576432278422,1.274576432278422,1.0
13200,1207.318841782,1.3745589218789642,-0.03952537104487419,1.2603338338779524,0.001993603873997926,-0.03952537104487419,5.591596603393555,0.001993603873997926,-0.03952537104487419,5.591596603393555,0.14677728197276524,165.77135528912004,-0.0002097889523105972,-0.5,-0.5002097889523106,0.35343250697954537,0.35343250697954537,0.35343250697954537,0.35343250697954537,0.35343250697954537,-0.02526516561220578,-0.02526516561220578,-0.02526516561220578,-0.02526516561220578,1.0
13250,1207.496308091,1.484143437418001,-0.0028295638039708138,1.2603338338779524,0.003906214479357007,-0.0028295638039708138,7.999820709228516,0.003906214479357007,-0.0028295638039708138,7.999820709228516,-0.021373271742844133,165.77042564423232,-0.00041105643317429903,-0.5,-0.5004110564331743,0.5217843281760184,0.5217843281760184,0.5217843281760184,0.5217843281760184,0.5217843281760184,0.9192007765005157,0.9192007765005157,0.9192007765005157,0.9192007765005157,1.0
13300,1207.657971965,1.403202600823882,-0.06207457184791565,1.2603338338779524,0.002493530381470918,-0.06207457184791565,8.540938377380371,0.002493530381470918,-0.06207457184791565,8.540938377380371,0.08383624840317026,165.77117047828,-0.00026239691882879097,-0.5,-0.5002623969188288,0.4164261485156585,0.4164261485156585,0.4164261485156585,0.4164261485156585,0.4164261485156585,0.17968539418863014,0.17968539418863014,0.17968539418863014,0.17968539418863014,1.0
13350,1207.827963024,1.150024243599317,-0.08355739712715149,1.2603338338779524,-0.0019252655468881136,-0.08355739712715149,6.174719333648682,-0.0019252655468881136,-0.08355739712715149,6.174719333648682,0.2610816919880602,165.77137735277412,0.00020259762309831575,-0.5,-0.4997974023769017,0.23871571038884148,0.23871571038884148,0.23871571038884148,0.23871571038884148,0.23871571038884148,0.047709226951471104,0.047709226951471104,0.047709226951471104,0.047709226951471104,1.0
13400,1208.024171632,0.7548128496362774,0.0406167097389698,1.2603338338779524,-0.008823005612939597,0.0406167097389698,0.5602651834487915,-0.008823005612939597,0.0406167097389698,0.5602651834487915,0.05076414729425595,165.76526940846483,0.0009284764614144674,-0.49999999981498927,-0.4990715233535748,0.44830737605931886,0.44830737605931886,0.44830737605931886,0.44830737605931886,0.44830737605931886,0.21288728497238463,0.21288728497238463,0.21288728497238463,0.21288728497238463,1.0
13450,1208.154227766,0.7114730581967251,-0.03482544422149658,1.2603338338779524,-0.009579427670687438,-0.03482544422149658,-9.666484832763672,-0.009579427670687438,-0.03482544422149658,-9.666484832763672,0.2655150629368901,165.76412261323074,0.0010080820974123184,0.5,0.5010080820974123,-0.7665231450343024,-0.7665231450343024,-0.7665231450343024,-0.7665231450343024,-0.7665231450343024,0.34913805819000016,0.34913805819000016,0.34913805819000016,0.34913805819000016,1.0
13500,1208.22033004,1.0595869894596477,0.19317437708377838,1.2603338338779524,-0.0035036933980882173,0.19317437708377838,-0.2601745128631592,-0.0035036933980882173,0.19317437708377838,-0.2601745128631592,-0.502571727116331,165.7706713713147,0.00036869821148583783,0.4999697801249213,0.5003384783364072,0.002233248779923813,0.002233248779923813,0.002233248779923813,0.002233248779923813,0.002233248779923813,0.2757308862599128,0.2757308862599128,0.2757308862599128,0.2757308862599128,1.0
13550,1208.288570619,1.5618442030245947,0.09150294959545135,1.2603338338779524,0.005262348670512437,0.09150294959545135,4.628363609313965,0.005262348670512437,0.09150294959545135,4.628363609313965,-0.0673555733728309,165.769401278662,-0.0005537666122311717,-0.5,-0.5005537666122312,0.5679093399850621,0.5679093399850621,0.5679093399850621,0.5679093399850621,0.5679093399850621,0.641545720570065,0.641545720570065,0.641545720570065,0.641545720570065,1.0
13600,1208.357229499,0.8314075514841525,-0.20823873579502106,1.2603338338779524,-0.007486175876110793,-0.20823873579502106,-13.97028923034668,-0.007486175876110793,-0.20823873579502106,-13.97028923034668,0.7494266155644081,165.76706561386968,0.0007877914095147499,0.5,0.5007877914095148,-1.250214406973923,-1.250214406973923,-1.250214406973923,-1.250214406973923,-1.250214406973923,0.2660884087277528,0.2660884087277528,0.2660884087277528,0.2660884087277528,1.0
13650,1208.51337663,1.5020601975497079,0.13151924312114716,1.2603338338779524,0.004218920934945344,0.13151924312114716,7.3484063148498535,0.004218920934945344,0.13151924312114716,7.3484063148498535,-0.4801643452637929,165.77021632032174,-0.00044396334507571477,-0.5,-0.5004439633450757,0.9806083086088686,0.9806083086088686,0.9806083086088686,0.9806083086088686,0.9806083086088686,0.34120309954101224,0.34120309954101224,0.34120309954101224,0.34120309954101224,1.0
13700,1208.67990799,0.18578641480856978,-0.03511911258101463,1.2603338338779524,-0.018754390431568027,-0.03511911258101463,-20.747154235839844,-0.018754390431568027,-0.03511911258101463,-20.747154235839844,0.24303858963712485,165.74270623923468,0.001973770206338978,0.5,0.5019737702063389,-0.7450123598434638,-0.7450123598434638,-0.7450123598434638,-0.7450123598434638,-0.7450123598434638,-1.001305795208003,-1.001305795208003,-1.001305795208003,-1.001305795208003,1.0
13750,1208.844700038,1.7985390726260977,0.19751299917697906,1.2603338338779524,0.0093934534676373,0.19751299917697906,16.15589141845703,0.0093934534676373,0.19751299917697906,16.15589141845703,-0.7902036345780201,165.76441330454742,-0.0009885101241952996,-0.5,-0.5009885101241953,1.2911921447022154,1.2911921447022154,1.2911921447022154,1.2911921447022154,1.2911921447022154,0.6279241604403714,0.6279241604403714,0.6279241604403714,0.6279241604403714,1.0
13800,1208.999604471,0.8578999342839279,-0.2671121656894684,1.2603338338779524,-0.007023796569555998,-0.2671121656894684,-18.181425094604492,-0.007023796569555998,-0.2671121656894684,-18.181425094604492,0.9102363656174522,165.76761834477026,0.0007391322924352436,0.5,0.5007391322924353,-1.4109754979098876,-1.4109754979098876,-1.4109754979098876,-1.4109754979098876,-1.4109754979098876,0.10140511311759703,0.10140511311759703,0.10140511311759703,0.10140511311759703,1.0
13850,1209.057508338,0.08699680647943338,-0.08482114970684052,1.2603338338779524,-0.02047859436366707,-0.08482114970684052,-25.136869430541992,-0.02047859436366707,-0.08482114970684052,-25.136869430541992,0.5571484837531935,165.7371335521806,0.0021552789416515107,0.5,0.5021552789416515,-1.059303762694845,-1.059303762694845,-1.059303762694845,-1.059303762694845,-1.059303762694845,-1.0083916172793042,-1.0083916172793042,-1.0083916172793042,-1.0083916172793042,1.0
13900,1209.13697958,0.6983657117360591,0.27811285853385925,1.2603338338779524,-0.009808194022625684,0.27811285853385925,-2.7220849990844727,-0.009808194022625684,0.27811285853385925,-2.7220849990844727,-0.6685948543792776,165.763757218347,0.001032157622373101,0.5,0.5010321576223731,0.1675626967569045,0.1675626967569045,0.1675626967569045,0.1675626967569045,0.1675626967569045,-0.8326355905016724,-0.8326355905016724,-0.8326355905016724,-0.8326355905016724,1.0
13950,1209.304815926,0.5432377616156419,-0.1240115836262703,1.2603338338779524,-0.012515687514096499,-0.1240115836262703,-18.16263771057129,-0.012515687514096499,-0.1240115836262703,-18.16263771057129,0.49390990632813925,165.75877777768886,0.0013171048783564517,0.5,0.5013171048783565,-0.9952270112064957,-0.9952270112064957,-0.9952270112064957,-0.9952270112064957,-0.9952270112064957,-0.21714483858669534,-0.21714483858669534,-0.21714483858669534,-0.21714483858669534,1.0
14000,1209.461105534,1.4463704635954204,0.10521545261144638,1.2603338338779524,0.003246951717883348,0.10521545261144638,-1.3320257663726807,0.003246951717883348,0.10521545261144638,-1.3320257663726807,-0.36271609016164197,165.77081415987413,-0.0003416807550720275,0.5,0.499658319244928,-0.13694222908328602,-0.13694222908328602,-0.13694222908328602,-0.13694222908328602,-0.13694222908328602,0.05933011100804908,0.05933011100804908,0.05933011100804908,0.05933011100804908,1.0
14050,1209.619075827,1.032378397292373,0.12253163754940033,1.2603338338779524,-0.003978572916239497,0.12253163754940033,-4.995226860046387,-0.003978572916239497,0.12253163754940033,-4.995226860046387,-0.26074937584037977,165.7703786406866,0.0004186708919652754,0.5,0.5004186708919652,-0.23966929505158546,-0.23966929505158546,-0.23966929505158546,-0.23966929505158546,-0.23966929505158546,-0.9640476904023422,-0.9640476904023422,-0.9640476904023422,-0.9640476904023422,1.0
14100,1209.77804105,1.2103023705719722,-0.1469898223876953,1.2603338338779524,-0.0008732137642800779,-0.1469898223876953,-11.639058113098145,-0.0008732137642800779,-0.1469898223876953,-11.639058113098145,0.4697491882281642,165.7716199085589,9.188907023213952e-05,0.5,0.5000918890702322,-0.9698410772983963,-0.9698410772983963,-0.9698410772983963,-0.9698410772983963,-0.9698410772983963,-0.7139715837431537,-0.7139715837431537,-0.7139715837431537,-0.7139715837431537,1.0
14150,1209.920778422,1.6910996633732682,0.16957905888557434,1.2603338338779524,0.007518282029777768,0.16957905888557434,11.296331405639648,0.007518282029777768,0.16957905888557434,11.296331405639648,-0.6446251946454258,165.76702592606316,-0.0007911701565504887,-0.5,-0.5007911701565505,1.1454163648019762,1.1454163648019762,1.1454163648019762,1.1454163648019762,1.1454163648019762,-0.07893707519139037,-0.07893707519139037,-0.07893707519139037,-0.07893707519139037,1.0
14200,1209.979202057,1.9386439683062189,-0.14851237833499908,1.2603338338779524,0.011838745195418596,-0.14851237833499908,12.729053497314453,0.011838745195418596,-0.14851237833499908,12.729053497314453,-0.24978893692619125,165.76013600207065,-0.0012458591756836633,-0.5,-0.5012458591756837,0.7510347961018748,0.7510347961018748,0.7510347961018748,0.7510347961018748,0.7510347961018748,1.0561153829128735,1.0561153829128735,1.0561153829128735,1.0561153829128735,1.0
14250,1210.054626738,1.643025590343545,-0.05190134048461914,1.2603338338779524,0.006679231170564889,-0.05190134048461914,3.487497568130493,0.006679231170564889,-0.05190134048461914,3.487497568130493,0.1603264192310479,165.7680073338254,-0.0007028716874353778,-0.5,-0.5007028716874353,0.3403764524563874,0.3403764524563874,0.3403764524563874,0.3403764524563874,0.3403764524563874,0.8207665334292807,0.8207665334292807,0.8207665334292807,0.8207665334292807,1.0
14300,1210.22766983,1.9317292555452272,0.18335415422916412,1.2603338338779524,0.011718060690909624,0.18335415422916412,11.198704719543457,0.011718060690909624,0.18335415422916412,11.198704719543457,-0.7852988593537545,165.76037021477802,-0.0012331576937897216,-0.5,-0.5012331576937897,1.2865320170475443,1.2865320170475443,1.2865320170475443,1.2865320170475443,1.2865320170475443,0.5315504545024985,0.5315504545024985,0.5315504545024985,0.5315504545024985,1.0
14350,1210.386783362,1.158809147532423,0.025816448032855988,1.2603338338779524,-0.0017719400487840181,0.025816448032855988,-12.293366432189941,-0.0017719400487840181,0.025816448032855988,-12.293366432189941,0.3490415778530941,165.77142405529455,0.00018646299234715714,0.5,0.5001864629923471,-0.8492280408454412,-0.8492280408454412,-0.8492280408454412,-0.8492280408454412,-0.8492280408454412,-0.3359343213913004,-0.3359343213913004,-0.3359343213913004,-0.3359343213913004,1.0
14400,1210.547248794,2.3991109895995604,-0.050542667508125305,1.2603338338779524,0.019875410813838243,-0.050542667508125305,4.9934282302856445,0.019875410813838243,-0.050542667508125305,4.9934282302856445,-0.2584494332677039,165.7391387593135,-0.0020917797940925784,-0.5,-0.5020917797940926,0.7605412130617966,0.7605412130617966,0.7605412130617966,0.7605412130617966,0.7605412130617966,0.9531149512713124,0.9531149512713124,0.9531149512713124,0.9531149512713124,1.0
14450,1210.700739809,1.4595321314043292,0.18149614334106445,1.2603338338779524,0.003476666156202554,0.18149614334106445,-2.960209369659424,0.003476666156202554,0.18149614334106445,-2.960209369659424,-0.6260339469735626,165.77068691418495,-0.0003658540768844092,0.5,0.4996341459231156,0.126399801050447,0.126399801050447,0.126399801050447,0.126399801050447,0.126399801050447,-0.9700632477431598,-0.9700632477431598,-0.9700632477431598,-0.9700632477431598,1.0
14500,1210.781434102,2.422465967692773,-0.010806996375322342,1.2603338338779524,0.020283032078295953,-0.010806996375322342,12.174393653869629,0.020283032078295953,-0.010806996375322342,12.174393653869629,-0.3281792826524734,165.7377902402446,-0.002134691278378242,-0.5,-0.5021346912783783,0.8303139739308517,0.8303139739308517,0.8303139739308517,0.8303139739308517,0.8303139739308517,0.8038523115792827,0.8038523115792827,0.8038523115792827,0.8038523115792827,1.0
14550,1210.838500269,2.3013223174788418,-0.243068665266037,1.2603338338779524,0.01816867651417852,-0.243068665266037,1.691834807395935,0.01816867651417852,-0.243068665266037,1.691834807395935,0.24095671669862018,165.74448784338668,-0.0019121141958750028,-0.5,-0.501912114195875,0.2609553974972548,0.2609553974972548,0.2609553974972548,0.2609553974972548,0.2609553974972548,0.6098773819466279,0.6098773819466279,0.6098773819466279,0.6098773819466279,1.0
14600,1210.98357934,1.8521481602044698,0.10760533064603806,1.2603338338779524,0.01032910855486989,0.10760533064603806,-1.1033903360366821,0.01032910855486989,0.10760533064603806,-1.1033903360366821,-0.4396539614318037,165.76289302084336,-0.001086979422038122,0.5,0.4989130205779619,-0.0592590591461582,-0.0592590591461582,-0.0592590591461582,-0.0592590591461582,-0.0592590591461582,-1.2708412045776554,-1.2708412045776554,-1.2708412045776554,-1.2708412045776554,1.0
14650,1211.147311905,1.800698693064291,-0.2764107286930084,1.2603338338779524,0.009431145954877138,-0.2764107286930084,-0.12961313128471375,0.009431145954877138,-0.2764107286930084,-0.12961313128471375,0.6544401745872402,165.76435484886852,-0.0009924768857798591,0.49442861839063773,0.4934361415048579,-1.1478763160920982,-1.1478763160920982,-1.1478763160920982,-1.1478763160920982,-1.1478763160920982,0.5584334013168868,0.5584334013168868,0.5584334013168868,0.5584334013168868,1.0
14700,1211.309328205,1.3978286293292572,0.19442422688007355,1.2603338338779524,0.0023997368849813933,0.19442422688007355,1.3541840314865112,0.0023997368849813933,0.19442422688007355,1.3541840314865112,-0.6790436653046198,165.7712082897717,-0.0002525268887184771,-0.5,-0.5002525268887185,1.1792961921933383,1.1792961921933383,1.1792961921933383,1.1792961921933383,1.1792961921933383,-0.6547596610099529,-0.6547596610099529,-0.6547596610099529,-0.6547596610099529,1.0
14750,1211.463649024,1.3009359926502795,-0.30230391025543213,1.2603338338779524,0.0007086413539946074,-0.30230391025543213,-9.128891944885254,0.0007086413539946074,-0.30230391025543213,-9.128891944885254,0.8343011782150082,165.77164135603877,-7.457096098438755e-05,0.5,0.4999254290390156,-1.3342266072540236,-1.3342266072540236,-1.3342266072540236,-1.3342266072540236,-1.3342266072540236,0.4164397128233387,0.4164397128233387,0.4164397128233387,0.4164397128233387,1.0
14800,1211.567532969,0.06931292644995468,-0.04707283526659012,1.2603338338779524,-0.020787236294709147,-0.04707283526659012,-20.948240280151367,-0.020787236294709147,-0.04707283526659012,-20.948240280151367,0.4746557940951024,165.7360843304329,0.002187771307352202,0.5,0.5021877713073521,-0.9768435654024545,-0.9768435654024545,-0.9768435654024545,-0.9768435654024545,-0.9768435654024545,-1.5145903176613515,-1.5145903176613515,-1.5145903176613515,-1.5145903176613515,1.0
14850,1211.625780271,0.5239500544514664,0.25594499707221985,1.2603338338779524,-0.01285232150927186,0.25594499707221985,-6.966692924499512,-0.01285232150927186,0.25594499707221985,-6.966692924499512,-0.5110889868947993,165.75807424336776,0.0013525348162513396,0.5,0.5013525348162513,0.009736452078548008,0.009736452078548008,0.009736452078548008,0.009736452078548008,0.009736452078548008,-1.040716123065291,-1.040716123065291,-1.040716123065291,-1.040716123065291,1.0
14900,1211.713924587,1.8183803452781615,0.1399756669998169,1.2603338338779524,0.009739749003201723,0.1399756669998169,20.127853393554688,0.009739749003201723,0.1399756669998169,20.127853393554688,-0.7202314678235011,165.76386744549788,-0.0010249544113173617,-0.5,-0.5010249544113173,1.2212564222348186,1.2212564222348186,1.2212564222348186,1.2212564222348186,1.2212564222348186,0.4329559233193062,0.4329559233193062,0.4329559233193062,0.4329559233193062,1.0
14950,1211.906502219,-0.008114659104028544,0.004747535102069378,1.2603338338779524,-0.02213860259449575,0.004747535102069378,-25.602296829223633,-0.02213860259449575,0.004747535102069378,-25.602296829223633,0.689200477196124,165.73130561598714,0.002330041719814018,0.5,0.502330041719814,-1.191530518915938,-1.191530518915938,-1.191530518915938,-1.191530518915938,-1.191530518915938,-0.6518654353312693,-0.6518654353312693,-0.6518654353312693,-0.6518654353312693,1.0
15000,1212.103286287,2.3629052240263806,0.19479957222938538,1.2603338338779524,0.019243500996381044,0.19479957222938538,27.20176887512207,0.019243500996381044,0.19479957222938538,27.20176887512207,-1.001567737552981,165.74117517648384,-0.0020252581540126996,-0.5,-0.5020252581540127,1.5035929957069936,1.5035929957069936,1.5035929957069936,1.5035929957069936,1.5035929957069936,0.8317812787806096,0.8317812787806096,0.8317812787806096,0.8317812787806096,1.0
15050,1212.263815723,1.7629036278486139,-0.37729358673095703,1.2603338338779524,0.008771497625857591,-0.37729358673095703,-10.720430374145508,0.008771497625857591,-0.37729358673095703,-10.720430374145508,1.081712288812878,165.76534407028393,-0.0009230558152390076,0.5,0.499076944184761,-1.5807892329976392,-1.5807892329976392,-1.5807892329976392,-1.5807892329976392,-1.5807892329976392,0.9144233419074206,0.9144233419074206,0.9144233419074206,0.9144233419074206,1.0
15100,1212.418680153,0.5519582589993085,0.22760353982448578,1.2603338338779524,-0.012363486122339964,0.22760353982448578,-9.991406440734863,-0.012363486122339964,0.22760353982448578,-9.991406440734863,-0.4381589516882404,165.75908973556503,0.0013010861366987215,0.5,0.5013010861366988,-0.0631421344484584,-0.0631421344484584,-0.0631421344484584,-0.0631421344484584,-0.0631421344484584,-0.8827339686262463,-0.8827339686262463,-0.8827339686262463,-0.8827339686262463,1.0
15150,1212.582365626,2.6431086120842764,-0.18182404339313507,1.2603338338779524,0.02413397269323469,-0.18182404339313507,23.440521240234375,0.02413397269323469,-0.18182404339313507,23.440521240234375,-0.20144668349637976,165.72369953590373,-0.002540127746484547,-0.5,-0.5025401277464846,0.7039868112428643,0.7039868112428643,0.7039868112428643,0.7039868112428643,0.7039868112428643,1.4467739010917195,1.4467739010917195,1.4467739010917195,1.4467739010917195,1.0
15200,1212.646691161,2.2112878310567914,-0.15618501603603363,1.2603338338779524,0.016597278285771608,-0.15618501603603363,14.781489372253418,0.016597278285771608,-0.15618501603603363,14.781489372253418,0.19961990592874268,165.74898845032243,-0.001746705029928527,-0.5,-0.5017467050299286,0.3021267991011859,0.3021267991011859,0.3021267991011859,0.3021267991011859,0.3021267991011859,0.8646543161975059,0.8646543161975059,0.8646543161975059,0.8646543161975059,1.0
15250,1212.717776214,1.2630486131591014,-0.18091712892055511,1.2603338338779524,4.7381836920976084e-05,-0.18091712892055511,-3.681934118270874,4.7381836920976084e-05,-0.18091712892055511,-3.681934118270874,0.678818335174314,165.77168254298724,-4.986032086631364e-06,0.5,0.49999501396791335,-1.1788133491422275,-1.1788133491422275,-1.1788133491422275,-1.1788133491422275,-1.1788133491422275,0.33609271718673805,0.33609271718673805,0.33609271718673805,0.33609271718673805,1.0
15300,1212.884381166,1.957064134724097,0.07199250161647797,1.2603338338779524,0.012160237748175859,0.07199250161647797,14.01463794708252,0.012160237748175859,0.07199250161647797,14.01463794708252,-0.5721675777095143,165.75950036983892,-0.0012796949457184658,-0.5,-0.5012796949457184,1.0734472726552329,1.0734472726552329,1.0734472726552329,1.0734472726552329,1.0734472726552329,-0.40966579369401457,-0.40966579369401457,-0.40966579369401457,-0.40966579369401457,1.0
15350,1213.069330514,0.5264807462606619,-0.009875087067484856,1.2603338338779524,-0.012808152604848147,-0.009875087067484856,-9.542001724243164,-0.012808152604848147,-0.009875087067484856,-9.542001724243164,0.3005257471679599,165.75816761650898,0.001347886125581933,0.5,0.5013478861255819,-0.8018736332935418,-0.8018736332935418,-0.8018736332935418,-0.8018736332935418,-0.8018736332935418,-0.751966062779054,-0.751966062779054,-0.751966062779054,-0.751966062779054,1.0
15400,1213.246716487,1.922700385792705,-0.17808589339256287,1.2603338338779524,0.011560477185994386,-0.17808589339256287,4.5337138175964355,0.011560477185994386,-0.17808589339256287,4.5337138175964355,0.15924686064160332,165.7606724250554,-0.0012165728175323053,-0.5,-0.5012165728175323,0.341969712175929,0.341969712175929,0.341969712175929,0.341969712175929,0.341969712175929,1.112439756089691,1.112439756089691,1.112439756089691,1.112439756089691,1.0
15450,1213.405876757,0.64521115190261,0.15855920314788818,1.2603338338779524,-0.010735916104167699,0.15855920314788818,-4.999051570892334,-0.010735916104167699,0.15855920314788818,-4.999051570892334,-0.15905855951775597,165.7621870357614,0.0011297928426536523,0.5,0.5011297928426537,-0.34207123332489775,-0.34207123332489775,-0.34207123332489775,-0.34207123332489775,-0.34207123332489775,-1.0156534155623893,-1.0156534155623893,-1.0156534155623893,-1.0156534155623893,1.0
15500,1213.534238664,1.9953227990296887,-0.08662709593772888,1.2603338338779524,0.012827977407723665,-0.08662709593772888,6.795539379119873,0.012827977407723665,-0.08662709593772888,6.795539379119873,0.224590378403289,165.75812574659855,-0.0013499726466045428,-0.5,-0.5013499726466045,0.27675959424331553,0.27675959424331553,0.27675959424331553,0.27675959424331553,0.27675959424331553,1.4386271299871505,1.4386271299871505,1.4386271299871505,1.4386271299871505,1.0
15550,1213.592557107,1.306941116312896,-0.19455376267433167,1.2603338338779524,0.0008134505338966876,-0.19455376267433167,-13.055222511291504,0.0008134505338966876,-0.19455376267433167,-13.055222511291504,0.6028008752304812,165.7716282130925,-8.56001288669968e-05,0.5,0.499914399871133,-1.1027152751016143,-1.1027152751016143,-1.1027152751016143,-1.1027152751016143,-1.1027152751016143,0.36005392290268534,0.36005392290268534,0.36005392290268534,0.36005392290268534,1.0
15600,1213.64713856,0.772512484457572,-0.0333094596862793,1.2603338338779524,-0.008514088708907366,-0.0333094596862793,-13.61762809753418,-0.008514088708907366,-0.0333094596862793,-13.61762809753418,0.26437351662582564,165.7657106385592,0.0008959664447777118,0.5,0.5008959664447777,-0.7652694830706034,-0.7652694830706034,-0.7652694830706034,-0.7652694830706034,-0.7652694830706034,-0.703538820111122,-0.703538820111122,-0.703538820111122,-0.703538820111122,1.0
15650,1213.706782385,1.11331219025391,0.21993114054203033,1.2603338338779524,-0.0025660117529332643,0.21993114054203033,2.9208669662475586,-0.0025660117529332643,0.21993114054203033,2.9208669662475586,-0.6214867557047873,165.77114026556617,0.0002700242452281188,-0.5,-0.4997299757547719,1.1212167314595591,1.1212167314595591,1.1212167314595591,1.1212167314595591,1.1212167314595591,-0.6151294370125859,-0.6151294370125859,-0.6151294370125859,-0.6151294370125859,1.0
15700,1213.841388644,1.1711744579727905,-0.22987264394760132,1.2603338338779524,-0.0015561246685683733,-0.22987264394760132,-5.0200653076171875,-0.0015561246685683733,-0.22987264394760132,-5.0200653076171875,0.7289086973668616,165.77148322869604,0.00016375248898815682,0.5,0.5001637524889881,-1.2290724498558498,-1.2290724498558498,-1.2290724498558498,-1.2290724498558498,-1.2290724498558498,0.6340751081586518,0.6340751081586518,0.6340751081586518,0.6340751081586518,1.0
15750,1214.002636123,1.6126716960634793,0.1864524632692337,1.2603338338779524,0.006149455774575471,0.1864524632692337,15.07600212097168,0.006149455774575471,0.1864524632692337,15.07600212097168,-0.8188513140056103,165.76856725074367,-0.0006471206854907423,-0.5,-0.5006471206854908,1.3194984346911012,1.3194984346911012,1.3194984346911012,1.3194984346911012,1.3194984346911012,0.2298305971348161,0.2298305971348161,0.2298305971348161,0.2298305971348161,1.0
15800,1214.162659642,0.9839499014777495,-0.16982582211494446,1.2603338338779524,-0.004823809619992972,-0.16982582211494446,-11.9600830078125,-0.004823809619992972,-0.16982582211494446,-11.9600830078125,0.5779797647018606,165.76976568404902,0.0005076176011264347,0.5,0.5005076176011264,-1.078487382302987,-1.078487382302987,-1.078487382302987,-1.078487382302987,-1.078487382302987,-0.2938495759498968,-0.2938495759498968,-0.2938495759498968,-0.2938495759498968,1.0
15850,1214.337115537,1.938469585038972,-0.03995588421821594,1.2603338338779524,0.011835701633244752,-0.03995588421821594,8.457796096801758,0.011835701633244752,-0.03995588421821594,8.457796096801758,-0.09305664235487138,165.76014193821507,-0.0012455388545026603,-0.5,-0.5012455388545026,0.5943021812093741,0.5943021812093741,0.5943021812093741,0.5943021812093741,0.5943021812093741,1.0474009639117243,1.0474009639117243,1.0474009639117243,1.0474009639117243,1.0
15900,1214.494254742,0.708487571838342,0.17637965083122253,1.2603338338779524,-0.009631534237414597,0.17637965083122253,-3.5296714305877686,-0.009631534237414597,0.17637965083122253,-3.5296714305877686,-0.21302942917212345,165.76404014484905,0.001013565818304125,0.5,0.5010135658183041,-0.2879841366461807,-0.2879841366461807,-0.2879841366461807,-0.2879841366461807,-0.2879841366461807,-0.8440342439935129,-0.8440342439935129,-0.8440342439935129,-0.8440342439935129,1.0
15950,1214.55150854,1.6060524957057964,0.27080342173576355,1.2603338338779524,0.00603392893448472,0.27080342173576355,13.169347763061523,0.00603392893448472,0.27080342173576355,13.169347763061523,-0.8245445217382738,165.76868320875204,-0.0006349632481331934,-0.5,-0.5006349632481332,1.325179484986407,1.325179484986407,1.325179484986407,1.325179484986407,1.325179484986407,-0.16563587902275234,-0.16563587902275234,-0.16563587902275234,-0.16563587902275234,1.0
16000,1214.607190112,1.960203460421364,-0.10606852173805237,1.2603338338779524,0.012215029317885637,-0.10606852173805237,14.208264350891113,0.012215029317885637,-0.10606852173805237,14.208264350891113,0.15240443377933982,165.75939034139904,-0.0012854615592272894,-0.5,-0.5012854615592273,0.34888102777988744,0.34888102777988744,0.34888102777988744,0.34888102777988744,0.34888102777988744,1.3110293743765644,1.3110293743765644,1.3110293743765644,1.3110293743765644,1.0
16050,1214.739773193,1.1725745400309373,-0.1696719080209732,1.2603338338779524,-0.0015316886268556124,-0.1696719080209732,-10.29372501373291,-0.0015316886268556124,-0.1696719080209732,-10.29372501373291,0.538844923140228,165.77148944502946,0.00016118105690200762,0.5,0.500161181056902,-1.0390061041971301,-1.0390061041971301,-1.0390061041971301,-1.0390061041971301,-1.0390061041971301,-0.3079833714878591,-0.3079833714878591,-0.3079833714878591,-0.3079833714878591,1.0
16100,1214.915657268,1.964107553862261,0.14105692505836487,1.2603338338779524,0.012283168602734804,0.14105692505836487,16.342689514160156,0.012283168602734804,0.14105692505836487,16.342689514160156,-0.7547260166044231,165.75925281900282,-0.001292632981902478,-0.5,-0.5012926329819025,1.2560186495863257,1.2560186495863257,1.2560186495863257,1.2560186495863257,1.2560186495863257,0.3557095105339517,0.3557095105339517,0.3557095105339517,0.3557095105339517,1.0
16150,1215.090511136,0.4784589668667716,-0.04229629039764404,1.2603338338779524,-0.0136462907679379,-0.04229629039764404,-18.70878028869629,-0.0136462907679379,-0.04229629039764404,-18.70878028869629,0.532810664982791,165.75634097152584,0.0014360994348522008,0.5,0.5014360994348522,-1.0342467644176432,-1.0342467644176432,-1.0342467644176432,-1.0342467644176432,-1.0342467644176432,-0.8315457882116348,-0.8315457882116348,-0.8315457882116348,-0.8315457882116348,1.0
16200,1215.190103867,1.2718154811239302,0.3063071370124817,1.2603338338779524,0.00020039254799485498,0.3063071370124817,8.247991561889648,0.00020039254799485498,0.3063071370124817,8.247991561889648,-0.9348976268898984,165.77167941956412,-2.1087483129941384e-05,-0.5,-0.5000210874831299,1.4349187143730284,1.4349187143730284,1.4349187143730284,1.4349187143730284,1.4349187143730284,-0.5084020516077975,-0.5084020516077975,-0.5084020516077975,-0.5084020516077975,1.0
16250,1215.249480564,2.2088629004580254,0.15958158671855927,1.2603338338779524,0.01655495526269079,0.15958158671855927,23.847789764404297,0.01655495526269079,0.15958158671855927,23.847789764404297,-0.6935519593448112,165.74910404082902,-0.001742250128366807,-0.5,-0.5017422501283668,1.195294209473178,1.195294209473178,1.195294209473178,1.195294209473178,1.195294209473178,0.8867536576104226,0.8867536576104226,0.8867536576104226,0.8867536576104226,1.0
16300,1215.395395578,1.9120881928132092,-0.2021644115447998,1.2603338338779524,0.011375259477645158,-0.2021644115447998,7.9037604331970215,0.011375259477645158,-0.2021644115447998,7.9037604331970215,0.4347130853326854,165.76102240105413,-0.0011970796559787886,-0.5,-0.5011970796559788,0.06648399432329344,0.06648399432329344,0.06648399432329344,0.06648399432329344,0.06648399432329344,1.0709615729919117,1.0709615729919117,1.0709615729919117,1.0709615729919117,1.0
16350,1215.55299536,0.34816635830088766,0.09273003041744232,1.2603338338779524,-0.01592032577842474,0.09273003041744232,-17.567100524902344,-0.01592032577842474,0.09273003041744232,-17.567100524902344,0.06758510398667861,165.75080191950002,0.0016754500595378143,0.5,0.5016754500595378,-0.5692605540462164,-0.5692605540462164,-0.5692605540462164,-0.5692605540462164,-0.5692605540462164,-0.8016048510695407,-0.8016048510695407,-0.8016048510695407,-0.8016048510695407,1.0
16400,1215.710743137,2.514366803305529,0.09095460921525955,1.2603338338779524,0.021887004245072603,0.09095460921525955,29.107114791870117,0.021887004245072603,0.09095460921525955,29.107114791870117,-0.7854065266797486,165.73221811130404,-0.0023035530883664976,-0.5,-0.5023035530883665,1.2877100797681151,1.2877100797681151,1.2877100797681151,1.2877100797681151,1.2877100797681151,1.0274565767443287,1.0274565767443287,1.0274565767443287,1.0274565767443287,1.0
16450,1215.869414476,1.4046018291083826,-0.32226261496543884,1.2603338338779524,0.002517951522022485,-0.32226261496543884,-9.864757537841797,0.002517951522022485,-0.32226261496543884,-9.864757537841797,1.0418155604273514,165.7711603954084,-0.00026496679276833877,0.5,0.49973503320723167,-1.541550593634583,-1.541550593634583,-1.541550593634583,-1.541550593634583,-1.541550593634583,0.8372365606989911,0.8372365606989911,0.8372365606989911,0.8372365606989911,1.0
16500,1216.060942266,1.6161673655363507,0.4868663549423218,1.2603338338779524,0.006210466716438531,0.4868663549423218,16.279808044433594,0.006210466716438531,0.4868663549423218,16.279808044433594,-1.6073203078493603,165.7685051247578,-0.0006535411631810031,-0.5,-0.500653541163181,2.1079738490125415,2.1079738490125415,2.1079738490125415,2.1079738490125415,2.1079738490125415,-0.34070785526596326,-0.34070785526596326,-0.34070785526596326,-0.34070785526596326,1.0
16550,1216.160751816,3.4552716786950946,0.036075931042432785,1.2603338338779524,0.038308892268687486,0.036075931042432785,33.72827911376953,0.038308892268687486,0.036075931042432785,33.72827911376953,-0.732246026427877,165.6507904235846,-0.004033233549786467,-0.5,-0.5040332335497865,1.2362792599776635,1.2362792599776635,1.2362792599776635,1.2362792599776635,1.2362792599776635,1.0298377463012685,1.0298377463012685,1.0298377463012685,1.0298377463012685,1.0
16600,1216.220031316,3.4900533498263266,-0.12526021897792816,1.2603338338779524,0.03891594694927335,-0.12526021897792816,21.75813102722168,0.03891594694927335,-0.12526021897792816,21.75813102722168,-0.2509867008180938,165.6469291597467,-0.004097208918567127,-0.5,-0.5040972089185671,0.755083909736661,0.755083909736661,0.755083909736661,0.755083909736661,0.755083909736661,1.3287731788049804,1.3287731788049804,1.3287731788049804,1.3287731788049804,1.0
16650,1216.275108512,2.532460187860304,-0.40839868783950806,1.2603338338779524,0.02220279337838292,-0.40839868783950806,-1.9782075881958008,0.02220279337838292,-0.40839868783950806,-1.9782075881958008,0.9110697352212035,165.7310711396384,-0.0023367998633747563,0.5,0.49766320013662524,-1.4087329353578286,-1.4087329353578286,-1.4087329353578286,-1.4087329353578286,-1.4087329353578286,0.8054980947088161,0.8054980947088161,0.8054980947088161,0.8054980947088161,1.0
16700,1216.391548793,0.5203713021306441,0.106153205037117,1.2603338338779524,-0.012914782520383597,0.106153205037117,-27.011566162109375,-0.012914782520383597,0.106153205037117,-27.011566162109375,0.29227533127347544,165.7579416520192,0.0013591087242501407,0.5,0.5013591087242502,-0.7936344399977255,-0.7936344399977255,-0.7936344399977255,-0.7936344399977255,-0.7936344399977255,-0.9148521989709724,-0.9148521989709724,-0.9148521989709724,-0.9148521989709724,1.0
16750,1216.577976936,2.9964532943126647,0.1591707170009613,1.2603338338779524,0.03030100079253316,0.1591707170009613,32.10997772216797,0.03030100079253316,0.1591707170009613,32.10997772216797,-0.9459801130149894,165.69604590165991,-0.00318956817274137,-0.5,-0.5031895681727414,1.4491696811877308,1.4491696811877308,1.4491696811877308,1.4491696811877308,1.4491696811877308,1.2496356074821524,1.2496356074821524,1.2496356074821524,1.2496356074821524,1.0
16800,1216.760874953,2.060894749495927,-0.2383487969636917,1.2603338338779524,0.01397242384031415,-0.2383487969636917,11.406686782836914,0.01397242384031415,-0.2383487969636917,11.406686782836914,0.5053173264941234,165.75559891484363,-0.0014704251894338658,-0.5,-0.5014704251894339,-0.003846901304689565,-0.003846901304689565,-0.003846901304689565,-0.003846901304689565,-0.003846901304689565,0.7660419854593674,0.7660419854593674,0.7660419854593674,0.7660419854593674,1.0
16850,1216.9475027,0.5963116398395202,0.23255422711372375,1.2603338338779524,-0.011589373592287303,0.23255422711372375,-3.942241668701172,-0.011589373592287303,0.23255422711372375,-3.942241668701172,-0.4319602480121332,165.7606173144839,0.0012196140153567091,0.5,0.5012196140153568,-0.06925936600322358,-0.06925936600322358,-0.06925936600322358,-0.06925936600322358,-0.06925936600322358,-0.7888842534518438,-0.7888842534518438,-0.7888842534518438,-0.7888842534518438,1.0
16900,1217.117497783,2.3033835405043046,-0.22549648582935333,1.2603338338779524,0.01820465164259076,-0.22549648582935333,11.992383003234863,0.01820465164259076,-0.22549648582935333,11.992383003234863,0.3747429971730314,165.74438004456005,-0.001915901131136992,-0.5,-0.501915901131137,0.12717290395810565,0.12717290395810565,0.12717290395810565,0.12717290395810565,0.12717290395810565,1.2373824124672614,1.2373824124672614,1.2373824124672614,1.2373824124672614,1.0
16950,1217.188388707,1.1177234252406805,-0.27103930711746216,1.2603338338779524,-0.002489021178334952,-0.27103930711746216,-14.907721519470215,-0.002489021178334952,-0.27103930711746216,-14.907721519470215,0.9000135418903319,165.77117232926855,0.0002619224085260397,0.5,0.5002619224085261,-1.400275464298858,-1.400275464298858,-1.400275464298858,-1.400275464298858,-1.400275464298858,0.13944121872534837,0.13944121872534837,0.13944121872534837,0.13944121872534837,1.0
17000,1217.34852757,1.5232406141659174,0.3594680726528168,1.2603338338779524,0.004588588941842317,0.3594680726528168,13.662581443786621,0.004588588941842317,0.3594680726528168,13.662581443786621,-1.2058375430153037,165.76994808486785,-0.00048286458033472304,-0.5,-0.5004828645803348,1.7063204075956384,1.7063204075956384,1.7063204075956384,1.7063204075956384,1.7063204075956384,-0.4327171607565332,-0.4327171607565332,-0.4327171607565332,-0.4327171607565332,1.0
17050,1217.540387724,2.127578953579819,-0.3359205722808838,1.2603338338779524,0.015136282760649919,-0.3359205722808838,14.225235939025879,0.015136282760649919,-0.3359205722808838,14.225235939025879,0.5719246597619059,165.7528079107582,-0.001592924806253449,-0.5,-0.5015929248062535,-0.07033173495565237,-0.07033173495565237,-0.07033173495565237,-0.07033173495565237,-0.07033173495565237,0.5828345466259481,0.5828345466259481,0.5828345466259481,0.5828345466259481,1.0
17100,1217.704833431,0.02532144224910125,0.07694555073976517,1.2603338338779524,-0.021555032536853105,0.07694555073976517,-11.66844654083252,-0.021555032536853105,0.07694555073976517,-11.66844654083252,0.10289925953619758,165.7334061475224,0.0022686030774849856,0.5,0.502268603077485,-0.6051678626136826,-0.6051678626136826,-0.6051678626136826,-0.6051678626136826,-0.6051678626136826,-1.0641493169483098,-1.0641493169483098,-1.0641493169483098,-1.0641493169483098,1.0
