tick,time_s,euler_roll_deg,gyro_roll_rad_s,roll_offset_deg,roll_rad,rolldot_rad_s,vel_roll_raw_rad_s,roll_f_rad,rolldot_f_rad_s,vel_roll_f_rad_s,tau_fb_roll_nm,denom_roll,tau_ff_roll_g_nm,tau_ff_roll_f_nm,tau_ff_roll_nm,tau_roll_total_nm,tau_motor1_raw_nm,tau_motor1_sat_nm,tau_motor1_ramped_nm,tau_motor1_final_nm,tau_motor2_raw_nm,tau_motor2_sat_nm,tau_motor2_ramped_nm,tau_motor2_final_nm,ramp_scale
50,1640.971154663,0.5005907541291699,0.01162995956838131,1.2207835850691795,-0.012569736149162056,0.01162995956838131,-0.051464568823575974,-0.012569736149162056,0.01162995956838131,-0.051464568823575974,0.1796380952334922,165.7586660791827,0.00132279335019695,0.38681198961861324,0.3881347829688102,-0.5677728782023024,-0.5677728782023024,-0.5677728782023024,-0.01883729469721434,-0.01883729469721434,-1.0296746929341691,-1.0296746929341691,-0.034162050315748906,-0.034162050315748906,0.03317751766667243
100,1641.07153267,0.5331844702093236,0.016060572117567062,1.2207835850691795,-0.012000868488103153,0.016060572117567062,0.0074220504611730576,-0.012000868488103153,0.016060572117567062,0.0074220504611730576,0.15273657223112502,165.75981759190438,0.0012629219536709532,-0.07368012396365929,-0.07241720200998834,-0.08031937022113668,-0.08031937022113668,-0.08031937022113668,-0.005350312896662199,-0.005350312896662199,-0.864303838989273,-0.864303838989273,-0.05757385750967997,-0.05757385750967997,0.06661298366672479
150,1641.171495238,0.6450797241219401,0.005977736320346594,1.2207835850691795,-0.010047927889972927,0.005977736320346594,-0.19393189251422882,-0.010047927889972927,0.005977736320346594,-0.19393189251422882,0.13427211354382754,165.76336505295265,0.0010573874909745571,0.49957256282058654,0.5006299503115611,-0.6349020638553886,-0.6349020638553886,-0.6349020638553886,-0.06344878876104733,-0.06344878876104733,-1.0001077908072211,-1.0001077908072211,-0.09994553738237391,-0.09994553738237391,0.09993476533334918
200,1641.271290216,0.7409114936845974,0.010766656138002872,1.2207835850691795,-0.008375347983092071,0.010766656138002872,-0.6768273711204529,-0.008375347983092071,0.010766656138002872,-0.6768273711204529,0.11499127240964421,165.7659036871102,0.0008813656052118697,0.49999999999825295,0.5008813656034649,-0.6158726380131091,-0.6158726380131091,-0.6158726380131091,-0.08203493029299143,-0.08203493029299143,-0.8378388041035236,-0.8378388041035236,-0.11160107406806546,-0.11160107406806546,0.13320112833336376
250,1641.371347247,0.743526602363066,0.0024966909550130367,1.2207835850691795,-0.008329705726355316,0.0024966909550130367,-0.8493252992630005,-0.008329705726355316,0.0024966909550130367,-0.8493252992630005,0.13576992311435523,165.76596650198772,0.000876562298608822,0.4999999999999982,0.500876562298607,-0.6366464854129622,-0.6366464854129622,-0.6366464854129622,-0.10603542728690388,-0.10603542728690388,-0.8167658034010883,-0.8167658034010883,-0.136034852844257,-0.136034852844257,0.16655307100002878
300,1641.471297928,0.6893341739408924,0.0008607963100075722,1.2207835850691795,-0.009275542031973602,0.0008607963100075722,0.7959976196289062,-0.009275542031973602,0.0008607963100075722,0.7959976196289062,0.14246556055190357,165.7645946568827,0.0009761011294045325,-0.4999999999999851,-0.4990238988705806,0.356558338318677,0.356558338318677,0.356558338318677,0.07127321926501826,0.07127321926501826,-0.5228977403065045,-0.5228977403065045,-0.10452316295219813,-0.10452316295219813,0.1998921680000573
350,1641.571128943,0.678805757500435,-0.00763762928545475,1.2207835850691795,-0.009459297563880684,-0.00763762928545475,-0.19368945062160492,-0.009459297563880684,-0.00763762928545475,-0.19368945062160492,0.15419538585200898,165.76431103702774,0.0009954395660913367,0.4995683993069117,0.500563838873003,-0.654759224725012,-0.654759224725012,-0.654759224725012,-0.1526727386370502,-0.1526727386370502,-0.8109310897749793,-0.8109310897749793,-0.1890879359109001,-0.1890879359109001,0.2331738643333665
400,1641.671127327,0.6466925025397093,-0.015323706902563572,1.2207835850691795,-0.010019779596477749,-0.015323706902563572,-0.3072907626628876,-0.010019779596477749,-0.015323706902563572,-0.3072907626628876,0.18022882851925653,165.7634115896037,0.001054425125927749,0.49999541002094233,0.5010498351468701,-0.6812786636661265,-0.6812786636661265,-0.6812786636661265,-0.18156316832651412,-0.18156316832651412,-1.0582125399884839,-1.0582125399884839,-0.28201737669171345,-0.28201737669171345,0.26650352933332516
450,1641.771415097,0.6087763081879703,0.0065079182386398315,1.2207835850691795,-0.010681542027741672,0.0065079182386398315,1.42825186252594,-0.010681542027741672,0.0065079182386398315,1.42825186252594,0.15264203886791083,165.76228297673038,0.0011240703608253562,-0.5,-0.49887592963917465,0.3462338907712638,0.3462338907712638,0.3462338907712638,0.1038463055995249,0.1038463055995249,-0.3687137971254911,-0.3687137971254911,-0.1105887282431015,-0.1105887282431015,0.29993108233338717
500,1641.871105855,0.6569035286271727,0.01886502467095852,1.2207835850691795,-0.009841563571244478,0.01886502467095852,0.768959641456604,-0.009841563571244478,0.01886502467095852,0.768959641456604,0.12090702065651884,165.76370319852813,0.0010356694650337727,-0.49999999999995615,-0.4989643305349224,0.3780573098784036,0.3780573098784036,0.3780573098784036,0.12595620867058083,0.12595620867058083,-0.4469840531347624,-0.4469840531347624,-0.14892032291922172,-0.14892032291922172,0.33316697066667683
550,1641.971168831,0.6660335171959227,-0.012798079289495945,1.2207835850691795,-0.009682215210050346,-0.012798079289495945,-4.081470489501953,-0.009682215210050346,-0.012798079289495945,-4.081470489501953,0.16166977802061852,165.76395950357784,0.0010188995142001145,0.5,0.5010188995142001,-0.6626886775348186,-0.6626886775348186,-0.6626886775348186,-0.2428877130721709,-0.2428877130721709,-0.6750338737262321,-0.6750338737262321,-0.2474124568500698,-0.2474124568500698,0.3665185800000472
600,1642.071401879,0.7891355640717964,0.03681226447224617,1.2207835850691795,-0.007533679176121952,0.03681226447224617,3.748018741607666,-0.007533679176121952,0.03681226447224617,3.748018741607666,0.03730194075686462,165.76700683272742,0.0007927905026532055,-0.5,-0.4992072094973468,0.4619052687404822,0.4619052687404822,0.4619052687404822,0.18472878072313817,0.18472878072313817,-0.7871083283898487,-0.7871083283898487,-0.3147865409653443,-0.3147865409653443,0.39992784933338044
650,1642.171208413,0.8460186067792791,-0.02620084024965763,1.2207835850691795,-0.006540882792323829,-0.02620084024965763,0.503280520439148,-0.006540882792323829,-0.02620084024965763,0.503280520439148,0.16326618625135642,165.76815801489346,0.0006883125363696022,-0.4999999981923186,-0.499311685655949,0.3360454994045926,0.3360454994045926,0.3360454994045926,0.14556851595630002,0.14556851595630002,-0.2552560193356955,-0.2552560193356955,-0.11057205047960839,-0.11057205047960839,0.4331809716666915
700,1642.319332657,0.9566359749868686,0.07965263724327087,1.2207835850691795,-0.004610245507210495,0.07965263724327087,2.0406126976013184,-0.004610245507210495,0.07965263724327087,2.0406126976013184,-0.0815924880698673,165.76993167241721,0.0004851435673981235,-0.5,-0.49951485643260185,0.5811073445024691,0.5811073445024691,0.5811073445024691,0.28037887973901265,0.28037887973901265,-0.049582448004079155,-0.049582448004079155,-0.023923069218827416,-0.023923069218827416,0.4824906833333292
750,1642.471494549,1.5975769779977511,0.10620478540658951,1.2207835850691795,0.006576285306364296,0.10620478540658951,2.4501309394836426,0.006576285306364296,0.10620478540658951,2.4501309394836426,-0.2738479417520471,165.76811975677077,-0.0006920381326476214,-0.5,-0.5006920381326476,0.7745399798846947,0.7745399798846947,0.7745399798846947,0.4129816952777244,0.4129816952777244,0.36681395462094246,0.36681395462094246,0.19558376941811956,0.19558376941811956,0.5331960983333678
800,1642.642222543,2.251916784447789,0.0830170288681984,1.2207835850691795,0.017996669355779885,0.0830170288681984,4.014293193817139,0.017996669355779885,0.0830170288681984,4.014293193817139,-0.4287144854331107,165.7450003129264,-0.001894007866060696,-0.5,-0.5018940078660606,0.9306084932991714,0.9306084932991714,0.9306084932991714,0.5491552002914296,0.5491552002914296,0.6686106064470942,0.6686106064470942,0.39454936651044553,0.39454936651044553,0.5901033616667064
850,1642.821499401,2.82847418318631,0.017788629978895187,1.2207835850691795,0.028059494290500878,0.017788629978895187,4.743182182312012,0.028059494290500878,0.017788629978895187,4.743182182312012,-0.49024912196823367,165.70682170920597,-0.002953493247763265,-0.5,-0.5029534932477633,0.993202615215997,0.993202615215997,0.993202615215997,0.645334895330826,0.645334895330826,0.8328456205389924,0.8328456205389924,0.5411426964883518,0.5411426964883518,0.6497515063333594
900,1642.982554042,2.6575397345834553,0.0019033444114029408,1.2207835850691795,0.02507612535730004,0.0019033444114029408,7.26839542388916,0.02507612535730004,0.0019033444114029408,7.26839542388916,-0.3716233514664223,165.71988023167012,-0.0026393308045408277,-0.5,-0.5026393308045408,0.8742626822709632,0.8742626822709632,0.8742626822709632,0.6151720941520252,0.6151720941520252,0.8062828223297882,0.8062828223297882,0.5673382867069389,0.5673382867069389,0.7036467490000481
950,1643.067711476,2.603239730681854,0.03184540942311287,1.2207835850691795,0.02412841150537133,0.03184540942311287,7.377208232879639,0.02412841150537133,0.03184540942311287,7.377208232879639,-0.42015267224293007,165.72372164580332,-0.0025395422000064824,-0.5,-0.5025395422000065,0.9226922144429366,0.9226922144429366,0.9226922144429366,0.675086775414836,0.675086775414836,0.8124459373550277,0.8124459373550277,0.5944252042692503,0.5944252042692503,0.7316489343333311
1000,1643.269595639,2.1000769834433513,-0.006139233708381653,1.2207835850691795,0.015346564892679451,-0.006139233708381653,8.899737358093262,0.015346564892679451,-0.006139233708381653,8.899737358093262,-0.2005599077826487,165.75227983811058,-0.0016150580734161492,-0.5,-0.5016150580734161,0.7021749658560648,0.7021749658560648,0.7021749658560648,0.5612021314711875,0.5612021314711875,1.0455702531149385,1.0455702531149385,0.835655332621546,0.835655332621546,0.7992340353333324
1050,1643.441185369,1.7810633933043853,0.05739409849047661,1.2207835850691795,0.009778727386146782,0.05739409849047661,8.657466888427734,0.009778727386146782,0.05739409849047661,8.657466888427734,-0.23231758919957324,165.76380476745618,-0.0010290565277486302,-0.5,-0.5010290565277487,0.7333466457273219,0.7333466457273219,0.7333466457273219,0.6280707563276064,0.6280707563276064,0.5892134062717056,0.5892134062717056,0.504628625318669,0.504628625318669,0.8564445749999928
1100,1643.593321542,1.6998329140007757,-0.022413529455661774,1.2207835850691795,0.008360988069325684,-0.022413529455661774,8.940752983093262,0.008360988069325684,-0.022413529455661774,8.940752983093262,-0.0769523270887743,165.76592348686137,-0.0008798543940796786,-0.5,-0.5008798543940797,0.577832181482854,0.577832181482854,0.577832181482854,0.5241839036523812,0.5241839036523812,0.8193868543134624,0.8193868543134624,0.7433116632466766,0.7433116632466766,0.9071559536666882
1150,1643.751870395,1.4191551479606817,0.046562422066926956,1.2207835850691795,0.003462236914783718,0.046562422066926956,8.394176483154297,0.003462236914783718,0.046562422066926956,8.394176483154297,-0.12004497382261872,165.77069516289487,-0.00036433565709533905,-0.5,-0.5003643356570954,0.6204093094797141,0.6204093094797141,0.6204093094797141,0.5954832121304697,0.5954832121304697,0.9855721876854477,0.9855721876854477,0.9459749928665031,0.9459749928665031,0.9598231410000153
1200,1643.892364049,1.193071724286734,0.040168263018131256,1.2207835850691795,-0.00048366321250796485,0.040168263018131256,7.807297229766846,-0.00048366321250796485,0.040168263018131256,7.807297229766846,-0.054016342670001674,165.7716634554186,5.089630622100146e-05,-0.5,-0.499949103693779,0.5539654463637806,0.5539654463637806,0.5539654463637806,0.5539654463637806,0.5539654463637806,0.8629207146331073,0.8629207146331073,0.8629207146331073,0.8629207146331073,1.0
1250,1643.951839468,1.1851475309107555,0.0327322781085968,1.2207835850691795,-0.0006219664774835126,0.0327322781085968,7.5920000076293945,-0.0006219664774835126,0.0327322781085968,7.5920000076293945,-0.06537259730681365,165.77165085761936,6.545008402018269e-05,-0.5,-0.4999345499159798,0.5653071472227934,0.5653071472227934,0.5653071472227934,0.5653071472227934,0.5653071472227934,1.0961841823498977,1.0961841823498977,1.0961841823498977,1.0961841823498977,1.0
1300,1644.037311512,1.2562326179759575,0.010972059331834316,1.2207835850691795,0.000618702340871094,0.010972059331834316,7.8169121742248535,0.000618702340871094,0.010972059331834316,7.8169121742248535,-0.05305198475730895,165.77165119125831,-6.510659594254687e-05,-0.5,-0.5000651065959425,0.5531170913532515,0.5531170913532515,0.5531170913532515,0.5531170913532515,0.5531170913532515,1.0750027961668656,1.0750027961668656,1.0750027961668656,1.0750027961668656,1.0
1350,1644.190705599,1.3901962130968852,0.042456820607185364,1.2207835850691795,0.0029568081535398943,0.042456820607185364,6.817856788635254,0.0029568081535398943,0.042456820607185364,6.817856788635254,-0.14176359341494446,165.77096245258502,-0.00031114840305706507,-0.5,-0.500311148403057,0.6420747418180015,0.6420747418180015,0.6420747418180015,0.6420747418180015,0.6420747418180015,0.5189541243284145,0.5189541243284145,0.5189541243284145,0.5189541243284145,1.0
1400,1644.343067903,1.4232692697185565,0.09333817660808563,1.2207835850691795,0.0035340418852865714,0.09333817660808563,8.479869842529297,0.0035340418852865714,0.09333817660808563,8.479869842529297,-0.18372101387632156,165.77065377500247,-0.0003718918484876148,-0.5,-0.5003718918484876,0.6840929057248092,0.6840929057248092,0.6840929057248092,0.6840929057248092,0.6840929057248092,0.943632389069964,0.943632389069964,0.943632389069964,0.943632389069964,1.0
1450,1644.492331328,1.434105685001899,-0.07290327548980713,1.2207835850691795,0.00372317301109433,-0.07290327548980713,7.012370586395264,0.00372317301109433,-0.07290327548980713,7.012370586395264,0.0942118634061824,165.77054069531002,-0.0003917945417863232,-0.5,-0.5003917945417863,0.4061799311356039,0.4061799311356039,0.4061799311356039,0.4061799311356039,0.4061799311356039,0.840914115915653,0.840914115915653,0.840914115915653,0.840914115915653,1.0
1500,1644.64456943,0.8089743821246274,-0.16715121269226074,1.2207835850691795,-0.0071874264813959615,-0.16715121269226074,2.410997152328491,-0.0071874264813959615,-0.16715121269226074,2.410997152328491,0.44285403733827455,165.76742676789797,0.0007563520725525518,-0.5,-0.49924364792744746,0.05638961058917291,0.05638961058917291,0.05638961058917291,0.05638961058917291,0.05638961058917291,0.06278680201487952,0.06278680201487952,0.06278680201487952,0.06278680201487952,1.0
1550,1644.790060169,0.3524354933364101,0.24483254551887512,1.2207835850691795,-0.015155533254146578,0.24483254551887512,-7.614706516265869,-0.015155533254146578,0.24483254551887512,-7.614706516265869,-0.24720450241022626,165.75275987074096,0.0015949510130659026,0.5,0.501594951013066,-0.25439044860283966,-0.25439044860283966,-0.25439044860283966,-0.25439044860283966,-0.25439044860283966,-0.8585673357976847,-0.8585673357976847,-0.8585673357976847,-0.8585673357976847,1.0
1600,1644.843588331,1.1671038786708745,0.1988915503025055,1.2207835850691795,-0.000936887618154289,0.1988915503025055,-4.776317119598389,-0.000936887618154289,0.1988915503025055,-4.776317119598389,-0.3875565772786985,165.77161041308685,9.858953092970099e-05,0.5,0.5000985895309297,-0.11254201225223115,-0.11254201225223115,-0.11254201225223115,-0.11254201225223115,-0.11254201225223115,-0.7439352602629564,-0.7439352602629564,-0.7439352602629564,-0.7439352602629564,1.0
1650,1644.907643782,2.082754983377964,0.23870708048343658,1.2207835850691795,0.015044238958507775,0.23870708048343658,-1.0767552852630615,0.015044238958507775,0.23870708048343658,-1.0767552852630615,-0.6913330614995412,165.75303676417008,-0.001583236770561201,0.5,0.4984167632294388,0.19291629827010243,0.19291629827010243,0.19291629827010243,0.19291629827010243,0.19291629827010243,-0.5241610961601602,-0.5241610961601602,-0.5241610961601602,-0.5241610961601602,1.0
1700,1644.974012341,2.9060941604616275,0.11104139685630798,1.2207835850691795,0.029414218459278343,0.11104139685630798,15.155263900756836,0.029414218459278343,0.11104139685630798,15.155263900756836,-0.6833530542947484,165.7004079462574,-0.003096168801490237,-0.5,-0.5030961688014902,1.1864492230962385,1.1864492230962385,1.1864492230962385,1.1864492230962385,1.1864492230962385,0.7060262824505666,0.7060262824505666,0.7060262824505666,0.7060262824505666,1.0
1750,1645.09728066,2.5194106845641717,-0.28293073177337646,1.2207835850691795,0.022665318641811608,-0.28293073177337646,13.50713062286377,0.022665318641811608,-0.28293073177337646,13.50713062286377,0.14244377978634576,165.72936155974125,-0.0023854960840564337,-0.5,-0.5023854960840565,0.3599417162977107,0.3599417162977107,0.3599417162977107,0.3599417162977107,0.3599417162977107,0.5438046001301936,0.5438046001301936,0.5438046001301936,0.5438046001301936,1.0
1800,1645.248822787,-0.06502088626832891,-0.06360041350126266,1.2207835850691795,-0.022441521561704578,-0.06360041350126266,-17.328514099121094,-0.022441521561704578,-0.06360041350126266,-17.328514099121094,0.5680017827824846,165.73019315610784,0.002361933847100681,0.5,0.5023619338471007,-1.0703637166295854,-1.0703637166295854,-1.0703637166295854,-1.0703637166295854,-1.0703637166295854,-0.8615175255617611,-0.8615175255617611,-0.8615175255617611,-0.8615175255617611,1.0
1850,1645.398542064,1.2268242780091156,0.3801407516002655,1.2207835850691795,0.00010542998090386224,0.3801407516002655,4.262076377868652,0.00010542998090386224,0.3801407516002655,4.262076377868652,-0.7725845341844484,165.77168181218838,-1.1094489014779746e-05,-0.5,-0.5000110944890148,1.2725956286734632,1.2725956286734632,1.2725956286734632,1.2725956286734632,1.2725956286734632,-0.7773200437060863,-0.7773200437060863,-0.7773200437060863,-0.7773200437060863,1.0
1900,1645.548744391,2.9350705976851716,-0.1947837471961975,1.2207835850691795,0.029919952694326638,-0.1947837471961975,20.435592651367188,0.029919952694326638,-0.1947837471961975,20.435592651367188,-0.14303929209438188,165.69793613046787,-0.0031494341009121415,-0.5,-0.5031494341009122,0.6461887261952941,0.6461887261952941,0.6461887261952941,0.6461887261952941,0.6461887261952941,1.0918405766585786,1.0918405766585786,1.0918405766585786,1.0918405766585786,1.0
1950,1645.729307488,0.22501850113280733,-0.15127938985824585,1.2207835850691795,-0.01737937929108739,-0.15127938985824585,-5.852958679199219,-0.01737937929108739,-0.15127938985824585,-5.852958679199219,0.6155781201204811,165.7467993020498,0.0018290297479331258,0.5,0.5018290297479331,-1.1174071498684142,-1.1174071498684142,-1.1174071498684142,-1.1174071498684142,-1.1174071498684142,-0.3248527188163761,-0.3248527188163761,-0.3248527188163761,-0.3248527188163761,1.0
2000,1645.917925472,1.9009848665437072,-0.1384807825088501,1.2207835850691795,0.011871751938015221,-0.1384807825088501,6.01517915725708,0.011871751938015221,-0.1384807825088501,6.01517915725708,-0.06365188946003919,165.7600715279045,-0.0012493329878291736,-0.5,-0.5012493329878291,0.5649012224478683,0.5649012224478683,0.5649012224478683,0.5649012224478683,0.5649012224478683,0.5744370298682399,0.5744370298682399,0.5744370298682399,0.5744370298682399,1.0
2050,1646.073086142,1.0178341497850654,-0.08039894700050354,1.2207835850691795,-0.0035421358607709424,-0.08039894700050354,5.101057052612305,-0.0035421358607709424,-0.08039894700050354,5.101057052612305,0.22413821415711385,165.77064905641194,0.00037274359516289887,-0.5,-0.49962725640483713,0.2754890422477233,0.2754890422477233,0.2754890422477233,0.2754890422477233,0.2754890422477233,0.17154850693053775,0.17154850693053775,0.17154850693053775,0.17154850693053775,1.0
2100,1646.179152533,0.7404909568029656,-0.007419051602482796,1.2207835850691795,-0.008382687736302616,-0.007419051602482796,3.76956844329834,-0.008382687736302616,-0.007419051602482796,3.76956844329834,0.1356563336501817,165.76589355378294,0.000882138027591062,-0.5,-0.4991178619724089,0.3634615283222272,0.3634615283222272,0.3634615283222272,0.3634615283222272,0.3634615283222272,0.3818769573432217,0.3818769573432217,0.3818769573432217,0.3818769573432217,1.0
2150,1646.235492948,0.802263614543384,0.03657686337828636,1.2207835850691795,-0.007304551471024753,0.03657686337828636,3.5408108234405518,-0.007304551471024753,0.03657686337828636,3.5408108234405518,0.03676559225885617,165.7672869296382,0.0007686778788147697,-0.5,-0.4992313221211852,0.46246572986232903,0.46246572986232903,0.46246572986232903,0.46246572986232903,0.46246572986232903,0.14927612086192907,0.14927612086192907,0.14927612086192907,0.14927612086192907,1.0
2200,1646.29035034,0.9189220182675853,0.0006104160565882921,1.2207835850691795,-0.005268478225916626,0.0006104160565882921,1.8521051406860352,-0.005268478225916626,0.0006104160565882921,1.8521051406860352,0.07128476479791163,165.76939596073927,0.0005544116484213431,-0.5,-0.49944558835157865,0.428160823553667,0.428160823553667,0.428160823553667,0.428160823553667,0.428160823553667,0.3531005866038146,0.3531005866038146,0.3531005866038146,0.3531005866038146,1.0
2250,1646.347614136,0.9779030496281726,0.02017374522984028,1.2207835850691795,-0.0042390650324523466,0.02017374522984028,2.0743017196655273,-0.0042390650324523466,0.02017374522984028,2.0743017196655273,0.022996509053566733,165.770202283588,0.0004460831636188664,-0.5,-0.4995539168363811,0.4765574077828144,0.4765574077828144,0.4765574077828144,0.4765574077828144,0.4765574077828144,0.22384178475668431,0.22384178475668431,0.22384178475668431,0.22384178475668431,1.0
2300,1646.498925196,1.1210565575556468,0.057289887219667435,1.2207835850691795,-0.0017405649833381193,0.057289887219667435,3.2137656211853027,-0.0017405649833381193,0.057289887219667435,3.2137656211853027,-0.07006455709606604,165.77143313462776,0.00018316135671525845,-0.5,-0.49981683864328474,0.5698813957393508,0.5698813957393508,0.5698813957393508,0.5698813957393508,0.5698813957393508,0.25127315770789593,0.25127315770789593,0.25127315770789593,0.25127315770789593,1.0
2350,1646.660075702,1.1252810295572997,-0.04837125167250633,1.2207835850691795,-0.001666834037750961,-0.04837125167250633,1.58303701877594,-0.001666834037750961,-0.04837125167250633,1.58303701877594,0.12011663947762441,165.77145383247458,0.00017540256259352844,-0.5,-0.4998245974374065,0.37970795795978207,0.37970795795978207,0.37970795795978207,0.37970795795978207,0.37970795795978207,0.4563538191053822,0.4563538191053822,0.4563538191053822,0.4563538191053822,1.0
2400,1646.856315322,1.2666122643585556,0.06351752579212189,1.2207835850691795,0.0007998613454401476,0.06351752579212189,1.9492149353027344,0.0007998613454401476,0.06351752579212189,1.9492149353027344,-0.14225881173995916,165.77163001928645,-8.417012577469471e-05,-0.5,-0.5000841701257747,0.6423429818657338,0.6423429818657338,0.6423429818657338,0.6423429818657338,0.6423429818657338,0.47570793883610185,0.47570793883610185,0.47570793883610185,0.47570793883610185,1.0
2450,1647.014528485,1.4622421156792376,0.0004905750975012779,1.2207835850691795,0.004214246366173027,0.0004905750975012779,4.176746845245361,0.004214246366173027,0.0004905750975012779,4.176746845245361,-0.06669445836741761,165.77021956807903,-0.00044347142745409385,-0.5,-0.500443471427454,0.5671379297948717,0.5671379297948717,0.5671379297948717,0.5671379297948717,0.5671379297948717,0.4660893926621493,0.4660893926621493,0.4660893926621493,0.4660893926621493,1.0
2500,1647.069814595,1.4199595094571564,-0.05465316399931908,1.2207835850691795,0.0034762756712734717,-0.05465316399931908,3.1301331520080566,0.0034762756712734717,-0.05465316399931908,3.1301331520080566,0.05486510440027766,165.77068713786363,-0.00036581298532213793,-0.5,-0.5003658129853221,0.4455007085850445,0.4455007085850445,0.4455007085850445,0.4455007085850445,0.4455007085850445,0.48152479962700157,0.48152479962700157,0.48152479962700157,0.48152479962700157,1.0
2550,1647.124324824,1.241229360412084,-0.021925291046500206,1.2207835850691795,0.00035684609785675836,-0.021925291046500206,3.3660898208618164,0.00035684609785675836,-0.021925291046500206,3.3660898208618164,0.03939384886194252,165.77167223700474,-3.755122812967719e-05,-0.5,-0.5000375512281297,0.4606437023661871,0.4606437023661871,0.4606437023661871,0.4606437023661871,0.4606437023661871,0.23845738312635775,0.23845738312635775,0.23845738312635775,0.23845738312635775,1.0
2600,1647.247654315,1.127035854565464,-0.02700192853808403,1.2207835850691795,-0.0016362065635621564,-0.02700192853808403,3.6311299800872803,-0.0016362065635621564,-0.02700192853808403,3.6311299800872803,0.055127520116274045,165.77146216693484,0.0001721795980229216,-0.5,-0.4998278204019771,0.44470030028570307,0.44470030028570307,0.44470030028570307,0.44470030028570307,0.44470030028570307,0.417638100636763,0.417638100636763,0.417638100636763,0.417638100636763,1.0
2650,1647.425460464,1.1356071016435954,0.03098936751484871,1.2207835850691795,-0.0014866100810468214,0.03098936751484871,4.04891300201416,-0.0014866100810468214,0.03098936751484871,4.04891300201416,-0.05006943009672139,165.77150065448532,0.00015643739144764784,-0.5,-0.49984356260855234,0.5499129927052737,0.5499129927052737,0.5499129927052737,0.5499129927052737,0.5499129927052737,0.21812292413233061,0.21812292413233061,0.21812292413233061,0.21812292413233061,1.0
2700,1647.576524456,1.1346329459132223,0.0014472268521785736,1.2207835850691795,-0.0015036123059690015,0.0014472268521785736,3.87080717086792,-0.0015036123059690015,0.0014472268521785736,3.87080717086792,0.012886668590250434,165.771496465955,0.00015822655438938057,-0.5,-0.4998417734456106,0.48695510485536014,0.48695510485536014,0.48695510485536014,0.48695510485536014,0.48695510485536014,0.34423695592526354,0.34423695592526354,0.34423695592526354,0.34423695592526354,1.0
2750,1647.739212506,1.2634015418401205,0.04318970441818237,1.2207835850691795,0.0007438236661255343,0.04318970441818237,3.9363768100738525,0.0007438236661255343,0.04318970441818237,3.9363768100738525,-0.10248615367781216,165.77163714603387,-7.827322835382144e-05,-0.5,-0.5000782732283539,0.6025644269061661,0.6025644269061661,0.6025644269061661,0.6025644269061661,0.6025644269061661,0.6182325287259501,0.6182325287259501,0.6182325287259501,0.6182325287259501,1.0
2800,1647.873284361,1.421932473631938,-0.02459130994975567,1.2207835850691795,0.0035107103921473044,-0.02459130994975567,5.76463508605957,0.0035107103921473044,-0.02459130994975567,5.76463508605957,-0.02133613529986326,165.77066731628946,-0.000369436624899992,-0.5,-0.5003694366249,0.5217055719247632,0.5217055719247632,0.5217055719247632,0.5217055719247632,0.5217055719247632,0.7762562033251685,0.7762562033251685,0.7762562033251685,0.7762562033251685,1.0
2850,1647.92910406,1.330799607413985,-0.018823279067873955,1.2207835850691795,0.0019201418198645098,-0.018823279067873955,5.958296298980713,0.0019201418198645098,-0.018823279067873955,5.958296298980713,-0.012364315171479422,165.7713789760063,-0.00020205844685332685,-0.5,-0.5002020584468533,0.5125663736183327,0.5125663736183327,0.5125663736183327,0.5125663736183327,0.5125663736183327,0.8737283512093125,0.8737283512093125,0.8737283512093125,0.8737283512093125,1.0
2900,1647.984184359,1.2262891753763274,-0.03155338019132614,1.2207835850691795,9.609067812561822e-05,-0.03155338019132614,5.5843892097473145,9.609067812561822e-05,-0.03155338019132614,5.5843892097473145,0.040288550953281294,165.77168196724367,-1.011170601649609e-05,-0.5,-0.5000101117060165,0.4597215607527352,0.4597215607527352,0.4597215607527352,0.4597215607527352,0.4597215607527352,0.6280355615635071,0.6280355615635071,0.6280355615635071,0.6280355615635071,1.0
2950,1648.178953238,1.0276765591007597,0.06347174942493439,1.2207835850691795,-0.003370353411883114,0.06347174942493439,5.263189792633057,-0.003370353411883114,0.06347174942493439,5.263189792633057,-0.0032102455826117093,165.77074688481764,0.00035466656399932013,-0.5,-0.4996453334360007,0.5028555790186124,0.5028555790186124,0.5028555790186124,0.5028555790186124,0.5028555790186124,0.5432198736050367,0.5432198736050367,0.5432198736050367,0.5432198736050367,1.0
3000,1648.335702124,1.1133753695037327,0.004572918638586998,1.2207835850691795,-0.0018746270053088682,0.004572918638586998,5.358449935913086,-0.0018746270053088682,0.004572918638586998,5.358449935913086,0.020119567632943286,165.77139320553195,0.00019726886607698138,-0.5,-0.49980273113392304,0.4796831635009797,0.4796831635009797,0.4796831635009797,0.4796831635009797,0.4796831635009797,0.5410234268158995,0.5410234268158995,0.5410234268158995,0.5410234268158995,1.0
3050,1648.496119346,1.1291605770058668,-0.04784853011369705,1.2207835850691795,-0.0015991231612861173,-0.04784853011369705,5.18262243270874,-0.0015991231612861173,-0.04784853011369705,5.18262243270874,0.10351408061797664,165.77147205133937,0.0001682772690926224,-0.5,-0.49983172273090737,0.39631764211293075,0.39631764211293075,0.39631764211293075,0.39631764211293075,0.39631764211293075,0.38944073730345374,0.38944073730345374,0.38944073730345374,0.38944073730345374,1.0
3100,1648.64478053,0.7500468183386365,-0.08170229941606522,1.2207835850691795,-0.008215906489640476,-0.08170229941606522,1.7450783252716064,-0.008215906489640476,-0.08170229941606522,1.7450783252716064,0.2814622488258579,165.76612162270985,0.0008645862933283364,-0.5,-0.49913541370667164,0.21767316488081373,0.21767316488081373,0.21767316488081373,0.21767316488081373,0.21767316488081373,-0.05824024552769223,-0.05824024552769223,-0.05824024552769223,-0.05824024552769223,1.0
3150,1648.791680361,0.8804219494635159,0.07048999518156052,1.2207835850691795,-0.005940431188791992,0.07048999518156052,6.660546779632568,-0.005940431188791992,0.07048999518156052,6.660546779632568,-0.04795420775712003,165.76877544538513,0.000625124049181473,-0.5,-0.49937487595081853,0.5473290837079385,0.5473290837079385,0.5473290837079385,0.5473290837079385,0.5473290837079385,0.2556405608436428,0.2556405608436428,0.2556405608436428,0.2556405608436428,1.0
3200,1648.942487321,0.793895352149649,-0.010246474295854568,1.2207835850691795,-0.007450605202466251,-0.010246474295854568,3.541243076324463,-0.007450605202466251,-0.010246474295854568,3.541243076324463,0.1500228310719263,165.7671093859966,0.0007840480695603204,-0.5,-0.49921595193043966,0.3491931208585134,0.3491931208585134,0.3491931208585134,0.3491931208585134,0.3491931208585134,0.08152192618591914,0.08152192618591914,0.08152192618591914,0.08152192618591914,1.0
3250,1649.093567816,0.7837817096187113,0.018905140459537506,1.2207835850691795,-0.007627121564000847,0.018905140459537506,1.283353567123413,-0.007627121564000847,0.018905140459537506,1.283353567123413,0.08404198172169458,165.76689012100192,0.0008026240866886552,-0.5,-0.49919737591331137,0.4151553941916168,0.4151553941916168,0.4151553941916168,0.4151553941916168,0.4151553941916168,-0.03102722533993109,-0.03102722533993109,-0.03102722533993109,-0.03102722533993109,1.0
3300,1649.14865382,0.9155165286360993,0.0064270687289536,1.2207835850691795,-0.005327915232628586,0.0064270687289536,1.858296275138855,-0.005327915232628586,0.0064270687289536,1.858296275138855,0.060224745506681956,165.7693440729037,0.0005606664305392604,-0.5,-0.49943933356946074,0.4392145880627788,0.4392145880627788,0.4392145880627788,0.4392145880627788,0.4392145880627788,0.15762643348383798,0.15762643348383798,0.15762643348383798,0.15762643348383798,1.0
3350,1649.203231402,0.9599608897304897,0.0038448097184300423,1.2207835850691795,-0.004552214797586204,0.0038448097184300423,1.6202362775802612,-0.004552214797586204,0.0038448097184300423,1.6202362775802612,0.05565919703822319,165.76997547715143,0.000479036818132264,-0.5,-0.4995209631818677,0.44386176614364453,0.44386176614364453,0.44386176614364453,0.44386176614364453,0.44386176614364453,0.0441084158720975,0.0441084158720975,0.0441084158720975,0.0441084158720975,1.0
3400,1649.263467396,1.0079843766716723,-0.01006761472672224,1.2207835850691795,-0.0037140468321740644,-0.01006761472672224,1.752811074256897,-0.0037140468321740644,-0.01006761472672224,1.752811074256897,0.06441621437250841,165.7705462871042,0.00039083417284783365,-0.5,-0.49960916582715215,0.43519295145464376,0.43519295145464376,0.43519295145464376,0.43519295145464376,0.43519295145464376,0.1369955347548528,0.1369955347548528,0.1369955347548528,0.1369955347548528,1.0
3450,1649.317694797,0.9740805982921985,-0.02053689770400524,1.2207835850691795,-0.004305779393762352,-0.02053689770400524,1.8657790422439575,-0.004305779393762352,-0.02053689770400524,1.8657790422439575,0.10144404065698767,165.77015531854192,0.00045310370112072897,-0.5,-0.4995468962988793,0.39810285564189163,0.39810285564189163,0.39810285564189163,0.39810285564189163,0.39810285564189163,0.1591354973050222,0.1591354973050222,0.1591354973050222,0.1591354973050222,1.0
3500,1649.373479981,0.9141273321919422,-0.0014346508542075753,1.2207835850691795,-0.005352161284536125,-0.0014346508542075753,2.384232759475708,-0.005352161284536125,-0.0014346508542075753,2.384232759475708,0.08735361169598578,165.76932273921705,0.000563217935858049,-0.5,-0.49943678206414194,0.41208317036815617,0.41208317036815617,0.41208317036815617,0.41208317036815617,0.41208317036815617,0.3275374058639786,0.3275374058639786,0.3275374058639786,0.3275374058639786,1.0
3550,1649.44735568,0.8840429635798276,-0.03206879645586014,1.2207835850691795,-0.00587723257020116,-0.03206879645586014,3.30376935005188,-0.00587723257020116,-0.03206879645586014,3.30376935005188,0.14412916399258502,165.76883697571859,0.0006184733732468088,-0.5,-0.49938152662675317,0.35525236263416815,0.35525236263416815,0.35525236263416815,0.35525236263416815,0.35525236263416815,0.10187629142364793,0.10187629142364793,0.10187629142364793,0.10187629142364793,1.0
3600,1649.600180958,0.6315330043985719,-0.023866547271609306,1.2207835850691795,-0.010284362751990558,-0.023866547271609306,2.2993109226226807,-0.010284362751990558,-0.023866547271609306,2.2993109226226807,0.19914156463096672,165.7629690094236,0.0010822702864169973,-0.5,-0.498917729713583,0.2997761650826163,0.2997761650826163,0.2997761650826163,0.2997761650826163,0.2997761650826163,0.26717019948868836,0.26717019948868836,0.26717019948868836,0.26717019948868836,1.0
3650,1649.749734767,0.26555903559056515,-0.06907156854867935,1.2207835850691795,-0.016671813484281303,-0.06907156854867935,2.0982823371887207,-0.016671813484281303,-0.06907156854867935,2.0982823371887207,0.3808516825110976,165.74878416606057,0.0017545505850598078,-0.5,-0.4982454494149402,0.11739376690384262,0.11739376690384262,0.11739376690384262,0.11739376690384262,0.11739376690384262,0.04193014109109412,0.04193014109109412,0.04193014109109412,0.04193014109109412,1.0
3700,1649.8982764,-0.2627443573222852,-0.0753033384680748,1.2207835850691795,-0.025892447140067817,-0.0753033384680748,0.047823578119277954,-0.025892447140067817,-0.0753033384680748,0.047823578119277954,0.537037032923567,165.71645279518748,0.0027252883715261312,-0.3713494317000677,-0.36862414332854154,-0.16841288959502543,-0.16841288959502543,-0.16841288959502543,-0.16841288959502543,-0.16841288959502543,-0.3097315974505369,-0.3097315974505369,-0.3097315974505369,-0.3097315974505369,1.0
3750,1650.053464526,0.11164027574718484,0.36869022250175476,1.2207835850691795,-0.01935820262413472,0.36869022250175476,-4.654109477996826,-0.01935820262413472,0.36869022250175476,-4.654109477996826,-0.34330964273217873,165.7408104211346,0.0020373327633156787,0.5,0.5020373327633156,-0.1587276900311369,-0.1587276900311369,-0.1587276900311369,-0.1587276900311369,-0.1587276900311369,-0.9413717852753959,-0.9413717852753959,-0.9413717852753959,-0.9413717852753959,1.0
3800,1650.225530014,1.7271823788196818,-0.11780349910259247,1.2207835850691795,0.008838326279073952,-0.11780349910259247,7.1369853019714355,0.008838326279073952,-0.11780349910259247,7.1369853019714355,0.1207007845368763,165.765247116516,-0.0009300887930828319,-0.5,-0.5009300887930829,0.3802293042562066,0.3802293042562066,0.3802293042562066,0.3802293042562066,0.3802293042562066,0.9825487014188217,0.9825487014188217,0.9825487014188217,0.9825487014188217,1.0
3850,1650.351146475,0.7430977945492362,-0.07160323113203049,1.2207835850691795,-0.008337189834564926,-0.07160323113203049,1.6489638090133667,-0.008337189834564926,-0.07160323113203049,1.6489638090133667,0.2738093955482285,165.76595622555635,0.0008773499120531233,-0.5,-0.4991226500879469,0.2253132545397184,0.2253132545397184,0.2253132545397184,0.2253132545397184,0.2253132545397184,0.052007813104767625,0.052007813104767625,0.052007813104767625,0.052007813104767625,1.0
3900,1650.405187768,0.6044964476210168,0.025833971798419952,1.2207835850691795,-0.010756239686161281,0.025833971798419952,2.31129789352417,-0.010756239686161281,0.025833971798419952,2.31129789352417,0.12648109772229799,165.762151050517,0.0011319317556912263,-0.5,-0.4988680682443088,0.3723869705220108,0.3723869705220108,0.3723869705220108,0.3723869705220108,0.3723869705220108,0.37803410792290293,0.37803410792290293,0.37803410792290293,0.37803410792290293,1.0
3950,1650.45900586,0.687494398454926,0.0279852207750082,1.2207835850691795,-0.009307652171701193,0.0279852207750082,2.371870279312134,-0.009307652171701193,0.0279852207750082,2.371870279312134,0.08148392549141975,165.76454549722015,0.0009794803965504405,-0.5,-0.49902051960344956,0.4175365941120298,0.4175365941120298,0.4175365941120298,0.4175365941120298,0.4175365941120298,0.15631063600575265,0.15631063600575265,0.15631063600575265,0.15631063600575265,1.0
4000,1650.515834682,0.8205318092522293,0.05781286582350731,1.2207835850691795,-0.006985711324959995,0.05781286582350731,2.633716106414795,-0.006985711324959995,0.05781286582350731,2.633716106414795,-0.009054380318047187,165.76766230183242,0.0007351243540087037,-0.5,-0.4992648756459913,0.5083192559640385,0.5083192559640385,0.5083192559640385,0.5083192559640385,0.5083192559640385,0.3853780906840736,0.3853780906840736,0.3853780906840736,0.3853780906840736,1.0
4050,1650.644452911,1.0797756412640303,-0.043281637132167816,1.2207835850691795,-0.002461052890866993,-0.043281637132167816,3.3804619312286377,-0.002461052890866993,-0.043281637132167816,3.3804619312286377,0.11927140043976892,165.77118373517249,0.00025897926334186356,-0.5,-0.49974102073665816,0.38046962029688924,0.38046962029688924,0.38046962029688924,0.38046962029688924,0.38046962029688924,0.5927515309842364,0.5927515309842364,0.5927515309842364,0.5927515309842364,1.0
4100,1650.796885011,1.1447208151522137,0.01465507410466671,1.2207835850691795,-0.0013275457732379453,0.01465507410466671,3.5263798236846924,-0.0013275457732379453,0.01465507410466671,3.5263798236846924,-0.010114810679949751,165.77153753299172,0.00013969888253354148,-0.5,-0.49986030111746643,0.5099751117974162,0.5099751117974162,0.5099751117974162,0.5099751117974162,0.5099751117974162,0.4348880981024663,0.4348880981024663,0.4348880981024663,0.4348880981024663,1.0
4150,1650.949612089,0.8345927675149055,0.010348265990614891,1.2207835850691795,-0.006740301307290794,0.010348265990614891,3.7506790161132812,-0.006740301307290794,0.010348265990614891,3.7506790161132812,0.12405312372803341,165.7679398164424,0.0007092984379803916,-0.5,-0.4992907015620196,0.3752375778339862,0.3752375778339862,0.3752375778339862,0.3752375778339862,0.3752375778339862,-0.005915352366372487,-0.005915352366372487,-0.005915352366372487,-0.005915352366372487,1.0
4200,1651.10217641,1.075825764211353,0.02713361568748951,1.2207835850691795,-0.0025299912504851835,0.02713361568748951,4.648829460144043,-0.0025299912504851835,0.02713361568748951,4.648829460144043,-0.02216278299817205,165.77115538834335,0.00026623375190812295,-0.5,-0.4997337662480919,0.5218965492462639,0.5218965492462639,0.5218965492462639,0.5218965492462639,0.5218965492462639,0.6298619495230515,0.6298619495230515,0.6298619495230515,0.6298619495230515,1.0
4250,1651.238506679,1.1284606960593522,0.02982587367296219,1.2207835850691795,-0.001611338388174774,0.02982587367296219,5.123076438903809,-0.001611338388174774,0.02982587367296219,5.123076438903809,-0.029311869481900843,165.77146882045508,0.0001695626913692834,-0.5,-0.4998304373086307,0.5291423067905315,0.5291423067905315,0.5291423067905315,0.5291423067905315,0.5291423067905315,0.4324164840400071,0.4324164840400071,0.4324164840400071,0.4324164840400071,1.0
4300,1651.348205197,1.291832524425416,0.03104144148528576,1.2207835850691795,0.001240037921816109,0.03104144148528576,5.146692752838135,0.001240037921816109,0.03104144148528576,5.146692752838135,-0.07899086227016058,165.77155604374497,-0.00013049033985296213,-0.5,-0.5001304903398529,0.5791213526100135,0.5791213526100135,0.5791213526100135,0.5791213526100135,0.5791213526100135,0.24396038874378623,0.24396038874378623,0.24396038874378623,0.24396038874378623,1.0
4350,1651.502602929,1.2929636677849936,0.005583464168012142,1.2207835850691795,0.0012597800977528079,0.005583464168012142,6.918196678161621,0.0012597800977528079,0.005583464168012142,6.918196678161621,-0.010017828081050466,165.77155197785257,-0.0001325678294860841,-0.5,-0.5001325678294861,0.5101503959105366,0.5101503959105366,0.5101503959105366,0.5101503959105366,0.5101503959105366,0.49472939058430443,0.49472939058430443,0.49472939058430443,0.49472939058430443,1.0
4400,1651.651588583,1.2421820650795952,0.025479020550847054,1.2207835850691795,0.0003734739311039466,0.025479020550847054,6.715893745422363,0.0003734739311039466,0.025479020550847054,6.715893745422363,-0.027413766909878703,165.77167123654078,-3.930098977642908e-05,-0.5,-0.5000393009897764,0.5274530678996552,0.5274530678996552,0.5274530678996552,0.5274530678996552,0.5274530678996552,0.2652169313547059,0.2652169313547059,0.2652169313547059,0.2652169313547059,1.0
4450,1651.807690818,1.3197274438825712,-0.03534099459648132,1.2207835850691795,0.0017268961109220965,-0.03534099459648132,8.246821403503418,0.0017268961109220965,-0.03534099459648132,8.246821403503418,0.011028187653202383,165.77143703940848,-0.00018172296504795465,-0.5,-0.5001817229650479,0.4891535353118455,0.4891535353118455,0.4891535353118455,0.4891535353118455,0.4891535353118455,0.3575696916264736,0.3575696916264736,0.3575696916264736,0.3575696916264736,1.0
4500,1651.955637296,1.1194090945834985,-0.0034407777711749077,1.2207835850691795,-0.0017693186365067975,-0.0034407777711749077,9.37852954864502,-0.0017693186365067975,-0.0034407777711749077,9.37852954864502,0.025662235300351006,165.7714248200901,0.0001861871379866467,-0.5,-0.4998138128620134,0.4741515775616624,0.4741515775616624,0.4741515775616624,0.4741515775616624,0.4741515775616624,0.09940856807869825,0.09940856807869825,0.09940856807869825,0.09940856807869825,1.0
4550,1652.104429617,1.2230124988437197,0.02510794997215271,1.2207835850691795,3.890188410878015e-05,0.02510794997215271,8.592947006225586,3.890188410878015e-05,0.02510794997215271,8.592947006225586,-0.05326210692816987,165.77168260326746,-4.093679244082749e-06,-0.5,-0.500004093679244,0.5532662006074139,0.5532662006074139,0.5532662006074139,0.5532662006074139,0.5532662006074139,0.645284234604969,0.645284234604969,0.645284234604969,0.645284234604969,1.0
4600,1652.259331272,1.379864591481889,-0.05576770380139351,1.2207835850691795,0.0027764873392879946,-0.05576770380139351,8.900859832763672,0.0027764873392879946,-0.05576770380139351,8.900859832763672,0.02553307988128116,165.77104762562956,-0.00029217293170575405,-0.5,-0.5002921729317058,0.47475909305042463,0.47475909305042463,0.47475909305042463,0.47475909305042463,0.47475909305042463,0.4525133719731838,0.4525133719731838,0.4525133719731838,0.4525133719731838,1.0
4650,1652.43168812,1.1517864324051803,-0.015922140330076218,1.2207835850691795,-0.0012042274884879606,-0.015922140330076218,8.65854263305664,-0.0012042274884879606,-0.015922140330076218,8.65854263305664,0.07063491429720503,165.77156325499266,0.00012672197109873996,-0.5,-0.49987327802890125,0.4292383637316962,0.4292383637316962,0.4292383637316962,0.4292383637316962,0.4292383637316962,0.41264249283243915,0.41264249283243915,0.41264249283243915,0.41264249283243915,1.0
4700,1652.581564971,1.042373205203923,-0.03769829869270325,1.2207835850691795,-0.0031138485483825223,-0.03769829869270325,8.391664505004883,-0.0031138485483825223,-0.03769829869270325,8.391664505004883,0.11135596011298679,165.77088391112568,0.0003276740518768229,-0.5,-0.49967232594812316,0.3883163658351364,0.3883163658351364,0.3883163658351364,0.3883163658351364,0.3883163658351364,0.4516219771758344,0.4516219771758344,0.4516219771758344,0.4516219771758344,1.0
4750,1652.733414416,0.8746629794152845,-0.04794204607605934,1.2207835850691795,-0.0060409441776573675,-0.04794204607605934,5.731986045837402,-0.0060409441776573675,-0.04794204607605934,5.731986045837402,0.18346063927729184,165.76867623004048,0.0006357014949651886,-0.5,-0.49936429850503483,0.315903659227743,0.315903659227743,0.315903659227743,0.315903659227743,0.315903659227743,0.5870170583657808,0.5870170583657808,0.5870170583657808,0.5870170583657808,1.0
4800,1652.884832142,0.8299556026769959,0.020475268363952637,1.2207835850691795,-0.006821235101670027,0.020475268363952637,3.627650260925293,-0.006821235101670027,0.020475268363952637,3.627650260925293,0.08419884992841697,165.76784939153993,0.00071781555991368,-0.5,-0.4992821844400863,0.41508333451166934,0.41508333451166934,0.41508333451166934,0.41508333451166934,0.41508333451166934,0.19719848761864692,0.19719848761864692,0.19719848761864692,0.19719848761864692,1.0
4850,1652.992056408,1.0477214567674544,0.0037386200856417418,1.2207835850691795,-0.003020503949373962,0.0037386200856417418,2.404589891433716,-0.003020503949373962,0.0037386200856417418,2.404589891433716,0.04599525535857508,165.7709310858991,0.000317851226615575,-0.5,-0.4996821487733844,0.45368689341480933,0.45368689341480933,0.45368689341480933,0.45368689341480933,0.45368689341480933,0.27514584356593036,0.27514584356593036,0.27514584356593036,0.27514584356593036,1.0
4900,1653.045822835,1.0928192748663446,-0.01830172911286354,1.2207835850691795,-0.0022333985380828397,-0.01830172911286354,0.8211279511451721,-0.0022333985380828397,-0.01830172911286354,0.8211279511451721,0.08201663589906183,165.7712717818536,0.00023502286606793293,-0.49999999999999456,-0.49976497713392665,0.4177483412348648,0.4177483412348648,0.4177483412348648,0.4177483412348648,0.4177483412348648,0.5032393953292191,0.5032393953292191,0.5032393953292191,0.5032393953292191,1.0
4950,1653.100955639,1.1178864960071146,0.008187753148376942,1.2207835850691795,-0.0017958929948508756,0.008187753148376942,0.9793788194656372,-0.0017958929948508756,0.008187753148376942,0.9793788194656372,0.017818056874903565,165.77141701459504,0.00018898358973147163,-0.5,-0.49981101641026854,0.481992959535365,0.481992959535365,0.481992959535365,0.481992959535365,0.481992959535365,0.30772994333777487,0.30772994333777487,0.30772994333777487,0.30772994333777487,1.0
5000,1653.184248812,1.1325555011884805,-0.021455984562635422,1.2207835850691795,-0.0015398705564439313,-0.021455984562635422,0.34438055753707886,-0.0015398705564439313,-0.021455984562635422,0.34438055753707886,0.06945844773848006,165.77148737456855,0.00016204205051114382,-0.49999895889024604,-0.4998369168397349,0.4303784691012549,0.4303784691012549,0.4303784691012549,0.4303784691012549,0.4303784691012549,0.37175539800594487,0.37175539800594487,0.37175539800594487,0.37175539800594487,1.0
5050,1653.362709494,0.8733993410579792,0.13827423751354218,1.2207835850691795,-0.006062998827546837,0.13827423751354218,-6.630486011505127,-0.006062998827546837,0.13827423751354218,-6.630486011505127,-0.07555387631128749,165.7686542374206,0.000638022409272322,0.5,0.5006380224092724,-0.42508414609798484,-0.42508414609798484,-0.42508414609798484,-0.42508414609798484,-0.42508414609798484,-0.6774267987083403,-0.6774267987083403,-0.6774267987083403,-0.6774267987083403,1.0
5100,1653.563992707,2.0057659448272265,-0.21998973190784454,1.2207835850691795,0.013700526747852562,-0.21998973190784454,3.2889363765716553,0.013700526747852562,-0.21998973190784454,3.2889363765716553,0.11560926514477748,165.75621878218212,-0.0014418077919144457,-0.5,-0.5014418077919145,0.385832542647137,0.385832542647137,0.385832542647137,0.385832542647137,0.385832542647137,0.8393693649764072,0.8393693649764072,0.8393693649764072,0.8393693649764072,1.0
5150,1653.746335965,0.9726997261410923,0.21776729822158813,1.2207835850691795,-0.004329880159348251,0.21776729822158813,-4.371880531311035,-0.004329880159348251,0.21776729822158813,-4.371880531311035,-0.3142499760886448,165.77013817195905,0.00045563989258902486,0.5,0.500455639892589,-0.1862056638039442,-0.1862056638039442,-0.1862056638039442,-0.1862056638039442,-0.1862056638039442,-0.7964139593277557,-0.7964139593277557,-0.7964139593277557,-0.7964139593277557,1.0
5200,1653.860538057,2.138608641872332,-0.07637543231248856,1.2207835850691795,0.01601906919851899,-0.07637543231248856,6.753809452056885,0.01601906919851899,-0.07637543231248856,6.753809452056885,-0.2790674369209778,165.75054210165777,-0.001685843542343393,-0.5,-0.5016858435423434,0.7807532804633212,0.7807532804633212,0.7807532804633212,0.7807532804633212,0.7807532804633212,0.5886066631190929,0.5886066631190929,0.5886066631190929,0.5886066631190929,1.0
5250,1653.93261115,1.5111434953721785,-0.1768876165151596,1.2207835850691795,0.005067736450582741,-0.1768876165151596,3.9916834831237793,0.005067736450582741,-0.1768876165151596,3.9916834831237793,0.2870505145169626,165.76956690319108,-0.0005332868568842113,-0.5,-0.5005332868568843,0.21348277233992163,0.21348277233992163,0.21348277233992163,0.21348277233992163,0.21348277233992163,0.4854317570883132,0.4854317570883132,0.4854317570883132,0.4854317570883132,1.0
5300,1654.093609476,0.8000147213983044,0.26762712001800537,1.2207835850691795,-0.007343802060931923,0.26762712001800537,-1.9489431381225586,-0.007343802060931923,0.26762712001800537,-1.9489431381225586,-0.23672179482607908,165.7672395617853,0.000772808472243951,0.5,0.5007728084722439,-0.26405101364616484,-0.26405101364616484,-0.26405101364616484,-0.26405101364616484,-0.26405101364616484,-0.4889475814997024,-0.4889475814997024,-0.4889475814997024,-0.4889475814997024,1.0
5350,1654.244593006,1.858154884692673,-0.09605160355567932,1.2207835850691795,0.011124227736145256,-0.09605160355567932,4.613823890686035,0.011124227736145256,-0.09605160355567932,4.613823890686035,0.00014545391310127886,165.7614877135106,-0.0011706600532440654,-0.5,-0.5011706600532441,0.5010252061401428,0.5010252061401428,0.5010252061401428,0.5010252061401428,0.5010252061401428,0.8013435663914157,0.8013435663914157,0.8013435663914157,0.8013435663914157,1.0
5400,1654.393970776,0.9870391746950051,-0.02159752883017063,1.2207835850691795,-0.004079609569162132,-0.02159752883017063,2.335571765899658,-0.004079609569162132,-0.02159752883017063,2.335571765899658,0.11408294592110971,165.77031156464042,0.0004293032382459385,-0.5,-0.4995706967617541,0.38548775084064435,0.38548775084064435,0.38548775084064435,0.38548775084064435,0.38548775084064435,0.2545600388684456,0.2545600388684456,0.2545600388684456,0.2545600388684456,1.0
5450,1654.591912227,0.7263582815540043,-0.05225740373134613,1.2207835850691795,-0.0086293494515121,-0.05225740373134613,-13.5576753616333,-0.0086293494515121,-0.05225740373134613,-13.5576753616333,0.2532157310186847,165.7655478489797,0.0009080963165539877,0.5,0.500908096316554,-0.7541238273352386,-0.7541238273352386,-0.7541238273352386,-0.7541238273352386,-0.7541238273352386,-0.4359312023821229,-0.4359312023821229,-0.4359312023821229,-0.4359312023821229,1.0
5500,1654.743392626,1.8714035306917935,-0.011224932968616486,1.2207835850691795,0.011355460230261086,-0.011224932968616486,3.728303909301758,0.011355460230261086,-0.011224932968616486,3.728303909301758,-0.36917065662296633,165.76105947809796,-0.0011949958971684863,-0.5,-0.5011949958971685,0.8703656525201349,0.8703656525201349,0.8703656525201349,0.8703656525201349,0.8703656525201349,0.6067793349197577,0.6067793349197577,0.6067793349197577,0.6067793349197577,1.0
5550,1654.802311026,1.477509616186626,-0.15836986899375916,1.2207835850691795,0.004480714518576859,-0.15836986899375916,4.373678207397461,0.004480714518576859,-0.15836986899375916,4.373678207397461,0.2367845321231773,165.77002868644007,-0.00047151262922792415,-0.5,-0.500471512629228,0.26368698050605066,0.26368698050605066,0.26368698050605066,0.26368698050605066,0.26368698050605066,0.6444586168145781,0.6444586168145781,0.6444586168145781,0.6444586168145781,1.0
5600,1654.857483851,1.0628958959474015,-0.1253846287727356,1.2207835850691795,-0.00275566002354026,-0.1253846287727356,1.966701626777649,-0.00275566002354026,-0.1253846287727356,1.966701626777649,0.299780387738385,165.77105711809597,0.0002899812384615432,-0.5,-0.4997100187615385,0.19992963102315348,0.19992963102315348,0.19992963102315348,0.19992963102315348,0.19992963102315348,0.45415499774924495,0.45415499774924495,0.45415499774924495,0.45415499774924495,1.0
5650,1654.914986135,0.5851847814338934,-0.08226163685321808,1.2207835850691795,-0.011093291845172645,-0.08226163685321808,-5.071147441864014,-0.011093291845172645,-0.08226163685321808,-5.071147441864014,0.34391755883824904,165.76154433768056,0.001167404244287193,0.5,0.5011674042442872,-0.8450849630825362,-0.8450849630825362,-0.8450849630825362,-0.8450849630825362,-0.8450849630825362,0.03317594761744391,0.03317594761744391,0.03317594761744391,0.03317594761744391,1.0
5700,1655.035766872,0.927517491172929,0.20533573627471924,1.2207835850691795,-0.005118458922952415,0.20533573627471924,-1.1166045665740967,-0.005118458922952415,0.20533573627471924,-1.1166045665740967,-0.3441441294359592,165.76952433716374,0.0005386245641584899,0.5,0.5005386245641585,-0.15639449512819936,-0.15639449512819936,-0.15639449512819936,-0.15639449512819936,-0.15639449512819936,-0.7419697014421713,-0.7419697014421713,-0.7419697014421713,-0.7419697014421713,1.0
5750,1655.232243541,0.975866586038451,-0.10071471333503723,1.2207835850691795,-0.004274608027189972,-0.10071471333503723,1.9886847734451294,-0.004274608027189972,-0.10071471333503723,1.9886847734451294,0.2868837451411751,165.77017735358933,0.0004498234511618669,-0.5,-0.49955017654883815,0.21266643140766306,0.21266643140766306,0.21266643140766306,0.21266643140766306,0.21266643140766306,0.5022251891133299,0.5022251891133299,0.5022251891133299,0.5022251891133299,1.0
5800,1655.387167892,1.015484031102052,0.26545223593711853,1.2207835850691795,-0.0035831531696021574,0.26545223593711853,-0.9529492855072021,-0.0035831531696021574,0.26545223593711853,-0.9529492855072021,-0.4808108751840823,165.77062497836198,0.00037705993668564377,0.49999999999999994,0.5003770599366856,-0.0195661847526033,-0.0195661847526033,-0.0195661847526033,-0.0195661847526033,-0.0195661847526033,-0.50730417963234,-0.50730417963234,-0.50730417963234,-0.50730417963234,1.0
5850,1655.535304436,2.2248890855718138,-0.024281535297632217,1.2207835850691795,0.017524947021156548,-0.024281535297632217,9.50558853149414,0.017524947021156548,-0.024281535297632217,9.50558853149414,-0.21331808278768888,165.74638072548976,-0.0018443525916424343,-0.5,-0.5018443525916424,0.7151624353793313,0.7151624353793313,0.7151624353793313,0.7151624353793313,0.7151624353793313,1.006549292164782,1.006549292164782,1.006549292164782,1.006549292164782,1.0
5900,1655.684334749,1.3088520751766184,-0.058647945523262024,1.2207835850691795,0.001537085119634865,-0.058647945523262024,3.440019130706787,0.001537085119634865,-0.058647945523262024,3.440019130706787,0.14021401865397523,165.77148808066974,-0.00016174893587540015,-0.5,-0.5001617489358754,0.3599477302819002,0.3599477302819002,0.3599477302819002,0.3599477302819002,0.3599477302819002,0.34725986038952883,0.34725986038952883,0.34725986038952883,0.34725986038952883,1.0
5950,1655.804146479,1.1664714458424135,-0.016614427790045738,1.2207835850691795,-0.0009479256533086317,-0.016614427790045738,3.0066990852355957,-0.0009479256533086317,-0.016614427790045738,3.0066990852355957,0.03232581087516427,165.77160869907974,9.975107403199402e-05,-0.5,-0.499900248925968,0.46757443805080373,0.46757443805080373,0.46757443805080373,0.46757443805080373,0.46757443805080373,0.5321629063420488,0.5321629063420488,0.5321629063420488,0.5321629063420488,1.0
6000,1655.860330702,1.1540217185327728,0.017550766468048096,1.2207835850691795,-0.0011652143858373182,0.017550766468048096,3.402251958847046,-0.0011652143858373182,0.017550766468048096,3.402251958847046,-0.01359544475682762,165.77157087067863,0.00012261658252185598,-0.5,-0.49987738341747817,0.5134728281743058,0.5134728281743058,0.5134728281743058,0.5134728281743058,0.5134728281743058,0.7082281041445871,0.7082281041445871,0.7082281041445871,0.7082281041445871,1.0
6050,1655.916755849,1.1918515750245346,0.03168335556983948,1.2207835850691795,-0.0005049588344991224,0.03168335556983948,3.1840341091156006,-0.0005049588344991224,0.03168335556983948,3.1840341091156006,-0.045405627117183496,165.7716617209231,5.313726366561872e-05,-0.5,-0.4999468627363344,0.5453524898535179,0.5453524898535179,0.5453524898535179,0.5453524898535179,0.5453524898535179,0.7310689360986475,0.7310689360986475,0.7310689360986475,0.7310689360986475,1.0
6100,1655.972953462,1.2248539818769786,0.03861420974135399,1.2207835850691795,7.104182615876378e-05,0.03861420974135399,3.198307752609253,7.104182615876378e-05,0.03861420974135399,3.198307752609253,-0.0680749750884467,165.77168231215012,-7.475793427744973e-06,-0.5,-0.5000074757934277,0.5680824508818745,0.5680824508818745,0.5680824508818745,0.5680824508818745,0.5680824508818745,0.8356767970557968,0.8356767970557968,0.8356767970557968,0.8356767970557968,1.0
6150,1656.028034528,1.240102806085855,-0.00043283659033477306,1.2207835850691795,0.0003371840156614764,-0.00043283659033477306,3.5715579986572266,0.0003371840156614764,-0.00043283659033477306,3.5715579986572266,-8.02122625562225e-05,165.77167336124825,-3.5482169800254766e-05,-0.5,-0.5000354821698002,0.5001156944323564,0.5001156944323564,0.5001156944323564,0.5001156944323564,0.5001156944323564,0.511311183639654,0.511311183639654,0.511311183639654,0.511311183639654,1.0
6200,1656.09532915,1.15566971511345,-0.0015631779097020626,1.2207835850691795,-0.0011364514194428903,-0.0015631779097020626,3.129608392715454,-0.0011364514194428903,-0.0015631779097020626,3.129608392715454,0.029649516270225856,165.77157632484554,0.00011958982647370907,-0.5,-0.4998804101735263,0.4702308939033004,0.4702308939033004,0.4702308939033004,0.4702308939033004,0.4702308939033004,0.7462578447877488,0.7462578447877488,0.7462578447877488,0.7462578447877488,1.0
6250,1656.255537731,1.1955462804786885,0.04679011553525925,1.2207835850691795,-0.00044047405943274665,0.04679011553525925,3.145975351333618,-0.00044047405943274665,0.04679011553525925,3.145975351333618,-0.038721871420580006,165.77166674366038,4.6351472958810696e-05,-0.5,-0.4999536485270412,0.5386755199476212,0.5386755199476212,0.5386755199476212,0.5386755199476212,0.5386755199476212,0.866897962603042,0.866897962603042,0.866897962603042,0.866897962603042,1.0
6300,1656.406341679,1.2479579505181928,-0.03336494788527489,1.2207835850691795,0.00047428214922547174,-0.03336494788527489,4.314671516418457,0.00047428214922547174,-0.03336494788527489,4.314671516418457,0.018074128292820228,165.77166419578276,-4.990912851384518e-05,-0.5,-0.5000499091285139,0.48197578083569365,0.48197578083569365,0.48197578083569365,0.48197578083569365,0.48197578083569365,0.6109695314337923,0.6109695314337923,0.6109695314337923,0.6109695314337923,1.0
6350,1656.554226005,1.1828517335759852,-0.04110187664628029,1.2207835850691795,-0.000662035699933769,-0.04110187664628029,4.394914150238037,-0.000662035699933769,-0.04110187664628029,4.394914150238037,0.06868825821328164,165.77164661895304,6.966660501819411e-05,-0.5,-0.49993033339498183,0.4312420751817002,0.4312420751817002,0.4312420751817002,0.4312420751817002,0.4312420751817002,0.40592791284296703,0.40592791284296703,0.40592791284296703,0.40592791284296703,1.0
6400,1656.708138591,0.43684723996765895,-0.0979880839586258,1.2207835850691795,-0.013682270348072054,-0.0979880839586258,-10.742164611816406,-0.013682270348072054,-0.0979880839586258,-10.742164611816406,0.4736998459470753,165.7562599665077,0.0014398862981090063,0.5,0.501439886298109,-0.9751397322451842,-0.9751397322451842,-0.9751397322451842,-0.9751397322451842,-0.9751397322451842,-0.291015216599837,-0.291015216599837,-0.291015216599837,-0.291015216599837,1.0
6450,1656.86502902,1.1414892819011515,0.0836942121386528,1.2207835850691795,-0.0013839466683566587,0.0836942121386528,-6.164055824279785,-0.0013839466683566587,0.0836942121386528,-6.164055824279785,-0.11884498761943015,165.77152493367936,0.00014563400879983993,0.5,0.5001456340087999,-0.3813006463893697,-0.3813006463893697,-0.3813006463893697,-0.3813006463893697,-0.3813006463893697,-0.6561990301535275,-0.6561990301535275,-0.6561990301535275,-0.6561990301535275,1.0
6500,1657.014017206,1.5501043885018122,0.030758865177631378,1.2207835850691795,0.0057477323152124865,0.030758865177631378,-2.765674591064453,0.0057477323152124865,0.030758865177631378,-2.765674591064453,-0.13884133400764687,165.76896100162475,-0.0006048454920426357,0.5,0.49939515450795735,-0.3605538205003105,-0.3605538205003105,-0.3605538205003105,-0.3605538205003105,-0.3605538205003105,-0.3634319357669596,-0.3634319357669596,-0.3634319357669596,-0.3634319357669596,1.0
6550,1657.07976225,1.57997173852522,0.005147802643477917,1.2207835850691795,0.006269015911966561,0.005147802643477917,-2.837191581726074,0.006269015911966561,0.005147802643477917,-2.837191581726074,-0.09955764019870028,165.76844492880733,-0.0006597025838828947,0.5,0.49934029741611713,-0.39978265721741685,-0.39978265721741685,-0.39978265721741685,-0.39978265721741685,-0.39978265721741685,-0.5389832431264642,-0.5389832431264642,-0.5389832431264642,-0.5389832431264642,1.0
6600,1657.186117755,1.7086369211192163,-0.0262460857629776,1.2207835850691795,0.008514646980911492,-0.0262460857629776,-0.9418570399284363,0.008514646980911492,-0.0262460857629776,-0.9418570399284363,-0.09860930785102354,165.76570985535398,-0.000896025196448836,0.49999999999999994,0.4991039748035511,-0.40049466695252756,-0.40049466695252756,-0.40049466695252756,-0.40049466695252756,-0.40049466695252756,-0.5865850571471879,-0.5865850571471879,-0.5865850571471879,-0.5865850571471879,1.0
6650,1657.35920563,1.7637964616391815,0.021393680945038795,1.2207835850691795,0.009477362576872109,0.021393680945038795,9.624603271484375,0.009477362576872109,0.021393680945038795,9.624603271484375,-0.21059406911658043,165.76428285399305,-0.0009973407320775626,-0.5,-0.5009973407320776,0.711591409848658,0.711591409848658,0.711591409848658,0.711591409848658,0.711591409848658,0.14760383274401295,0.14760383274401295,0.14760383274401295,0.14760383274401295,1.0
6700,1657.516662854,0.6785646731670748,-0.10002395510673523,1.2207835850691795,-0.009463505279272795,-0.10002395510673523,1.7372008562088013,-0.009463505279272795,-0.10002395510673523,1.7372008562088013,0.3335961807857797,165.76430447741922,0.0009958823869377458,-0.5,-0.49900411761306224,0.16540793682728255,0.16540793682728255,0.16540793682728255,0.16540793682728255,0.16540793682728255,-0.17574541597489074,-0.17574541597489074,-0.17574541597489074,-0.17574541597489074,1.0
6750,1657.665352064,0.7713633051297174,-0.014279604889452457,1.2207835850691795,-0.007843863610178234,-0.014279604889452457,1.77653169631958,-0.007843863610178234,-0.014279604889452457,1.77653169631958,0.10876406983870235,165.7666138664847,0.0008254333940840118,-0.5,-0.49917456660591597,0.3904104967672136,0.3904104967672136,0.3904104967672136,0.3904104967672136,0.3904104967672136,0.6460583502656586,0.6460583502656586,0.6460583502656586,0.6460583502656586,1.0
6800,1657.770552711,0.6932029424971756,0.022867798805236816,1.2207835850691795,-0.00920801928266883,0.022867798805236816,0.5820413827896118,-0.00920801928266883,0.022867798805236816,0.5820413827896118,0.10881734110784219,165.7646974779644,0.0009689950500924837,-0.49999999992257066,-0.4990310048724782,0.390213663764636,0.390213663764636,0.390213663764636,0.390213663764636,0.390213663764636,0.26633458127111037,0.26633458127111037,0.26633458127111037,0.26633458127111037,1.0
6850,1657.827082267,0.7943229860247153,0.06826525926589966,1.2207835850691795,-0.007443141583353283,0.06826525926589966,3.107029438018799,-0.007443141583353283,0.06826525926589966,3.107029438018799,-0.012811336168632198,165.7671185440253,0.0007832626232395378,-0.5,-0.4992167373767605,0.5120280735453927,0.5120280735453927,0.5120280735453927,0.5120280735453927,0.5120280735453927,0.3394070410748692,0.3394070410748692,0.3394070410748692,0.3394070410748692,1.0
6900,1657.881233752,0.8878845181011367,0.013706434518098831,1.2207835850691795,-0.005810184795409443,0.013706434518098831,1.513070821762085,-0.005810184795409443,0.013706434518098831,1.513070821762085,0.07086433366591524,165.7689015341592,0.0006114176385798127,-0.5,-0.4993885823614202,0.428524248695505,0.428524248695505,0.428524248695505,0.428524248695505,0.428524248695505,0.6078710123373824,0.6078710123373824,0.6078710123373824,0.6078710123373824,1.0
6950,1657.946051935,0.9652096766642329,0.04420672357082367,1.2207835850691795,-0.004460606183856727,0.04420672357082367,2.875093460083008,-0.004460606183856727,0.04420672357082367,2.875093460083008,-0.02194065403941517,165.7700434989588,0.0004693965696921498,-0.5,-0.49953060343030786,0.521471257469723,0.521471257469723,0.521471257469723,0.521471257469723,0.521471257469723,0.40923121840581256,0.40923121840581256,0.40923121840581256,0.40923121840581256,1.0
7000,1658.099009977,0.8374464525666486,0.021963294595479965,1.2207835850691795,-0.006690495107322933,0.021963294595479965,3.279571294784546,-0.006690495107322933,0.021963294595479965,3.279571294784546,0.12239872235022443,165.76799492696014,0.000704057053829318,-0.5,-0.4992959429461707,0.37689722059594627,0.37689722059594627,0.37689722059594627,0.37689722059594627,0.37689722059594627,0.483076723887889,0.483076723887889,0.483076723887889,0.483076723887889,1.0
7050,1658.249845558,0.9830636844329403,0.024768546223640442,1.2207835850691795,-0.004148994963616134,0.024768546223640442,3.0367913246154785,-0.004148994963616134,0.024768546223640442,3.0367913246154785,0.0210233483031933,165.7702645269913,0.00043660484638786783,-0.5,-0.49956339515361214,0.47854004685041884,0.47854004685041884,0.47854004685041884,0.47854004685041884,0.47854004685041884,0.19192505314228694,0.19192505314228694,0.19192505314228694,0.19192505314228694,1.0
7100,1658.400231775,1.2265366630120347,0.06864872574806213,1.2207835850691795,0.00010041015222668481,0.06864872574806213,3.1917331218719482,0.00010041015222668481,0.06864872574806213,3.1917331218719482,-0.12025502020546086,165.7716818973162,-1.0566248053169166e-05,-0.5,-0.5000105662480532,0.620265586453514,0.620265586453514,0.620265586453514,0.620265586453514,0.620265586453514,0.6261002769802757,0.6261002769802757,0.6261002769802757,0.6261002769802757,1.0
7150,1658.575859742,1.5882798098768944,0.04546425864100456,1.2207835850691795,0.006414019111543892,0.04546425864100456,4.877063751220703,0.006414019111543892,0.04546425864100456,4.877063751220703,-0.16782538241443434,165.76829341561557,-0.0006749620053425497,-0.5,-0.5006749620053426,0.6685003444197769,0.6685003444197769,0.6685003444197769,0.6685003444197769,0.6685003444197769,0.9842077292351248,0.9842077292351248,0.9842077292351248,0.9842077292351248,1.0
7200,1658.726469309,1.3938644515680052,-0.049333225935697556,1.2207835850691795,0.003020830992609261,-0.049333225935697556,5.284307479858398,0.003020830992609261,-0.049333225935697556,5.284307479858398,0.04236765963281057,165.77093092312322,-0.00031788564197204633,-0.5,-0.500317885641972,0.4579502260091614,0.4579502260091614,0.4579502260091614,0.4579502260091614,0.4579502260091614,0.9204764092258665,0.9204764092258665,0.9204764092258665,0.9204764092258665,1.0
7250,1658.800559298,1.120613022146419,-0.02619747631251812,1.2207835850691795,-0.0017483061365783231,-0.02619747631251812,5.825606822967529,-0.0017483061365783231,-0.02619747631251812,5.825606822967529,0.0825725071354672,165.77143090956147,0.00018397596748839743,-0.5,-0.49981602403251163,0.4172435168970444,0.4172435168970444,0.4172435168970444,0.4172435168970444,0.4172435168970444,0.5724917222994099,0.5724917222994099,0.5724917222994099,0.5724917222994099,1.0
7300,1658.856099086,0.9876020249712966,-0.03627324476838112,1.2207835850691795,-0.004069785978645088,-0.03627324476838112,4.395676612854004,-0.004069785978645088,-0.03627324476838112,4.395676612854004,0.14008718172565524,165.77031816012988,0.00042826947622748816,-0.5,-0.4995717305237725,0.3594845487981173,0.3594845487981173,0.3594845487981173,0.3594845487981173,0.3594845487981173,0.6025122017318941,0.6025122017318941,0.6025122017318941,0.6025122017318941,1.0
7350,1658.913521857,0.8680193397869778,0.007950990460813046,1.2207835850691795,-0.006156897563487293,0.007950990460813046,4.606589317321777,-0.006156897563487293,0.007950990460813046,4.606589317321777,0.06192565762605736,165.76855970579015,0.0006479038208197442,-0.5,-0.49935209617918025,0.4374264385531229,0.4374264385531229,0.4374264385531229,0.4374264385531229,0.4374264385531229,0.3778193151299154,0.3778193151299154,0.3778193151299154,0.3778193151299154,1.0
7400,1658.989150072,1.0491171632356644,0.06775999814271927,1.2207835850691795,-0.0029961442761123197,0.06775999814271927,4.468001842498779,-0.0029961442761123197,0.06775999814271927,4.468001842498779,-0.08592100411923184,165.77094316064515,0.0003152878139332258,-0.5,-0.49968471218606675,0.5856057163052986,0.5856057163052986,0.5856057163052986,0.5856057163052986,0.5856057163052986,0.590312089063964,0.590312089063964,0.590312089063964,0.590312089063964,1.0
7450,1659.160651596,1.2214509468447254,0.022623930126428604,1.2207835850691795,1.1647660285232786e-05,0.022623930126428604,4.510866165161133,1.1647660285232786e-05,0.022623930126428604,4.510866165161133,-0.004343323494281468,165.77168271676948,-1.2256934650454089e-06,-0.5,-0.5000012256934651,0.5043445491877465,0.5043445491877465,0.5043445491877465,0.5043445491877465,0.5043445491877465,0.8053099057412056,0.8053099057412056,0.8053099057412056,0.8053099057412056,1.0
7500,1659.369917518,1.156633625560068,0.015374625101685524,1.2207835850691795,-0.0011196280084550397,0.015374625101685524,6.572618007659912,-0.0011196280084550397,0.015374625101685524,6.572618007659912,-0.007210186623141091,165.7715794517955,0.00011781948200935995,-0.5,-0.49988218051799066,0.5070923671411317,0.5070923671411317,0.5070923671411317,0.5070923671411317,0.5070923671411317,0.424171375353276,0.424171375353276,0.424171375353276,0.424171375353276,1.0
7550,1659.558849497,1.2556679534306678,-0.14610788226127625,1.2207835850691795,0.000608847085386513,-0.14610788226127625,4.397463798522949,0.000608847085386513,-0.14610788226127625,4.397463798522949,0.2684951016293467,165.77165218794676,-6.406951841307177e-05,-0.5,-0.5000640695184131,0.2315689678890664,0.2315689678890664,0.2315689678890664,0.2315689678890664,0.2315689678890664,0.20665891164782957,0.20665891164782957,0.20665891164782957,0.20665891164782957,1.0
7600,1659.720103136,0.4706916543982919,0.0228673554956913,1.2207835850691795,-0.013091573882848026,0.0228673554956913,-6.647312641143799,-0.013091573882848026,0.0228673554956913,-6.647312641143799,0.16358770115060106,165.75756287737855,0.001377715751265134,0.5,0.5013777157512651,-0.6649654169018662,-0.6649654169018662,-0.6649654169018662,-0.6649654169018662,-0.6649654169018662,-0.6247133813195902,-0.6247133813195902,-0.6247133813195902,-0.6247133813195902,1.0
7650,1659.830302371,2.060467862672801,0.1956012099981308,1.2207835850691795,0.014655255321413277,0.1956012099981308,6.111961364746094,0.014655255321413277,0.1956012099981308,6.111961364746094,-0.6071500704134487,165.75398850128107,-0.0015422947361875509,-0.5,-0.5015422947361875,1.1086923651496363,1.1086923651496363,1.1086923651496363,1.1086923651496363,1.1086923651496363,-0.42392320695081753,-0.42392320695081753,-0.42392320695081753,-0.42392320695081753,1.0
7700,1659.896583747,2.3700271903399996,-0.13902246952056885,1.2207835850691795,0.020058084819465874,-0.13902246952056885,5.946502685546875,0.020058084819465874,-0.13902246952056885,5.946502685546875,-0.07722421330283713,165.73853781005462,-0.0021110103355959577,-0.5,-0.5021110103355959,0.579335223638433,0.579335223638433,0.579335223638433,0.579335223638433,0.579335223638433,0.5016941432695488,0.5016941432695488,0.5016941432695488,0.5016941432695488,1.0
7750,1660.051800608,0.7096274663777936,-0.22344298660755157,1.2207835850691795,-0.008921357262879612,-0.22344298660755157,-10.53581428527832,-0.008921357262879612,-0.22344298660755157,-10.53581428527832,0.5958516862617169,165.7651256316217,0.0009388268987948986,0.5,0.5009388268987949,-1.0967905131605118,-1.0967905131605118,-1.0967905131605118,-1.0967905131605118,-1.0967905131605118,-0.028607530293317696,-0.028607530293317696,-0.028607530293317696,-0.028607530293317696,1.0
7800,1660.208265568,0.600197217064464,0.23507031798362732,1.2207835850691795,-0.010831275414675476,0.23507031798362732,-6.250545978546143,-0.010831275414675476,0.23507031798362732,-6.250545978546143,-0.24545565527405283,165.76201760164534,0.001139828742623342,0.5,0.5011398287426233,-0.2556841734685705,-0.2556841734685705,-0.2556841734685705,-0.2556841734685705,-0.2556841734685705,-0.8028647791375252,-0.8028647791375252,-0.8028647791375252,-0.8028647791375252,1.0
7850,1660.363796578,1.9267970051908316,0.01937183178961277,1.2207835850691795,0.012322258744388817,0.01937183178961277,-1.8680028915405273,0.012322258744388817,0.01937183178961277,-1.8680028915405273,-0.2222089938728131,165.7591735798576,-0.001296747088683515,0.5,0.4987032529113165,-0.27649425903850344,-0.27649425903850344,-0.27649425903850344,-0.27649425903850344,-0.27649425903850344,0.07325615909467384,0.07325615909467384,0.07325615909467384,0.07325615909467384,1.0
7900,1660.464153774,1.5961070999440232,-0.08243479579687119,1.2207835850691795,0.006550631094723938,-0.08243479579687119,-5.426946640014648,0.006550631094723938,-0.08243479579687119,-5.426946640014648,0.07476811772302405,165.76814750088445,-0.0006893384023022944,0.5,0.4993106615976977,-0.5740787793207218,-0.5740787793207218,-0.5740787793207218,-0.5740787793207218,-0.5740787793207218,-0.9044776899171437,-0.9044776899171437,-0.9044776899171437,-0.9044776899171437,1.0
7950,1660.519543566,1.5515427836523346,0.058043986558914185,1.2207835850691795,0.005772837046533821,0.058043986558914185,-2.1651902198791504,0.005772837046533821,0.058043986558914185,-2.1651902198791504,-0.19742505169440486,165.7689371740577,-0.0006074873717121673,0.5,0.4993925126282878,-0.30196746093388294,-0.30196746093388294,-0.30196746093388294,-0.30196746093388294,-0.30196746093388294,-0.8044845725900748,-0.8044845725900748,-0.8044845725900748,-0.8044845725900748,1.0
8000,1660.574139495,1.5746011821251804,0.0037674461491405964,1.2207835850691795,0.006175282020121815,0.0037674461491405964,-5.642480850219727,0.006175282020121815,0.0037674461491405964,-5.642480850219727,-0.07993519499236347,165.7685410273559,-0.0006498385061401148,0.5,0.4993501614938599,-0.41941496650149646,-0.41941496650149646,-0.41941496650149646,-0.41941496650149646,-0.41941496650149646,-0.21077362839127883,-0.21077362839127883,-0.21077362839127883,-0.21077362839127883,1.0
8050,1660.692669804,1.749325958830569,0.05909442901611328,1.2207835850691795,0.009224804658442734,0.05909442901611328,-2.5062718391418457,0.009224804658442734,0.05909442901611328,-2.5062718391418457,-0.2581289345990221,165.76467198799136,-0.00097076153853332,0.5,0.4990292384614667,-0.2409003038624446,-0.2409003038624446,-0.2409003038624446,-0.2409003038624446,-0.2409003038624446,-0.22685137388258997,-0.22685137388258997,-0.22685137388258997,-0.22685137388258997,1.0
8100,1660.84514773,1.8577521169750537,0.0012493629474192858,1.2207835850691795,0.011117198113352059,0.0012493629474192858,-1.701277494430542,0.011117198113352059,0.0012493629474192858,-1.701277494430542,-0.1582115930388648,165.76150059417535,-0.0011699202292351602,0.5,0.4988300797707648,-0.3406184867319,-0.3406184867319,-0.3406184867319,-0.3406184867319,-0.3406184867319,-0.4508625452451263,-0.4508625452451263,-0.4508625452451263,-0.4508625452451263,1.0
8150,1661.019002924,1.5163580246383659,-0.051296792924404144,1.2207835850691795,0.005158747155219315,-0.051296792924404144,-2.4342129230499268,0.005158747155219315,-0.051296792924404144,-2.4342129230499268,0.03210407559949016,165.76949022541788,-0.0005428642409643594,0.5,0.49945713575903566,-0.5315612113585259,-0.5315612113585259,-0.5315612113585259,-0.5315612113585259,-0.5315612113585259,-0.6541887093808895,-0.6541887093808895,-0.6541887093808895,-0.6541887093808895,1.0
8200,1661.176662747,1.5847458273116475,0.03441476449370384,1.2207835850691795,0.006352339480072258,0.03441476449370384,-0.7984471917152405,0.006352339480072258,0.03441476449370384,-0.7984471917152405,-0.16370531712228736,165.76835828778795,-0.0006684711417756911,0.4999999999999865,0.4993315288582108,-0.33562621173592344,-0.33562621173592344,-0.33562621173592344,-0.33562621173592344,-0.33562621173592344,-0.2848147100928058,-0.2848147100928058,-0.2848147100928058,-0.2848147100928058,1.0
8250,1661.324374644,1.0688924818735552,-0.19731591641902924,1.2207835850691795,-0.002650999855250122,-0.19731591641902924,1.8044227361679077,-0.002650999855250122,-0.19731591641902924,1.8044227361679077,0.4617102210497061,165.77110373705062,0.0002789676777727039,-0.5,-0.4997210323222273,0.038010811272521206,0.038010811272521206,0.038010811272521206,0.038010811272521206,0.038010811272521206,0.5627909319736795,0.5627909319736795,0.5627909319736795,0.5627909319736795,1.0
8300,1661.471686453,0.3833911112740979,0.16937673091888428,1.2207835850691795,-0.014615255799144508,0.16937673091888428,-3.533491373062134,-0.014615255799144508,0.16937673091888428,-3.533491373062134,-0.0999209016922217,165.75408495571313,0.0015380846579858057,0.5,0.5015380846579858,-0.4016171829657641,-0.4016171829657641,-0.4016171829657641,-0.4016171829657641,-0.4016171829657641,-0.9772068352409033,-0.9772068352409033,-0.9772068352409033,-0.9772068352409033,1.0
8350,1661.571534712,1.2689116902313227,0.101108618080616,1.2207835850691795,0.0008399938978254778,0.101108618080616,3.8841936588287354,0.0008399938978254778,0.101108618080616,3.8841936588287354,-0.21566094440614048,165.77162459734495,-8.839331212838947e-05,-0.5,-0.5000883933121284,0.7157493377182689,0.7157493377182689,0.7157493377182689,0.7157493377182689,0.7157493377182689,-0.06634318727790978,-0.06634318727790978,-0.06634318727790978,-0.06634318727790978,1.0
8400,1661.626857172,1.3917176377345057,-0.12509867548942566,1.2207835850691795,0.0029833620227873343,-0.12509867548942566,1.1257001161575317,0.0029833620227873343,-0.12509867548942566,1.1257001161575317,0.20074889013526467,165.77094945751446,-0.0003139427143371698,-0.5,-0.5003139427143372,0.2995650525790725,0.2995650525790725,0.2995650525790725,0.2995650525790725,0.2995650525790725,0.5374679216089396,0.5374679216089396,0.5374679216089396,0.5374679216089396,1.0
8450,1661.789195215,0.01881175003423676,0.04690823331475258,1.2207835850691795,-0.02097836603759788,0.04690823331475258,-3.6783876419067383,-0.02097836603759788,0.04690823331475258,-3.6783876419067383,0.2691781904156796,165.73542672099202,0.0022078927513309063,0.5,0.5022078927513309,-0.7713860831670105,-0.7713860831670105,-0.7713860831670105,-0.7713860831670105,-0.7713860831670105,-0.9027014295855478,-0.9027014295855478,-0.9027014295855478,-0.9027014295855478,1.0
8500,1661.943666385,1.3743224265789524,0.13820073008537292,1.2207835850691795,0.002679758314043282,0.13820073008537292,-2.650845527648926,0.002679758314043282,0.13820073008537292,-2.650845527648926,-0.3134750848206509,165.77109110695446,-0.0002819939768146029,0.5,0.4997180060231854,-0.1862429212025345,-0.1862429212025345,-0.1862429212025345,-0.1862429212025345,-0.1862429212025345,-0.4135151929808518,-0.4135151929808518,-0.4135151929808518,-0.4135151929808518,1.0
8550,1662.114604276,1.8602735239958463,0.03275541961193085,1.2207835850691795,0.01116120496764779,0.03275541961193085,-0.5744208693504333,0.01116120496764779,0.03275541961193085,-0.5744208693504333,-0.2090625132701458,165.76141982456593,-0.0011745516784047209,0.4999999998949763,0.49882544821657154,-0.28976293494642574,-0.28976293494642574,-0.28976293494642574,-0.28976293494642574,-0.28976293494642574,-0.4321325832590267,-0.4321325832590267,-0.4321325832590267,-0.4321325832590267,1.0
8600,1662.297378172,1.2222128331022992,-0.18430307507514954,1.2207835850691795,2.4945084005592588e-05,-0.18430307507514954,3.4262332916259766,2.4945084005592588e-05,-0.18430307507514954,3.4262332916259766,0.3838472168472452,165.77168267668142,-2.6249929777177403e-06,-0.5,-0.5000026249929778,0.11615540814573255,0.11615540814573255,0.11615540814573255,0.11615540814573255,0.11615540814573255,0.4037652586576787,0.4037652586576787,0.4037652586576787,0.4037652586576787,1.0
8650,1662.398675494,0.4160230870857743,-0.013527551665902138,1.2207835850691795,-0.014045720379799606,-0.013527551665902138,1.6072531938552856,-0.014045720379799606,-0.013527551665902138,1.6072531938552856,0.2534887847891209,165.75542973009397,0.0014781397485223622,-0.5,-0.49852186025147766,0.24503307546235675,0.24503307546235675,0.24503307546235675,0.24503307546235675,0.24503307546235675,-0.19523276973282142,-0.19523276973282142,-0.19523276973282142,-0.19523276973282142,1.0
8700,1662.469164039,0.4433684164385815,0.014910873956978321,1.2207835850691795,-0.01356845434755087,0.014910873956978321,0.844601035118103,-0.01356845434755087,0.014910873956978321,0.844601035118103,0.17885475576127224,165.75651548393137,0.0014279071372745263,-0.4999999999999979,-0.49857209286272336,0.3197173371014511,0.3197173371014511,0.3197173371014511,0.3197173371014511,0.3197173371014511,0.31882466625173156,0.31882466625173156,0.31882466625173156,0.31882466625173156,1.0
8750,1662.623371881,0.37191516616886,0.071358822286129,1.2207835850691795,-0.014815548826009037,0.071358822286129,-3.684293031692505,-0.014815548826009037,0.071358822286129,-3.684293031692505,0.05990223310266013,165.75359932642394,0.0015591661916401656,0.5,0.5015591661916402,-0.5614613992943003,-0.5614613992943003,-0.5614613992943003,-0.5614613992943003,-0.5614613992943003,-0.681155189133376,-0.681155189133376,-0.681155189133376,-0.681155189133376,1.0
8800,1662.771931793,1.6980765948887304,0.08635292947292328,1.2207835850691795,0.00833033451810479,0.08635292947292328,-1.7790700197219849,0.00833033451810479,0.08635292947292328,-1.7790700197219849,-0.31947402301163247,165.7659656389487,-0.0008766284714638433,0.5,0.49912337152853614,-0.17964934851690367,-0.17964934851690367,-0.17964934851690367,-0.17964934851690367,-0.17964934851690367,-0.26813690273594104,-0.26813690273594104,-0.26813690273594104,-0.26813690273594104,1.0
8850,1662.961232465,1.728496336461263,-0.02804681658744812,1.2207835850691795,0.008861259166151284,-0.02804681658744812,-0.2814580202102661,0.008861259166151284,-0.02804681658744812,-0.2814580202102661,-0.012189764828493183,165.76521367632577,-0.0009325022281221181,0.49998710065093366,0.4990545984228115,-0.4868648335943183,-0.4868648335943183,-0.4868648335943183,-0.4868648335943183,-0.4868648335943183,-0.5236627645007979,-0.5236627645007979,-0.5236627645007979,-0.5236627645007979,1.0
8900,1663.111595805,1.5189966120921066,-0.01945103518664837,1.2207835850691795,0.005204799193888901,-0.01945103518664837,-0.13078463077545166,0.005204799193888901,-0.01945103518664837,-0.13078463077545166,-0.036111417950614635,165.76945090592642,-0.000547710466162996,0.4946823143891786,0.4941346039230156,-0.458023185972401,-0.458023185972401,-0.458023185972401,-0.458023185972401,-0.458023185972401,-0.3712169026587,-0.3712169026587,-0.3712169026587,-0.3712169026587,1.0
8950,1663.233713364,1.291946396485485,-0.031167181208729744,1.2207835850691795,0.0012420253641903418,-0.031167181208729744,-1.2054495811462402,0.0012420253641903418,-0.031167181208729744,-1.2054495811462402,0.04706422433516876,165.77155563733922,-0.00013069948046904857,0.5,0.49986930051953093,-0.5469335248546997,-0.5469335248546997,-0.5469335248546997,-0.5469335248546997,-0.5469335248546997,-0.21690674238096863,-0.21690674238096863,-0.21690674238096863,-0.21690674238096863,1.0
9000,1663.396276782,1.001182788918809,-0.04017158970236778,1.2207835850691795,-0.0038327569328248517,-0.04017158970236778,-3.0680129528045654,-0.0038327569328248517,-0.04017158970236778,-3.0680129528045654,0.13747732740705648,165.7704724793007,0.00040332631669622634,0.5,0.5004033263166963,-0.6378806537237527,-0.6378806537237527,-0.6378806537237527,-0.6378806537237527,-0.6378806537237527,-0.25130363180435816,-0.25130363180435816,-0.25130363180435816,-0.25130363180435816,1.0
9050,1663.557092326,0.6821286445316462,-0.021112516522407532,1.2207835850691795,-0.009401302244514229,-0.021112516522407532,-5.39021635055542,-0.009401302244514229,-0.021112516522407532,-5.39021635055542,0.19503498917412987,165.76440115150936,0.000989336130124274,0.5,0.5009893361301243,-0.6960243253042542,-0.6960243253042542,-0.6960243253042542,-0.6960243253042542,-0.6960243253042542,-0.468058567474024,-0.468058567474024,-0.468058567474024,-0.468058567474024,1.0
9100,1663.741801136,0.7648847639802546,-0.021930234506726265,1.2207835850691795,-0.007956935483962297,-0.021930234506726265,-5.0477294921875,-0.007956935483962297,-0.021930234506726265,-5.0477294921875,0.15945089310537044,165.76646667533296,0.0008373327821131625,0.5,0.5008373327821132,-0.6602882258874836,-0.6602882258874836,-0.6602882258874836,-0.6602882258874836,-0.6602882258874836,-0.3711568642876496,-0.3711568642876496,-0.3711568642876496,-0.3711568642876496,1.0
9150,1663.944067286,1.0267445584441701,0.06492815911769867,1.2207835850691795,-0.0033866198919713514,0.06492815911769867,-5.936212539672852,-0.0033866198919713514,0.06492815911769867,-5.936212539672852,-0.050281103905867305,165.77073782962813,0.0003563783192677412,0.5,0.5003563783192677,-0.4500752744134004,-0.4500752744134004,-0.4500752744134004,-0.4500752744134004,-0.4500752744134004,-0.1175649892333969,-0.1175649892333969,-0.1175649892333969,-0.1175649892333969,1.0
9200,1664.089388415,1.27594667835473,0.011002933606505394,1.2207835850691795,0.0009627776034176333,0.011002933606505394,-5.868385314941406,0.0009627776034176333,0.011002933606505394,-5.868385314941406,-0.028769067511441076,165.77160636116193,-0.0001013139591273573,0.5,0.4998986860408726,-0.4711296185294315,-0.4711296185294315,-0.4711296185294315,-0.4711296185294315,-0.4711296185294315,-0.08430332365550924,-0.08430332365550924,-0.08430332365550924,-0.08430332365550924,1.0
9250,1664.295182462,1.0595840012518858,-0.005241053178906441,1.2207835850691795,-0.0028134634904563444,-0.005241053178906441,-5.878630638122559,-0.0028134634904563444,-0.005241053178906441,-5.878630638122559,0.06283580171182326,165.77103059692124,0.0002960639945103768,0.5,0.5002960639945104,-0.5631318657063337,-0.5631318657063337,-0.5631318657063337,-0.5631318657063337,-0.5631318657063337,-0.1487580985844344,-0.1487580985844344,-0.1487580985844344,-0.1487580985844344,1.0
9300,1664.545881179,0.9677385542044301,0.02999969758093357,1.2207835850691795,-0.004416468944400551,0.02999969758093357,-8.496978759765625,-0.004416468944400551,0.02999969758093357,-8.496978759765625,0.011791752560823973,165.77007577841562,0.0004647518787588444,0.5,0.5004647518787588,-0.5122565044395828,-0.5122565044395828,-0.5122565044395828,-0.5122565044395828,-0.5122565044395828,-0.19602167775222798,-0.19602167775222798,-0.19602167775222798,-0.19602167775222798,1.0
9350,1664.749159417,1.0455324878601713,-0.022189542651176453,1.2207835850691795,-0.0030587086640298383,-0.022189542651176453,-8.266695976257324,-0.0030587086640298383,-0.022189542651176453,-8.266695976257324,0.11077955216272148,165.7709119514393,0.00032187157891629695,0.5,0.5003218715789163,-0.6111014237416378,-0.6111014237416378,-0.6111014237416378,-0.6111014237416378,-0.6111014237416378,-0.2797411076050943,-0.2797411076050943,-0.2797411076050943,-0.2797411076050943,1.0
9400,1664.803068022,0.9352064699093651,-0.041987404227256775,1.2207835850691795,-0.0049842609278857725,-0.041987404227256775,-9.406652450561523,-0.0049842609278857725,-0.041987404227256775,-9.406652450561523,0.18965104003176253,165.76963603250817,0.0005245024348268438,0.5,0.5005245024348268,-0.6901755424665894,-0.6901755424665894,-0.6901755424665894,-0.6901755424665894,-0.6901755424665894,-0.5368090845389081,-0.5368090845389081,-0.5368090845389081,-0.5368090845389081,1.0
9450,1664.857678974,0.8534615919838889,-0.0009334362111985683,1.2207835850691795,-0.006410978194326164,-0.0009334362111985683,-10.338730812072754,-0.006410978194326164,-0.0009334362111985683,-10.338730812072754,0.1536398616549967,165.7682966286212,0.000674641993928095,0.5,0.5006746419939281,-0.6543145036489249,-0.6543145036489249,-0.6543145036489249,-0.6543145036489249,-0.6543145036489249,-0.14395026507229863,-0.14395026507229863,-0.14395026507229863,-0.14395026507229863,1.0
9500,1664.929850155,0.8560527416394096,0.004151183646172285,1.2207835850691795,-0.006365754101425411,0.004151183646172285,-10.645296096801758,-0.006365754101425411,0.004151183646172285,-10.645296096801758,0.07775939492836098,165.76834423216528,0.0006698828306650021,0.5,0.500669882830665,-0.5784292777590261,-0.5784292777590261,-0.5784292777590261,-0.5784292777590261,-0.5784292777590261,-0.35520600772953925,-0.35520600772953925,-0.35520600772953925,-0.35520600772953925,1.0
9550,1665.081990448,0.950772044141001,-0.013215864077210426,1.2207835850691795,-0.004712590407580139,-0.013215864077210426,-10.984109878540039,-0.004712590407580139,-0.013215864077210426,-10.984109878540039,0.10460681737047503,165.76985306468697,0.0004959136425641063,0.5,0.5004959136425641,-0.6051027310130391,-0.6051027310130391,-0.6051027310130391,-0.6051027310130391,-0.6051027310130391,-0.5050209005540732,-0.5050209005540732,-0.5050209005540732,-0.5050209005540732,1.0
9600,1665.231269766,0.9064714371842983,0.016156360507011414,1.2207835850691795,-0.005485781859606506,0.016156360507011414,-13.055787086486816,-0.005485781859606506,0.016156360507011414,-13.055787086486816,0.09010397371969209,165.76920343091626,0.0005772793548757468,0.5,0.5005772793548757,-0.5906812530745678,-0.5906812530745678,-0.5906812530745678,-0.5906812530745678,-0.5906812530745678,-0.33782870897179207,-0.33782870897179207,-0.33782870897179207,-0.33782870897179207,1.0
9650,1665.396100503,1.302344932610006,0.0728345513343811,1.2207835850691795,0.001423514056950806,0.0728345513343811,-10.66823959350586,0.001423514056950806,0.0728345513343811,-10.66823959350586,-0.1710193610161834,165.77151578194267,-0.00014979772779086104,0.5,0.49985020227220917,-0.3288308412560258,-0.3288308412560258,-0.3288308412560258,-0.3288308412560258,-0.3288308412560258,-0.48927495949490896,-0.48927495949490896,-0.48927495949490896,-0.48927495949490896,1.0
9700,1665.5530147,1.4431228153667852,-0.06895200163125992,1.2207835850691795,0.003880551625043152,-0.06895200163125992,-6.998674392700195,0.003880551625043152,-0.06895200163125992,-6.998674392700195,0.06811532443356753,165.77044210740647,-0.0004083558680348151,0.5,0.49959164413196516,-0.5677069685655327,-0.5677069685655327,-0.5677069685655327,-0.5677069685655327,-0.5677069685655327,-0.08514380192310589,-0.08514380192310589,-0.08514380192310589,-0.08514380192310589,1.0
9750,1665.711632344,1.3684754644843042,0.005485137924551964,1.2207835850691795,0.0025777095742523654,0.005485137924551964,-6.899764060974121,0.0025777095742523654,0.005485137924551964,-6.899764060974121,-0.048512011428946296,165.77113530838812,-0.00027125522525111163,0.5,0.4997287447747489,-0.4512167333458026,-0.4512167333458026,-0.4512167333458026,-0.4512167333458026,-0.4512167333458026,-0.5223205153613053,-0.5223205153613053,-0.5223205153613053,-0.5223205153613053,1.0
9800,1665.850411501,1.536208048470304,0.039984989911317825,1.2207835850691795,0.005505195427685974,0.039984989911317825,-6.2943339347839355,0.005505195427685974,0.039984989911317825,-6.2943339347839355,-0.15581724438356748,165.76918585200116,-0.0005793223227403497,0.5,0.4994206776772597,-0.3436034332936922,-0.3436034332936922,-0.3436034332936922,-0.3436034332936922,-0.3436034332936922,-0.018110725602878477,-0.018110725602878477,-0.018110725602878477,-0.018110725602878477,1.0
9850,1665.905522078,1.6043630911032762,0.005070332903414965,1.2207835850691795,0.006694725323468445,0.005070332903414965,-5.9134955406188965,0.006694725323468445,0.005070332903414965,-5.9134955406188965,-0.1101160899473196,165.76799026211293,-0.0007045022229278875,0.5,0.4992954977770721,-0.3891794078297525,-0.3891794078297525,-0.3891794078297525,-0.3891794078297525,-0.3891794078297525,-0.19012906148178443,-0.19012906148178443,-0.19012906148178443,-0.19012906148178443,1.0
9900,1665.960102623,1.6179019134204167,0.035134900361299515,1.2207835850691795,0.0069310223497450335,0.035134900361299515,-4.678128242492676,0.0069310223497450335,0.035134900361299515,-4.678128242492676,-0.16373892924818795,165.7677250045232,-0.0007293691092430152,0.5,0.49927063089075696,-0.335531701642569,-0.335531701642569,-0.335531701642569,-0.335531701642569,-0.335531701642569,-0.08701134816544981,-0.08701134816544981,-0.08701134816544981,-0.08701134816544981,1.0
9950,1666.016467782,1.6798808642181107,0.04614453390240669,1.2207835850691795,0.00801275910809636,0.04614453390240669,-4.586219310760498,0.00801275910809636,0.04614453390240669,-4.586219310760498,-0.2023259544076495,165.76639323027044,-0.0008432075220025453,0.5,0.49915679247799744,-0.29683083807034794,-0.29683083807034794,-0.29683083807034794,-0.29683083807034794,-0.29683083807034794,-0.13183701880586457,-0.13183701880586457,-0.13183701880586457,-0.13183701880586457,1.0
10000,1666.070981254,1.733346731267324,0.012911909259855747,1.2207835850691795,0.008945914525538681,0.012911909259855747,-4.819429397583008,0.008945914525538681,0.012911909259855747,-4.819429397583008,-0.14711202366713344,165.76508948356093,-0.0009414112853809569,0.5,0.49905858871461906,-0.3519465650474856,-0.3519465650474856,-0.3519465650474856,-0.3519465650474856,-0.3519465650474856,-0.01990586444951971,-0.01990586444951971,-0.01990586444951971,-0.01990586444951971,1.0
10050,1666.128131442,1.7273284808348968,0.001502790255472064,1.2207835850691795,0.00884087624028325,0.001502790255472064,-3.9625086784362793,0.00884087624028325,0.001502790255472064,-3.9625086784362793,-0.13238834049338966,165.76524340250515,-0.000930357148506676,0.5,0.4990696428514933,-0.36668130235810364,-0.36668130235810364,-0.36668130235810364,-0.36668130235810364,-0.36668130235810364,-0.2637289078750357,-0.2637289078750357,-0.2637289078750357,-0.2637289078750357,1.0
10100,1666.266729472,1.4797673138724325,-0.09788835048675537,1.2207835850691795,0.00452011877670884,-0.09788835048675537,-2.963848114013672,0.00452011877670884,-0.09788835048675537,-2.963848114013672,0.13174520836212655,165.7699994666569,-0.00047565925695199394,0.5,0.499524340743048,-0.6312695491051745,-0.6312695491051745,-0.6312695491051745,-0.6312695491051745,-0.6312695491051745,-0.13754841275339827,-0.13754841275339827,-0.13754841275339827,-0.13754841275339827,1.0
10150,1666.421290174,1.1834645296105821,-0.012249084189534187,1.2207835850691795,-0.0006513403914868848,-0.012249084189534187,-3.4027421474456787,-0.0006513403914868848,-0.012249084189534187,-3.4027421474456787,-0.009323653855484282,165.77164777622377,6.854112788797738e-05,0.5,0.500068541127888,-0.49074488727240373,-0.49074488727240373,-0.49074488727240373,-0.49074488727240373,-0.49074488727240373,-0.026684585206946818,-0.026684585206946818,-0.026684585206946818,-0.026684585206946818,1.0
10200,1666.569308565,1.3786549009468563,0.0777466744184494,1.2207835850691795,0.0027553742565214617,0.0777466744184494,-2.513823986053467,0.0027553742565214617,0.0777466744184494,-2.513823986053467,-0.19944415247513547,165.77105724784295,-0.00028995116672229915,0.5,0.4997100488332777,-0.3002658963581422,-0.3002658963581422,-0.3002658963581422,-0.3002658963581422,-0.3002658963581422,-0.3128428369834257,-0.3128428369834257,-0.3128428369834257,-0.3128428369834257,1.0
10250,1666.717836285,1.680546700940481,0.083626389503479,1.2207835850691795,0.008024380151182411,0.083626389503479,-1.0058863162994385,0.008024380151182411,0.083626389503479,-1.0058863162994385,-0.2830937741095142,165.76637787632689,-0.0008444304924371461,0.5,0.49915556950756285,-0.21606179539804865,-0.21606179539804865,-0.21606179539804865,-0.21606179539804865,-0.21606179539804865,-0.07627706831589048,-0.07627706831589048,-0.07627706831589048,-0.07627706831589048,1.0
10300,1666.867486272,2.2438245043852048,0.09791551530361176,1.2207835850691795,0.017855432424694298,0.09791551530361176,-1.0780397653579712,0.017855432424694298,0.09791551530361176,-1.0780397653579712,-0.4573218311507302,165.74541746289384,-0.001879140646669872,0.5,0.4981208593533301,-0.040799028202599896,-0.040799028202599896,-0.040799028202599896,-0.040799028202599896,-0.040799028202599896,-0.2263296808233593,-0.2263296808233593,-0.2263296808233593,-0.2263296808233593,1.0
10350,1667.017788532,2.7053213901393374,-0.20063914358615875,1.2207835850691795,0.025910072568804024,-0.20063914358615875,6.362107276916504,0.025910072568804024,-0.20063914358615875,6.362107276916504,-0.058575237560745064,165.71637758189593,-0.0027271443443731575,-0.5,-0.5027271443443732,0.5613023819051182,0.5613023819051182,0.5613023819051182,0.5613023819051182,0.5613023819051182,0.8981424924635851,0.8981424924635851,0.8981424924635851,0.8981424924635851,1.0
10400,1667.168694767,0.9515902794592275,-0.12668481469154358,1.2207835850691795,-0.004698309507220985,-0.12668481469154358,0.46544453501701355,-0.004698309507220985,-0.12668481469154358,0.46544453501701355,0.3776033273405991,165.76986413698387,0.0004944108179731135,-0.4999999917889203,-0.49950558097094716,0.12190225363034807,0.12190225363034807,0.12190225363034807,0.12190225363034807,0.12190225363034807,0.40231303924958206,0.40231303924958206,0.40231303924958206,0.40231303924958206,1.0
10450,1667.325595451,1.6032337620126969,0.18938079476356506,1.2207835850691795,0.006675014812499283,0.18938079476356506,-1.94637131690979,0.006675014812499283,0.18938079476356506,-1.94637131690979,-0.4760985589316226,165.7680119726314,-0.0007024279767904349,0.5,0.49929757202320957,-0.02319901309158695,-0.02319901309158695,-0.02319901309158695,-0.02319901309158695,-0.02319901309158695,-0.5319224683279867,-0.5319224683279867,-0.5319224683279867,-0.5319224683279867,1.0
10500,1667.491123206,1.6827381244469974,-0.2910914421081543,1.2207835850691795,0.008062627706676723,-0.2910914421081543,3.111259937286377,0.008062627706676723,-0.2910914421081543,3.111259937286377,0.4295067909626038,165.76632718579415,-0.0008484555741607426,-0.5,-0.5008484555741607,0.07134166461155689,0.07134166461155689,0.07134166461155689,0.07134166461155689,0.07134166461155689,0.2692008479844614,0.2692008479844614,0.2692008479844614,0.2692008479844614,1.0
10550,1667.642486514,0.9885274088821274,0.15155647695064545,1.2207835850691795,-0.004053634982556106,0.15155647695064545,-3.8121936321258545,-0.004053634982556106,0.15155647695064545,-3.8121936321258545,-0.22983439326930355,165.77032896923293,0.0004265698650171219,0.5,0.5004265698650171,-0.27059217659571355,-0.27059217659571355,-0.27059217659571355,-0.27059217659571355,-0.27059217659571355,-0.8668588649133973,-0.8668588649133973,-0.8668588649133973,-0.8668588649133973,1.0
10600,1667.792697536,2.076297039517717,0.0821051076054573,1.2207835850691795,0.014931526575237511,0.0821051076054573,10.529921531677246,0.014931526575237511,0.0821051076054573,10.529921531677246,-0.3994000647624598,165.75331510584562,-0.0015713733073544865,-0.5,-0.5015713733073545,0.9009714380698143,0.9009714380698143,0.9009714380698143,0.9009714380698143,0.9009714380698143,0.17248342500344777,0.17248342500344777,0.17248342500344777,0.17248342500344777,1.0
10650,1667.944085603,0.9338905912770799,-0.15213939547538757,1.2207835850691795,-0.00500722734257579,-0.15213939547538757,2.298314332962036,-0.00500722734257579,-0.15213939547538757,2.298314332962036,0.3863204380876261,165.76961712761792,0.0005269192704756536,-0.5,-0.49947308072952434,0.11315264264189823,0.11315264264189823,0.11315264264189823,0.11315264264189823,0.11315264264189823,0.08745410627060062,0.08745410627060062,0.08745410627060062,0.08745410627060062,1.0
10700,1668.093915333,0.8593771761353547,-0.011866929940879345,1.2207835850691795,-0.00630773177370429,-0.011866929940879345,1.2615302801132202,-0.00630773177370429,-0.011866929940879345,1.2615302801132202,0.09277890259107613,165.76840481378878,0.0006637768474801816,-0.5,-0.4993362231525198,0.40655732056144367,0.40655732056144367,0.40655732056144367,0.40655732056144367,0.40655732056144367,0.35809483396230074,0.35809483396230074,0.35809483396230074,0.35809483396230074,1.0
10750,1668.148276974,0.7795658287143739,-0.001761755207553506,1.2207835850691795,-0.007700702566653492,-0.001761755207553506,1.933631420135498,-0.007700702566653492,-0.001761755207553506,1.933631420135498,0.12865910834879313,165.7667972041387,0.0008103675305588492,-0.5,-0.49918963246944115,0.370530524120648,0.370530524120648,0.370530524120648,0.370530524120648,0.370530524120648,0.19533341560701317,0.19533341560701317,0.19533341560701317,0.19533341560701317,1.0
10800,1668.230558681,0.8276206918370563,0.03785713389515877,1.2207835850691795,-0.006861986983567478,0.03785713389515877,1.1163575649261475,-0.006861986983567478,0.03785713389515877,1.1163575649261475,0.03616104883661633,165.76780345214846,0.0007221041149571029,-0.5,-0.4992778958850429,0.4631168470484266,0.4631168470484266,0.4631168470484266,0.4631168470484266,0.4631168470484266,0.23433166660361288,0.23433166660361288,0.23433166660361288,0.23433166660361288,1.0
10850,1668.380093379,1.2398182860182418,0.060389336198568344,1.2207835850691795,0.0003322182036936301,0.060389336198568344,3.3949007987976074,0.0003322182036936301,0.060389336198568344,3.3949007987976074,-0.11990207918858717,165.77167363510915,-3.4959613011680976e-05,-0.5,-0.5000349596130117,0.6199370388015989,0.6199370388015989,0.6199370388015989,0.6199370388015989,0.6199370388015989,0.5085339537956062,0.5085339537956062,0.5085339537956062,0.5085339537956062,1.0
10900,1668.550900738,1.224429336209674,0.006832028739154339,1.2207835850691795,6.363036110997033e-05,0.006832028739154339,2.6884851455688477,6.363036110997033e-05,0.006832028739154339,2.6884851455688477,-0.015111132520198828,165.77168239438092,-6.695878483909754e-06,-0.5,-0.5000066958784839,0.5151178283986827,0.5151178283986827,0.5151178283986827,0.5151178283986827,0.5151178283986827,0.41015783861066146,0.41015783861066146,0.41015783861066146,0.41015783861066146,1.0
10950,1668.705090394,1.2192945280577054,-0.03423253446817398,1.2207835850691795,-2.5988947600127932e-05,-0.03423253446817398,3.7566463947296143,-2.5988947600127932e-05,-0.03423253446817398,3.7566463947296143,0.07678694600606334,165.7716826723011,2.7348396555615303e-06,-0.5,-0.49999726516034443,0.4232103191542811,0.4232103191542811,0.4232103191542811,0.4232103191542811,0.4232103191542811,0.27070778511904237,0.27070778511904237,0.27070778511904237,0.27070778511904237,1.0
11000,1668.853410251,1.101665437058569,0.021545179188251495,1.2207835850691795,-0.0020790038816630857,0.021545179188251495,5.124677658081055,-0.0020790038816630857,0.021545179188251495,5.124677658081055,-0.015730949956464187,165.7713266352838,0.0002187757066384215,-0.5,-0.4997812242933616,0.5155121742498258,0.5155121742498258,0.5155121742498258,0.5155121742498258,0.5155121742498258,0.42510337528153286,0.42510337528153286,0.42510337528153286,0.42510337528153286,1.0
11050,1668.908607201,1.0592175189142323,-0.002830690937116742,1.2207835850691795,-0.0028198598138988035,-0.002830690937116742,4.192410469055176,-0.0028198598138988035,-0.002830690937116742,4.192410469055176,0.056726899666272444,165.77102762835256,0.0002967370905045668,-0.5,-0.49970326290949546,0.44297636324322304,0.44297636324322304,0.44297636324322304,0.44297636324322304,0.44297636324322304,0.5006502790794506,0.5006502790794506,0.5006502790794506,0.5006502790794506,1.0
11100,1668.962467422,1.0653804839796994,0.03603803366422653,1.2207835850691795,-0.002712295781821014,0.03603803366422653,5.34855842590332,-0.002712295781821014,0.03603803366422653,5.34855842590332,-0.02894498715186533,165.77107665288804,0.00028541794762977087,-0.5,-0.49971458205237024,0.5286595692042355,0.5286595692042355,0.5286595692042355,0.5286595692042355,0.5286595692042355,0.16693657985620253,0.16693657985620253,0.16693657985620253,0.16693657985620253,1.0
11150,1669.028046223,1.150114636884114,0.008996773511171341,1.2207835850691795,-0.0012334058247506635,0.008996773511171341,4.317211151123047,-0.0012334058247506635,0.008996773511171341,4.317211151123047,0.015978886579186717,165.77155739521177,0.0001297924374284579,-0.5,-0.49987020756257156,0.48389132098338483,0.48389132098338483,0.48389132098338483,0.48389132098338483,0.48389132098338483,0.3884447410981383,0.3884447410981383,0.3884447410981383,0.3884447410981383,1.0
11200,1669.097224548,1.103859848772847,0.015827026218175888,1.2207835850691795,-0.0020407041721045988,0.015827026218175888,5.365529537200928,-0.0020407041721045988,0.015827026218175888,5.365529537200928,0.014434934329597283,165.77133963441108,0.00021474537780385023,-0.5,-0.49978525462219614,0.48535032029259884,0.48535032029259884,0.48535032029259884,0.48535032029259884,0.48535032029259884,0.16406872019572105,0.16406872019572105,0.16406872019572105,0.16406872019572105,1.0
11250,1669.155184492,1.1930655344277987,0.0286712609231472,1.2207835850691795,-0.00048377124592662024,0.0286712609231472,5.231031894683838,-0.00048377124592662024,0.0286712609231472,5.231031894683838,-0.03738211159667018,165.77166344680802,5.090767467463991e-05,-0.5,-0.49994909232532536,0.5373312039219955,0.5373312039219955,0.5373312039219955,0.5373312039219955,0.5373312039219955,0.2765924994928705,0.2765924994928705,0.2765924994928705,0.2765924994928705,1.0
11300,1669.21005039,1.173211882057864,0.008198687806725502,1.2207835850691795,-0.0008302828483283536,0.008198687806725502,5.653757572174072,-0.0008302828483283536,0.008198687806725502,5.653757572174072,0.0069174760511561476,165.7716259336547,8.737140920179462e-05,-0.5,-0.4999126285907982,0.49299515253964205,0.49299515253964205,0.49299515253964205,0.49299515253964205,0.49299515253964205,0.29182301482749,0.29182301482749,0.29182301482749,0.29182301482749,1.0
11350,1669.267984557,1.1559786744516873,0.008900381624698639,1.2207835850691795,-0.0011310590617358701,0.008900381624698639,5.48656702041626,-0.0011310590617358701,0.008900381624698639,5.48656702041626,0.005921408897524426,165.7715773321958,0.00011902238323967052,-0.5,-0.4998809776167603,0.4939595687192359,0.4939595687192359,0.4939595687192359,0.4939595687192359,0.4939595687192359,0.3372800739829922,0.3372800739829922,0.3372800739829922,0.3372800739829922,1.0
11400,1669.32281003,1.2645903149208202,0.05187006667256355,1.2207835850691795,0.0007645716704428179,0.05187006667256355,7.317255973815918,0.0007645716704428179,0.05187006667256355,7.317255973815918,-0.11490674921311395,165.7716345676709,-8.045656020038007e-05,-0.5,-0.5000804565602004,0.6149872057733143,0.6149872057733143,0.6149872057733143,0.6149872057733143,0.6149872057733143,0.6050151797651282,0.6050151797651282,0.6050151797651282,0.6050151797651282,1.0
11450,1669.379071583,1.3443197534326137,0.008197300136089325,1.2207835850691795,0.002156112883239983,0.008197300136089325,6.359683513641357,0.002156112883239983,0.008197300136089325,6.359683513641357,-0.03970151932565918,165.7712997309201,-0.0002268899902816626,-0.5,-0.5002268899902816,0.5399284093159408,0.5399284093159408,0.5399284093159408,0.5399284093159408,0.5399284093159408,0.8288974635426484,0.8288974635426484,0.8288974635426484,0.8288974635426484,1.0
11500,1669.46989929,1.3734109164898731,-0.03326578438282013,1.2207835850691795,0.0026638494618237,-0.03326578438282013,7.016924858093262,0.0026638494618237,-0.03326578438282013,7.016924858093262,-0.003542265346847373,165.7710981106214,-0.00028031986255800116,-0.5,-0.500280319862558,0.5038225852094054,0.5038225852094054,0.5038225852094054,0.5038225852094054,0.5038225852094054,0.2673384718884884,0.2673384718884884,0.2673384718884884,0.2673384718884884,1.0
11550,1669.629574289,1.4338813559763464,-0.0017136650858446956,1.2207835850691795,0.0037192577309906466,-0.0017136650858446956,8.293022155761719,0.0037192577309906466,-0.0017136650858446956,8.293022155761719,-0.0496476583357086,165.77054309596207,-0.0003913825277876802,-0.5,-0.5003913825277877,0.5500390408634963,0.5500390408634963,0.5500390408634963,0.5500390408634963,0.5500390408634963,0.4213256547603508,0.4213256547603508,0.4213256547603508,0.4213256547603508,1.0
11600,1669.784988214,1.713374724525678,0.030549656599760056,1.2207835850691795,0.008597337249666454,0.030549656599760056,8.896163940429688,0.008597337249666454,0.030549656599760056,8.896163940429688,-0.17893719383976636,165.76559328125774,-0.000904727396922299,-0.5,-0.5009047273969223,0.6798419212366886,0.6798419212366886,0.6798419212366886,0.6798419212366886,0.6798419212366886,0.6521715845502005,0.6521715845502005,0.6521715845502005,0.6521715845502005,1.0
11650,1669.935357204,1.696269582966439,-0.023679116740822792,1.2207835850691795,0.008298796210438011,-0.023679116740822792,11.241560935974121,0.008298796210438011,-0.023679116740822792,11.241560935974121,-0.09404331138102741,165.76600884608771,-0.0008733094404320893,-0.5,-0.5008733094404321,0.5949166208214595,0.5949166208214595,0.5949166208214595,0.5949166208214595,0.5949166208214595,0.15780513406554164,0.15780513406554164,0.15780513406554164,0.15780513406554164,1.0
11700,1670.0815996,1.8358391625703603,-0.06662474572658539,1.2207835850691795,0.010734744910150765,-0.06662474572658539,12.25581169128418,0.010734744910150765,-0.06662474572658539,12.25581169128418,-0.05410373396815138,165.76218910742148,-0.001129669582808025,-0.5,-0.501129669582808,0.5552334035509594,0.5552334035509594,0.5552334035509594,0.5552334035509594,0.5552334035509594,0.6973859142498713,0.6973859142498713,0.6973859142498713,0.6973859142498713,1.0
11750,1670.135897634,1.7365935257223133,-0.029915980994701385,1.2207835850691795,0.009002581778913738,-0.029915980994701385,14.409607887268066,0.009002581778913738,-0.029915980994701385,14.409607887268066,-0.08785749646902137,165.76500569070652,-0.0009473749058831781,-0.5,-0.5009473749058831,0.5888048713749046,0.5888048713749046,0.5888048713749046,0.5888048713749046,0.5888048713749046,0.5966972947920246,0.5966972947920246,0.5966972947920246,0.5966972947920246,1.0
11800,1670.190691311,1.6829617064206095,-0.025012552738189697,1.2207835850691795,0.008066529948264359,-0.025012552738189697,13.685979843139648,0.008066529948264359,-0.025012552738189697,13.685979843139648,-0.0699034494140961,165.76632200049625,-0.0008488662369174741,-0.5,-0.5008488662369175,0.5707523156510136,0.5707523156510136,0.5707523156510136,0.5707523156510136,0.5707523156510136,0.6931613886789654,0.6931613886789654,0.6931613886789654,0.6931613886789654,1.0
11850,1670.246958846,1.6191470355617688,-0.002227277494966984,1.2207835850691795,0.006952753830701111,-0.002227277494966984,14.140314102172852,0.006952753830701111,-0.002227277494966984,14.140314102172852,-0.12637070329105218,165.76770014767723,-0.0007316560411724563,-0.5,-0.5007316560411724,0.6271023593322246,0.6271023593322246,0.6271023593322246,0.6271023593322246,0.6271023593322246,0.7634290486277355,0.7634290486277355,0.7634290486277355,0.7634290486277355,1.0
11900,1670.301336601,1.6605587926646734,0.020110292360186577,1.2207835850691795,0.0076755253411829455,0.020110292360186577,14.335798263549805,0.0076755253411829455,0.020110292360186577,14.335798263549805,-0.16434504566462438,165.76682909791765,-0.0008077179539437527,-0.5,-0.5008077179539437,0.6651527636185681,0.6651527636185681,0.6651527636185681,0.6651527636185681,0.6651527636185681,0.2305552708911402,0.2305552708911402,0.2305552708911402,0.2305552708911402,1.0
11950,1670.356997512,1.625901345598971,-0.006566187366843224,1.2207835850691795,0.007070638779550793,-0.006566187366843224,15.140399932861328,0.007070638779550793,-0.006566187366843224,15.140399932861328,-0.08066380822803698,165.76756395289337,-0.0007440617817017067,-0.5,-0.5007440617817017,0.5814078700097387,0.5814078700097387,0.5814078700097387,0.5814078700097387,0.5814078700097387,0.49122952211677,0.49122952211677,0.49122952211677,0.49122952211677,1.0
12000,1670.412197705,1.6061427822688876,0.01383589394390583,1.2207835850691795,0.0067257867939770205,0.01383589394390583,15.961380004882812,0.0067257867939770205,0.01383589394390583,15.961380004882812,-0.11994811393747475,165.76795591893952,-0.0007077709944498941,-0.5,-0.5007077709944499,0.6206558849319246,0.6206558849319246,0.6206558849319246,0.6206558849319246,0.6206558849319246,0.2160625371322494,0.2160625371322494,0.2160625371322494,0.2160625371322494,1.0
12050,1670.549332075,1.6274570279041471,0.023952040821313858,1.2207835850691795,0.007097790557891129,0.023952040821313858,16.668075561523438,0.007097790557891129,0.023952040821313858,16.668075561523438,-0.1686071997880429,165.7675322594857,-0.000746919129150459,-0.5,-0.5007469191291505,0.6693541189171934,0.6693541189171934,0.6693541189171934,0.6693541189171934,0.6693541189171934,0.6279710297750194,0.6279710297750194,0.6279710297750194,0.6279710297750194,1.0
12100,1670.715295095,1.6113896482119268,0.0310022234916687,1.2207835850691795,0.006817361880093811,0.0310022234916687,18.45691680908203,0.006817361880093811,0.0310022234916687,18.45691680908203,-0.16700106409554127,165.76785374356365,-0.0007174079586414934,-0.5,-0.5007174079586415,0.6677184720541828,0.6677184720541828,0.6677184720541828,0.6677184720541828,0.6677184720541828,0.5440727686866448,0.5440727686866448,0.5440727686866448,0.5440727686866448,1.0
12150,1670.865091629,1.442069578852428,-0.1977607160806656,1.2207835850691795,0.0038621691800653918,-0.1977607160806656,13.719233512878418,0.0038621691800653918,-0.1977607160806656,13.719233512878418,0.31312007646395673,165.77045383336545,-0.00040642143856470285,-0.5,-0.5004064214385647,0.187286344974608,0.187286344974608,0.187286344974608,0.187286344974608,0.187286344974608,-0.14278494961884824,-0.14278494961884824,-0.14278494961884824,-0.14278494961884824,1.0
12200,1671.016504408,0.7577021263768986,0.12358938157558441,1.2207835850691795,-0.008082296159118416,0.12358938157558441,10.808363914489746,-0.008082296159118416,0.12358938157558441,10.808363914489746,-0.02045702875914976,165.76630102481133,0.0008505254362483188,-0.5,-0.4991494745637517,0.5196065033229015,0.5196065033229015,0.5196065033229015,0.5196065033229015,0.5196065033229015,0.32030077531663737,0.32030077531663737,0.32030077531663737,0.32030077531663737,1.0
12250,1671.172415092,1.1869105734902652,-0.0813482478260994,1.2207835850691795,-0.0005911955796182172,-0.0813482478260994,4.951282024383545,-0.0005911955796182172,-0.0813482478260994,4.951282024383545,0.1592224693271694,165.77165393308968,6.221203438134545e-05,-0.5,-0.49993778796561866,0.3407153186384493,0.3407153186384493,0.3407153186384493,0.3407153186384493,0.3407153186384493,0.42662364293053223,0.42662364293053223,0.42662364293053223,0.42662364293053223,1.0
12300,1671.322345257,0.7511691037966343,-0.0534965842962265,1.2207835850691795,-0.008196318913251163,-0.0534965842962265,2.1407108306884766,-0.008196318913251163,-0.0534965842962265,2.1407108306884766,0.22540332116045647,165.76614810746014,0.0008625249380037029,-0.5,-0.4991374750619963,0.2737341539015398,0.2737341539015398,0.2737341539015398,0.2737341539015398,0.2737341539015398,0.14042348450797465,0.14042348450797465,0.14042348450797465,0.14042348450797465,1.0
12350,1671.46822044,1.0069637969992844,0.21944954991340637,1.2207835850691795,-0.00373185930773616,0.21944954991340637,-4.488189697265625,-0.00373185930773616,0.21944954991340637,-4.488189697265625,-0.30147453063376084,165.77053536029356,0.000392708620954222,0.5,0.5003927086209542,-0.19891817798719336,-0.19891817798719336,-0.19891817798719336,-0.19891817798719336,-0.19891817798719336,-0.862249831224084,-0.862249831224084,-0.862249831224084,-0.862249831224084,1.0
12400,1671.553300775,1.8087990839765147,0.10774683952331543,1.2207835850691795,0.010262806508690117,0.10774683952331543,-0.40013113617897034,0.010262806508690117,0.10774683952331543,-0.40013113617897034,-0.37090075852572774,165.76300549910042,-0.001080001666836923,0.49999988805358964,0.4989198863867527,-0.12801912786102498,-0.12801912786102498,-0.12801912786102498,-0.12801912786102498,-0.12801912786102498,-0.205036426563736,-0.205036426563736,-0.205036426563736,-0.205036426563736,1.0
12450,1671.610896078,2.145165196588721,0.006030884105712175,1.2207835850691795,0.016133502665907143,0.006030884105712175,6.111551284790039,0.016133502665907143,0.006030884105712175,6.111551284790039,-0.2520059284138913,165.7502389899936,-0.0016978885606444276,-0.5,-0.5016978885606445,0.7537038169745358,0.7537038169745358,0.7537038169745358,0.7537038169745358,0.7537038169745358,0.5705081378278261,0.5705081378278261,0.5705081378278261,0.5705081378278261,1.0
12500,1671.66601405,1.6515385673703196,-0.22391155362129211,1.2207835850691795,0.007518092710524796,-0.22391155362129211,1.6100307703018188,0.007518092710524796,-0.22391155362129211,1.6100307703018188,0.3581807204327736,165.76702616058668,-0.0007911502332042257,-0.5,-0.5007911502332042,0.1426104298004306,0.1426104298004306,0.1426104298004306,0.1426104298004306,0.1426104298004306,0.40822857946948266,0.40822857946948266,0.40822857946948266,0.40822857946948266,1.0
12550,1671.828867415,0.9510293501736401,0.18621587753295898,1.2207835850691795,-0.004708099570125343,0.18621587753295898,-4.881635665893555,-0.004708099570125343,0.18621587753295898,-4.881635665893555,-0.3185418726091518,165.76985655015434,0.0004954410574259402,0.5,0.5004954410574259,-0.18195356844827415,-0.18195356844827415,-0.18195356844827415,-0.18195356844827415,-0.18195356844827415,-0.7404089225755266,-0.7404089225755266,-0.7404089225755266,-0.7404089225755266,1.0
12600,1672.030813766,1.4911689273095936,-0.03169931098818779,1.2207835850691795,0.004719114471226929,-0.03169931098818779,-0.7990875840187073,0.004719114471226929,-0.03169931098818779,-0.7990875840187073,0.08162384583082871,165.76984799525425,-0.0004966001906098942,0.49999999999998684,0.49950339980937697,-0.5811272456402057,-0.5811272456402057,-0.5811272456402057,-0.5811272456402057,-0.5811272456402057,-0.46977441237923456,-0.46977441237923456,-0.46977441237923456,-0.46977441237923456,1.0
12650,1672.245598448,1.6510195797151044,0.019456688314676285,1.2207835850691795,0.007509034667164086,0.019456688314676285,-1.8586947917938232,0.007509034667164086,0.019456688314676285,-1.8586947917938232,-0.14923621586478467,165.76703737454295,-0.0007901969940641046,0.5,0.49920980300593587,-0.34997358714115123,-0.34997358714115123,-0.34997358714115123,-0.34997358714115123,-0.34997358714115123,-0.054379069597824264,-0.054379069597824264,-0.054379069597824264,-0.054379069597824264,1.0
12700,1672.457859692,0.7424415094195331,-0.12775862216949463,1.2207835850691795,-0.008348644170910122,-0.12775862216949463,1.582655906677246,-0.008348644170910122,-0.12775862216949463,1.582655906677246,0.37858589828108097,165.7659404797323,0.0008785553450132264,-0.5,-0.49912144465498676,0.12053554637390579,0.12053554637390579,0.12053554637390579,0.12053554637390579,0.12053554637390579,0.24826125200786614,0.24826125200786614,0.24826125200786614,0.24826125200786614,1.0
12750,1672.622380305,0.572040509263027,0.2608241140842438,1.2207835850691795,-0.011322702672332527,0.2608241140842438,-3.6821329593658447,-0.011322702672332527,0.2608241140842438,-3.6821329593658447,-0.31673282616222864,165.76112067968202,0.0011915483514987734,0.5,0.5011915483514988,-0.18445872218927017,-0.18445872218927017,-0.18445872218927017,-0.18445872218927017,-0.18445872218927017,-0.5444846967002639,-0.5444846967002639,-0.5444846967002639,-0.5444846967002639,1.0
12800,1672.680029516,1.4172998978273768,0.23497457802295685,1.2207835850691795,0.0034298566915094836,0.23497457802295685,9.948400497436523,0.0034298566915094836,0.23497457802295685,9.948400497436523,-0.5295249869343628,165.77071354870318,-0.00036092821782085266,-0.5,-0.5003609282178209,1.0298859151521835,1.0298859151521835,1.0298859151521835,1.0298859151521835,1.0298859151521835,-0.30374874047969835,-0.30374874047969835,-0.30374874047969835,-0.30374874047969835,1.0
12850,1672.734148276,1.9315898769974766,-0.04840649664402008,1.2207835850691795,0.01240591013804078,-0.04840649664402008,3.3552017211914062,0.01240591013804078,-0.04840649664402008,3.3552017211914062,-0.12691367627776054,165.75900316531434,-0.0013055511315381823,-0.5,-0.5013055511315382,0.6282192274092987,0.6282192274092987,0.6282192274092987,0.6282192274092987,0.6282192274092987,0.7675260917637331,0.7675260917637331,0.7675260917637331,0.7675260917637331,1.0
12900,1672.790934494,1.5335069220969755,-0.1293676495552063,1.2207835850691795,0.005458051878958939,-0.1293676495552063,3.9762494564056396,0.005458051878958939,-0.1293676495552063,3.9762494564056396,0.1713223181980098,165.7692284326121,-0.0005743612182093825,-0.5,-0.5005743612182094,0.3292520430201996,0.3292520430201996,0.3292520430201996,0.3292520430201996,0.3292520430201996,0.7667369064534278,0.7667369064534278,0.7667369064534278,0.7667369064534278,1.0
12950,1672.932792586,0.7116723076214191,-0.03419457748532295,1.2207835850691795,-0.008885668050497772,-0.03419457748532295,0.6252351403236389,-0.008885668050497772,-0.03419457748532295,0.6252351403236389,0.21837030450011022,165.7651779886734,0.0009350709967662201,-0.49999999998624206,-0.49906492898947585,0.28069462448936566,0.28069462448936566,0.28069462448936566,0.28069462448936566,0.28069462448936566,0.09926905691376046,0.09926905691376046,0.09926905691376046,0.09926905691376046,1.0
13000,1673.080429182,0.665269656586792,0.003959269262850285,1.2207835850691795,-0.009695547092705967,0.003959269262850285,-11.26606273651123,-0.009695547092705967,0.003959269262850285,-11.26606273651123,0.16403078828104375,165.7639382201834,0.0010203025703714212,0.5,0.5010203025703714,-0.6650510908514152,-0.6650510908514152,-0.6650510908514152,-0.6650510908514152,-0.6650510908514152,0.1373183176194194,0.1373183176194194,0.1373183176194194,0.1373183176194194,1.0
13050,1673.231491674,2.1056913989411017,0.13603095710277557,1.2207835850691795,0.015444554928690193,0.13603095710277557,6.410479545593262,0.015444554928690193,0.13603095710277557,6.410479545593262,-0.4442758254716108,165.7520312714798,-0.001625372072847039,-0.5,-0.5016253720728471,0.9459011975444579,0.9459011975444579,0.9459011975444579,0.9459011975444579,0.9459011975444579,0.6840011082417945,0.6840011082417945,0.6840011082417945,0.6840011082417945,1.0
13100,1673.380949701,0.9777380578710345,-0.06790514290332794,1.2207835850691795,-0.004241944681853058,-0.06790514290332794,0.5414390563964844,-0.004241944681853058,-0.06790514290332794,0.5414390563964844,0.219660831656766,165.77020027153947,0.00044638619704018837,-0.4999999996071378,-0.49955361341009763,0.27989278175333165,0.27989278175333165,0.27989278175333165,0.27989278175333165,0.27989278175333165,-0.02455346716550119,-0.02455346716550119,-0.02455346716550119,-0.02455346716550119,1.0
13150,1673.565816785,2.120171186538117,0.2177133709192276,1.2207835850691795,0.01569727489724755,0.2177133709192276,10.018285751342773,0.01569727489724755,0.2177133709192276,10.018285751342773,-0.681193712940956,165.75138290774294,-0.0016519724064796779,-0.5,-0.5016519724064796,1.1828456853474356,1.1828456853474356,1.1828456853474356,1.1828456853474356,1.1828456853474356,-0.17075208761697575,-0.17075208761697575,-0.17075208761697575,-0.17075208761697575,1.0
13200,1673.717300516,2.0900176088998035,-0.06274735182523727,1.2207835850691795,0.01517099568620324,-0.06274735182523727,4.782830715179443,0.01517099568620324,-0.06274735182523727,4.782830715179443,-0.22596321930819838,165.75272123969668,-0.0015965785090835513,-0.5,-0.5015965785090836,0.727559797817282,0.727559797817282,0.727559797817282,0.727559797817282,0.727559797817282,0.3315913693146408,0.3315913693146408,0.3315913693146408,0.3315913693146408,1.0
13250,1673.775145467,1.7618466560745545,-0.0930095911026001,1.2207835850691795,0.009443332049995659,-0.0930095911026001,4.448891639709473,0.009443332049995659,-0.0930095911026001,4.448891639709473,0.08621636719142456,165.7643358998968,-0.0009937593523941836,-0.5,-0.5009937593523942,0.41477739216096965,0.41477739216096965,0.41477739216096965,0.41477739216096965,0.41477739216096965,0.8023426196354495,0.8023426196354495,0.8023426196354495,0.8023426196354495,1.0
13300,1673.89612745,1.474799418468306,-0.013141707517206669,1.2207835850691795,0.004433412645012139,-0.013141707517206669,3.6060309410095215,0.004433412645012139,-0.013141707517206669,3.6060309410095215,-0.033393641909067594,165.7700634247201,-0.0004665349137689088,-0.5,-0.5004665349137689,0.5338601768228365,0.5338601768228365,0.5338601768228365,0.5338601768228365,0.5338601768228365,0.7361435451076109,0.7361435451076109,0.7361435451076109,0.7361435451076109,1.0
13350,1674.04991542,1.404203650424112,-0.027370136231184006,1.2207835850691795,0.003201284054666756,-0.027370136231184006,4.195276737213135,0.003201284054666756,-0.027370136231184006,4.195276737213135,0.010602140969416432,165.77083842047352,-0.0003368750574816253,-0.5,-0.5003368750574816,0.48973473408806517,0.48973473408806517,0.48973473408806517,0.48973473408806517,0.48973473408806517,0.7900973024838952,0.7900973024838952,0.7900973024838952,0.7900973024838952,1.0
13400,1674.24630581,1.2194396695775682,-0.011065732687711716,1.2207835850691795,-2.345575019717383e-05,-0.011065732687711716,6.34451150894165,-2.345575019717383e-05,-0.011065732687711716,6.34451150894165,0.007031148507318183,165.77168268262022,2.4682690801687707e-06,-0.5,-0.4999975317309198,0.49296638322360165,0.49296638322360165,0.49296638322360165,0.49296638322360165,0.49296638322360165,0.43790182761934426,0.43790182761934426,0.43790182761934426,0.43790182761934426,1.0
13450,1674.441910969,0.4529516787722118,-0.1158064603805542,1.2207835850691795,-0.013401194866746666,-0.1158064603805542,-11.642391204833984,-0.013401194866746666,-0.1158064603805542,-11.642391204833984,0.4527726000616228,165.75688710939218,0.00141030310401248,0.5,0.5014103031040125,-0.9541829031656353,-0.9541829031656353,-0.9541829031656353,-0.9541829031656353,-0.9541829031656353,-0.06836613785143486,-0.06836613785143486,-0.06836613785143486,-0.06836613785143486,1.0
13500,1674.626168895,1.6899789787408572,0.11054705083370209,1.2207835850691795,0.008189004454761745,0.11054705083370209,-3.3084959983825684,0.008189004454761745,0.11054705083370209,-3.3084959983825684,-0.3490040253177692,165.76615798127366,-0.000861755179951044,0.5,0.499138244820049,-0.1501342195022798,-0.1501342195022798,-0.1501342195022798,-0.1501342195022798,-0.1501342195022798,-0.04603477406530418,-0.04603477406530418,-0.04603477406530418,-0.04603477406530418,1.0
13550,1674.777015691,1.7801307523175611,-0.07259783148765564,1.2207835850691795,0.009762449730187653,-0.07259783148765564,-6.196343421936035,0.009762449730187653,-0.07259783148765564,-6.196343421936035,-0.00581724294350805,165.76383097270318,-0.0010273434537422562,0.5,0.4989726565462577,-0.49315541360274967,-0.49315541360274967,-0.49315541360274967,-0.49315541360274967,-0.49315541360274967,-0.20065609030638243,-0.20065609030638243,-0.20065609030638243,-0.20065609030638243,1.0
13600,1674.963262747,1.4392906523555848,-0.036192551255226135,1.2207835850691795,0.003813667763024567,-0.036192551255226135,-3.933431625366211,0.003813667763024567,-0.036192551255226135,-3.933431625366211,0.02970658360449649,165.77048450463005,-0.00040131751758873066,0.5,0.4995986824824113,-0.5293052660869078,-0.5293052660869078,-0.5293052660869078,-0.5293052660869078,-0.5293052660869078,-0.5394180889179435,-0.5394180889179435,-0.5394180889179435,-0.5394180889179435,1.0
13650,1675.155358011,1.45546998311717,-0.004613029770553112,1.2207835850691795,0.004096050355583428,-0.004613029770553112,-5.131775856018066,0.004096050355583428,-0.004613029770553112,-5.131775856018066,-0.06867427697101984,165.77030049083783,-0.00043103334520956736,0.5,0.49956896665479045,-0.4308946896837706,-0.4308946896837706,-0.4308946896837706,-0.4308946896837706,-0.4308946896837706,-0.19748092503579462,-0.19748092503579462,-0.19748092503579462,-0.19748092503579462,1.0
13700,1675.334149506,1.6416678768025934,0.032464563846588135,1.2207835850691795,0.0073458166606724246,0.032464563846588135,-3.4351651668548584,0.0073458166606724246,0.032464563846588135,-3.4351651668548584,-0.1745201958122959,165.76723712370514,-0.0007730204816676313,0.5,0.4992269795183324,-0.3247067837060365,-0.3247067837060365,-0.3247067837060365,-0.3247067837060365,-0.3247067837060365,-0.3468973097227825,-0.3468973097227825,-0.3468973097227825,-0.3468973097227825,1.0
13750,1675.483751704,1.686958327580419,0.015491020865738392,1.2207835850691795,0.008136284146457909,0.015491020865738392,-3.2890496253967285,0.008136284146457909,0.015491020865738392,-3.2890496253967285,-0.14194778442895475,165.7662288878583,-0.0008562070095458377,0.5,0.49914379299045414,-0.35719600856149936,-0.35719600856149936,-0.35719600856149936,-0.35719600856149936,-0.35719600856149936,-0.5100104775988159,-0.5100104775988159,-0.5100104775988159,-0.5100104775988159,1.0
13800,1675.645445259,1.7017330939722144,-0.01621272601187229,1.2207835850691795,0.008394152466207741,-0.01621272601187229,2.934659719467163,0.008394152466207741,-0.01621272601187229,2.934659719467163,-0.10259085594642459,165.76587770771607,-0.000883344555260269,-0.5,-0.5008833445552603,0.6034742005016849,0.6034742005016849,0.6034742005016849,0.6034742005016849,0.6034742005016849,-0.22790228863217032,-0.22790228863217032,-0.22790228863217032,-0.22790228863217032,1.0
13850,1675.796222854,0.7462180170611684,-0.11063233762979507,1.2207835850691795,-0.00828273167833686,-0.11063233762979507,0.848986804485321,-0.00828273167833686,-0.11063233762979507,0.848986804485321,0.374336201672653,165.76603079132252,0.0008716188405358782,-0.4999999999999982,-0.49912838115946234,0.12479217948680932,0.12479217948680932,0.12479217948680932,0.12479217948680932,0.12479217948680932,0.33175534211487434,0.33175534211487434,0.33175534211487434,0.33175534211487434,1.0
13900,1675.947164577,0.3972886786052227,-0.019651448354125023,1.2207835850691795,-0.01437269749119878,-0.019651448354125023,1.2971230745315552,-0.01437269749119878,-0.019651448354125023,1.2971230745315552,0.24687575773013978,165.7546642124342,0.0015125547209506442,-0.5,-0.49848744527904937,0.2516116875489096,0.2516116875489096,0.2516116875489096,0.2516116875489096,0.2516116875489096,0.04678273282281264,0.04678273282281264,0.04678273282281264,0.04678273282281264,1.0
13950,1676.105799825,0.09269844696134036,-0.016466323286294937,1.2207835850691795,-0.019688799902796747,-0.016466323286294937,0.6081611514091492,-0.019688799902796747,-0.016466323286294937,0.6081611514091492,0.3280517419384942,165.73974698365112,0.002072134947773325,-0.499999999972763,-0.4979278650249897,0.16987612308649552,0.16987612308649552,0.16987612308649552,0.16987612308649552,0.16987612308649552,-0.1962873496273762,-0.1962873496273762,-0.1962873496273762,-0.1962873496273762,1.0
14000,1676.212514661,-0.02263072624466642,-0.02807212434709072,1.2207835850691795,-0.02170167369884439,-0.02807212434709072,0.3039674758911133,-0.02170167369884439,-0.02807212434709072,0.3039674758911133,0.37231363077317503,165.7328835972705,0.002284041410446678,-0.49999475745912947,-0.4977107160486828,0.12539708527550775,0.12539708527550775,0.12539708527550775,0.12539708527550775,0.12539708527550775,-0.2816683441656167,-0.2816683441656167,-0.2816683441656167,-0.2816683441656167,1.0
14050,1676.268879776,-0.09733182984880148,-0.021612945944070816,1.2207835850691795,-0.02300545391160995,-0.021612945944070816,0.5903276801109314,-0.02300545391160995,-0.021612945944070816,0.5903276801109314,0.38868232824671506,165.72808186949376,0.0024213073177064117,-0.49999999994441496,-0.49757869262670856,0.1088963643799935,0.1088963643799935,0.1088963643799935,0.1088963643799935,0.1088963643799935,-0.19795204764313237,-0.19795204764313237,-0.19795204764313237,-0.19795204764313237,1.0
14100,1676.324059883,-0.14051598769079138,-0.00929833110421896,1.2207835850691795,-0.023759159650653602,-0.00929833110421896,1.0501067638397217,-0.023759159650653602,-0.00929833110421896,1.0501067638397217,0.3758978715787291,165.72517830037617,0.002500663420855472,-0.5,-0.4974993365791445,0.12160146500041541,0.12160146500041541,0.12160146500041541,0.12160146500041541,0.12160146500041541,0.25533300026253675,0.25533300026253675,0.25533300026253675,0.25533300026253675,1.0
14150,1676.381210824,-0.18794716916488713,-0.009856993332505226,1.2207835850691795,-0.02458698993548751,-0.009856993332505226,-9.572736740112305,-0.02458698993548751,-0.009856993332505226,-9.572736740112305,0.39739508235748483,165.72188134192544,0.0025878271921744014,0.5,0.5025878271921744,-0.8999829095496592,-0.8999829095496592,-0.8999829095496592,-0.8999829095496592,-0.8999829095496592,-0.39937654700139613,-0.39937654700139613,-0.39937654700139613,-0.39937654700139613,1.0
14200,1676.524156565,0.8868586023434596,0.2331981360912323,1.2207835850691795,-0.005828090403229,0.2331981360912323,-1.7041982412338257,-0.005828090403229,0.2331981360912323,-1.7041982412338257,-0.37547977787279196,165.76888436583832,0.0006133019245579514,0.5,0.500613301924558,-0.12513352405176603,-0.12513352405176603,-0.12513352405176603,-0.12513352405176603,-0.12513352405176603,-0.5281643595872068,-0.5281643595872068,-0.5281643595872068,-0.5281643595872068,1.0
14250,1676.67251611,2.005393486074049,0.09403903782367706,1.2207835850691795,0.013694026116281746,0.09403903782367706,14.277937889099121,0.013694026116281746,0.09403903782367706,14.277937889099121,-0.380240231472284,165.75623345315014,-0.0014411235975805433,-0.5,-0.5014411235975805,0.8816813550698646,0.8816813550698646,0.8816813550698646,0.8816813550698646,0.8816813550698646,-0.24730815878290946,-0.24730815878290946,-0.24730815878290946,-0.24730815878290946,1.0
14300,1676.824986545,1.1348614370853003,-0.05411063879728317,1.2207835850691795,-0.001499624382704498,-0.05411063879728317,3.5827383995056152,-0.001499624382704498,-0.05411063879728317,3.5827383995056152,0.17760934687659713,165.77149745266328,0.00015780690080347074,-0.5,-0.49984219309919653,0.3222328462225994,0.3222328462225994,0.3222328462225994,0.3222328462225994,0.3222328462225994,0.3275129597465233,0.3275129597465233,0.3275129597465233,0.3275129597465233,1.0
14350,1676.977349647,1.1248953373126054,-0.025697125121951103,1.2207835850691795,-0.0016735656373202817,-0.025697125121951103,3.888014078140259,-0.0016735656373202817,-0.025697125121951103,3.888014078140259,0.08587765661806693,165.77145197992823,0.00017611093665382765,-0.5,-0.4998238890633462,0.4139462324452793,0.4139462324452793,0.4139462324452793,0.4139462324452793,0.4139462324452793,0.2680001260223325,0.2680001260223325,0.2680001260223325,0.2680001260223325,1.0
14400,1677.165973171,1.0810828754381472,0.0555538572371006,1.2207835850691795,-0.0024382373504340665,0.0555538572371006,2.8621931076049805,-0.0024382373504340665,0.0555538572371006,2.8621931076049805,-0.06757994159306274,165.7711929442489,0.00025657834981778236,-0.5,-0.4997434216501822,0.567323363243245,0.567323363243245,0.567323363243245,0.567323363243245,0.567323363243245,0.41474494988933275,0.41474494988933275,0.41474494988933275,0.41474494988933275,1.0
14450,1677.3598468,1.5701763934817756,0.046949680894613266,1.2207835850691795,0.0060980548895895464,0.046949680894613266,4.121059417724609,0.0060980548895895464,0.046949680894613266,4.121059417724609,-0.18555572756233646,165.76861911501607,-0.0006417115244608397,-0.5,-0.5006417115244608,0.6861974390867973,0.6861974390867973,0.6861974390867973,0.6861974390867973,0.6861974390867973,0.6165421321883795,0.6165421321883795,0.6165421321883795,0.6165421321883795,1.0
14500,1677.435356136,1.619824718393481,0.006563716568052769,1.2207835850691795,0.006964581627398728,0.006563716568052769,4.966520309448242,0.006964581627398728,0.006563716568052769,4.966520309448242,-0.11911155707723443,165.76768658613682,-0.0007329007502757531,-0.5,-0.5007329007502758,0.6198444578275102,0.6198444578275102,0.6198444578275102,0.6198444578275102,0.6198444578275102,0.5807004242187359,0.5807004242187359,0.5807004242187359,0.5807004242187359,1.0
14550,1677.490655039,1.6361331824190617,0.022594161331653595,1.2207835850691795,0.007249218020588161,0.022594161331653595,5.647255897521973,0.007249218020588161,0.022594161331653595,5.647255897521973,-0.15573078883031818,165.76735327521786,-0.0007628547859400341,-0.5,-0.5007628547859401,0.6564936436162583,0.6564936436162583,0.6564936436162583,0.6564936436162583,0.6564936436162583,0.657007830315196,0.657007830315196,0.657007830315196,0.657007830315196,1.0
14600,1677.602424556,1.5999198396047714,-0.009382112883031368,1.2207835850691795,0.006617175955325363,-0.009382112883031368,6.203503608703613,0.006617175955325363,-0.009382112883031368,6.203503608703613,-0.06833732484562013,165.76807531082207,-0.0006963412769148752,-0.5,-0.5006963412769149,0.569033666122535,0.569033666122535,0.569033666122535,0.569033666122535,0.569033666122535,0.29035919537850513,0.29035919537850513,0.29035919537850513,0.29035919537850513,1.0
14650,1677.765762232,1.3325350090716972,-0.05839778855443001,1.2207835850691795,0.0019504302926361544,-0.05839778855443001,5.409994125366211,0.0019504302926361544,-0.05839778855443001,5.409994125366211,0.08642109850207316,165.77136931761385,-0.00020524574112700756,-0.5,-0.500205245741127,0.4137841472390539,0.4137841472390539,0.4137841472390539,0.4137841472390539,0.4137841472390539,0.5791237442356963,0.5791237442356963,0.5791237442356963,0.5791237442356963,1.0
14700,1677.918301613,0.8585854078001621,-0.134257510304451,1.2207835850691795,-0.006321550738066435,-0.134257510304451,2.635587215423584,-0.006321550738066435,-0.134257510304451,2.635587215423584,0.34631131279892696,165.7683904356103,0.0006652310866315284,-0.5,-0.4993347689133685,0.15302345611444151,0.15302345611444151,0.15302345611444151,0.15302345611444151,0.15302345611444151,0.3699954249390025,0.3699954249390025,0.3699954249390025,0.3699954249390025,1.0
14750,1678.06688603,0.6454253957269662,0.18401241302490234,1.2207835850691795,-0.010041894782334568,0.18401241302490234,-4.939202308654785,-0.010041894782334568,0.18401241302490234,-4.939202308654785,-0.22360124631876369,165.7633750382834,0.0010567525583053449,0.5,0.5010567525583054,-0.27745550623954174,-0.27745550623954174,-0.27745550623954174,-0.27745550623954174,-0.27745550623954174,-0.7805691754553843,-0.7805691754553843,-0.7805691754553843,-0.7805691754553843,1.0
14800,1678.221701984,1.5938250697092986,-0.06930974125862122,1.2207835850691795,0.006510802153497933,-0.06930974125862122,-3.0319838523864746,0.006510802153497933,-0.06930974125862122,-3.0319838523864746,0.05018443615250101,165.7681903595941,-0.0006851469908848369,0.5,0.49931485300911516,-0.5494992891616162,-0.5494992891616162,-0.5494992891616162,-0.5494992891616162,-0.5494992891616162,-0.04624537624209557,-0.04624537624209557,-0.04624537624209557,-0.04624537624209557,1.0
14850,1678.350752778,1.2474650029591883,0.026672162115573883,1.2207835850691795,0.00046567859128117395,0.026672162115573883,-3.871626138687134,0.00046567859128117395,0.026672162115573883,-3.871626138687134,-0.05472596595551882,165.77166486203757,-4.9003768398765404e-05,0.5,0.4999509962316012,-0.4452250302760824,-0.4452250302760824,-0.4452250302760824,-0.4452250302760824,-0.4452250302760824,-0.6945537963844468,-0.6945537963844468,-0.6945537963844468,-0.6945537963844468,1.0
14900,1678.409213099,1.3347619709062386,0.02927718684077263,1.2207835850691795,0.001989298108965157,0.02927718684077263,-3.665786027908325,0.001989298108965157,0.02927718684077263,-3.665786027908325,-0.08719122785739414,165.7713567019902,-0.00020933585111482117,0.5,0.4997906641488852,-0.41259943629149104,-0.41259943629149104,-0.41259943629149104,-0.41259943629149104,-0.41259943629149104,-0.20573163580998527,-0.20573163580998527,-0.20573163580998527,-0.20573163580998527,1.0
14950,1678.558529752,1.3190022698917863,0.010107128880918026,1.2207835850691795,0.0017142394371330721,0.010107128880918026,-4.284754276275635,0.0017142394371330721,0.010107128880918026,-4.284754276275635,-0.023456165583371786,165.77144062758444,-0.00018039108830351566,0.5,0.49981960891169647,-0.4763634433283247,-0.4763634433283247,-0.4763634433283247,-0.4763634433283247,-0.4763634433283247,-0.25668760422206066,-0.25668760422206066,-0.25668760422206066,-0.25668760422206066,1.0
15000,1678.744041976,1.187295945569842,0.011028056032955647,1.2207835850691795,-0.0005844695679843442,0.011028056032955647,-4.9970550537109375,-0.0005844695679843442,0.011028056032955647,-4.9970550537109375,0.014014005085514609,165.77165458455877,6.15042500601891e-05,0.5,0.5000615042500602,-0.5140755093355749,-0.5140755093355749,-0.5140755093355749,-0.5140755093355749,-0.5140755093355749,-0.5883968897982336,-0.5883968897982336,-0.5883968897982336,-0.5883968897982336,1.0
15050,1678.89441275,1.413401674080298,0.04854848235845566,1.2207835850691795,0.003361819852143528,0.04854848235845566,-5.349842548370361,0.003361819852143528,0.04854848235845566,-5.349842548370361,-0.14872104372758432,165.77075161782608,-0.0003537685599718632,0.5,0.4996462314400281,-0.3509251877124438,-0.3509251877124438,-0.3509251877124438,-0.3509251877124438,-0.3509251877124438,-0.2415474095697664,-0.2415474095697664,-0.2415474095697664,-0.2415474095697664,1.0
15100,1679.045478425,1.9196874185950832,-0.05394640564918518,1.2207835850691795,0.01219817304983735,-0.05394640564918518,-3.90372371673584,0.01219817304983735,-0.05394640564918518,-3.90372371673584,-0.12505132885409753,165.75942424360642,-0.0012836874974856728,0.5,0.4987163125025143,-0.37366498364841677,-0.37366498364841677,-0.37366498364841677,-0.37366498364841677,-0.37366498364841677,0.061057548326741776,0.061057548326741776,0.061057548326741776,0.061057548326741776,1.0
15150,1679.200468436,1.5400880228056943,0.061170902103185654,1.2207835850691795,0.005572913754731415,0.061170902103185654,-3.6293604373931885,0.005572913754731415,0.061170902103185654,-3.6293604373931885,-0.19898984835448275,165.7691240471988,-0.0005864485981054171,0.5,0.4994135514018946,-0.30042370304741184,-0.30042370304741184,-0.30042370304741184,-0.30042370304741184,-0.30042370304741184,-0.005939060735378643,-0.005939060735378643,-0.005939060735378643,-0.005939060735378643,1.0
15200,1679.351269209,1.6236923130110008,-0.05315481126308441,1.2207835850691795,0.007032083887606861,-0.05315481126308441,-1.7962793111801147,0.007032083887606861,-0.05315481126308441,-1.7962793111801147,-0.008532723399622258,165.76760874808903,-0.0007400044168374105,0.5,0.4992599955831626,-0.49072727218354034,-0.49072727218354034,-0.49072727218354034,-0.49072727218354034,-0.49072727218354034,-0.4611877476619882,-0.4611877476619882,-0.4611877476619882,-0.4611877476619882,1.0
15250,1679.418474602,1.411449307194732,-0.02008669450879097,1.2207835850691795,0.0033277446217834933,-0.02008669450879097,-2.988126754760742,0.0033277446217834933,-0.02008669450879097,-2.988126754760742,-0.012367541748027053,165.77077039751595,-0.00035018275396580265,0.5,0.4996498172460342,-0.4872822754980071,-0.4872822754980071,-0.4872822754980071,-0.4872822754980071,-0.4872822754980071,-0.030876971213080126,-0.030876971213080126,-0.030876971213080126,-0.030876971213080126,1.0
15300,1679.492110902,1.5628371417751854,0.06216290220618248,1.2207835850691795,0.0059699607826769335,0.06216290220618248,-0.6791077852249146,0.0059699607826769335,0.06216290220618248,-0.6791077852249146,-0.22487468809528338,165.7687464697114,-0.0006282315833458489,0.4999999999984053,0.4993717684150594,-0.27449708031977604,-0.27449708031977604,-0.27449708031977604,-0.27449708031977604,-0.27449708031977604,-0.09947427302750009,-0.09947427302750009,-0.09947427302750009,-0.09947427302750009,1.0
15350,1679.644169589,1.780949734687728,0.050123054534196854,1.2207835850691795,0.009776743669062851,0.050123054534196854,-1.0600178241729736,0.009776743669062851,0.050123054534196854,-1.0600178241729736,-0.2374299154132431,165.76380796335982,-0.001028847759689431,0.5,0.4989711522403106,-0.2615412368270675,-0.2615412368270675,-0.2615412368270675,-0.2615412368270675,-0.2615412368270675,-0.3147201658316066,-0.3147201658316066,-0.3147201658316066,-0.3147201658316066,1.0
15400,1679.794707883,2.343606737969921,0.05590172857046127,1.2207835850691795,0.01959696093574166,0.05590172857046127,6.458651542663574,0.01959696093574166,0.05590172857046127,6.458651542663574,-0.4399837084316577,165.74004420966108,-0.0020624669569503963,-0.5,-0.5020624669569504,0.9420461753886081,0.9420461753886081,0.9420461753886081,0.9420461753886081,0.9420461753886081,0.6259038504086728,0.6259038504086728,0.6259038504086728,0.6259038504086728,1.0
15450,1679.944905031,1.2969756568704356,-0.06524095684289932,1.2207835850691795,0.0013298025168478472,-0.06524095684289932,3.002361297607422,0.0013298025168478472,-0.06524095684289932,3.002361297607422,0.10784463369900883,165.7715370389278,-0.00013993636205011914,-0.5,-0.5001399363620501,0.3922953026630413,0.3922953026630413,0.3922953026630413,0.3922953026630413,0.3922953026630413,0.6430289188146994,0.6430289188146994,0.6430289188146994,0.6430289188146994,1.0
15500,1680.096931941,1.1367531860419824,0.07212308049201965,1.2207835850691795,-0.0014666071347892266,0.07212308049201965,1.3165491819381714,-0.0014666071347892266,0.07212308049201965,1.3165491819381714,-0.11820613381038442,165.7715055212661,0.00015433245939412636,-0.5,-0.4998456675406059,0.6180518013509904,0.6180518013509904,0.6180518013509904,0.6180518013509904,0.6180518013509904,0.7393968600232051,0.7393968600232051,0.7393968600232051,0.7393968600232051,1.0
15550,1680.249713549,1.4940345118315312,0.02435099519789219,1.2207835850691795,0.004769128356128929,0.02435099519789219,1.6740100383758545,0.004769128356128929,0.02435099519789219,1.6740100383758545,-0.13061559626091546,165.7698088997037,-0.000501863312784537,-0.5,-0.5005018633127846,0.6311174595737,0.6311174595737,0.6311174595737,0.6311174595737,0.6311174595737,0.6730778991279164,0.6730778991279164,0.6730778991279164,0.6730778991279164,1.0
15600,1680.32039782,1.5997907063407757,0.01728973723948002,1.2207835850691795,0.006614922154694794,0.01728973723948002,2.474919080734253,0.006614922154694794,0.01728973723948002,2.474919080734253,-0.13566822139255727,165.7680777677568,-0.0006961040972182646,-0.5,-0.5006961040972183,0.6363643254897756,0.6363643254897756,0.6363643254897756,0.6363643254897756,0.6363643254897756,0.8334519651380509,0.8334519651380509,0.8334519651380509,0.8334519651380509,1.0
15650,1680.377737875,1.5234285510897985,-0.028660763055086136,1.2207835850691795,0.005282151121646164,-0.028660763055086136,2.2276296615600586,0.005282151121646164,-0.028660763055086136,2.2276296615600586,-0.03226508367179408,165.76938407600613,-0.0005558504988600245,-0.5,-0.50055585049886,0.532820934170654,0.532820934170654,0.532820934170654,0.532820934170654,0.532820934170654,0.805283127601482,0.805283127601482,0.805283127601482,0.805283127601482,1.0
15700,1680.541909571,1.2856106489783576,-0.011396463960409164,1.2207835850691795,0.0011314457096159476,-0.011396463960409164,1.9868462085723877,0.0011314457096159476,-0.011396463960409164,1.9868462085723877,-0.007427456891703148,165.77157726012527,-0.00011906307058539066,-0.5,-0.5001190630705854,0.5075465199622885,0.5075465199622885,0.5075465199622885,0.5075465199622885,0.5075465199622885,0.6669499227519653,0.6669499227519653,0.6669499227519653,0.6669499227519653,1.0
15750,1680.742754613,1.193944280953203,0.02001377008855343,1.2207835850691795,-0.00046843422576785254,0.02001377008855343,2.476057291030884,-0.00046843422576785254,0.02001377008855343,2.476057291030884,-0.011619602654383991,165.77166464997035,4.92937462852796e-05,-0.5,-0.49995070625371474,0.5115703089080987,0.5115703089080987,0.5115703089080987,0.5115703089080987,0.5115703089080987,0.7498647737209061,0.7498647737209061,0.7498647737209061,0.7498647737209061,1.0
15800,1680.939656744,1.3804953167630574,0.015510544180870056,1.2207835850691795,0.0027874955721199496,0.015510544180870056,2.1528453826904297,0.0027874955721199496,0.015510544180870056,2.1528453826904297,-0.06562066610934593,165.77104257953465,-0.00029333134654574216,-0.5,-0.5002933313465457,0.5659139974558917,0.5659139974558917,0.5659139974558917,0.5659139974558917,0.5659139974558917,0.8248938092782245,0.8248938092782245,0.8248938092782245,0.8248938092782245,1.0
15850,1681.092503669,1.3879738402956925,-0.0034135032910853624,1.2207835850691795,0.0029180204309523124,-0.0034135032910853624,3.740121603012085,0.0029180204309523124,-0.0034135032910853624,3.740121603012085,-0.04445346748791149,165.77098122592034,-0.00030706670223132603,-0.5,-0.5003070667022314,0.5447605341901428,0.5447605341901428,0.5447605341901428,0.5447605341901428,0.5447605341901428,0.742135642406636,0.742135642406636,0.742135642406636,0.742135642406636,1.0
15900,1681.255880687,1.342440597637214,0.029718829318881035,1.2207835850691795,0.002123315427452324,0.029718829318881035,3.3839073181152344,0.002123315427452324,0.029718829318881035,3.3839073181152344,-0.07680265687300009,165.7713112941234,-0.00022343866970477488,-0.5,-0.5002234386697048,0.5770260955427049,0.5770260955427049,0.5770260955427049,0.5770260955427049,0.5770260955427049,0.8459352394741375,0.8459352394741375,0.8459352394741375,0.8459352394741375,1.0
15950,1681.34666747,1.5446127029657104,0.01979970373213291,1.2207835850691795,0.00565188432112336,0.01979970373213291,4.214628219604492,0.00565188432112336,0.01979970373213291,4.214628219604492,-0.12798923284573893,165.76905101841112,-0.0005947589991829293,-0.5,-0.5005947589991829,0.6285839918449219,0.6285839918449219,0.6285839918449219,0.6285839918449219,0.6285839918449219,0.3044366592005511,0.3044366592005511,0.3044366592005511,0.3044366592005511,1.0
16000,1681.403556511,1.5221579224607646,-0.1062893494963646,1.2207835850691795,0.00525997446849942,-0.1062893494963646,3.048640012741089,0.00525997446849942,-0.1062893494963646,3.048640012741089,0.13400368890658615,165.76940333682558,-0.0005535167660266331,-0.5,-0.5005535167660267,0.3665498278594405,0.3665498278594405,0.3665498278594405,0.3665498278594405,0.3665498278594405,0.4209181076047075,0.4209181076047075,0.4209181076047075,0.4209181076047075,1.0
16050,1681.457726724,1.331547192962984,-0.12523271143436432,1.2207835850691795,0.0019331896491348727,-0.12523271143436432,2.7971949577331543,0.0019331896491348727,-0.12523271143436432,2.7971949577331543,0.22477380919500203,165.77137483384558,-0.0002034314863742165,-0.5,-0.5002034314863743,0.27542962229137224,0.27542962229137224,0.27542962229137224,0.27542962229137224,0.27542962229137224,0.18007015540347945,0.18007015540347945,0.18007015540347945,0.18007015540347945,1.0
16100,1681.513836679,1.1513982855612532,-0.1390944868326187,1.2207835850691795,-0.0012110019288957136,-0.1390944868326187,0.43930235505104065,-0.0012110019288957136,-0.1390944868326187,0.43930235505104065,0.29543150952949027,165.77156190701,0.00012743485240992113,-0.4999999766365786,-0.4998725417841687,0.2044410322546784,0.2044410322546784,0.2044410322546784,0.2044410322546784,0.2044410322546784,0.1963287946717719,0.1963287946717719,0.1963287946717719,0.1963287946717719,1.0
16150,1681.567641858,0.7261770147367345,-0.23891644179821014,1.2207835850691795,-0.008632513154298069,-0.23891644179821014,-12.196040153503418,-0.008632513154298069,-0.23891644179821014,-12.196040153503418,0.5852524529097901,165.7655433498292,0.00090842926033831,0.5,0.5009084292603383,-1.0861608821701285,-1.0861608821701285,-1.0861608821701285,-1.0861608821701285,-1.0861608821701285,-0.3141771927594274,-0.3141771927594274,-0.3141771927594274,-0.3141771927594274,1.0
16200,1681.634678237,0.9458385131261362,0.14171850681304932,1.2207835850691795,-0.004798696767538788,0.14171850681304932,-5.230863094329834,-0.004798696767538788,0.14171850681304932,-5.230863094329834,-0.23279540087854972,165.76978559239404,0.0005049748931089215,0.5,0.500504974893109,-0.26770957401455925,-0.26770957401455925,-0.26770957401455925,-0.26770957401455925,-0.26770957401455925,-0.7035122506770688,-0.7035122506770688,-0.7035122506770688,-0.7035122506770688,1.0
16250,1681.786337915,1.761465979750032,0.01543091144412756,1.2207835850691795,0.009436687994748352,0.01543091144412756,-2.158789873123169,0.009436687994748352,0.01543091144412756,-2.158789873123169,-0.1709924589280656,165.76434623421468,-0.0009930601309128847,0.5,0.4990069398690871,-0.3280144809410215,-0.3280144809410215,-0.3280144809410215,-0.3280144809410215,-0.3280144809410215,-0.37120687594748075,-0.37120687594748075,-0.37120687594748075,-0.37120687594748075,1.0
16300,1681.938104962,1.3795714269561072,-0.04677106440067291,1.2207835850691795,0.002771370653063057,-0.04677106440067291,-4.222009181976318,0.002771370653063057,-0.04677106440067291,-4.222009181976318,0.05981337151996348,165.7710499642845,-0.0002916344942397357,0.5,0.49970836550576025,-0.5595217370257237,-0.5595217370257237,-0.5595217370257237,-0.5595217370257237,-0.5595217370257237,-0.6083609542405886,-0.6083609542405886,-0.6083609542405886,-0.6083609542405886,1.0
16350,1682.088825037,0.9590634669065734,-0.05032449960708618,1.2207835850691795,-0.004567877780646087,-0.05032449960708618,-7.0387864112854,-0.004567877780646087,-0.05032449960708618,-7.0387864112854,0.1718124195141852,165.76996370855142,0.0004806850814835451,0.5,0.5004806850814836,-0.6722931045956688,-0.6722931045956688,-0.6722931045956688,-0.6722931045956688,-0.6722931045956688,-0.9082277439477526,-0.9082277439477526,-0.9082277439477526,-0.9082277439477526,1.0
16400,1682.263766106,1.3149753397675348,0.09481015056371689,1.2207835850691795,0.0016439562477171404,0.09481015056371689,-4.7798333168029785,0.0016439562477171404,0.09481015056371689,-4.7798333168029785,-0.21119708719714608,165.77146007266907,-0.0001729951062289589,0.5,0.499827004893771,-0.28862991769662494,-0.28862991769662494,-0.28862991769662494,-0.28862991769662494,-0.28862991769662494,-0.2806940826160994,-0.2806940826160994,-0.2806940826160994,-0.2806940826160994,1.0
16450,1682.444471219,1.2941456106765232,-0.0846232920885086,1.2207835850691795,0.0012804088927805407,-0.0846232920885086,-5.571353912353516,0.0012804088927805407,-0.0846232920885086,-5.571353912353516,0.15714487474253497,165.77154766075014,-0.00013473861907441074,0.5,0.4998652613809256,-0.6570101361234606,-0.6570101361234606,-0.6570101361234606,-0.6570101361234606,-0.6570101361234606,-0.5983103472750126,-0.5983103472750126,-0.5983103472750126,-0.5983103472750126,1.0
16500,1682.59367394,1.4347960677165992,0.053300753235816956,1.2207835850691795,0.003735222462564705,0.053300753235816956,-3.7699637413024902,0.003735222462564705,0.053300753235816956,-3.7699637413024902,-0.16982560608935487,165.77053329134668,-0.00039306253356288285,0.5,0.49960693746643714,-0.32978133137708227,-0.32978133137708227,-0.32978133137708227,-0.32978133137708227,-0.32978133137708227,-0.18040522276127136,-0.18040522276127136,-0.18040522276127136,-0.18040522276127136,1.0
16550,1682.740184906,1.800576603432877,0.04096832126379013,1.2207835850691795,0.010119297150522469,0.04096832126379013,-1.2010021209716797,0.010119297150522469,0.04096832126379013,-1.2010021209716797,-0.24299372653059909,165.76324647537805,-0.001064898497377469,0.5,0.49893510150262255,-0.25594137497202346,-0.25594137497202346,-0.25594137497202346,-0.25594137497202346,-0.25594137497202346,-0.6353161021449891,-0.6353161021449891,-0.6353161021449891,-0.6353161021449891,1.0
16600,1682.796689173,1.8353678795176296,0.008363110013306141,1.2207835850691795,0.01072651946917176,0.008363110013306141,-1.7488946914672852,0.01072651946917176,0.008363110013306141,-1.7488946914672852,-0.18398169023672198,165.76220365058012,-0.0011288039136965829,0.5,0.4988711960863034,-0.3148895058495814,-0.3148895058495814,-0.3148895058495814,-0.3148895058495814,-0.3148895058495814,-0.4919786660987314,-0.4919786660987314,-0.4919786660987314,-0.4919786660987314,1.0
16650,1682.851002164,1.8171790857578856,0.012339282780885696,1.2207835850691795,0.01040906513109803,0.012339282780885696,-1.3831990957260132,0.01040906513109803,0.012339282780885696,-1.3831990957260132,-0.17506545084071023,165.76275641493126,-0.001095394218917279,0.5,0.4989046057810827,-0.32383915494037246,-0.32383915494037246,-0.32383915494037246,-0.32383915494037246,-0.32383915494037246,-0.6232718345630007,-0.6232718345630007,-0.6232718345630007,-0.6232718345630007,1.0
16700,1682.907936317,1.7991202790357834,0.014171676710247993,1.2207835850691795,0.010093879494816063,0.014171676710247993,-1.073500156402588,0.010093879494816063,0.014171676710247993,-1.073500156402588,-0.1602495933888835,165.7632888021601,-0.001062223504516666,0.5,0.4989377764954833,-0.3386881831065998,-0.3386881831065998,-0.3386881831065998,-0.3386881831065998,-0.3386881831065998,-0.3270716968835527,-0.3270716968835527,-0.3270716968835527,-0.3270716968835527,1.0
16750,1682.962881765,1.7706374297014782,0.018895823508501053,1.2207835850691795,0.009596759993582962,0.018895823508501053,6.821978569030762,0.009596759993582962,0.018895823508501053,6.821978569030762,-0.17216164420120342,165.76409523124315,-0.0010099061590552931,-0.5,-0.5010099061590553,0.6731715503602587,0.6731715503602587,0.6731715503602587,0.6731715503602587,0.6731715503602587,-0.08874544809866347,-0.08874544809866347,-0.08874544809866347,-0.08874544809866347,1.0
16800,1683.021301294,1.7469401950978247,-0.24240893125534058,1.2207835850691795,0.009183165226131676,-0.24240893125534058,2.89019513130188,0.009183165226131676,-0.24240893125534058,2.89019513130188,0.28620958052271156,165.7647351356343,-0.0009663794168474967,-0.5,-0.5009663794168475,0.21475679889413596,0.21475679889413596,0.21475679889413596,0.21475679889413596,0.21475679889413596,0.24809266733009383,0.24809266733009383,0.24809266733009383,0.24809266733009383,1.0
16850,1683.075322601,1.0661794026691793,-0.22210773825645447,1.2207835850691795,-0.0026983520202338712,-0.22210773825645447,3.999187707901001,-0.0026983520202338712,-0.22210773825645447,3.999187707901001,0.4784874548344871,165.77108286846234,0.00028395062277749525,-0.5,-0.4997160493772225,0.0212285945427354,0.0212285945427354,0.0212285945427354,0.0212285945427354,0.0212285945427354,0.05182893429422243,0.05182893429422243,0.05182893429422243,0.05182893429422243,1.0
16900,1683.131653908,0.36972950563445595,-0.14557020366191864,1.2207835850691795,-0.014853695798665287,-0.14557020366191864,2.6177308559417725,-0.014853695798665287,-0.14557020366191864,2.6177308559417725,0.5115020722849221,165.75350608621895,0.0015631813064227668,-0.5,-0.49843681869357725,-0.013065253591344805,-0.013065253591344805,-0.013065253591344805,-0.013065253591344805,-0.013065253591344805,-0.2825358629627619,-0.2825358629627619,-0.2825358629627619,-0.2825358629627619,1.0
16950,1683.244731777,-0.40095168771275935,-0.10542447865009308,1.2207835850691795,-0.028304620105773212,-0.10542447865009308,2.5793161392211914,-0.028304620105773212,-0.10542447865009308,2.5793161392211914,0.6433359277116615,165.70568359241858,0.002979308363783099,-0.5,-0.4970206916362169,-0.14631523607544455,-0.14631523607544455,-0.14631523607544455,-0.14631523607544455,-0.14631523607544455,-0.8093551978048618,-0.8093551978048618,-0.8093551978048618,-0.8093551978048618,1.0
17000,1683.393841834,-1.2922602650221882,-0.12893164157867432,1.2207835850691795,-0.043860889431089164,-0.12893164157867432,0.9582121968269348,-0.043860889431089164,-0.12893164157867432,0.9582121968269348,0.9022404730728395,165.61321609697717,0.004618454907137406,-0.5,-0.4953815450928626,-0.4068589279799769,-0.4068589279799769,-0.4068589279799769,-0.4068589279799769,-0.4068589279799769,-0.7278472202645347,-0.7278472202645347,-0.7278472202645347,-0.7278472202645347,1.0
17050,1683.551749833,-1.9060191428488298,0.059486523270606995,1.2207835850691795,-0.05457300266250968,0.059486523270606995,-7.9940361976623535,-0.05457300266250968,0.059486523270606995,-7.9940361976623535,0.7991817149626992,165.52638106462908,0.005748420891161781,0.5,0.5057484208911618,-1.304930135853861,-1.304930135853861,-1.304930135853861,-1.304930135853861,-1.304930135853861,-1.1685172853006536,-1.1685172853006536,-1.1685172853006536,-1.1685172853006536,1.0
17100,1683.701265998,0.49009237984889004,0.2907230854034424,1.2207835850691795,-0.012752967346459629,0.2907230854034424,-1.6987223625183105,-0.012752967346459629,0.2907230854034424,-1.6987223625183105,-0.42397959104920746,165.75828382656664,0.0013420779925598727,0.5,0.5013420779925599,-0.07736248694335246,-0.07736248694335246,-0.07736248694335246,-0.07736248694335246,-0.07736248694335246,-0.6675549363503024,-0.6675549363503024,-0.6675549363503024,-0.6675549363503024,1.0
17150,1683.847647191,1.8699815706839615,-0.2649429142475128,1.2207835850691795,0.011330642346292732,-0.2649429142475128,13.273621559143066,0.011330642346292732,-0.2649429142475128,13.273621559143066,0.2566681753699527,165.76110586206713,-0.0011923839565523764,-0.5,-0.5011923839565524,0.24452420858659973,0.24452420858659973,0.24452420858659973,0.24452420858659973,0.24452420858659973,0.7175997446498747,0.7175997446498747,0.7175997446498747,0.7175997446498747,1.0
17200,1684.042747182,-0.3855857897926405,-0.18140633404254913,1.2207835850691795,-0.02803643459454179,-0.18140633404254913,-4.005713939666748,-0.02803643459454179,-0.18140633404254913,-4.005713939666748,0.7851154071067501,165.70692826585588,0.002951064763134119,0.5,0.5029510647631341,-1.2880664718698842,-1.2880664718698842,-1.2880664718698842,-1.2880664718698842,-1.2880664718698842,-0.5413282896470698,-0.5413282896470698,-0.5413282896470698,-0.5413282896470698,1.0
17250,1684.148528042,-0.06271500373236204,0.2367246299982071,1.2207835850691795,-0.02240127631928772,0.2367246299982071,-3.6452393531799316,-0.02240127631928772,0.2367246299982071,-3.6452393531799316,-0.1327902225123303,165.73034182614228,0.00235769669461648,0.5,0.5023576966946165,-0.3695674741822862,-0.3695674741822862,-0.3695674741822862,-0.3695674741822862,-0.3695674741822862,-1.115592237862446,-1.115592237862446,-1.115592237862446,-1.115592237862446,1.0
17300,1684.204556814,0.7887411206472281,0.26956042647361755,1.2207835850691795,-0.007540563512593509,0.26956042647361755,-0.9922046065330505,-0.007540563512593509,0.26956042647361755,-0.9922046065330505,-0.4100522094186835,165.7669982831222,0.0007935149881764976,0.5,0.5007935149881765,-0.090741305569493,-0.090741305569493,-0.090741305569493,-0.090741305569493,-0.090741305569493,-1.0465347025977931,-1.0465347025977931,-1.0465347025977931,-1.0465347025977931,1.0
17350,1684.262163,1.5662107216166428,0.2755580544471741,1.2207835850691795,0.006028840858489273,0.2755580544471741,17.88457679748535,0.006028840858489273,0.2755580544471741,17.88457679748535,-0.630564051976628,165.76868826525865,-0.0006344278061506026,-0.5,-0.5006344278061506,1.1311984797827788,1.1311984797827788,1.1311984797827788,1.1311984797827788,1.1311984797827788,-0.006679294147068471,-0.006679294147068471,-0.006679294147068471,-0.006679294147068471,1.0
17400,1684.328077522,1.748231207572663,0.005565819330513477,1.2207835850691795,0.009205697644501923,0.005565819330513477,16.333736419677734,0.009205697644501923,0.005565819330513477,16.333736419677734,-0.06702193619281088,165.7647009999084,-0.0009687507215576045,-0.5,-0.5009687507215576,0.5679906869143685,0.5679906869143685,0.5679906869143685,0.5679906869143685,0.5679906869143685,0.5770425111769639,0.5770425111769639,0.5770425111769639,0.5770425111769639,1.0
17450,1684.395674047,1.3916238293551237,-0.15535956621170044,1.2207835850691795,0.002981724757701157,-0.15535956621170044,11.077156066894531,0.002981724757701157,-0.15535956621170044,11.077156066894531,0.299884580065879,165.77095026212868,-0.00031377042198338357,-0.5,-0.5003137704219833,0.20042919035610435,0.20042919035610435,0.20042919035610435,0.20042919035610435,0.20042919035610435,-0.48318887692449086,-0.48318887692449086,-0.48318887692449086,-0.48318887692449086,1.0
17500,1684.542244481,-0.3876323119031321,-0.2164250761270523,1.2207835850691795,-0.02807215314358473,-0.2164250761270523,-6.3706440925598145,-0.02807215314358473,-0.2164250761270523,-6.3706440925598145,0.8551818183614861,165.70676317661977,0.002954826390261221,0.5,0.5029548263902612,-1.3581366447517473,-1.3581366447517473,-1.3581366447517473,-1.3581366447517473,-1.3581366447517473,-0.9697589378414739,-0.9697589378414739,-0.9697589378414739,-0.9697589378414739,1.0
17550,1684.740310191,1.4174701189480983,0.2331017702817917,1.2207835850691795,0.003432827610522507,0.2331017702817917,18.02972984313965,0.003432827610522507,0.2331017702817917,18.02972984313965,-0.5819615220514702,165.77071186898448,-0.0003612408538711105,-0.5,-0.5003612408538711,1.0823227629053414,1.0823227629053414,1.0823227629053414,1.0823227629053414,1.0823227629053414,-0.6752565556256038,-0.6752565556256038,-0.6752565556256038,-0.6752565556256038,1.0
17600,1684.893942694,1.471321144633477,-0.19009169936180115,1.2207835850691795,0.004372705314308403,-0.19009169936180115,11.032699584960938,0.004372705314308403,-0.19009169936180115,11.032699584960938,0.3452943193122593,165.77010746771202,-0.00046014650560451505,-0.5,-0.5004601465056046,0.15516582719334526,0.15516582719334526,0.15516582719334526,0.15516582719334526,0.15516582719334526,0.5929335329926155,0.5929335329926155,0.5929335329926155,0.5929335329926155,1.0
17650,1685.074769905,-0.584242535493549,-0.060286376625299454,1.2207835850691795,-0.03150364888831973,-0.060286376625299454,7.525034427642822,-0.03150364888831973,-0.060286376625299454,7.525034427642822,0.7242705490516013,165.68992319929495,0.003316243734393924,-0.5,-0.49668375626560607,-0.2275867927859952,-0.2275867927859952,-0.2275867927859952,-0.2275867927859952,-0.2275867927859952,-0.5324023688557484,-0.5324023688557484,-0.5324023688557484,-0.5324023688557484,1.0
17700,1685.248297384,-1.4564882149120308,-0.1304502785205841,1.2207835850691795,-0.04672720788046718,-0.1304502785205841,2.5003225803375244,-0.04672720788046718,-0.1304502785205841,2.5003225803375244,0.9389868196957036,165.5918315771342,0.004920694340495046,-0.5,-0.495079305659505,-0.44390751403619866,-0.44390751403619866,-0.44390751403619866,-0.44390751403619866,-0.44390751403619866,-0.8905470161627025,-0.8905470161627025,-0.8905470161627025,-0.8905470161627025,1.0
17750,1685.416706131,-1.8407453728285452,-0.006892763543874025,1.2207835850691795,-0.05343376046046615,-0.006892763543874025,2.2898526191711426,-0.05343376046046615,-0.006892763543874025,2.2898526191711426,0.8211552538795894,165.5365133744066,0.005628190296526575,-0.5,-0.49437180970347344,-0.326783444176116,-0.326783444176116,-0.326783444176116,-0.326783444176116,-0.326783444176116,-0.20001785896028018,-0.20001785896028018,-0.20001785896028018,-0.20001785896028018,1.0
17800,1685.480208582,-1.9007695021414404,0.004258056171238422,1.2207835850691795,-0.05448137914761901,0.004258056171238422,1.1618614196777344,-0.05448137914761901,0.004258056171238422,1.1618614196777344,0.8067760527013274,165.52720385162652,0.005738750805483688,-0.5,-0.4942612491945163,-0.31251480350681105,-0.31251480350681105,-0.31251480350681105,-0.31251480350681105,-0.31251480350681105,-0.13774925495441054,-0.13774925495441054,-0.13774925495441054,-0.13774925495441054,1.0
17850,1685.544862097,-1.8881861592561613,0.06688705086708069,1.2207835850691795,-0.05426175838336349,0.06688705086708069,0.23166775703430176,-0.05426175838336349,0.06688705086708069,0.23166775703430176,0.7082097045244252,165.52917044166725,0.005715572084211936,-0.49990548998931017,-0.49418991790509825,-0.21401978661932697,-0.21401978661932697,-0.21401978661932697,-0.21401978661932697,-0.21401978661932697,0.08639668560781025,0.08639668560781025,0.08639668560781025,0.08639668560781025,1.0
17900,1685.621857321,-1.7946262280053265,0.2099708467721939,1.2207835850691795,-0.052628829535096885,0.2099708467721939,-15.032350540161133,-0.052628829535096885,0.2099708467721939,-15.032350540161133,0.45902849305613974,165.54354360919749,0.005543250209923073,0.5,0.5055432502099231,-0.9645717432660628,-0.9645717432660628,-0.9645717432660628,-0.9645717432660628,-0.9645717432660628,-0.8194120474804515,-0.8194120474804515,-0.8194120474804515,-0.8194120474804515,1.0
17950,1685.831040716,1.4970435303260392,0.10144803673028946,1.2207835850691795,0.004821645636111496,0.10144803673028946,1.4109113216400146,0.004821645636111496,0.10144803673028946,1.4109113216400146,-0.38396186895984596,165.76976740364987,-0.0005073898779639646,-0.5,-0.500507389877964,0.8844692588378099,0.8844692588378099,0.8844692588378099,0.8844692588378099,0.8844692588378099,0.5653746422326335,0.5653746422326335,0.5653746422326335,0.5653746422326335,1.0
18000,1686.047104607,0.21302718357013758,0.04475971311330795,1.2207835850691795,-0.0175886672642082,0.04475971311330795,-8.49351692199707,-0.0175886672642082,0.04475971311330795,-8.49351692199707,0.19267991450804478,165.74619640092052,0.0018510599770532245,0.5,0.5018510599770533,-0.694530974485098,-0.694530974485098,-0.694530974485098,-0.694530974485098,-0.694530974485098,-0.5819832339937261,-0.5819832339937261,-0.5819832339937261,-0.5819832339937261,1.0
18050,1686.236664339,2.0442310089117997,0.06391848623752594,1.2207835850691795,0.01437186876311898,0.06391848623752594,6.88543701171875,0.01437186876311898,0.06391848623752594,6.88543701171875,-0.3556078251700949,165.75466617491514,-0.00151246749531769,-0.5,-0.5015124674953176,0.8571202926654126,0.8571202926654126,0.8571202926654126,0.8571202926654126,0.8571202926654126,0.4059022579865783,0.4059022579865783,0.4059022579865783,0.4059022579865783,1.0
18100,1686.41470858,1.351219952041619,-0.05114445462822914,1.2207835850691795,0.0022765440680086596,-0.05114445462822914,4.55947732925415,0.0022765440680086596,-0.05114445462822914,4.55947732925415,0.09386549621695267,165.77125575091188,-0.000239563130744265,-0.5,-0.5002395631307442,0.4063740669137916,0.4063740669137916,0.4063740669137916,0.4063740669137916,0.4063740669137916,0.6919073794809929,0.6919073794809929,0.6919073794809929,0.6919073794809929,1.0
18150,1686.62449653,1.21409664737762,0.02837410569190979,1.2207835850691795,-0.0001167090795934217,0.02837410569190979,3.7036242485046387,-0.0001167090795934217,0.02837410569190979,3.7036242485046387,-0.03401377015017512,165.7716816057683,1.2281398435674595e-05,-0.5,-0.4999877186015643,0.5340014887517395,0.5340014887517395,0.5340014887517395,0.5340014887517395,0.5340014887517395,0.6248679738144992,0.6248679738144992,0.6248679738144992,0.6248679738144992,1.0
18200,1686.773904222,1.3732920285096326,-0.013046914711594582,1.2207835850691795,0.002661774475127457,-0.013046914711594582,4.284223556518555,0.002661774475127457,-0.013046914711594582,4.284223556518555,-0.019976298961178023,165.77109902103322,-0.00028010150836140055,-0.5,-0.5002801015083614,0.5202564004695395,0.5202564004695395,0.5202564004695395,0.5202564004695395,0.5202564004695395,0.7385255109550316,0.7385255109550316,0.7385255109550316,0.7385255109550316,1.0
18250,1686.837783171,1.4151588469659895,0.017304476350545883,1.2207835850691795,0.0033924883045256156,0.017304476350545883,4.105287075042725,0.0033924883045256156,0.017304476350545883,4.105287075042725,-0.06530823446875415,165.77073455211112,-0.00035699586447715244,-0.5,-0.5003569958644771,0.5656652303332312,0.5656652303332312,0.5656652303332312,0.5656652303332312,0.5656652303332312,0.7796384990587718,0.7796384990587718,0.7796384990587718,0.7796384990587718,1.0
18300,1686.903553696,1.527513537821995,-9.73690184764564e-05,1.2207835850691795,0.0053534475900232775,-9.73690184764564e-05,5.271299362182617,0.0053534475900232775,-9.73690184764564e-05,5.271299362182617,-0.07442969411217995,165.76932160471313,-0.0005633532987512896,-0.5,-0.5005633532987512,0.5749930474109312,0.5749930474109312,0.5749930474109312,0.5749930474109312,0.5749930474109312,0.7196488261976831,0.7196488261976831,0.7196488261976831,0.7196488261976831,1.0
18350,1686.968324859,1.5366493427237102,0.04519706219434738,1.2207835850691795,0.005512897465378044,0.04519706219434738,6.824868202209473,0.005512897465378044,0.04519706219434738,6.824868202209473,-0.12252394357630861,165.7691788606285,-0.0005801328392697398,-0.5,-0.5005801328392697,0.6231040764155783,0.6231040764155783,0.6231040764155783,0.6231040764155783,0.6231040764155783,0.8756273427320139,0.8756273427320139,0.8756273427320139,0.8756273427320139,1.0
18400,1687.034423678,1.489458711974446,-0.021775510162115097,1.2207835850691795,0.004689265582710506,-0.021775510162115097,6.427120685577393,0.004689265582710506,-0.021775510162115097,6.427120685577393,-0.013838175416596453,165.76987113155897,-0.00049345909711973,-0.5,-0.5004934590971197,0.5143316345137162,0.5143316345137162,0.5143316345137162,0.5143316345137162,0.5143316345137162,0.8583553888732405,0.8583553888732405,0.8583553888732405,0.8583553888732405,1.0
18450,1687.110474225,1.3711346492272607,-0.017522383481264114,1.2207835850691795,0.002624121103435753,-0.017522383481264114,7.289461612701416,0.002624121103435753,-0.017522383481264114,7.289461612701416,0.01741104912689935,165.77111541841566,-0.00027613918374399436,-0.5,-0.500276139183744,0.4828650900568447,0.4828650900568447,0.4828650900568447,0.4828650900568447,0.4828650900568447,0.20226864037905906,0.20226864037905906,0.20226864037905906,0.20226864037905906,1.0
18500,1687.18325732,1.3101260121785316,0.018189802765846252,1.2207835850691795,0.001559319514781235,0.018189802765846252,7.309478759765625,0.001559319514781235,0.018189802765846252,7.309478759765625,-0.0156253121615552,165.77148240868001,-0.00016408868625394484,-0.5,-0.500164088686254,0.5157894008478091,0.5157894008478091,0.5157894008478091,0.5157894008478091,0.5157894008478091,0.591771118939465,0.591771118939465,0.591771118939465,0.591771118939465,1.0
18550,1687.256185913,1.4459174299543782,0.006330542266368866,1.2207835850691795,0.003929326850920914,0.006330542266368866,6.937191009521484,0.003929326850920914,0.006330542266368866,6.937191009521484,-0.05352148201085484,165.7704107243641,-0.00041348860521388676,-0.5,-0.5004134886052138,0.5539349706160687,0.5539349706160687,0.5539349706160687,0.5539349706160687,0.5539349706160687,0.516493298717898,0.516493298717898,0.516493298717898,0.516493298717898,1.0
18600,1687.410839822,1.3999894237062143,-0.0031874417327344418,1.2207835850691795,0.003127731923013924,-0.0031874417327344418,9.191672325134277,0.003127731923013924,-0.0031874417327344418,9.191672325134277,0.0015051163670195024,165.7708767720581,-0.00032913502561528885,-0.5,-0.5003291350256153,0.49882401865859577,0.49882401865859577,0.49882401865859577,0.49882401865859577,0.49882401865859577,0.7734329760895295,0.7734329760895295,0.7734329760895295,0.7734329760895295,1.0
18650,1687.560271795,1.3174984543356199,0.07524806261062622,1.2207835850691795,0.0016879929043352587,0.07524806261062622,9.829790115356445,0.0016879929043352587,0.07524806261062622,9.829790115356445,-0.15895520992399162,165.77144798437314,-0.0001776291348128755,-0.5,-0.5001776291348129,0.6591328390588045,0.6591328390588045,0.6591328390588045,0.6591328390588045,0.6591328390588045,0.43207110484227645,0.43207110484227645,0.43207110484227645,0.43207110484227645,1.0
18700,1687.749687516,1.6198999571960568,-0.02915843203663826,1.2207835850691795,0.0069658947922289355,-0.02915843203663826,9.155598640441895,0.0069658947922289355,-0.02915843203663826,9.155598640441895,-0.062408422557427116,165.76768507906382,-0.0007330389424013233,-0.5,-0.5007330389424013,0.5631414614998284,0.5631414614998284,0.5631414614998284,0.5631414614998284,0.5631414614998284,0.7593515838563425,0.7593515838563425,0.7593515838563425,0.7593515838563425,1.0
18750,1687.919608886,0.5353788819236017,-0.1283021718263626,1.2207835850691795,-0.011962568778544666,-0.1283021718263626,1.1920945644378662,-0.011962568778544666,-0.1283021718263626,1.1920945644378662,0.45221363160298556,165.75989320321793,0.001258891068365403,-0.5,-0.4987411089316346,0.046527477328649036,0.046527477328649036,0.046527477328649036,0.046527477328649036,0.046527477328649036,0.22865494903522549,0.22865494903522549,0.22865494903522549,0.22865494903522549,1.0
18800,1688.070901546,0.9888941046631925,0.023490706458687782,1.2207835850691795,-0.004047234933823349,0.023490706458687782,2.23099422454834,-0.004047234933823349,0.023490706458687782,2.23099422454834,0.03279702966699265,165.77033324059445,0.0004258963713497967,-0.5,-0.4995741036286502,0.4667770739616575,0.4667770739616575,0.4667770739616575,0.4667770739616575,0.4667770739616575,1.0577512167244592,1.0577512167244592,1.0577512167244592,1.0577512167244592,1.0
18850,1688.173437386,0.6930187941938498,-0.07540515810251236,1.2207835850691795,-0.009211233276873827,-0.07540515810251236,-2.036926746368408,-0.009211233276873827,-0.07540515810251236,-2.036926746368408,0.30896898351364066,165.76469260084338,0.0009693332899379848,0.5,0.500969333289938,-0.8099383168035786,-0.8099383168035786,-0.8099383168035786,-0.8099383168035786,-0.8099383168035786,0.02045216381239434,0.02045216381239434,0.02045216381239434,0.02045216381239434,1.0
18900,1688.232710265,0.4867637832064195,0.09234951436519623,1.2207835850691795,-0.012811062317341568,0.09234951436519623,-10.896899223327637,-0.012811062317341568,0.09234951436519623,-10.896899223327637,0.12984930790520421,165.75816147526146,0.0013481923669615386,0.5,0.5013481923669615,-0.6311975002721657,-0.6311975002721657,-0.6311975002721657,-0.6311975002721657,-0.6311975002721657,-0.34209685838313597,-0.34209685838313597,-0.34209685838313597,-0.34209685838313597,1.0
18950,1688.313197073,1.0130402107613627,0.1473901867866516,1.2207835850691795,-0.003625805880874397,0.1473901867866516,-2.370110273361206,-0.003625805880874397,0.1473901867866516,-2.370110273361206,-0.27068550949830317,165.7705996462825,0.0003815483765338907,0.5,0.5003815483765339,-0.22969603887823076,-0.22969603887823076,-0.22969603887823076,-0.22969603887823076,-0.22969603887823076,-0.5541117773918061,-0.5541117773918061,-0.5541117773918061,-0.5541117773918061,1.0
19000,1688.485957644,1.3431507238674838,0.007666992023587227,1.2207835850691795,0.0021357094682753104,0.007666992023587227,-0.9009901285171509,0.0021357094682753104,0.007666992023587227,-0.9009901285171509,0.023950476699123598,165.77130694526412,-0.00022474291130664394,0.4999999999999998,0.49977525708869314,-0.5237257337878167,-0.5237257337878167,-0.5237257337878167,-0.5237257337878167,-0.5237257337878167,-0.5863623181248957,-0.5863623181248957,-0.5863623181248957,-0.5863623181248957,1.0
19050,1688.683959591,1.3947229209693113,0.013865708373486996,1.2207835850691795,0.0030358141101896746,0.013865708373486996,6.184085845947266,0.0030358141101896746,0.013865708373486996,6.184085845947266,-0.05392233593603237,165.77092344683163,-0.0003194623428500859,-0.5,-0.5003194623428501,0.5542417982788824,0.5542417982788824,0.5542417982788824,0.5542417982788824,0.5542417982788824,-0.15189691072012382,-0.15189691072012382,-0.15189691072012382,-0.15189691072012382,1.0
19100,1688.871423461,0.4526892500976953,-0.07699934393167496,1.2207835850691795,-0.013405775111168625,-0.07699934393167496,0.12088818103075027,-0.013405775111168625,-0.07699934393167496,0.12088818103075027,0.3895966130126256,165.75687699415758,0.001410785172950023,-0.49212008660150935,-0.49070930142855934,0.10111268841593374,0.10111268841593374,0.10111268841593374,0.10111268841593374,0.10111268841593374,0.04143543308083169,0.04143543308083169,0.04143543308083169,0.04143543308083169,1.0
19150,1689.048617216,1.4357048030413282,0.17519135773181915,1.2207835850691795,0.0037510828860104067,0.17519135773181915,-1.2014782428741455,0.0037510828860104067,0.17519135773181915,-1.2014782428741455,-0.39827690865692617,165.7705235092065,-0.00039473156294813293,0.5,0.4996052684370519,-0.10132835978012572,-0.10132835978012572,-0.10132835978012572,-0.10132835978012572,-0.10132835978012572,-0.02159005300820857,-0.02159005300820857,-0.02159005300820857,-0.02159005300820857,1.0
19200,1689.248902718,0.7104245174374223,-0.15425433218479156,1.2207835850691795,-0.00890744609758258,-0.15425433218479156,0.4569217562675476,-0.00890744609758258,-0.15425433218479156,0.4569217562675476,0.4721014510421443,165.7651460646405,0.000937362899437261,-0.4999999884533474,-0.4990626255539102,0.026961174511765884,0.026961174511765884,0.026961174511765884,0.026961174511765884,0.026961174511765884,0.09956213648420469,0.09956213648420469,0.09956213648420469,0.09956213648420469,1.0
19250,1689.379849984,0.8440160273311431,0.1657630056142807,1.2207835850691795,-0.006575834397226572,0.1657630056142807,-3.683173179626465,-0.006575834397226572,0.1657630056142807,-3.683173179626465,-0.2578044797805104,165.76812024534914,0.0006919906810518039,0.5,0.5006919906810519,-0.24288751090054145,-0.24288751090054145,-0.24288751090054145,-0.24288751090054145,-0.24288751090054145,-0.6818121105633795,-0.6818121105633795,-0.6818121105633795,-0.6818121105633795,1.0
19300,1689.444941407,1.3944111868667237,0.08722890913486481,1.2207835850691795,0.0030303733237087745,0.08722890913486481,-3.406736373901367,0.0030303733237087745,0.08722890913486481,-3.406736373901367,-0.21316642180073883,165.7709261659582,-0.0003188897989171341,0.5,0.49968111020108286,-0.286514688400344,-0.286514688400344,-0.286514688400344,-0.286514688400344,-0.286514688400344,-0.4336173365830374,-0.4336173365830374,-0.4336173365830374,-0.4336173365830374,1.0
19350,1689.510670214,1.7085710738267492,0.08139535784721375,1.2207835850691795,0.008513497728854416,0.08139535784721375,-3.021357536315918,0.008513497728854416,0.08139535784721375,-3.021357536315918,-0.26818455062177304,165.76571146759497,-0.0008959042509633723,0.5,0.49910409574903664,-0.2309195451272636,-0.2309195451272636,-0.2309195451272636,-0.2309195451272636,-0.2309195451272636,-0.2557940484493783,-0.2557940484493783,-0.2557940484493783,-0.2557940484493783,1.0
19400,1689.566974731,1.9076434472108235,0.06053771451115608,1.2207835850691795,0.011987966094166039,0.06053771451115608,-0.005002458579838276,0.011987966094166039,0.06053771451115608,-0.005002458579838276,-0.2848882824461996,165.75984309081431,-0.0012615640299056404,0.04985833876337721,0.04859677473347157,0.23629150771272805,0.23629150771272805,0.23629150771272805,0.23629150771272805,0.23629150771272805,-0.19639617026305295,-0.19639617026305295,-0.19639617026305295,-0.19639617026305295,1.0
19450,1689.623567801,2.1055458305344157,0.04873707890510559,1.2207835850691795,0.015442014280706642,0.04873707890510559,7.539951801300049,0.015442014280706642,0.04873707890510559,7.539951801300049,-0.3065899862059944,165.75203773619634,-0.0016251046550449513,-0.5,-0.501625104655045,0.8082150908610394,0.8082150908610394,0.8082150908610394,0.8082150908610394,0.8082150908610394,0.2517798046727421,0.2517798046727421,0.2517798046727421,0.2517798046727421,1.0
19500,1689.679592154,1.7905974836120768,-0.19839754700660706,1.2207835850691795,0.009945128653198479,-0.19839754700660706,2.442182779312134,0.009945128653198479,-0.19839754700660706,2.442182779312134,0.24155541379240314,165.76353437535917,-0.001046568766190016,-0.5,-0.50104656876619,0.2594911549737869,0.2594911549737869,0.2594911549737869,0.2594911549737869,0.2594911549737869,0.7443302591043365,0.7443302591043365,0.7443302591043365,0.7443302591043365,1.0
19550,1689.772781985,0.9816171784327786,-0.10299167037010193,1.2207835850691795,-0.004174241255968811,-0.10299167037010193,2.5631566047668457,-0.004174241255968811,-0.10299167037010193,2.5631566047668457,0.2963465604333476,165.770247215234,0.0004392615813781889,-0.5,-0.4995607384186218,0.2032141779852742,0.2032141779852742,0.2032141779852742,0.2032141779852742,0.2032141779852742,-0.023520577989015162,-0.023520577989015162,-0.023520577989015162,-0.023520577989015162,1.0
19600,1689.927438288,0.44624888863847567,-0.010058421641588211,1.2207835850691795,-0.013518180623650553,-0.010058421641588211,0.365603506565094,-0.013518180623650553,-0.010058421641588211,0.365603506565094,0.23304780431189037,165.75662766909232,0.0014226158276983351,-0.4999995545321274,-0.4985769387044291,0.2655291343925387,0.2655291343925387,0.2655291343925387,0.2655291343925387,0.2655291343925387,0.3401891388305128,0.3401891388305128,0.3401891388305128,0.3401891388305128,1.0
19650,1690.073807736,0.8522711647167497,0.15746396780014038,1.2207835850691795,-0.006431755069643261,0.15746396780014038,-4.482198715209961,-0.006431755069643261,0.15746396780014038,-4.482198715209961,-0.22021502820352828,165.76827464560435,0.0006768284520038084,0.5,0.5006768284520038,-0.2804618002484755,-0.2804618002484755,-0.2804618002484755,-0.2804618002484755,-0.2804618002484755,-0.8002080359654427,-0.8002080359654427,-0.8002080359654427,-0.8002080359654427,1.0
19700,1690.232861114,2.060310768321891,-0.12059646844863892,1.2207835850691795,0.014652513507753616,-0.12059646844863892,3.8487930297851562,0.014652513507753616,-0.12059646844863892,3.8487930297851562,-0.06007623617376859,165.75399512127717,-0.001542006151336851,-0.5,-0.5015420061513368,0.5616182423251054,0.5616182423251054,0.5616182423251054,0.5616182423251054,0.5616182423251054,-0.17233246315449727,-0.17233246315449727,-0.17233246315449727,-0.17233246315449727,1.0
19750,1690.388822834,0.6505334700916366,-0.1355750411748886,1.2207835850691795,-0.009952742066234352,-0.1355750411748886,-13.101025581359863,-0.009952742066234352,-0.1355750411748886,-13.101025581359863,0.44334480303197576,165.7635218948756,0.0010473700108814723,0.5,0.5010473700108815,-0.9443921730428573,-0.9443921730428573,-0.9443921730428573,-0.9443921730428573,-0.9443921730428573,-0.18283663726463212,-0.18283663726463212,-0.18283663726463212,-0.18283663726463212,1.0
19800,1690.536864364,1.4888730232531173,0.1992531567811966,1.2207835850691795,0.004679043386131523,0.1992531567811966,-0.3818781077861786,0.004679043386131523,0.1992531567811966,-0.3818781077861786,-0.4379760904568898,165.76987902118518,-0.0004923833830567229,0.49999976767406146,0.4995073842910047,-0.06153129383411493,-0.06153129383411493,-0.06153129383411493,-0.06153129383411493,-0.06153129383411493,-0.304012513451403,-0.304012513451403,-0.304012513451403,-0.304012513451403,1.0
19850,1690.687850812,1.1039377556180676,-0.1662522554397583,1.2207835850691795,-0.00203934444114566,-0.1662522554397583,2.4065752029418945,-0.00203934444114566,-0.1662522554397583,2.4065752029418945,0.3832655223618556,165.7713400914683,0.0002146022915373465,-0.5,-0.49978539770846264,0.11651987534660702,0.11651987534660702,0.11651987534660702,0.11651987534660702,0.11651987534660702,0.32374529123124285,0.32374529123124285,0.32374529123124285,0.32374529123124285,1.0
19900,1690.741911683,0.6155254422224421,-0.15190349519252777,1.2207835850691795,-0.010563747417181732,-0.15190349519252777,0.532694935798645,-0.010563747417181732,-0.15190349519252777,0.532694935798645,0.474919424087773,165.7624891500608,0.0011116733448820312,-0.4999999994426331,-0.4988883260977511,0.023968902009978088,0.023968902009978088,0.023968902009978088,0.023968902009978088,0.023968902009978088,0.14948041369913612,0.14948041369913612,0.14948041369913612,0.14948041369913612,1.0
19950,1690.796156367,0.20151752774608597,-0.1157132238149643,1.2207835850691795,-0.01778954865410924,-0.1157132238149643,-10.020231246948242,-0.01778954865410924,-0.1157132238149643,-10.020231246948242,0.5111579755929504,165.745610929683,0.0018722054572051943,0.5,0.5018722054572052,-1.0130301810501556,-1.0130301810501556,-1.0130301810501556,-1.0130301810501556,-1.0130301810501556,0.25669646102135074,0.25669646102135074,0.25669646102135074,0.25669646102135074,1.0
20000,1690.852509125,0.4494374930833874,0.24698875844478607,1.2207835850691795,-0.013462528977543117,0.24698875844478607,-2.6560282707214355,-0.013462528977543117,0.24698875844478607,-2.6560282707214355,-0.2651030690765935,165.75675136940308,0.00141675850010606,0.5,0.501416758500106,-0.23631368942351255,-0.23631368942351255,-0.23631368942351255,-0.23631368942351255,-0.23631368942351255,0.13592055553247878,0.13592055553247878,0.13592055553247878,0.13592055553247878,1.0
20050,1690.906892104,1.0898240234718826,0.21410967409610748,1.2207835850691795,-0.0022856755368411558,0.21410967409610748,-0.8267159461975098,-0.0022856755368411558,0.21410967409610748,-0.8267159461975098,-0.3442539152922912,165.77125231873998,0.00024052404813987023,0.49999999999999567,0.5002405240481356,-0.15598660875584436,-0.15598660875584436,-0.15598660875584436,-0.15598660875584436,-0.15598660875584436,-0.6187675346141241,-0.6187675346141241,-0.6187675346141241,-0.6187675346141241,1.0
20100,1690.962817107,1.4938890501465512,0.04249793663620949,1.2207835850691795,0.004766589570790528,0.04249793663620949,-3.617091417312622,0.004766589570790528,0.04249793663620949,-3.617091417312622,-0.16033163052742838,165.76981089418658,-0.000501596148167664,0.5,0.49949840385183236,-0.339166773324404,-0.339166773324404,-0.339166773324404,-0.339166773324404,-0.339166773324404,0.10410759140043734,0.10410759140043734,0.10410759140043734,0.10410759140043734,1.0
20150,1691.017269104,1.5836756220460713,0.032425228506326675,1.2207835850691795,0.006333660874515774,0.032425228506326675,-4.163303375244141,0.006333660874515774,0.032425228506326675,-4.163303375244141,-0.13187458295636856,165.76837780954207,-0.0006665054974304553,0.5,0.49933349450256953,-0.367458911546201,-0.367458911546201,-0.367458911546201,-0.367458911546201,-0.367458911546201,-0.4318074885772893,-0.4318074885772893,-0.4318074885772893,-0.4318074885772893,1.0
20200,1691.074225876,1.7686644655266965,0.07627782225608826,1.2207835850691795,0.00956232527270913,0.07627782225608826,9.268672943115234,0.00956232527270913,0.07627782225608826,9.268672943115234,-0.2772955914989858,165.76414958346172,-0.0010062822337618736,-0.5,-0.5010062822337619,0.7783018737327476,0.7783018737327476,0.7783018737327476,0.7783018737327476,0.7783018737327476,-0.3584133483256448,-0.3584133483256448,-0.3584133483256448,-0.3584133483256448,1.0
20250,1691.132394896,1.9634420373050079,-0.043631479144096375,1.2207835850691795,0.01296183520928025,-0.043631479144096375,3.5315325260162354,0.01296183520928025,-0.043631479144096375,3.5315325260162354,-0.10718977958889242,165.7578413447467,-0.0013640609412536111,-0.5,-0.5013640609412536,0.608553840530146,0.608553840530146,0.608553840530146,0.608553840530146,0.608553840530146,0.7000786437670761,0.7000786437670761,0.7000786437670761,0.7000786437670761,1.0
20300,1691.187503517,1.4196396645049294,-0.18489663302898407,1.2207835850691795,0.0034706933237612266,-0.18489663302898407,3.826479196548462,0.0034706933237612266,-0.18489663302898407,3.826479196548462,0.3371246036459349,165.77069033281265,-0.0003652255429943614,-0.5,-0.5003652255429943,0.16324062189705946,0.16324062189705946,0.16324062189705946,0.16324062189705946,0.16324062189705946,0.33366115079782505,0.33366115079782505,0.33366115079782505,0.33366115079782505,1.0
20350,1691.24285597,0.93385441261882,-0.11776082962751389,1.2207835850691795,-0.0050078587792813795,-0.11776082962751389,1.5796074867248535,-0.0050078587792813795,-0.11776082962751389,1.5796074867248535,0.31801532221730794,165.76961660662087,0.000526985718762818,-0.5,-0.4994730142812372,0.18145769206392925,0.18145769206392925,0.18145769206392925,0.18145769206392925,0.18145769206392925,-0.15236472507943832,-0.15236472507943832,-0.15236472507943832,-0.15236472507943832,1.0
20400,1691.298866492,0.5819997254856989,-0.08527570962905884,1.2207835850691795,-0.011148881558328869,-0.08527570962905884,0.7764300107955933,-0.011148881558328869,-0.08527570962905884,0.7764300107955933,0.3604992457957077,165.7614424749569,0.0011732547153579982,-0.49999999999996747,-0.49882674528460946,0.13832749948890177,0.13832749948890177,0.13832749948890177,0.13832749948890177,0.13832749948890177,0.05141467422039088,0.05141467422039088,0.05141467422039088,0.05141467422039088,1.0
20450,1691.36677606,0.33529910899780346,-0.037710439413785934,1.2207835850691795,-0.015454619582742454,-0.037710439413785934,-12.529499053955078,-0.015454619582742454,-0.037710439413785934,-12.529499053955078,0.3307846590252011,165.75200565136728,0.001626431435734861,0.5,0.5016264314357348,-0.8324110904609359,-0.8324110904609359,-0.8324110904609359,-0.8324110904609359,-0.8324110904609359,-0.16741753332585343,-0.16741753332585343,-0.16741753332585343,-0.16741753332585343,1.0
20500,1691.565656454,1.5265773750188802,0.06753804534673691,1.2207835850691795,0.005337108466774224,0.06753804534673691,-2.0409817695617676,0.005337108466774224,0.06753804534673691,-2.0409817695617676,-0.24562489255137937,165.76933599533484,-0.0005616338698584863,0.5,0.49943836613014153,-0.25381347357876216,-0.25381347357876216,-0.25381347357876216,-0.25381347357876216,-0.25381347357876216,-0.15434149934920335,-0.15434149934920335,-0.15434149934920335,-0.15434149934920335,1.0
20550,1691.764176184,1.976147042934878,0.033802058547735214,1.2207835850691795,0.013183579389005898,0.033802058547735214,-1.6532366275787354,0.013183579389005898,0.033802058547735214,-1.6532366275787354,-0.25150365707067157,165.7573637187325,-0.001387399227154425,0.5,0.4986126007728456,-0.247108943702174,-0.247108943702174,-0.247108943702174,-0.247108943702174,-0.247108943702174,-0.318400165947158,-0.318400165947158,-0.318400165947158,-0.318400165947158,1.0
20600,1691.963042578,2.055677979073918,-0.1444063037633896,1.2207835850691795,0.0145716560818255,-0.1444063037633896,2.6986629962921143,0.0145716560818255,-0.1444063037633896,2.6986629962921143,0.10648806270366212,165.7541897913617,-0.0015334956532469556,-0.5,-0.501533495653247,0.3950454329495849,0.3950454329495849,0.3950454329495849,0.3950454329495849,0.3950454329495849,0.6247025798152466,0.6247025798152466,0.6247025798152466,0.6247025798152466,1.0
20650,1692.1639174,0.9719188434198894,0.18644127249717712,1.2207835850691795,-0.004343509133905174,0.18644127249717712,-5.587854385375977,-0.004343509133905174,0.18644127249717712,-5.587854385375977,-0.2949858321534742,165.77012843320853,0.00045707410821428993,0.5,0.5004570741082143,-0.2054712419547401,-0.2054712419547401,-0.2054712419547401,-0.2054712419547401,-0.2054712419547401,-0.754136932257451,-0.754136932257451,-0.754136932257451,-0.754136932257451,1.0
20700,1692.390270618,1.223208653338946,-0.062213484197854996,1.2207835850691795,4.232542589306665e-05,-0.062213484197854996,-8.569385528564453,4.232542589306665e-05,-0.062213484197854996,-8.569385528564453,0.3725849957239601,165.77168258035718,-4.453941536785846e-06,0.5,0.4999955460584632,-0.8725805417824233,-0.8725805417824233,-0.8725805417824233,-0.8725805417824233,-0.8725805417824233,-0.40373384252280425,-0.40373384252280425,-0.40373384252280425,-0.40373384252280425,1.0
20750,1692.567278627,1.7383611573351714,0.10595301538705826,1.2207835850691795,0.009033432770520447,0.10595301538705826,-0.2890024185180664,0.009033432770520447,0.10595301538705826,-0.2890024185180664,-0.32422558932098383,165.764959849462,-0.0009506216443187909,0.49999046085100074,0.49903983920668193,-0.1748142498856981,-0.1748142498856981,-0.1748142498856981,-0.1748142498856981,-0.1748142498856981,-0.25934011312958427,-0.25934011312958427,-0.25934011312958427,-0.25934011312958427,1.0
20800,1692.632388813,2.1296028240082583,-0.04325651377439499,1.2207835850691795,0.015861888024955986,-0.04325651377439499,10.874343872070312,0.015861888024955986,-0.04325651377439499,10.874343872070312,-0.22940248308154543,165.7509549267323,-0.0016692990645876848,-0.5,-0.5016692990645877,0.7310717821461331,0.7310717821461331,0.7310717821461331,0.7310717821461331,0.7310717821461331,0.32041012709345573,0.32041012709345573,0.32041012709345573,0.32041012709345573,1.0
20850,1692.690105265,1.8013819254247039,-0.14267858862876892,1.2207835850691795,0.010133352670818566,-0.14267858862876892,3.1883864402770996,0.010133352670818566,-0.14267858862876892,3.1883864402770996,0.194277953711855,165.76322302369914,-0.001066377722360237,-0.5,-0.5010663777223603,0.3067884240105053,0.3067884240105053,0.3067884240105053,0.3067884240105053,0.3067884240105053,0.6627152356938143,0.6627152356938143,0.6627152356938143,0.6627152356938143,1.0
20900,1692.746030641,1.3849793359531708,-0.15743696689605713,1.2207835850691795,0.002865756470710041,-0.15743696689605713,4.051852226257324,0.002865756470710041,-0.15743696689605713,4.051852226257324,0.28682447623983515,165.771006129732,-0.0003015668744671134,-0.5,-0.5003015668744671,0.213477090634632,0.213477090634632,0.213477090634632,0.213477090634632,0.213477090634632,0.11710890814012305,0.11710890814012305,0.11710890814012305,0.11710890814012305,1.0
20950,1692.837787766,0.8657404578425736,-0.05193886160850525,1.2207835850691795,-0.006196671556681396,-0.05193886160850525,2.8577964305877686,-0.006196671556681396,-0.05193886160850525,2.8577964305877686,0.225552456460441,165.76851922570063,0.0006520894311083028,-0.5,-0.4993479105688917,0.27379545410845074,0.27379545410845074,0.27379545410845074,0.27379545410845074,0.27379545410845074,-0.35249543408348416,-0.35249543408348416,-0.35249543408348416,-0.35249543408348416,1.0
21000,1692.98750373,0.5554158288232159,-0.15825074911117554,1.2207835850691795,-0.011612858083099128,-0.15825074911117554,3.101630449295044,-0.011612858083099128,-0.15825074911117554,3.101630449295044,0.4862034684700227,165.76057242405585,0.0012220856384575214,-0.5,-0.49877791436154245,0.012574445891519737,0.012574445891519737,0.012574445891519737,0.012574445891519737,0.012574445891519737,-0.43964509180955624,-0.43964509180955624,-0.43964509180955624,-0.43964509180955624,1.0
21050,1693.138104428,-0.9373872212453033,-0.31064170598983765,1.2207835850691795,-0.03766718639060855,-0.31064170598983765,-13.557323455810547,-0.03766718639060855,-0.31064170598983765,-13.557323455810547,1.1730921798973295,165.65480612123503,0.003965609618975807,0.5,0.5039656096189759,-1.6770577895163052,-1.6770577895163052,-1.6770577895163052,-1.6770577895163052,-1.6770577895163052,-1.2429347520182452,-1.2429347520182452,-1.2429347520182452,-1.2429347520182452,1.0
21100,1693.290572574,-3.2894129144192057,-0.29519662261009216,1.2207835850691795,-0.07871777882799508,-0.29519662261009216,-32.54859161376953,-0.07871777882799508,-0.29519662261009216,-32.54859161376953,1.7994846559177264,165.26144334862713,0.008300537218163278,0.5,0.5083005372181633,-2.3077851931358895,-2.3077851931358895,-2.3077851931358895,-2.3077851931358895,-2.3077851931358895,-1.7656400438980464,-1.7656400438980464,-1.7656400438980464,-1.7656400438980464,1.0
21150,1693.470627691,-5.590016781374726,-0.13247887790203094,1.2207835850691795,-0.11887089109048248,-0.13247887790203094,-34.42569351196289,-0.11887089109048248,-0.13247887790203094,-34.42569351196289,2.0749657209388994,164.60891715300824,0.012567601885111539,0.5,0.5125676018851115,-2.5875333228240107,-2.5875333228240107,-2.5875333228240107,-2.5875333228240107,-2.5875333228240107,-1.717392112713971,-1.717392112713971,-1.717392112713971,-1.717392112713971,1.0
21200,1693.626725344,-6.290530374161343,-0.11642146110534668,1.2207835850691795,-0.13109715973958375,-0.11642146110534668,-34.797367095947266,-0.13109715973958375,-0.11642146110534668,-34.797367095947266,2.2395966059410877,164.3577880537619,0.01387432311816685,0.5,0.5138743231181668,-2.7534709290592545,-2.7534709290592545,-2.7534709290592545,-2.7534709290592545,-2.7534709290592545,-1.1380457154160077,-1.1380457154160077,-1.1380457154160077,-1.1380457154160077,1.0
21250,1693.686394448,-6.833285807027705,0.030718140304088593,1.2207835850691795,-0.14057002907618882,0.030718140304088593,-34.82166290283203,-0.14057002907618882,0.030718140304088593,-34.82166290283203,2.088423568507235,164.14642291460763,0.014889620121537769,0.5,0.5148896201215377,-2.603313188628773,-2.603313188628773,-2.603313188628773,-2.603313188628773,-2.603313188628773,-0.9061783418692285,-0.9061783418692285,-0.9061783418692285,-0.9061783418692285,1.0
21300,1693.741164556,-6.750497084097981,0.1315051168203354,1.2207835850691795,-0.1391250932775438,0.1315051168203354,-31.942119598388672,-0.1391250932775438,0.1315051168203354,-31.942119598388672,1.8815643295193918,164.17961002620112,0.014734582874830641,0.5,0.5147345828748306,-2.396298912394222,-2.396298912394222,-2.396298912394222,-2.396298912394222,-2.396298912394222,-0.47875065699170777,-0.47875065699170777,-0.47875065699170777,-0.47875065699170777,1.0
21350,1693.797340412,-6.33871693186896,0.09924858808517456,1.2207835850691795,-0.1319381738267839,0.09924858808517456,-34.752891540527344,-0.1319381738267839,0.09924858808517456,-34.752891540527344,1.825175317453991,164.3396154475279,0.013964358229658065,0.5,0.513964358229658,-2.339139675683649,-2.339139675683649,-2.339139675683649,-2.339139675683649,-2.339139675683649,-0.33644810145113835,-0.33644810145113835,-0.33644810145113835,-0.33644810145113835,1.0
21400,1693.925769134,-5.44771918152762,0.017121627926826477,1.2207835850691795,-0.1163873294554651,0.017121627926826477,-32.241939544677734,-0.1163873294554651,0.017121627926826477,-32.241939544677734,1.7556316625198878,164.65694246893565,0.012302637894566709,0.5,0.5123026378945668,-2.2679343004144545,-2.2679343004144545,-2.2679343004144545,-2.2679343004144545,-2.2679343004144545,-0.12337058456605754,-0.12337058456605754,-0.12337058456605754,-0.12337058456605754,1.0
21450,1694.077329085,-5.1107193554264825,0.03977997973561287,1.2207835850691795,-0.11050557291135192,0.03977997973561287,-36.18773651123047,-0.11050557291135192,0.03977997973561287,-36.18773651123047,1.614113521650504,164.7666529050652,0.011675732205056548,0.5,0.5116757322050566,-2.1257892538555607,-2.1257892538555607,-2.1257892538555607,-2.1257892538555607,-2.1257892538555607,-0.11975118060002254,-0.11975118060002254,-0.11975118060002254,-0.11975118060002254,1.0
21500,1694.250166431,-4.332216101375722,0.10419511795043945,1.2207835850691795,-0.09691812789067626,0.10419511795043945,-34.417564392089844,-0.09691812789067626,0.10419511795043945,-34.417564392089844,1.3139116300951161,164.99842790177416,0.010230541496821921,0.5,0.5102305414968219,-1.8241421715919381,-1.8241421715919381,-1.8241421715919381,-1.8241421715919381,-1.8241421715919381,-0.05762596770262418,-0.05762596770262418,-0.05762596770262418,-0.05762596770262418,1.0
21550,1694.453436334,-2.6861005974846868,0.19638855755329132,1.2207835850691795,-0.06818799247965217,0.19638855755329132,-34.43399429321289,-0.06818799247965217,0.19638855755329132,-34.43399429321289,0.7240109793796892,165.38876972953256,0.0071865227927150775,0.5,0.507186522792715,-1.2311975021724042,-1.2311975021724042,-1.2311975021724042,-1.2311975021724042,-1.2311975021724042,0.4705914748462186,0.4705914748462186,0.4705914748462186,0.4705914748462186,1.0
21600,1694.65512653,-0.6034906489048796,0.1522684544324875,1.2207835850691795,-0.03183959184214473,0.1522684544324875,-34.437557220458984,-0.03183959184214473,0.1522684544324875,-34.437557220458984,0.24386331725117738,165.68817034512614,0.0033516304684878557,0.5,0.5033516304684879,-0.7472149477196652,-0.7472149477196652,-0.7472149477196652,-0.7472149477196652,-0.7472149477196652,0.1656970502448893,0.1656970502448893,0.1656970502448893,0.1656970502448893,1.0
21650,1694.854103951,0.753220188260048,0.10692008584737778,1.2207835850691795,-0.008160520736128092,0.10692008584737778,-33.84693145751953,-0.008160520736128092,0.10692008584737778,-33.84693145751953,-0.018380778903941603,165.7661963475434,0.000858757614860527,0.5,0.5008587576148605,-0.4824779787109189,-0.4824779787109189,-0.4824779787109189,-0.4824779787109189,-0.4824779787109189,0.10218451626185898,0.10218451626185898,0.10218451626185898,0.10218451626185898,1.0
21700,1694.975999342,1.443651728140638,0.07747010886669159,1.2207835850691795,0.0038897828944027407,0.07747010886669159,-32.978759765625,0.0038897828944027407,0.07747010886669159,-32.978759765625,-0.11558950331899785,165.77043619788074,-0.00040932729710271425,0.5,0.4995906727028973,-0.38400116938389944,-0.38400116938389944,-0.38400116938389944,-0.38400116938389944,-0.38400116938389944,0.4088919562242559,0.4088919562242559,0.4088919562242559,0.4088919562242559,1.0
21750,1695.042959996,1.6435779818926697,0.017902515828609467,1.2207835850691795,0.00737915428355336,0.017902515828609467,-33.64105987548828,0.00737915428355336,0.017902515828609467,-33.64105987548828,-0.09821163310323695,165.76719668122942,-0.0007765288172904524,0.5,0.49922347118270954,-0.4010118380794726,-0.4010118380794726,-0.4010118380794726,-0.4010118380794726,-0.4010118380794726,-0.12631403712235748,-0.12631403712235748,-0.12631403712235748,-0.12631403712235748,1.0
21800,1695.109624615,1.7159297488837917,0.00171000137925148,1.2207835850691795,0.008641930837184189,0.00171000137925148,-33.125572204589844,0.008641930837184189,0.00171000137925148,-33.125572204589844,-0.06303366914846491,165.76552994703584,-0.0009094203646010477,0.5,0.49909057963539893,-0.436056910486934,-0.436056910486934,-0.436056910486934,-0.436056910486934,-0.436056910486934,-0.024723484904012674,-0.024723484904012674,-0.024723484904012674,-0.024723484904012674,1.0
21850,1695.177462058,1.7185416559110869,0.0029225233010947704,1.2207835850691795,0.008687517214566468,0.0029225233010947704,-31.740371704101562,0.008687517214566468,0.0029225233010947704,-31.740371704101562,-0.05444737013888717,165.76546486412647,-0.000914217815821789,0.5,0.4990857821841782,-0.44463841204529103,-0.44463841204529103,-0.44463841204529103,-0.44463841204529103,-0.44463841204529103,0.28234892331502975,0.28234892331502975,0.28234892331502975,0.28234892331502975,1.0
21900,1695.243811366,1.6285273398914293,-0.045288484543561935,1.2207835850691795,0.007116471026092766,-0.045288484543561935,-32.53692626953125,0.007116471026092766,-0.045288484543561935,-32.53692626953125,0.05224445434632104,165.76751038383475,-0.0007488849895331024,0.5,0.4992511150104669,-0.5514955693567879,-0.5514955693567879,-0.5514955693567879,-0.5514955693567879,-0.5514955693567879,-0.2648354002381613,-0.2648354002381613,-0.2648354002381613,-0.2648354002381613,1.0
21950,1695.309622604,1.508349627836526,-0.03429378196597099,1.2207835850691795,0.005018974263221024,-0.03429378196597099,-31.89678955078125,0.005018974263221024,-0.03429378196597099,-31.89678955078125,0.07420231141036136,165.76960742450177,-0.0005281554399800719,0.5,0.4994718445600199,-0.5736741559703813,-0.5736741559703813,-0.5736741559703813,-0.5736741559703813,-0.5736741559703813,-0.052396596341831275,-0.052396596341831275,-0.052396596341831275,-0.052396596341831275,1.0
22000,1695.376939886,1.324775273844328,-0.07116818428039551,1.2207835850691795,0.0018149973638355715,-0.07116818428039551,-32.03458786010742,0.0018149973638355715,-0.07116818428039551,-32.03458786010742,0.1734192482387157,165.7714113313112,-0.00019099396565950947,0.5,0.4998090060343405,-0.6732282542730562,-0.6732282542730562,-0.6732282542730562,-0.6732282542730562,-0.6732282542730562,-0.17858680361630372,-0.17858680361630372,-0.17858680361630372,-0.17858680361630372,1.0
22050,1695.442874975,1.102138641102004,-0.07393792271614075,1.2207835850691795,-0.0020707449130713956,-0.07393792271614075,-32.929473876953125,-0.0020707449130713956,-0.07393792271614075,-32.929473876953125,0.25207461789519725,165.77132945886248,0.00021790660445233876,0.5,0.5002179066044523,-0.7522925244996496,-0.7522925244996496,-0.7522925244996496,-0.7522925244996496,-0.7522925244996496,-0.18745539235379483,-0.18745539235379483,-0.18745539235379483,-0.18745539235379483,1.0
