tick,time_s,euler_roll_deg,gyro_roll_rad_s,roll_offset_deg,roll_rad,rolldot_rad_s,vel_roll_raw_rad_s,roll_f_rad,rolldot_f_rad_s,vel_roll_f_rad_s,tau_fb_roll_nm,denom_roll,tau_ff_roll_g_nm,tau_ff_roll_f_nm,tau_ff_roll_nm,tau_roll_total_nm,tau_motor1_raw_nm,tau_motor1_sat_nm,tau_motor1_ramped_nm,tau_motor1_final_nm,tau_motor2_raw_nm,tau_motor2_sat_nm,tau_motor2_ramped_nm,tau_motor2_final_nm,ramp_scale
50,1453.523041974,-0.20097444766579062,0.001559578813612461,1.1706309371318502,-0.02393903000280261,0.001559578813612461,0.0009259320795536041,-0.02393903000280261,0.001559578813612461,0.0009259320795536041,0.35031847425901613,165.724471538864,0.002519602007568702,-0.009258262476620654,-0.006738660469051952,-0.34357981378996416,-0.34357981378996416,-0.34357981378996416,-0.011396671151310492,-0.011396671151310492,0.2244449770670216,0.2244449770670216,0.007444923981360473,0.007444923981360473,0.03317037466664866
100,1453.623362011,-0.18200599848446028,0.01617358811199665,1.1706309371318502,-0.02360796811059117,0.01617358811199665,-0.0009140742477029562,-0.02360796811059117,0.01617358811199665,-0.0009140742477029562,0.3279061821175485,165.72576825216416,0.0024847445563741994,0.00913972429576123,0.011624468852135429,-0.33953065096968393,-0.33953065096968393,-0.33953065096968393,-0.022613124345155944,-0.022613124345155944,0.3347542296970978,0.3347542296970978,0.022295009300598502,0.022295009300598502,0.06660112800000206
150,1453.723204574,-0.14229985434314152,0.014947977848351002,1.1706309371318502,-0.022914965162053703,0.014947977848351002,-0.0744219422340393,-0.022914965162053703,0.014947977848351002,-0.0744219422340393,0.3141370736814569,165.7284241757622,0.0024117801314027945,0.4515185388287659,0.4539303189601687,-0.7680673926416256,-0.7680673926416256,-0.7680673926416256,-0.07672386428048289,-0.07672386428048289,0.20864179921511913,0.20864179921511913,0.020841667332290568,0.020841667332290568,0.09989209933337406
200,1453.823142358,-0.04444677233793031,0.01922396384179592,1.1706309371318502,-0.021207106697838752,0.01922396384179592,-0.3528778553009033,-0.021207106697838752,0.01922396384179592,-0.3528778553009033,0.27689313230336765,165.73463179505544,0.002231973946203505,0.4999992588886501,0.5022312328348536,-0.7791243651382213,-0.7791243651382213,-0.7791243651382213,-0.10378037751893705,-0.10378037751893705,0.2456816276943983,0.2456816276943983,0.032725111949320554,0.032725111949320554,0.13320129899996877
250,1453.923165437,0.10264561697147223,0.02027682401239872,1.1706309371318502,-0.01863986019976437,0.02027682401239872,-0.5373867154121399,-0.01863986019976437,0.02027682401239872,-0.5373867154121399,0.23287325120941005,165.74305905846757,0.0019617139139506278,0.4999999995380057,0.5019617134519564,-0.7348349646613664,-0.7348349646613664,-0.7348349646613664,-0.12237042798307012,-0.12237042798307012,0.2979328722289838,0.2979328722289838,0.0496140968219811,0.0496140968219811,0.16652776999997818
300,1454.023122572,0.22968981691656715,0.020844535902142525,1.1706309371318502,-0.016422520615160464,0.020844535902142525,0.3459569811820984,-0.016422520615160464,0.020844535902142525,0.3459569811820984,0.2029191637340213,165.7494638331856,0.0017283101593702215,-0.4999990225123943,-0.4982707123530241,0.2953515486190028,0.2953515486190028,0.2953515486190028,0.059031582244233154,0.059031582244233154,0.5873057414712,0.5873057414712,0.11738413880771793,0.11738413880771793,0.19986887666664188
350,1454.123027986,0.32497690557334236,0.016201026737689972,1.1706309371318502,-0.014759447183459996,0.016201026737689972,-1.3541555404663086,-0.014759447183459996,0.016201026737689972,-1.3541555404663086,0.1877126618388353,165.75373601651242,0.0015532612873434826,0.5,0.5015532612873435,-0.6892659231261787,-0.6892659231261787,-0.6892659231261787,-0.16071437123406562,-0.16071437123406562,0.010347875242198046,0.010347875242198046,0.0024127875865610883,0.0024127875865610883,0.23316744066664796
400,1454.223597799,0.5273554907220995,0.03414450213313103,1.1706309371318502,-0.011227274537086485,0.03414450213313103,1.3045744895935059,-0.011227274537086485,0.03414450213313103,1.3045744895935059,0.0893572598794638,165.76129796220516,0.001181505100325262,-0.5,-0.4988184948996747,0.4094612350202109,0.4094612350202109,0.4094612350202109,0.10918965325444813,0.10918965325444813,0.35375499745028893,0.35375499745028893,0.09433465785037902,0.09433465785037902,0.26666664366666737
450,1454.341711624,0.6751446693836024,0.018464725464582443,1.1706309371318502,-0.008647866770625113,0.018464725464582443,-1.4292434453964233,-0.008647866770625113,0.018464725464582443,-1.4292434453964233,0.09739221125227973,165.76552149179264,0.0009100450543236921,0.5,0.5009100450543237,-0.5983022563066034,-0.5983022563066034,-0.5983022563066034,-0.1830537554929556,-0.1830537554929556,0.24500800224550895,0.24500800224550895,0.07496150058622453,0.07496150058622453,0.30595531533337333
500,1454.510536823,1.0655482505011877,0.07197514921426773,1.1706309371318502,-0.0018340388685464844,0.07197514921426773,4.360370635986328,-0.0018340388685464844,0.07197514921426773,4.360370635986328,-0.11420226225174913,165.77140560688738,0.00019299772644121538,-0.5,-0.4998070022735588,0.6140092645253079,0.6140092645253079,0.6140092645253079,0.22242288428586607,0.22242288428586607,0.02943225523507796,0.02943225523507796,0.01066173994212427,0.01066173994212427,0.3622467886666527
550,1454.663340433,1.143572169432888,0.05266880244016647,1.1706309371318502,-0.0004722645878791794,0.05266880244016647,0.15867580473423004,-0.0004722645878791794,0.05266880244016647,0.15867580473423004,-0.03466338991392677,165.7716643531163,4.9696818724093356e-05,-0.4982511250707503,-0.49820142825202623,0.532864818165953,0.532864818165953,0.532864818165953,0.2201720482982113,0.2201720482982113,0.06647543097293221,0.06647543097293221,0.027466688172794067,0.027466688172794067,0.413185560000026
600,1454.8216842,1.3275108713286239,-0.03969411179423332,1.1706309371318502,0.0027380713820457474,-0.03969411179423332,-4.577495098114014,0.0027380713820457474,-0.03969411179423332,-4.577495098114014,0.058137918533119795,165.7710650788051,-0.00028813035651593976,0.5,0.4997118696434841,-0.5578497881766039,-0.5578497881766039,-0.5578497881766039,-0.2599390864634677,-0.2599390864634677,0.31192721436410087,0.31192721436410087,0.14534750548158262,0.14534750548158262,0.4659660933333119
650,1455.006818224,1.568961793748277,-0.042283184826374054,1.1706309371318502,0.006952184960246088,-0.042283184826374054,2.5066781044006348,0.006952184960246088,-0.042283184826374054,2.5066781044006348,-0.03112745831052531,165.76770079935295,-0.0007315961755701337,-0.5,-0.5007315961755702,0.5318590544860955,0.5318590544860955,0.5318590544860955,0.2806183336675752,0.2806183336675752,0.7907960832471614,0.7907960832471614,0.41723813344887795,0.41723813344887795,0.5276178553333466
700,1455.211520746,2.0544385131829723,0.11340736597776413,1.1706309371318502,0.015425352156162263,0.11340736597776413,0.7122096419334412,0.015425352156162263,0.11340736597776413,0.7122096419334412,-0.4575114217645049,165.75208010686265,-0.0016233508711899652,-0.49999999999957573,-0.5016233508707657,0.9591347726352706,0.9591347726352706,0.9591347726352706,0.5713326482111701,0.5713326482111701,0.8912869171261172,0.8912869171261172,0.5309173738728326,0.5309173738728326,0.5956750443333476
750,1455.477920243,3.398363182860783,0.07661376893520355,1.1706309371318502,0.038881262540817266,0.07661376893520355,5.700846195220947,0.038881262540817266,0.07661376893520355,5.700846195220947,-0.7478449811168655,165.64715140953982,-0.004093553569837324,-0.5,-0.5040935535698373,1.251938534686703,1.251938534686703,1.251938534686703,0.857185703562161,0.857185703562161,1.3908788466703335,1.3908788466703335,0.9523162916709763,0.9523162916709763,0.68468673166664
800,1455.682636088,2.3513965687183207,-0.1297663152217865,1.1706309371318502,0.020608247965574266,-0.1297663152217865,4.274880409240723,0.020608247965574266,-0.1297663152217865,4.274880409240723,-0.04542573508992753,165.736694708969,-0.002168928210952666,-0.5,-0.5021689282109527,0.5475946633008802,0.5475946633008802,0.5475946633008802,0.4123093637675936,0.4123093637675936,1.285533317629804,1.285533317629804,0.9679375271828663,0.9679375271828663,0.7529462783333353
850,1455.875538594,1.3674840198375946,0.016664106398820877,1.1706309371318502,0.0034357344359159485,0.016664106398820877,1.502364993095398,0.0034357344359159485,0.016664106398820877,1.502364993095398,-0.07100504757869297,165.77071022409584,-0.0003615467452212221,-0.5,-0.5003615467452213,0.5713665943239142,0.5713665943239142,0.5713665943239142,0.46694806344591594,0.46694806344591594,0.8043007218801443,0.8043007218801443,0.6573129550118091,0.6573129550118091,0.8172477496666488
900,1456.030304348,1.8011742449852532,0.04260586202144623,1.1706309371318502,0.011005056798458101,0.04260586202144623,3.7575974464416504,0.011005056798458101,0.04260586202144623,3.7575974464416504,-0.22886969028654938,165.7617049743479,-0.0011581180698580125,-0.5,-0.501158118069858,0.7300278083564073,0.7300278083564073,0.7300278083564073,0.6342801015367954,0.6342801015367954,0.6663770597338705,0.6663770597338705,0.5789775461586782,0.5789775461586782,0.8688437540000299
950,1456.185541076,1.758877444776303,-0.008084085769951344,1.1706309371318502,0.010266838371753694,-0.008084085769951344,5.36006498336792,0.010266838371753694,-0.008084085769951344,5.36006498336792,-0.1065827918508801,165.76299867992023,-0.0010804259876117056,-0.5,-0.5010804259876117,0.6076632178384918,0.6076632178384918,0.6076632178384918,0.5594648838732922,0.5594648838732922,0.6896877889837569,0.6896877889837569,0.6349834701944727,0.6349834701944727,0.9206824890000007
1000,1456.24285915,1.6320004910843808,-0.011442096903920174,1.1706309371318502,0.008052417784929277,-0.011442096903920174,4.552111625671387,0.008052417784929277,-0.011442096903920174,4.552111625671387,-0.0884347301612596,165.7663407408662,-0.0008473811060520871,-0.5,-0.5008473811060521,0.5892821112673117,0.5892821112673117,0.5892821112673117,0.5537575933481041,0.5537575933481041,0.6513485048472915,0.6513485048472915,0.6120823516930167,0.6120823516930167,0.939715600999989
1050,1456.337610636,1.547422258592113,-0.004449542611837387,1.1706309371318502,0.006576249152421953,-0.004449542611837387,5.270001411437988,0.006576249152421953,-0.004449542611837387,5.270001411437988,-0.08591788804603988,165.76811979594626,-0.0006920343279736408,-0.5,-0.5006920343279736,0.5866099223740134,0.5866099223740134,0.5866099223740134,0.569729283281839,0.569729283281839,0.37533678639681123,0.37533678639681123,0.36453586982939346,0.36453586982939346,0.9712234000000232
1100,1456.496724775,1.3379232812748967,-0.01997598074376583,1.1706309371318502,0.002919802218675615,-0.01997598074376583,5.100263595581055,0.002919802218675615,-0.01997598074376583,5.100263595581055,0.004431072956365759,165.77098036896376,-0.0003072542028927333,-0.5,-0.5003072542028927,0.49587618124652694,0.49587618124652694,0.49587618124652694,0.49587618124652694,0.49587618124652694,0.7745947246359203,0.7745947246359203,0.7745947246359203,0.7745947246359203,1.0
1150,1456.659251066,1.3699096974883012,0.027672959491610527,1.1706309371318502,0.003478070497512819,0.027672959491610527,6.5985212326049805,0.003478070497512819,0.027672959491610527,6.5985212326049805,-0.08146211934450914,165.7706861095386,-0.00036600185871786767,-0.5,-0.5003660018587178,0.581828121203227,0.581828121203227,0.581828121203227,0.581828121203227,0.581828121203227,0.9022885958805802,0.9022885958805802,0.9022885958805802,0.9022885958805802,1.0
1200,1456.81495659,1.461887906337749,0.019223231822252274,1.1706309371318502,0.0050833930820226685,0.019223231822252274,6.415577411651611,0.0050833930820226685,0.019223231822252274,6.415577411651611,-0.12449477028272682,165.7695538094601,-0.0005349344599453883,-0.5,-0.5005349344599453,0.6250297047426722,0.6250297047426722,0.6250297047426722,0.6250297047426722,0.6250297047426722,0.6491257132692065,0.6491257132692065,0.6491257132692065,0.6491257132692065,1.0
1250,1456.969579279,1.57024661636418,-0.11804702877998352,1.1706309371318502,0.006974609345197683,-0.11804702877998352,6.633739471435547,0.006974609345197683,-0.11804702877998352,6.633739471435547,0.04714523592747362,165.76767507047938,-0.0007339560265737234,-0.5,-0.5007339560265738,0.4535887200991002,0.4535887200991002,0.4535887200991002,0.4535887200991002,0.4535887200991002,0.792171118759831,0.792171118759831,0.792171118759831,0.792171118759831,1.0
1300,1457.123819603,0.8927003350745246,-0.0730167105793953,1.1706309371318502,-0.004850804097950457,-0.0730167105793953,3.9509217739105225,-0.004850804097950457,-0.0730167105793953,3.9509217739105225,0.20563116047667468,165.76974416815213,0.0005104583194888164,-0.5,-0.4994895416805112,0.2938583812038365,0.2938583812038365,0.2938583812038365,0.2938583812038365,0.2938583812038365,0.08311452394569611,0.08311452394569611,0.08311452394569611,0.08311452394569611,1.0
1350,1457.254241698,0.9246028146663319,-0.023512881249189377,1.1706309371318502,-0.004294000789523123,-0.023512881249189377,4.563085079193115,-0.004294000789523123,-0.023512881249189377,4.563085079193115,0.08277199108728814,165.77016366365882,0.0004518642055994828,-0.5,-0.4995481357944005,0.41677614470711233,0.41677614470711233,0.41677614470711233,0.41677614470711233,0.41677614470711233,0.1458372819718588,0.1458372819718588,0.1458372819718588,0.1458372819718588,1.0
1400,1457.314412898,1.071691151885968,-0.07971904426813126,1.1706309371318502,-0.0017268250137567505,-0.07971904426813126,2.318636417388916,-0.0017268250137567505,-0.07971904426813126,2.318636417388916,0.17897546749418958,165.7714370596383,0.0001817154834090397,-0.5,-0.49981828451659094,0.32084281702240136,0.32084281702240136,0.32084281702240136,0.32084281702240136,0.32084281702240136,0.1315970864487676,0.1315970864487676,0.1315970864487676,0.1315970864487676,1.0
1450,1457.436982968,0.9366028167078096,-0.01620250567793846,1.1706309371318502,-0.004084561243653296,-0.01620250567793846,2.9887547492980957,-0.004084561243653296,-0.01620250567793846,2.9887547492980957,0.11654852413282117,165.7703082340936,0.00042982431588180415,-0.5,-0.4995701756841182,0.383021651551297,0.383021651551297,0.383021651551297,0.383021651551297,0.383021651551297,-0.021305119098655137,-0.021305119098655137,-0.021305119098655137,-0.021305119098655137,1.0
1500,1457.590714102,0.8113634542302509,-0.08924427628517151,1.1706309371318502,-0.006270400471985337,-0.08924427628517151,0.37824371457099915,-0.006270400471985337,-0.08924427628517151,0.37824371457099915,0.3326752379206187,165.7684434984688,0.0006598482880185774,-0.49999973132110026,-0.4993398830330817,0.16666464511246298,0.16666464511246298,0.16666464511246298,0.16666464511246298,0.16666464511246298,0.3799436123239195,0.3799436123239195,0.3799436123239195,0.3799436123239195,1.0
1550,1457.753650153,1.4121083137279324,0.12783116102218628,1.1706309371318502,0.004214575290679933,0.12783116102218628,-2.3088395595550537,0.004214575290679933,0.12783116102218628,-2.3088395595550537,-0.3878265841028313,165.77021933966938,-0.0004435060410764564,0.5,0.49955649395892354,-0.11172990985609227,-0.11172990985609227,-0.11172990985609227,-0.11172990985609227,-0.11172990985609227,-0.6023469816239452,-0.6023469816239452,-0.6023469816239452,-0.6023469816239452,1.0
1600,1457.913986706,2.1371175261991535,-0.0008024609414860606,1.1706309371318502,0.016868373155593874,-0.0008024609414860606,4.9301252365112305,0.016868373155593874,-0.0008024609414860606,4.9301252365112305,-0.2560428084971596,165.7482410506622,-0.0017752404965778231,-0.5,-0.5017752404965778,0.7578180489937374,0.7578180489937374,0.7578180489937374,0.7578180489937374,0.7578180489937374,0.22530008939995544,0.22530008939995544,0.22530008939995544,0.22530008939995544,1.0
1650,1458.06932928,0.8901426960346193,-0.16149857640266418,1.1706309371318502,-0.0048954433202743515,-0.16149857640266418,-5.621725559234619,-0.0048954433202743515,-0.16149857640266418,-5.621725559234619,0.4440911091611281,165.7697083251057,0.0005151558543867096,0.5,0.5005151558543867,-0.9446062650155147,-0.9446062650155147,-0.9446062650155147,-0.9446062650155147,-0.9446062650155147,-0.3258918457912997,-0.3258918457912997,-0.3258918457912997,-0.3258918457912997,1.0
1700,1458.200182409,1.1455761896240522,0.1826297789812088,1.1706309371318502,-0.000437287837266917,0.1826297789812088,-2.3549489974975586,-0.000437287837266917,0.1826297789812088,-2.3549489974975586,-0.36517201533582366,165.77166697407253,4.6016183953426115e-05,0.5,0.5000460161839534,-0.13487400084812973,-0.13487400084812973,-0.13487400084812973,-0.13487400084812973,-0.13487400084812973,-0.4776917466718446,-0.4776917466718446,-0.4776917466718446,-0.4776917466718446,1.0
1750,1458.263155032,1.745893148442403,0.1260579228401184,1.1706309371318502,0.01004021964967251,0.1260579228401184,-1.0760290622711182,0.01004021964967251,0.1260579228401184,-1.0760290622711182,-0.40653010072295376,165.76337780971346,-0.0010565762650192705,0.5,0.49894342373498074,-0.09241332301202698,-0.09241332301202698,-0.09241332301202698,-0.09241332301202698,-0.09241332301202698,0.02640933720557829,0.02640933720557829,0.02640933720557829,0.02640933720557829,1.0
1800,1458.319429164,1.960252338962612,0.03811587020754814,1.1706309371318502,0.013781493306159975,0.03811587020754814,-1.5308716297149658,0.013781493306159975,0.03811587020754814,-1.5308716297149658,-0.28403478392287385,165.75603546919044,-0.001450329567950099,0.5,0.4985496704320499,-0.21451488650917605,-0.21451488650917605,-0.21451488650917605,-0.21451488650917605,-0.21451488650917605,0.12156523520839263,0.12156523520839263,0.12156523520839263,0.12156523520839263,1.0
1850,1458.453375104,2.1284687991626248,0.030391652137041092,1.1706309371318502,0.016717424392700197,0.030391652137041092,9.888503074645996,0.016717424392700197,0.030391652137041092,9.888503074645996,-0.3178766217421549,165.74865870538102,-0.001759351586649541,-0.5,-0.5017593515866495,0.8196359733288044,0.8196359733288044,0.8196359733288044,0.8196359733288044,0.8196359733288044,-0.1928481775778029,-0.1928481775778029,-0.1928481775778029,-0.1928481775778029,1.0
1900,1458.619496465,0.8599331428616231,-0.1431911587715149,1.1706309371318502,-0.005422699488699433,-0.1431911587715149,1.3454927206039429,-0.005422699488699433,-0.1431911587715149,1.3454927206039429,0.4080511679737654,165.76926012304034,0.0005706409461908514,-0.5,-0.49942935905380914,0.09137819108004375,0.09137819108004375,0.09137819108004375,0.09137819108004375,0.09137819108004375,0.2413663046454229,0.2413663046454229,0.2413663046454229,0.2413663046454229,1.0
1950,1458.773125294,0.5728447106769431,0.03826357424259186,1.1706309371318502,-0.010433337874710558,0.03826357424259186,4.526843547821045,-0.010433337874710558,0.03826357424259186,4.526843547821045,0.058133449791341385,165.76271473649868,0.001097948735831871,-0.5,-0.49890205126416814,0.44076860147282676,0.44076860147282676,0.44076860147282676,0.44076860147282676,0.44076860147282676,0.5276594316604415,0.5276594316604415,0.5276594316604415,0.5276594316604415,1.0
2000,1458.933130618,0.7750664415986279,0.1003016009926796,1.1706309371318502,-0.00690390285104513,0.1003016009926796,1.4897723197937012,-0.00690390285104513,0.1003016009926796,1.4897723197937012,-0.07717391443918324,165.76775591513422,0.0007265151653811892,-0.5,-0.4992734848346188,0.5764473992738021,0.5764473992738021,0.5764473992738021,0.5764473992738021,0.5764473992738021,0.574894452229624,0.574894452229624,0.574894452229624,0.574894452229624,1.0
2050,1459.04879089,1.386547184532806,0.09627184271812439,1.1706309371318502,0.003768449425697328,0.09627184271812439,1.0889251232147217,0.003768449425697328,0.09627184271812439,1.0889251232147217,-0.24617422684311235,165.77051275060848,-0.00039655908468721253,-0.5,-0.5003965590846872,0.7465707859277995,0.7465707859277995,0.7465707859277995,0.7465707859277995,0.7465707859277995,0.38602603199632657,0.38602603199632657,0.38602603199632657,0.38602603199632657,1.0
2100,1459.107203433,1.685218977219593,0.10500482469797134,1.1706309371318502,0.008981255590915681,0.10500482469797134,0.9139586687088013,0.008981255590915681,0.10500482469797134,0.9139586687088013,-0.34694835759158504,165.7650372874503,-0.0009451305526740873,-0.4999999999999999,-0.500945130552674,0.847893488144259,0.847893488144259,0.847893488144259,0.847893488144259,0.847893488144259,0.4615151430137775,0.4615151430137775,0.4615151430137775,0.4615151430137775,1.0
2150,1459.163266994,2.004021898711346,0.08945145457983017,1.1706309371318502,0.014545416235923769,0.08945145457983017,3.0252747535705566,0.014545416235923769,0.08945145457983017,3.0252747535705566,-0.4035252035452796,165.75425273418583,-0.0015307338313108791,-0.5,-0.5015307338313109,0.9050559373765905,0.9050559373765905,0.9050559373765905,0.9050559373765905,0.9050559373765905,0.6882662825753527,0.6882662825753527,0.6882662825753527,0.6882662825753527,1.0
2200,1459.220538334,2.1043144754931093,-0.006736471317708492,1.1706309371318502,0.016295851916074754,-0.006736471317708492,5.144777297973633,0.016295851916074754,-0.006736471317708492,5.144777297973633,-0.23078860565572065,165.74980525731672,-0.0017149771658979216,-0.5,-0.501714977165898,0.7325035828216186,0.7325035828216186,0.7325035828216186,0.7325035828216186,0.7325035828216186,0.7347092437473088,0.7347092437473088,0.7347092437473088,0.7347092437473088,1.0
2250,1459.337107041,1.6336160442665004,-0.08412961661815643,1.1706309371318502,0.008080614507198339,-0.08412961661815643,5.028014659881592,0.008080614507198339,-0.08412961661815643,5.028014659881592,0.03702692841654236,165.76630326406624,-0.0008503484630947269,-0.5,-0.5008503484630947,0.46382342004655236,0.46382342004655236,0.46382342004655236,0.46382342004655236,0.46382342004655236,0.5746613237321954,0.5746613237321954,0.5746613237321954,0.5746613237321954,1.0
2300,1459.55355406,1.0190228161440593,-0.017260771244764328,1.1706309371318502,-0.0026460608839988693,-0.017260771244764328,4.729862213134766,-0.0026460608839988693,-0.017260771244764328,4.729862213134766,0.060528903217514744,165.77110589242898,0.0002784479419013896,-0.5,-0.4997215520580986,0.43919264884058384,0.43919264884058384,0.43919264884058384,0.43919264884058384,0.43919264884058384,0.33294939101814974,0.33294939101814974,0.33294939101814974,0.33294939101814974,1.0
2350,1459.719660669,0.5998030938050132,-0.08546819537878036,1.1706309371318502,-0.009962825328111647,-0.08546819537878036,-7.4084153175354,-0.009962825328111647,-0.08546819537878036,-7.4084153175354,0.31782966147740277,165.76350535092843,0.0010484311856034996,0.5,0.5010484311856035,-0.8188780926630063,-0.8188780926630063,-0.8188780926630063,-0.8188780926630063,-0.8188780926630063,0.15451079391127445,0.15451079391127445,0.15451079391127445,0.15451079391127445,1.0
2400,1459.875779652,1.2399012087836339,0.07100160419940948,1.1706309371318502,0.0012089943140745178,0.07100160419940948,-3.895585775375366,0.0012089943140745178,0.07100160419940948,-3.895585775375366,-0.16507293132253462,165.77156230727496,-0.0001272235890423063,0.5,0.4998727764109577,-0.3347998450884231,-0.3347998450884231,-0.3347998450884231,-0.3347998450884231,-0.3347998450884231,-0.33234224843117993,-0.33234224843117993,-0.33234224843117993,-0.33234224843117993,1.0
2450,1460.039456502,1.5396119372762034,-0.0945381224155426,1.1706309371318502,0.006439933329820638,-0.0945381224155426,2.287437915802002,0.006439933329820638,-0.0945381224155426,2.287437915802002,0.05114035134237231,165.7682659730701,-0.0006776890927900221,-0.5,-0.50067768909279,0.44953733775041765,0.44953733775041765,0.44953733775041765,0.44953733775041765,0.44953733775041765,0.5744676853758909,0.5744676853758909,0.5744676853758909,0.5744676853758909,1.0
2500,1460.191374732,0.36105417821276126,-0.09572669863700867,1.1706309371318502,-0.01412977999076247,-0.09572669863700867,-13.547389030456543,-0.01412977999076247,-0.09572669863700867,-13.547389030456543,0.42301675368445185,165.75523461214195,0.001486987154703254,0.5,0.5014869871547033,-0.9245037408391552,-0.9245037408391552,-0.9245037408391552,-0.9245037408391552,-0.9245037408391552,-0.4084273446698203,-0.4084273446698203,-0.4084273446698203,-0.4084273446698203,1.0
2550,1460.262360648,0.4943289114032962,0.17290517687797546,1.1706309371318502,-0.011803697086870669,0.17290517687797546,-1.5580270290374756,-0.011803697086870669,0.17290517687797546,-1.5580270290374756,-0.17150517053430042,165.76020426727416,0.001242170521839959,0.5,0.50124217052184,-0.3297369999875395,-0.3297369999875395,-0.3297369999875395,-0.3297369999875395,-0.3297369999875395,-0.6789760444082524,-0.6789760444082524,-0.6789760444082524,-0.6789760444082524,1.0
2600,1460.321125247,1.089522001044521,0.13752718269824982,1.1706309371318502,-0.0014156179875135406,0.13752718269824982,-0.8969324231147766,-0.0014156179875135406,0.13752718269824982,-0.8969324231147766,-0.27572538948063435,165.77151762886652,0.00014896681584819783,0.4999999999999997,0.500148966815848,-0.22442357733521362,-0.22442357733521362,-0.22442357733521362,-0.22442357733521362,-0.22442357733521362,-0.37341013079242896,-0.37341013079242896,-0.37341013079242896,-0.37341013079242896,1.0
2650,1460.463709587,1.2288527374709035,0.04355916008353233,1.1706309371318502,0.0010161621123552338,0.04355916008353233,-0.3257637023925781,0.0010161621123552338,0.04355916008353233,-0.3257637023925781,-0.06560958634420452,165.77159765753382,-0.00010693166308095975,0.499997807680162,0.49989087601708104,-0.4342812896728765,-0.4342812896728765,-0.4342812896728765,-0.4342812896728765,-0.4342812896728765,-0.5224007276382777,-0.5224007276382777,-0.5224007276382777,-0.5224007276382777,1.0
2700,1460.634724445,1.0978583536482274,-0.14495515823364258,1.1706309371318502,-0.001270121186971663,-0.14495515823364258,0.46255868673324585,-0.001270121186971663,-0.14495515823364258,0.46255868673324585,0.31859500635577104,165.77154982248015,0.0001336560330620759,-0.49999999078420965,-0.49986633475114756,0.18127132839537652,0.18127132839537652,0.18127132839537652,0.18127132839537652,0.18127132839537652,0.6431054871028449,0.6431054871028449,0.6431054871028449,0.6431054871028449,1.0
2750,1460.792886366,1.406941702507641,0.2520848512649536,1.1706309371318502,0.004124400913715364,0.2520848512649536,4.779181480407715,0.004124400913715364,0.2520848512649536,4.779181480407715,-0.5488548275830611,165.77028129051058,-0.0004340167491487823,-0.5,-0.5004340167491488,1.04928884433221,1.04928884433221,1.04928884433221,1.04928884433221,1.04928884433221,-0.04868440757216552,-0.04868440757216552,-0.04868440757216552,-0.04868440757216552,1.0
2800,1460.930959237,1.7805616945655067,-0.13641421496868134,1.1706309371318502,0.010645299926400186,-0.13641421496868134,5.748645305633545,0.010645299926400186,-0.13641421496868134,5.748645305633545,0.09753109267094312,165.76234665397632,-0.0011202561430779918,-0.5,-0.501120256143078,0.40358916347213486,0.40358916347213486,0.40358916347213486,0.40358916347213486,0.40358916347213486,0.892738019913353,0.892738019913353,0.892738019913353,0.892738019913353,1.0
2850,1460.988756628,1.3460840766725926,-0.12754401564598083,1.1706309371318502,0.0030622349679470078,-0.12754401564598083,2.72649884223938,0.0030622349679470078,-0.12754401564598083,2.72649884223938,0.20091880598309925,165.77091017320075,-0.0003222426584016584,-0.5,-0.5003222426584016,0.2994034366753024,0.2994034366753024,0.2994034366753024,0.2994034366753024,0.2994034366753024,0.1973252796016146,0.1973252796016146,0.1973252796016146,0.1973252796016146,1.0
2900,1461.1329825,0.9765063826646108,0.05152525752782822,1.1706309371318502,-0.0033881126344203934,0.05152525752782822,3.11146879196167,-0.0033881126344203934,0.05152525752782822,3.11146879196167,-0.06476155277416652,165.77073699646743,0.0003565354036455383,-0.5,-0.49964346459635445,0.564405017370521,0.564405017370521,0.564405017370521,0.564405017370521,0.564405017370521,0.6459539067732484,0.6459539067732484,0.6459539067732484,0.6459539067732484,1.0
2950,1461.287266964,1.248055600878983,0.07168552279472351,1.1706309371318502,0.0013513153046369568,0.07168552279472351,2.54887056350708,0.0013513153046369568,0.07168552279472351,2.54887056350708,-0.1566862721008046,165.7715322870524,-0.0001422001755302041,-0.5,-0.5001422001755302,0.6568284722763349,0.6568284722763349,0.6568284722763349,0.6568284722763349,0.6568284722763349,0.8618688621503046,0.8618688621503046,0.8618688621503046,0.8618688621503046,1.0
3000,1461.446919611,1.4986639927066248,-0.010781832039356232,1.1706309371318502,0.005725256875157358,-0.010781832039356232,4.245843887329102,0.005725256875157358,-0.010781832039356232,4.245843887329102,-0.06829617285360058,165.7689822455609,-0.0006024803047282888,-0.5,-0.5006024803047283,0.5688986531583289,0.5688986531583289,0.5688986531583289,0.5688986531583289,0.5688986531583289,0.760798139774379,0.760798139774379,0.760798139774379,0.760798139774379,1.0
3050,1461.606646923,0.9768425560378223,-0.04309829697012901,1.1706309371318502,-0.003382245302200316,-0.04309829697012901,2.872692108154297,-0.003382245302200316,-0.04309829697012901,2.872692108154297,0.12402554015249888,165.77074026915133,0.00035591797214006677,-0.5,-0.4996440820278599,0.37561854187536103,0.37561854187536103,0.37561854187536103,0.37561854187536103,0.37561854187536103,0.4968106655043959,0.4968106655043959,0.4968106655043959,0.4968106655043959,1.0
3100,1461.79816137,0.9405155546068749,0.013978617265820503,1.1706309371318502,-0.004016271084547041,0.013978617265820503,2.8669800758361816,-0.004016271084547041,0.013978617265820503,2.8669800758361816,0.057151168821329826,165.7703538104037,0.0004226379659601365,-0.5,-0.49957736203403985,0.44242619321271004,0.44242619321271004,0.44242619321271004,0.44242619321271004,0.44242619321271004,0.7501877030110647,0.7501877030110647,0.7501877030110647,0.7501877030110647,1.0
3150,1461.896934465,0.8882014282064548,0.020685439929366112,1.1706309371318502,-0.004929324835538861,0.020685439929366112,2.7075202465057373,-0.004929324835538861,0.020685439929366112,2.7075202465057373,0.031222688493799715,165.76968090077926,0.0005187213210916659,-0.5,-0.49948127867890835,0.4682585901851086,0.4682585901851086,0.4682585901851086,0.4682585901851086,0.4682585901851086,0.734381903302884,0.734381903302884,0.734381903302884,0.734381903302884,1.0
3200,1461.956252299,0.9367115661260009,0.03998157009482384,1.1706309371318502,-0.0040826632082462296,0.03998157009482384,3.2981579303741455,-0.0040826632082462296,0.03998157009482384,3.2981579303741455,-0.02030317539454113,165.7703095112091,0.00042962458065755105,-0.5,-0.49957037541934246,0.5198735508138836,0.5198735508138836,0.5198735508138836,0.5198735508138836,0.5198735508138836,0.6320720932515105,0.6320720932515105,0.6320720932515105,0.6320720932515105,1.0
3250,1462.01127803,1.0595246639834712,0.02251249924302101,1.1706309371318502,-0.001939170286059378,0.02251249924302101,3.567552328109741,-0.001939170286059378,0.02251249924302101,3.567552328109741,-0.018962036537337728,165.77137292585834,0.0002040608363592798,-0.5,-0.49979593916364073,0.5187579757009785,0.5187579757009785,0.5187579757009785,0.5187579757009785,0.5187579757009785,0.6135040228594314,0.6135040228594314,0.6135040228594314,0.6135040228594314,1.0
3300,1462.144454277,1.0405626714653406,-0.019779253751039505,1.1706309371318502,-0.002270119488239287,-0.019779253751039505,4.039938449859619,-0.002270119488239287,-0.019779253751039505,4.039938449859619,0.07546082407374763,165.7712581574334,0.00023888706314152209,-0.5,-0.4997611129368585,0.4243002888631109,0.4243002888631109,0.4243002888631109,0.4243002888631109,0.4243002888631109,0.4874236029624151,0.4874236029624151,0.4874236029624151,0.4874236029624151,1.0
3350,1462.315476925,0.9076628783076425,-0.02012760192155838,1.1706309371318502,-0.004589658454060553,-0.02012760192155838,3.9884886741638184,-0.004589658454060553,-0.02012760192155838,3.9884886741638184,0.10045782074261347,165.7699472761509,0.0004829771283883743,-0.5,-0.49951702287161165,0.39905920212899815,0.39905920212899815,0.39905920212899815,0.39905920212899815,0.39905920212899815,0.41379281491468345,0.41379281491468345,0.41379281491468345,0.41379281491468345,1.0
3400,1462.481373855,1.1022727902861713,0.12008003145456314,1.1706309371318502,-0.0011930747330188701,0.12008003145456314,5.004425525665283,-0.0011930747330188701,0.12008003145456314,5.004425525665283,-0.16243290205747107,165.77156545770328,0.00012554835522884359,-0.5,-0.4998744516447712,0.6623073537022423,0.6623073537022423,0.6623073537022423,0.6623073537022423,0.6623073537022423,0.5854684108832435,0.5854684108832435,0.5854684108832435,0.5854684108832435,1.0
3450,1462.643626599,1.347212872154643,0.026146700605750084,1.1706309371318502,0.0030819361656904236,0.026146700605750084,4.988193035125732,0.0030819361656904236,0.026146700605750084,4.988193035125732,-0.06416673544238541,165.7709002006138,-0.0003243158520365678,-0.5,-0.5003243158520365,0.5644910512944219,0.5644910512944219,0.5644910512944219,0.5644910512944219,0.5644910512944219,0.757597124735175,0.757597124735175,0.757597124735175,0.757597124735175,1.0
3500,1462.759106282,1.2498923881571875,-0.03577515110373497,1.1706309371318502,0.0013833732903003708,-0.03577515110373497,4.606374263763428,0.0013833732903003708,-0.03577515110373497,4.606374263763428,0.043996049277407925,165.77152506440262,-0.0001455736716117119,-0.5,-0.5001455736716117,0.4561495243942038,0.4561495243942038,0.4561495243942038,0.4561495243942038,0.4561495243942038,0.5371253348308074,0.5371253348308074,0.5371253348308074,0.5371253348308074,1.0
3550,1462.818496488,1.1863909455048154,0.010667936876416206,1.1706309371318502,0.00027506403625011944,0.010667936876416206,6.103981971740723,0.00027506403625011944,0.010667936876416206,6.103981971740723,-0.02392638168880246,165.77167649461543,-2.8945229501497415e-05,-0.5,-0.5000289452295015,0.5239553269183039,0.5239553269183039,0.5239553269183039,0.5239553269183039,0.5239553269183039,0.5637816486516156,0.5637816486516156,0.5637816486516156,0.5637816486516156,1.0
3600,1462.921355582,1.1901411462459754,-0.0079796202480793,1.1706309371318502,0.0003405173867940918,-0.0079796202480793,5.5892815589904785,0.0003405173867940918,-0.0079796202480793,5.5892815589904785,0.03821107797937219,165.77167317513616,-3.583294339584904e-05,-0.5,-0.5000358329433958,0.46182475496402364,0.46182475496402364,0.46182475496402364,0.46182475496402364,0.46182475496402364,0.32981624154535033,0.32981624154535033,0.32981624154535033,0.32981624154535033,1.0
3650,1463.074305372,1.2398908567781732,0.024550341069698334,1.1706309371318502,0.0012088136374950459,0.024550341069698334,6.481975555419922,0.0012088136374950459,0.024550341069698334,6.481975555419922,-0.0632838235957024,165.7715623432645,-0.00012720457626050908,-0.5,-0.5001272045762605,0.5634110281719629,0.5634110281719629,0.5634110281719629,0.5634110281719629,0.5634110281719629,0.44745209069491604,0.44745209069491604,0.44745209069491604,0.44745209069491604,1.0
3700,1463.236966445,1.4264077416421772,-0.02070876583456993,1.1706309371318502,0.004464147388935091,-0.02070876583456993,8.121068954467773,0.004464147388935091,-0.02070876583456993,8.121068954467773,-0.04754994920024397,165.7700408952138,-0.0004697692211488108,-0.5,-0.5004697692211488,0.5480197184213929,0.5480197184213929,0.5480197184213929,0.5480197184213929,0.5480197184213929,0.7937670403385435,0.7937670403385435,0.7937670403385435,0.7937670403385435,1.0
3750,1463.448126597,1.100779646900583,-0.2349860817193985,1.1706309371318502,-0.0012191350013017604,-0.2349860817193985,3.3376264572143555,-0.0012191350013017604,-0.2349860817193985,3.3376264572143555,0.48918004477775406,165.77156027869714,0.00012829070397485333,-0.5,-0.49987170929602515,0.010691664518271082,0.010691664518271082,0.010691664518271082,0.010691664518271082,0.010691664518271082,-0.04501008838243953,-0.04501008838243953,-0.04501008838243953,-0.04501008838243953,1.0
3800,1463.65502435,1.8550153455519942,0.16467884182929993,1.1706309371318502,0.011944761276245119,0.16467884182929993,-0.46859654784202576,0.011944761276245119,0.16467884182929993,-0.46859654784202576,-0.5113101028218414,165.7599282764933,-0.001257016903981288,0.49999999276157303,0.49874297585759175,0.012567126964249664,0.012567126964249664,0.012567126964249664,0.012567126964249664,0.012567126964249664,-0.5876232094578672,-0.5876232094578672,-0.5876232094578672,-0.5876232094578672,1.0
3850,1463.855272294,1.096622089408455,-0.26471656560897827,1.1706309371318502,-0.0012916980683803543,-0.26471656560897827,-9.72951889038086,-0.0012916980683803543,-0.26471656560897827,-9.72951889038086,0.5400363193344943,165.7715452685158,0.00013592659082990957,0.5,0.50013592659083,-1.0401722459253242,-1.0401722459253242,-1.0401722459253242,-1.0401722459253242,-1.0401722459253242,0.16863903807160735,0.16863903807160735,0.16863903807160735,0.16863903807160735,1.0
3900,1464.047299231,1.2001651959049096,0.08796992897987366,1.1706309371318502,0.0005154700577259079,0.08796992897987366,-4.910478115081787,0.0005154700577259079,0.08796992897987366,-4.910478115081787,-0.1668664240615741,165.77166083725623,-5.4243369151718703e-05,0.5,0.4999457566308483,-0.3330793325692742,-0.3330793325692742,-0.3330793325692742,-0.3330793325692742,-0.3330793325692742,-0.47723592048886426,-0.47723592048886426,-0.47723592048886426,-0.47723592048886426,1.0
3950,1464.129683616,1.4471249860552953,0.015401572920382023,1.1706309371318502,0.004825731515884401,0.015401572920382023,-5.305164813995361,0.004825731515884401,0.015401572920382023,-5.305164813995361,-0.11257196306708857,165.76976415617546,-0.0005078198485750545,0.5,0.49949218015142494,-0.3869202170843364,-0.3869202170843364,-0.3869202170843364,-0.3869202170843364,-0.3869202170843364,-0.4355939245731611,-0.4355939245731611,-0.4355939245731611,-0.4355939245731611,1.0
4000,1464.196452196,1.3666124236664776,-0.014975392259657383,1.1706309371318502,0.0034205222129821827,-0.014975392259657383,-5.469123840332031,0.0034205222129821827,-0.014975392259657383,-5.469123840332031,-0.026223488912892154,165.77071881683202,-0.0003599459310728057,0.5,0.4996400540689272,-0.47341656515603503,-0.47341656515603503,-0.47341656515603503,-0.47341656515603503,-0.47341656515603503,-0.17333960153266909,-0.17333960153266909,-0.17333960153266909,-0.17333960153266909,1.0
4050,1464.274040914,1.3299163785769377,-0.0051544178277254105,1.1706309371318502,0.002780055403709413,-0.0051544178277254105,-5.85619592666626,0.002780055403709413,-0.0051544178277254105,-5.85619592666626,-0.04837001108017551,165.77104599224154,-0.0002925484051131703,0.5,0.49970745159488683,-0.4513374405147113,-0.4513374405147113,-0.4513374405147113,-0.4513374405147113,-0.4513374405147113,-0.6983313003033461,-0.6983313003033461,-0.6983313003033461,-0.6983313003033461,1.0
4100,1464.455235686,1.5895789332013721,0.03754957765340805,1.1706309371318502,0.007312021926045419,0.03754957765340805,-3.855656147003174,0.007312021926045419,0.03754957765340805,-3.855656147003174,-0.20298748753160617,165.7672779338061,-0.0007694640429305362,0.5,0.49923053595706945,-0.2962430484254633,-0.2962430484254633,-0.2962430484254633,-0.2962430484254633,-0.2962430484254633,-0.2799048159669263,-0.2799048159669263,-0.2799048159669263,-0.2799048159669263,1.0
4150,1464.657692662,1.532672144914353,0.018875960260629654,1.1706309371318502,0.006318811103701593,0.018875960260629654,-3.4731905460357666,0.006318811103701593,0.018875960260629654,-3.4731905460357666,-0.12252392534409624,165.7683932886105,-0.0006649427811025757,0.5,0.4993350572188974,-0.3768111318748012,-0.3768111318748012,-0.3768111318748012,-0.3768111318748012,-0.3768111318748012,-0.47707665197957905,-0.47707665197957905,-0.47707665197957905,-0.47707665197957905,1.0
4200,1464.854402315,1.4196062606110198,0.046279631555080414,1.1706309371318502,0.0043454391509294525,0.046279631555080414,-2.2776615619659424,0.0043454391509294525,0.046279631555080414,-2.2776615619659424,-0.14651282979685687,165.77012705161732,-0.00045727720939016305,0.5,0.49954272279060985,-0.353029892993753,-0.353029892993753,-0.353029892993753,-0.353029892993753,-0.353029892993753,-0.666380305796547,-0.666380305796547,-0.666380305796547,-0.666380305796547,1.0
4250,1465.012707113,1.6749963184661996,0.02637423388659954,1.1706309371318502,0.00880283653736115,0.02637423388659954,-1.0625998973846436,0.00880283653736115,0.02637423388659954,-1.0625998973846436,-0.19067715381615222,165.76529869600043,-0.0009263538886162164,0.5,0.4990736461113838,-0.3083964922952316,-0.3083964922952316,-0.3083964922952316,-0.3083964922952316,-0.3083964922952316,-0.5767325159686902,-0.5767325159686902,-0.5767325159686902,-0.5767325159686902,1.0
4300,1465.121669273,1.5990462157212444,-0.2718203067779541,1.1706309371318502,0.0074772571772336975,-0.2718203067779541,2.5441715717315674,0.0074772571772336975,-0.2718203067779541,2.5441715717315674,0.2902204569370784,165.7670766085163,-0.0007868528349808595,-0.5,-0.5007868528349808,0.21056639589790244,0.21056639589790244,0.21056639589790244,0.21056639589790244,0.21056639589790244,0.48990367013616215,0.48990367013616215,0.48990367013616215,0.48990367013616215,1.0
4350,1465.184291251,0.7712428696847431,-0.23717010021209717,1.1706309371318502,-0.006970636770129202,-0.23717010021209717,1.6876013278961182,-0.006970636770129202,-0.23717010021209717,1.6876013278961182,0.5729927262744706,165.76767963449748,0.000733537968888909,-0.5,-0.4992664620311111,-0.07372626424335954,-0.07372626424335954,-0.07372626424335954,-0.07372626424335954,-0.07372626424335954,0.09554325271048882,0.09554325271048882,0.09554325271048882,0.09554325271048882,1.0
4400,1465.331765826,-0.29463451055707474,0.030778327956795692,1.1706309371318502,-0.025573706477880476,0.030778327956795692,-13.891199111938477,-0.025573706477880476,0.030778327956795692,-13.891199111938477,0.3273123118302537,165.71780413269119,0.0026917249935105125,0.5,0.5026917249935106,-0.8300040368237642,-0.8300040368237642,-0.8300040368237642,-0.8300040368237642,-0.8300040368237642,-0.9236867375879128,-0.9236867375879128,-0.9236867375879128,-0.9236867375879128,1.0
4450,1465.531701736,1.8343860398244403,-0.06741712987422943,1.1706309371318502,0.011584711968898775,-0.06741712987422943,10.608539581298828,0.011584711968898775,-0.06741712987422943,10.608539581298828,-0.1632782114452341,165.76062621433323,-0.001219123403385593,-0.5,-0.5012191234033856,0.6644973348486197,0.6644973348486197,0.6644973348486197,0.6644973348486197,0.6644973348486197,0.4487803762205975,0.4487803762205975,0.4487803762205975,0.4487803762205975,1.0
4500,1465.746336688,0.10322448884384404,-0.0671037957072258,1.1706309371318502,-0.018629756979644297,-0.0671037957072258,3.645869731903076,-0.018629756979644297,-0.0671037957072258,3.645869731903076,0.42700206526756135,165.74309007849607,0.001960650377337273,-0.5,-0.4980393496226627,0.07103728435510137,0.07103728435510137,0.07103728435510137,0.07103728435510137,0.07103728435510137,-0.11040624370929417,-0.11040624370929417,-0.11040624370929417,-0.11040624370929417,1.0
4550,1465.861448039,-0.30349929568695794,-0.04625429958105087,1.1706309371318502,-0.02572842616587877,-0.04625429958105087,1.9418456554412842,-0.02572842616587877,-0.04625429958105087,1.9418456554412842,0.4782643703486652,165.71715027090875,0.002708016901847222,-0.5,-0.49729198309815276,0.019027612749487555,0.019027612749487555,0.019027612749487555,0.019027612749487555,0.019027612749487555,-0.4177063135420273,-0.4177063135420273,-0.4177063135420273,-0.4177063135420273,1.0
4600,1465.925272742,-0.4991941405264609,-0.0448935441672802,1.1706309371318502,-0.029143945537507533,-0.0448935441672802,3.6410601139068604,-0.029143945537507533,-0.0448935441672802,3.6410601139068604,0.5334564945018174,165.7017116548127,0.003067703571102753,-0.5,-0.49693229642889725,-0.03652419807292018,-0.03652419807292018,-0.03652419807292018,-0.03652419807292018,-0.03652419807292018,-0.1422456472302337,-0.1422456472302337,-0.1422456472302337,-0.1422456472302337,1.0
4650,1466.088766951,-0.800069629715929,-0.05332230031490326,1.1706309371318502,-0.03439521346241235,-0.05332230031490326,4.135681629180908,-0.03439521346241235,-0.05332230031490326,4.135681629180908,0.6146866873474972,165.6742273559091,0.0036208534052381788,-0.5,-0.49637914659476184,-0.11830754075273536,-0.11830754075273536,-0.11830754075273536,-0.11830754075273536,-0.11830754075273536,-0.27758374491995136,-0.27758374491995136,-0.27758374491995136,-0.27758374491995136,1.0
4700,1466.238692789,-1.0729113011481672,-0.03662716969847679,1.1706309371318502,-0.039157198965549464,-0.03662716969847679,3.673007011413574,-0.039157198965549464,-0.03662716969847679,3.673007011413574,0.6637833626445415,165.64537779147372,0.00412263445401486,-0.5,-0.49587736554598516,-0.16790599709855636,-0.16790599709855636,-0.16790599709855636,-0.16790599709855636,-0.16790599709855636,-0.5356367847722356,-0.5356367847722356,-0.5356367847722356,-0.5356367847722356,1.0
4750,1466.401270703,-1.3653057231008894,0.011916118673980236,1.1706309371318502,-0.04426044434309005,0.011916118673980236,4.859857082366943,-0.04426044434309005,0.011916118673980236,4.859857082366943,0.6492164043962322,165.6103162866898,0.004660581410175963,-0.5,-0.49533941858982405,-0.15387698580640813,-0.15387698580640813,-0.15387698580640813,-0.15387698580640813,-0.15387698580640813,-0.7741707047694019,-0.7741707047694019,-0.7741707047694019,-0.7741707047694019,1.0
4800,1466.556346006,-1.4919725417541279,-0.020204052329063416,1.1706309371318502,-0.046471197381615634,-0.020204052329063416,4.802066326141357,-0.046471197381615634,-0.020204052329063416,4.802066326141357,0.7754245760515396,165.59379657303316,0.00489369607766092,-0.5,-0.49510630392233906,-0.2803182721292005,-0.2803182721292005,-0.2803182721292005,-0.2803182721292005,-0.2803182721292005,-0.6432719299857015,-0.6432719299857015,-0.6432719299857015,-0.6432719299857015,1.0
4850,1466.671811061,-1.4318796836627095,-0.030171889811754227,1.1706309371318502,-0.045422379150986666,-0.030171889811754227,5.841792583465576,-0.045422379150986666,-0.030171889811754227,5.841792583465576,0.7381772519503655,165.60173409839632,0.004783096795819831,-0.5,-0.49521690320418016,-0.24296034874618538,-0.24296034874618538,-0.24296034874618538,-0.24296034874618538,-0.24296034874618538,-0.3803234790903925,-0.3803234790903925,-0.3803234790903925,-0.3803234790903925,1.0
4900,1466.755220348,-1.5368729246973225,-0.08985134214162827,1.1706309371318502,-0.047254856899380686,-0.08985134214162827,5.189095973968506,-0.047254856899380686,-0.08985134214162827,5.189095973968506,0.90203358058281,165.58774760424978,0.004976340984982517,-0.5,-0.4950236590150175,-0.40700992156779253,-0.40700992156779253,-0.40700992156779253,-0.40700992156779253,-0.40700992156779253,-0.686076152759314,-0.686076152759314,-0.686076152759314,-0.686076152759314,1.0
4950,1466.922320696,-1.6506719871193742,0.045766424387693405,1.1706309371318502,-0.049241025224328036,0.045766424387693405,3.3543121814727783,-0.049241025224328036,0.045766424387693405,3.3543121814727783,0.6434119754571498,165.57196390370893,0.005185830160100608,-0.5,-0.4948141698398994,-0.1485978056172504,-0.1485978056172504,-0.1485978056172504,-0.1485978056172504,-0.1485978056172504,-0.5788937225010548,-0.5788937225010548,-0.5788937225010548,-0.5788937225010548,1.0
5000,1467.087670977,-1.5094784233185765,-0.04576799273490906,1.1706309371318502,-0.04677673265337944,-0.04576799273490906,4.8275933265686035,-0.04677673265337944,-0.04576799273490906,4.8275933265686035,0.801084208240717,165.5914502069236,0.0049259171799657985,-0.5,-0.4950740828200342,-0.30601012542068284,-0.30601012542068284,-0.30601012542068284,-0.30601012542068284,-0.30601012542068284,-0.36598000394038116,-0.36598000394038116,-0.36598000394038116,-0.36598000394038116,1.0
5050,1467.245126432,-1.5979674727192055,-0.03790190815925598,1.1706309371318502,-0.04832115791738033,-0.03790190815925598,8.213027954101562,-0.04832115791738033,-0.03790190815925598,8.213027954101562,0.776299371024058,165.5793546280667,0.0050888030966110415,-0.5,-0.494911196903389,-0.281388174120669,-0.281388174120669,-0.281388174120669,-0.281388174120669,-0.281388174120669,-0.7998913918331744,-0.7998913918331744,-0.7998913918331744,-0.7998913918331744,1.0
5100,1467.310266843,-1.7249934099123987,-0.028762927278876305,1.1706309371318502,-0.05053817875683308,-0.028762927278876305,4.950501918792725,-0.05053817875683308,-0.028762927278876305,4.950501918792725,0.8517346051154233,165.56130521458283,0.0053226680054210326,-0.5,-0.494677331994579,-0.35705727312084434,-0.35705727312084434,-0.35705727312084434,-0.35705727312084434,-0.35705727312084434,-0.3461991821438274,-0.3461991821438274,-0.3461991821438274,-0.3461991821438274,1.0
5150,1467.365175349,-1.799867544419665,-0.014795892871916294,1.1706309371318502,-0.051844978928565974,-0.014795892871916294,6.560755729675293,-0.051844978928565974,-0.014795892871916294,6.560755729675293,0.8131333019493783,165.55028727078277,0.005460541478118187,-0.5,-0.4945394585218818,-0.31859384342749647,-0.31859384342749647,-0.31859384342749647,-0.31859384342749647,-0.31859384342749647,-1.1709329833193043,-1.1709329833193043,-1.1709329833193043,-1.1709329833193043,1.0
5200,1467.423359271,-1.6467686407304176,0.010330975987017155,1.1706309371318502,-0.049172898977994914,0.010330975987017155,6.681607723236084,-0.049172898977994914,0.010330975987017155,6.681607723236084,0.7016221444144699,165.57251604257075,0.005178643946737152,-0.5,-0.49482135605326283,-0.20680078836120708,-0.20680078836120708,-0.20680078836120708,-0.20680078836120708,-0.20680078836120708,-0.9853299972720604,-0.9853299972720604,-0.9853299972720604,-0.9853299972720604,1.0
5250,1467.479000822,-1.5344508755846125,0.04530007764697075,1.1706309371318502,-0.04721258416771888,0.04530007764697075,6.545178413391113,-0.04721258416771888,0.04530007764697075,6.545178413391113,0.635952891989019,165.58807648128334,0.004971882739299401,-0.5,-0.4950281172607006,-0.14092477472831844,-0.14092477472831844,-0.14092477472831844,-0.14092477472831844,-0.14092477472831844,-0.2757913182062294,-0.2757913182062294,-0.2757913182062294,-0.2757913182062294,1.0
5300,1467.540829097,-1.5710382779776666,0.020817559212446213,1.1706309371318502,-0.04785115480422973,0.020817559212446213,8.60140609741211,-0.04785115480422973,0.020817559212446213,8.60140609741211,0.7114356262271896,165.583077139074,0.005039230756275424,-0.5,-0.49496076924372456,-0.21647485698346502,-0.21647485698346502,-0.21647485698346502,-0.21647485698346502,-0.21647485698346502,-0.6851180723006196,-0.6851180723006196,-0.6851180723006196,-0.6851180723006196,1.0
5350,1467.665904329,-1.765963445875074,-0.047418635338544846,1.1706309371318502,-0.051253240779042246,-0.047418635338544846,6.318737983703613,-0.051253240779042246,-0.047418635338544846,6.318737983703613,0.881559345087156,165.55531117037037,0.005398108094231881,-0.5,-0.49460189190576814,-0.3869574531813879,-0.3869574531813879,-0.3869574531813879,-0.3869574531813879,-0.3869574531813879,-0.7253283643702179,-0.7253283643702179,-0.7253283643702179,-0.7253283643702179,1.0
5400,1467.825726495,-1.6481532481412262,0.052170395851135254,1.1706309371318502,-0.049197064936161036,0.052170395851135254,9.034860610961914,-0.049197064936161036,0.052170395851135254,9.034860610961914,0.6333590710520207,165.5723202735386,0.005181193057664725,-0.5,-0.49481880694233527,-0.13854026410968545,-0.13854026410968545,-0.13854026410968545,-0.13854026410968545,-0.13854026410968545,-0.5042254188667077,-0.5042254188667077,-0.5042254188667077,-0.5042254188667077,1.0
5450,1467.979865503,-1.2575194683042703,-0.05163569375872612,1.1706309371318502,-0.04237921930849552,-0.05163569375872612,10.979799270629883,-0.04237921930849552,-0.05163569375872612,10.979799270629883,0.7099334662762787,165.62374004680058,0.004462249803731118,-0.5,-0.4955377501962689,-0.21439571608000985,-0.21439571608000985,-0.21439571608000985,-0.21439571608000985,-0.21439571608000985,-0.42570050173590207,-0.42570050173590207,-0.42570050173590207,-0.42570050173590207,1.0
5500,1468.150433363,-1.7508993569389049,-0.12447775900363922,1.1706309371318502,-0.05099032282829284,-0.12447775900363922,6.9704132080078125,-0.05099032282829284,-0.12447775900363922,6.9704132080078125,0.9706130660145655,165.55752487469425,0.005370369232543587,-0.5,-0.4946296307674564,-0.4759834352471091,-0.4759834352471091,-0.4759834352471091,-0.4759834352471091,-0.4759834352471091,-0.3032921438578475,-0.3032921438578475,-0.3032921438578475,-0.3032921438578475,1.0
5550,1468.239503405,-2.1680454765346173,-0.08445097506046295,1.1706309371318502,-0.05827089607715606,-0.08445097506046295,4.4405012130737305,-0.05827089607715606,-0.08445097506046295,4.4405012130737305,0.9030609170845219,165.49202096959488,0.006138784048735541,-0.5,-0.4938612159512645,-0.4091997011332574,-0.4091997011332574,-0.4091997011332574,-0.4091997011332574,-0.4091997011332574,-0.28343350090287656,-0.28343350090287656,-0.28343350090287656,-0.28343350090287656,1.0
5600,1468.296696472,-2.3017882644462833,-0.02659398689866066,1.1706309371318502,-0.0606051480770111,-0.02659398689866066,1.6479896306991577,-0.0606051480770111,-0.02659398689866066,1.6479896306991577,0.9826053562104085,165.46917346262597,0.006385281498436257,-0.5,-0.49361471850156374,-0.4889906377088447,-0.4889906377088447,-0.4889906377088447,-0.4889906377088447,-0.4889906377088447,-0.18234224419024903,-0.18234224419024903,-0.18234224419024903,-0.18234224419024903,1.0
5650,1468.35292998,-2.368828705584074,0.06556868553161621,1.1706309371318502,-0.061775224506855006,0.06556868553161621,-5.907434463500977,-0.061775224506855006,0.06556868553161621,-5.907434463500977,0.8018983763651331,165.45738363358458,0.006508867660627353,0.5,0.5065088676606273,-1.3084072440257604,-1.3084072440257604,-1.3084072440257604,-1.3084072440257604,-1.3084072440257604,-0.19598810605813127,-0.19598810605813127,-0.19598810605813127,-0.19598810605813127,1.0
5700,1468.478661486,-0.9003858453555228,0.44340890645980835,1.1706309371318502,-0.03614606171846389,0.44340890645980835,-7.293187618255615,-0.03614606171846389,0.44340890645980835,-7.293187618255615,-0.3310850924312918,165.66405423300924,0.0038053240583001166,0.5,0.5038053240583001,-0.17272023162700834,-0.17272023162700834,-0.17272023162700834,-0.17272023162700834,-0.17272023162700834,-0.21269575196155047,-0.21269575196155047,-0.21269575196155047,-0.21269575196155047,1.0
5750,1468.650229875,1.4722573074365919,-0.11857590079307556,1.1706309371318502,0.005264373272657396,-0.11857590079307556,3.9617018699645996,0.005264373272657396,-0.11857590079307556,3.9617018699645996,0.028295789235380675,165.76939952282814,-0.000553979668732029,-0.5,-0.500553979668732,0.4722581904333514,0.4722581904333514,0.4722581904333514,0.4722581904333514,0.4722581904333514,0.7098738906752803,0.7098738906752803,0.7098738906752803,0.7098738906752803,1.0
5800,1468.809506333,-0.12307024380755077,-0.09539855271577835,1.1706309371318502,-0.022579345144331454,-0.09539855271577835,-11.768232345581055,-0.022579345144331454,-0.09539855271577835,-11.768232345581055,0.612998996600012,165.7296820003125,0.0023764444281465205,0.5,0.5023764444281466,-1.1153754410281587,-1.1153754410281587,-1.1153754410281587,-1.1153754410281587,-1.1153754410281587,0.2286951052719891,0.2286951052719891,0.2286951052719891,0.2286951052719891,1.0
5850,1468.968440407,1.2062796025942462,0.1782224029302597,1.1706309371318502,0.0006221865862607971,0.1782224029302597,-0.9220938682556152,0.0006221865862607971,0.1782224029302597,-0.9220938682556152,-0.42760008680292333,165.77165083505807,-6.547324626794361e-05,0.4999999999999999,0.49993452675373196,-0.07233443995080863,-0.07233443995080863,-0.07233443995080863,-0.07233443995080863,-0.07233443995080863,-0.13687134427302222,-0.13687134427302222,-0.13687134427302222,-0.13687134427302222,1.0
5900,1469.046617815,1.7186750580433137,0.027630800381302834,1.1706309371318502,0.009565174356102945,0.027630800381302834,-4.330052852630615,0.009565174356102945,0.027630800381302834,-4.330052852630615,-0.20452401220955566,165.7641450938444,-0.0010065820724716864,0.5,0.4989934179275283,-0.29446940571797264,-0.29446940571797264,-0.29446940571797264,-0.29446940571797264,-0.29446940571797264,0.128691958144464,0.128691958144464,0.128691958144464,0.128691958144464,1.0
5950,1469.106636008,1.8413176146149453,0.07353004068136215,1.1706309371318502,0.011705690771341325,0.07353004068136215,-2.823061466217041,0.011705690771341325,0.07353004068136215,-2.823061466217041,-0.32689630391808844,165.76039408552336,-0.0012318558193978363,0.5,0.49876814418060217,-0.17187184026251373,-0.17187184026251373,-0.17187184026251373,-0.17187184026251373,-0.17187184026251373,0.035705590876044524,0.035705590876044524,0.035705590876044524,0.035705590876044524,1.0
6000,1469.164666415,2.1717982385967165,0.1252792775630951,1.1706309371318502,0.01747366577386857,0.1252792775630951,-0.37484315037727356,0.01747366577386857,0.1252792775630951,-0.37484315037727356,-0.516468262058196,165.74652858178715,-0.0018389545833133246,0.4999996921725145,0.49816073758920115,0.018307524468994807,0.018307524468994807,0.018307524468994807,0.018307524468994807,0.018307524468994807,0.12793353706431443,0.12793353706431443,0.12793353706431443,0.12793353706431443,1.0
6050,1469.257237132,2.7400693372115423,0.054151032119989395,1.1706309371318502,0.027391867488622667,0.054151032119989395,10.183612823486328,0.027391867488622667,0.054151032119989395,10.183612823486328,-0.6067574216680726,165.70987130942132,-0.002883184749231682,-0.5,-0.5028831847492317,1.109640606417304,1.109640606417304,1.109640606417304,1.109640606417304,1.109640606417304,0.26852101192979255,0.26852101192979255,0.26852101192979255,0.26852101192979255,1.0
6100,1469.449263525,0.6911629037303104,-0.12372568994760513,1.1706309371318502,-0.008368295840919015,-0.12372568994760513,0.8271859288215637,-0.008368295840919015,-0.12372568994760513,0.8271859288215637,0.3801626599161799,165.7659134149978,0.0008806234505877587,-0.4999999999999957,-0.49911937654940797,0.11895671663322804,0.11895671663322804,0.11895671663322804,0.11895671663322804,0.11895671663322804,0.4009233870843846,0.4009233870843846,0.4009233870843846,0.4009233870843846,1.0
6150,1469.625710034,1.47249262879784,0.2836452126502991,1.1706309371318502,0.00526848040521145,0.2836452126502991,-2.679342746734619,0.00526848040521145,0.2836452126502991,-2.679342746734619,-0.6285976172035431,165.76939595884744,-0.0005544118777567488,0.5,0.49944558812224327,0.12915202908129986,0.12915202908129986,0.12915202908129986,0.12915202908129986,0.12915202908129986,-0.37833524017382103,-0.37833524017382103,-0.37833524017382103,-0.37833524017382103,1.0
6200,1469.783228506,3.281064929149569,-0.012890541926026344,1.1706309371318502,0.036834021806716924,-0.012890541926026344,12.4071683883667,0.036834021806716924,-0.012890541926026344,12.4071683883667,-0.5226157092760682,165.65991877334534,-0.0038778143091876527,-0.5,-0.5038778143091877,1.026493523585256,1.026493523585256,1.026493523585256,1.026493523585256,1.026493523585256,1.2511459827054288,1.2511459827054288,1.2511459827054288,1.2511459827054288,1.0
6250,1469.948619233,0.7832346007940227,-0.17059986293315887,1.1706309371318502,-0.00676134157925844,-0.17059986293315887,-4.415966033935547,-0.00676134157925844,-0.17059986293315887,-4.415966033935547,0.47493121582033415,165.7679164125955,0.0007115126241702315,0.5,0.5007115126241702,-0.9756427284445044,-0.9756427284445044,-0.9756427284445044,-0.9756427284445044,-0.9756427284445044,0.19076218717957516,0.19076218717957516,0.19076218717957516,0.19076218717957516,1.0
6300,1470.07075613,0.7101385032659281,0.31160199642181396,1.1706309371318502,-0.00803710915148258,0.31160199642181396,-7.578005313873291,-0.00803710915148258,0.31160199642181396,-7.578005313873291,-0.5017272107563778,165.76636103299438,0.0008457700618654905,0.5,0.5008457700618655,0.0008814406945123476,0.0008814406945123476,0.0008814406945123476,0.0008814406945123476,0.0008814406945123476,-0.5819516428522422,-0.5819516428522422,-0.5819516428522422,-0.5819516428522422,1.0
6350,1470.132732019,1.788457606689453,0.3459949791431427,1.1706309371318502,0.010783109590411191,0.3459949791431427,0.24578957259655,0.010783109590411191,0.3459949791431427,0.24578957259655,-0.8697369590396884,165.76210336978835,-0.0011347596241965926,-0.4999462752425478,-0.5010810348667444,1.3708179939064329,1.3708179939064329,1.3708179939064329,1.3708179939064329,1.3708179939064329,0.16208258668112596,0.16208258668112596,0.16208258668112596,0.16208258668112596,1.0
6400,1470.188871327,2.763908618405591,0.17177414894104004,1.1706309371318502,0.02780794143676758,0.17177414894104004,10.412314414978027,0.02780794143676758,0.17177414894104004,10.412314414978027,-0.7711679314865174,165.70797937735784,-0.0029270016422264164,-0.5,-0.5029270016422264,1.274094933128744,1.274094933128744,1.274094933128744,1.274094933128744,1.274094933128744,0.6593617925875142,0.6593617925875142,0.6593617925875142,0.6593617925875142,1.0
6450,1470.27514277,2.914852383968288,-0.1595776081085205,1.1706309371318502,0.030442407131195077,-0.1595776081085205,8.054159164428711,0.030442407131195077,-0.1595776081085205,8.054159164428711,-0.1775602367229558,165.69533835702583,-0.003204462095590471,-0.5,-0.5032044620955904,0.6807646988185463,0.6807646988185463,0.6807646988185463,0.6807646988185463,0.6807646988185463,1.350634296248224,1.350634296248224,1.350634296248224,1.350634296248224,1.0
6500,1470.44324465,0.3947138306902601,-0.23685228824615479,1.1706309371318502,-0.013542308229953049,-0.23685228824615479,-21.91503143310547,-0.013542308229953049,-0.23685228824615479,-21.91503143310547,0.6009778614861512,165.75657388062046,0.0014251552574356696,0.5,0.5014251552574357,-1.1024030167435868,-1.1024030167435868,-1.1024030167435868,-1.1024030167435868,-1.1024030167435868,0.8978907283472815,0.8978907283472815,0.8978907283472815,0.8978907283472815,1.0
6550,1470.620070142,1.888329806672143,0.35366034507751465,1.1706309371318502,0.012526208311319353,0.35366034507751465,-1.6131237745285034,0.012526208311319353,0.35366034507751465,-1.6131237745285034,-0.8918462210074374,165.7587560728239,-0.0013182121630511223,0.5,0.4986817878369489,0.3931644331704885,0.3931644331704885,0.3931644331704885,0.3931644331704885,0.3931644331704885,-0.4919610253640183,-0.4919610253640183,-0.4919610253640183,-0.4919610253640183,1.0
6600,1470.779358613,3.801017348585021,-0.09724371135234833,1.1706309371318502,0.045908903479576116,-0.09724371135234833,18.382936477661133,0.045908903479576116,-0.09724371135234833,18.382936477661133,-0.6063230573165963,165.5980745647661,-0.004834400121381126,-0.5,-0.5048344001213811,1.1111574574379774,1.1111574574379774,1.1111574574379774,1.1111574574379774,1.1111574574379774,1.3829817997409712,1.3829817997409712,1.3829817997409712,1.3829817997409712,1.0
6650,1470.932190178,0.5577770999244834,-0.3535364866256714,1.1706309371318502,-0.01069631729274988,-0.3535364866256714,-23.856760025024414,-0.01069631729274988,-0.3535364866256714,-23.856760025024414,0.8634396547151284,165.7622569545427,0.0011256253509154478,0.5,0.5011256253509154,-1.364565280066044,-1.364565280066044,-1.364565280066044,-1.364565280066044,-1.364565280066044,0.9834388019563891,0.9834388019563891,0.9834388019563891,0.9834388019563891,1.0
6700,1471.000122038,-0.5398948109037438,-0.08209887146949768,1.1706309371318502,-0.029854306243360045,-0.08209887146949768,-27.001392364501953,-0.029854306243360045,-0.08209887146949768,-27.001392364501953,0.6414222333885099,165.698259361744,0.003142519949223403,0.5,0.5031425199492234,-1.1445647533377334,-1.1445647533377334,-1.1445647533377334,-1.1445647533377334,-1.1445647533377334,-0.18059152948705065,-0.18059152948705065,-0.18059152948705065,-0.18059152948705065,1.0
6750,1471.055531007,-0.1758204884586468,0.16795068979263306,1.1706309371318502,-0.023500010594725607,0.16795068979263306,-24.625667572021484,-0.023500010594725607,0.16795068979263306,-24.625667572021484,0.03973850689681957,165.72618719983097,0.002473377844739148,0.5,0.5024733778447391,-0.5422118847415587,-0.5422118847415587,-0.5422118847415587,-0.5422118847415587,-0.5422118847415587,-0.40378981814252823,-0.40378981814252823,-0.40378981814252823,-0.40378981814252823,1.0
6800,1471.114923659,0.9870795154997906,0.4494587779045105,1.1706309371318502,-0.003203576654195784,0.4494587779045105,-10.606791496276855,-0.003203576654195784,0.4494587779045105,-10.606791496276855,-0.9073984835753348,165.77083721073998,0.0003371163121842487,0.5,0.5003371163121842,0.40706136726315056,0.40706136726315056,0.40706136726315056,0.40706136726315056,0.40706136726315056,-0.6989616317016321,-0.6989616317016321,-0.6989616317016321,-0.6989616317016321,1.0
6850,1471.20136586,3.0832541130495374,0.46606478095054626,1.1706309371318502,0.03338157176971436,0.46606478095054626,4.022397994995117,0.03338157176971436,0.46606478095054626,4.022397994995117,-1.4300825997641653,165.67988629298688,-0.0035140655135098594,-0.5,-0.5035140655135099,1.9335966652776753,1.9335966652776753,1.9335966652776753,1.9335966652776753,1.9335966652776753,0.5124927218836947,0.5124927218836947,0.5124927218836947,0.5124927218836947,1.0
6900,1471.361650323,4.393590473710164,-0.21568529307842255,1.1706309371318502,0.0562512555718422,-0.21568529307842255,20.364294052124023,0.0562512555718422,-0.21568529307842255,20.364294052124023,-0.4478982565166647,165.51106587075176,-0.005925563401974624,-0.5,-0.5059255634019746,0.9538238199186393,0.9538238199186393,0.9538238199186393,0.9538238199186393,0.9538238199186393,1.942223733795909,1.942223733795909,1.942223733795909,1.942223733795909,1.0
6950,1471.521528421,0.7589263844247705,-0.4428333044052124,1.1706309371318502,-0.007185599990189074,-0.4428333044052124,-16.10378646850586,-0.007185599990189074,-0.4428333044052124,-16.10378646850586,1.0119360336990961,165.76742893068948,0.0007561598594505371,0.5,0.5007561598594505,-1.5126921935585467,-1.5126921935585467,-1.5126921935585467,-1.5126921935585467,-1.5126921935585467,0.15733958347065685,0.15733958347065685,0.15733958347065685,0.15733958347065685,1.0
7000,1471.696694075,0.6269487201658769,0.014658695086836815,1.1706309371318502,-0.009489044770598408,0.014658695086836815,-15.330150604248047,-0.009489044770598408,0.014658695086836815,-15.330150604248047,-0.028176547984996747,165.76426460009802,0.0009985701690877168,0.5,0.5009985701690877,-0.4728220221840909,-0.4728220221840909,-0.4728220221840909,-0.4728220221840909,-0.4728220221840909,-1.6176859986392444,-1.6176859986392444,-1.6176859986392444,-1.6176859986392444,1.0
7050,1471.870833132,3.067942109590838,0.1575813889503479,1.1706309371318502,0.0331143268942833,0.1575813889503479,12.91499137878418,0.0331143268942833,0.1575813889503479,12.91499137878418,-0.8477820439746567,165.68135007635897,-0.0034859122731977863,-0.5,-0.5034859122731978,1.3512679562478547,1.3512679562478547,1.3512679562478547,1.3512679562478547,1.3512679562478547,0.22068226072538133,0.22068226072538133,0.22068226072538133,0.22068226072538133,1.0
7100,1472.020793856,1.8560714635524076,-0.31523996591567993,1.1706309371318502,0.011963194012641908,-0.31523996591567993,3.2458550930023193,0.011963194012641908,-0.31523996591567993,3.2458550930023193,0.4605797717612336,165.7598919708208,-0.0012589568716270291,-0.5,-0.501258956871627,0.04067918511039342,0.04067918511039342,0.04067918511039342,0.04067918511039342,0.04067918511039342,0.9610749438589882,0.9610749438589882,0.9610749438589882,0.9610749438589882,1.0
7150,1472.07726609,0.886019983179429,-0.27355486154556274,1.1706309371318502,-0.004967398233711718,-0.27355486154556274,-7.024857997894287,-0.004967398233711718,-0.27355486154556274,-7.024857997894287,0.6329686855878066,165.7696498577662,0.0005227279152536205,0.5,0.5005227279152537,-1.1334914135030603,-1.1334914135030603,-1.1334914135030603,-1.1334914135030603,-1.1334914135030603,-0.17323411837395306,-0.17323411837395306,-0.17323411837395306,-0.17323411837395306,1.0
7200,1472.232634329,1.1250588349658626,0.06262364983558655,1.1706309371318502,-0.0007953832298517212,0.06262364983558655,-6.208802223205566,-0.0007953832298517212,0.06262364983558655,-6.208802223205566,-0.16157622859172094,165.77163060782524,8.369888946300748e-05,0.5,0.500083698889463,-0.3385074702977421,-0.3385074702977421,-0.3385074702977421,-0.3385074702977421,-0.3385074702977421,-0.8403717405160449,-0.8403717405160449,-0.8403717405160449,-0.8403717405160449,1.0
7250,1472.390250763,1.5226745622384525,-0.020094921812415123,1.1706309371318502,0.006144320368766786,-0.020094921812415123,-4.1725358963012695,0.006144320368766786,-0.020094921812415123,-4.1725358963012695,-0.048331093244970855,165.76857245201984,-0.0006465802620177149,0.5,0.4993534197379823,-0.45102232649301144,-0.45102232649301144,-0.45102232649301144,-0.45102232649301144,-0.45102232649301144,-0.4605438717609287,-0.4605438717609287,-0.4605438717609287,-0.4605438717609287,1.0
7300,1472.542116503,1.4298977548646423,0.018490230664610863,1.1706309371318502,0.004525059610605245,0.018490230664610863,-3.956857204437256,0.004525059610605245,0.018490230664610863,-3.956857204437256,-0.07349658140906509,165.76999578478654,-0.000476179195756715,0.5,0.4995238208042433,-0.42602723939517817,-0.42602723939517817,-0.42602723939517817,-0.42602723939517817,-0.42602723939517817,-0.20122774785509234,-0.20122774785509234,-0.20122774785509234,-0.20122774785509234,1.0
7350,1472.69639743,1.3914857314678426,-0.017792729660868645,1.1706309371318502,0.0038546433299779907,-0.017792729660868645,-4.069103240966797,0.0038546433299779907,-0.017792729660868645,-4.069103240966797,-0.027816965853019744,165.7704586179586,-0.00040562947510339935,0.5,0.4995943705248966,-0.47177740467187684,-0.47177740467187684,-0.47177740467187684,-0.47177740467187684,-0.47177740467187684,-0.6928941979257851,-0.6928941979257851,-0.6928941979257851,-0.6928941979257851,1.0
7400,1472.854389285,1.1195345993094976,0.014175023883581161,1.1706309371318502,-0.0008917993307113598,0.014175023883581161,-3.4847161769866943,-0.0008917993307113598,0.014175023883581161,-3.4847161769866943,0.023645209734381598,165.77161720599318,9.384484712997739e-05,0.5,0.5000938448471299,-0.5237390545815115,-0.5237390545815115,-0.5237390545815115,-0.5237390545815115,-0.5237390545815115,-0.739718564900439,-0.739718564900439,-0.739718564900439,-0.739718564900439,1.0
7450,1472.999081295,1.3225182164887561,0.030718225985765457,1.1706309371318502,0.0026509331166744247,0.030718225985765457,-3.220561981201172,0.0026509331166744247,0.030718225985765457,-3.220561981201172,-0.11787269627286555,165.77110376620226,-0.0002789606547651849,0.5,0.4997210393452348,-0.38184834307236926,-0.38184834307236926,-0.38184834307236926,-0.38184834307236926,-0.38184834307236926,-0.3226137289654072,-0.3226137289654072,-0.3226137289654072,-0.3226137289654072,1.0
7500,1473.151786782,1.5840851132311546,0.031837332993745804,1.1706309371318502,0.007216136679053308,0.031837332993745804,-2.3546180725097656,0.007216136679053308,0.031837332993745804,-2.3546180725097656,-0.16823783519417615,165.76739269924593,-0.0007593734270119226,0.5,0.49924062657298807,-0.33100279137881194,-0.33100279137881194,-0.33100279137881194,-0.33100279137881194,-0.33100279137881194,-0.514325121485214,-0.514325121485214,-0.514325121485214,-0.514325121485214,1.0
7550,1473.310705054,1.8238587973227465,0.03588027134537697,1.1706309371318502,0.011400976926088335,0.03588027134537697,7.229509353637695,0.011400976926088335,0.03588027134537697,7.229509353637695,-0.22964472435540542,165.7609741448637,-0.0011997862733685188,-0.5,-0.5011997862733685,0.7308445106287739,0.7308445106287739,0.7308445106287739,0.7308445106287739,0.7308445106287739,-0.3200547399598038,-0.3200547399598038,-0.3200547399598038,-0.3200547399598038,1.0
7600,1473.467311712,0.2949985916563481,-0.16513711214065552,1.1706309371318502,-0.015282667465507983,-0.16513711214065552,-1.7910611629486084,-0.015282667465507983,-0.16513711214065552,-1.7910611629486084,0.5609593725541526,165.752441071539,0.0016083325283456943,0.5,0.5016083325283457,-1.0625677050824982,-1.0625677050824982,-1.0625677050824982,-1.0625677050824982,-1.0625677050824982,-0.33850312332615484,-0.33850312332615484,-0.33850312332615484,-0.33850312332615484,1.0
7650,1473.636250711,0.43216282409451445,0.2629375755786896,1.1706309371318502,-0.012888699993491171,0.2629375755786896,-2.457733154296875,-0.012888699993491171,0.2629375755786896,-2.457733154296875,-0.330970108524756,165.75799709780208,0.001356363584381837,0.5,0.5013563635843818,-0.17038625505962585,-0.17038625505962585,-0.17038625505962585,-0.17038625505962585,-0.17038625505962585,-0.9099153281895607,-0.9099153281895607,-0.9099153281895607,-0.9099153281895607,1.0
7700,1473.841409778,0.4885989162981844,-0.20391488075256348,1.1706309371318502,-0.011903704367578028,-0.20391488075256348,1.959134817123413,-0.011903704367578028,-0.20391488075256348,1.959134817123413,0.588010250374754,165.76000894220664,0.0012526958408097197,-0.5,-0.4987473041591903,-0.08926294621556369,-0.08926294621556369,-0.08926294621556369,-0.08926294621556369,-0.08926294621556369,0.4382517117804113,0.4382517117804113,0.4382517117804113,0.4382517117804113,1.0
7750,1473.961198303,-0.041211423785886346,0.22031453251838684,1.1706309371318502,-0.021150639213155954,0.22031453251838684,-2.366745948791504,-0.021150639213155954,0.22031453251838684,-2.366745948791504,-0.11611110406216546,165.73482883369377,0.002226029181495656,0.5,0.5022260291814956,-0.38611492511933015,-0.38611492511933015,-0.38611492511933015,-0.38611492511933015,-0.38611492511933015,-0.9424812501500789,-0.9424812501500789,-0.9424812501500789,-0.9424812501500789,1.0
7800,1474.017884409,0.5107339052117561,0.1714736670255661,1.1706309371318502,-0.01151737593114376,0.1714736670255661,-3.8618712425231934,-0.01151737593114376,0.1714736670255661,-3.8618712425231934,-0.15834770940946236,165.76075437115043,0.0012120366363519246,0.5,0.5012120366363519,-0.3428643272268896,-0.3428643272268896,-0.3428643272268896,-0.3428643272268896,-0.3428643272268896,-0.6794635891669678,-0.6794635891669678,-0.6794635891669678,-0.6794635891669678,1.0
7850,1474.077253994,1.0139251471457025,0.14872734248638153,1.1706309371318502,-0.002735031992197035,0.14872734248638153,-1.4360705614089966,-0.002735031992197035,0.14872734248638153,-1.4360705614089966,-0.2548489434866295,165.77106644928315,0.00028781051649401623,0.5,0.5002878105164941,-0.24543886702986456,-0.24543886702986456,-0.24543886702986456,-0.24543886702986456,-0.24543886702986456,-0.7454246450361918,-0.7454246450361918,-0.7454246450361918,-0.7454246450361918,1.0
7900,1474.186898128,1.7417089105238297,0.03405799716711044,1.1706309371318502,0.009967190921306612,0.03405799716711044,10.23195743560791,0.009967190921306612,0.03405799716711044,10.23195743560791,-0.11868596385394285,165.76349818295628,-0.0010488906259971205,-0.5,-0.5010488906259971,0.6197348544799399,0.6197348544799399,0.6197348544799399,0.6197348544799399,0.6197348544799399,0.11156778633270992,0.11156778633270992,0.11156778633270992,0.11156778633270992,1.0
7950,1474.37389278,0.3407007747750786,-0.0341036394238472,1.1706309371318502,-0.014485013894736765,-0.0341036394238472,3.7251534461975098,-0.014485013894736765,-0.0341036394238472,3.7251534461975098,0.3072326200758335,165.75439719317563,0.0015243763129275249,-0.5,-0.4984756236870725,0.19124300361123897,0.19124300361123897,0.19124300361123897,0.19124300361123897,0.19124300361123897,-0.3504180606975905,-0.3504180606975905,-0.3504180606975905,-0.3504180606975905,1.0
8000,1474.548724404,-0.14806227950659767,-0.0615294948220253,1.1706309371318502,-0.023015538454055785,-0.0615294948220253,2.039738893508911,-0.023015538454055785,-0.0615294948220253,2.039738893508911,0.4653368058835796,165.72804363754523,0.0024223690799167127,-0.5,-0.4975776309200833,0.03224082503650366,0.03224082503650366,0.03224082503650366,0.03224082503650366,0.03224082503650366,-0.5105057560021614,-0.5105057560021614,-0.5105057560021614,-0.5105057560021614,1.0
8050,1474.757595037,-0.7527400473057372,0.0006410152418538928,1.1706309371318502,-0.03356915641576051,0.0006410152418538928,2.838287830352783,-0.03356915641576051,0.0006410152418538928,2.838287830352783,0.5280035284709953,165.67885180831755,0.003533827146111396,-0.5,-0.4964661728538886,-0.03153735561710669,-0.03153735561710669,-0.03153735561710669,-0.03153735561710669,-0.03153735561710669,-0.5935885468653027,-0.5935885468653027,-0.5935885468653027,-0.5935885468653027,1.0
8100,1474.91528265,-1.172365685652723,-0.07559429854154587,1.1706309371318502,-0.04089300543069839,-0.07559429854154587,4.1487836837768555,-0.04089300543069839,-0.07559429854154587,4.1487836837768555,0.7653612044906407,165.63393319959516,0.004305585213456619,-0.5,-0.49569441478654336,-0.26966678970409735,-0.26966678970409735,-0.26966678970409735,-0.26966678970409735,-0.26966678970409735,-0.2735736089426925,-0.2735736089426925,-0.2735736089426925,-0.2735736089426925,1.0
8150,1475.079095896,-1.5865365108129545,-0.03396245464682579,1.1706309371318502,-0.0481216499954462,-0.03396245464682579,2.9128763675689697,-0.0481216499954462,-0.03396245464682579,2.9128763675689697,0.8060922005727206,165.58093920834997,0.005067760252562907,-0.5,-0.4949322397474371,-0.31115996082528347,-0.31115996082528347,-0.31115996082528347,-0.31115996082528347,-0.31115996082528347,-0.1778491817297549,-0.1778491817297549,-0.1778491817297549,-0.1778491817297549,1.0
8200,1475.214588996,-1.7077848550202572,-0.00890088640153408,1.1706309371318502,-0.05023783281445503,-0.00890088640153408,2.4759039878845215,-0.05023783281445503,-0.00890088640153408,2.4759039878845215,0.7925148915326544,165.56379778665092,0.005290982686485648,-0.5,-0.49470901731351435,-0.29780587421914007,-0.29780587421914007,-0.29780587421914007,-0.29780587421914007,-0.29780587421914007,-0.7527591041745093,-0.7527591041745093,-0.7527591041745093,-0.7527591041745093,1.0
8250,1475.442920765,-2.0411823966644467,-0.056042589247226715,1.1706309371318502,-0.056056717634201045,-0.056042589247226715,0.6684306859970093,-0.056056717634201045,-0.056042589247226715,0.6684306859970093,0.9353097399104326,165.5128649040944,0.0059050279034336805,-0.4999999999975556,-0.49409497209412195,-0.4412147678163107,-0.4412147678163107,-0.4412147678163107,-0.4412147678163107,-0.4412147678163107,-0.2864193013679166,-0.2864193013679166,-0.2864193013679166,-0.2864193013679166,1.0
8300,1475.650707903,-1.2435462886445994,0.44194960594177246,1.1706309371318502,-0.04213534131646156,0.44194960594177246,-12.790833473205566,-0.04213534131646156,0.44194960594177246,-12.790833473205566,-0.15563302034964965,165.62543761593213,0.004436540843747714,0.5,0.5044365408437477,-0.348803520494098,-0.348803520494098,-0.348803520494098,-0.348803520494098,-0.348803520494098,-0.8787367368942811,-0.8787367368942811,-0.8787367368942811,-0.8787367368942811,1.0
8350,1475.841803911,1.8555376415800886,-0.14469975233078003,1.1706309371318502,0.011953877061605455,-0.14469975233078003,4.9256510734558105,0.011953877061605455,-0.14469975233078003,4.9256510734558105,0.07277310581448587,165.7599103287647,-0.0012579763017794249,-0.5,-0.5012579763017794,0.4284848704872935,0.4284848704872935,0.4284848704872935,0.4284848704872935,0.4284848704872935,0.8418540102553936,0.8418540102553936,0.8418540102553936,0.8418540102553936,1.0
8400,1475.935224492,1.0335012163588995,-0.19671730697155,1.1706309371318502,-0.0023933651298284515,-0.19671730697155,1.2131112813949585,-0.0023933651298284515,-0.19671730697155,1.2131112813949585,0.42906661506601934,165.77121080587182,0.0002518563795423935,-0.5,-0.4997481436204576,0.07068152855443827,0.07068152855443827,0.07068152855443827,0.07068152855443827,0.07068152855443827,0.7708956111278054,0.7708956111278054,0.7708956111278054,0.7708956111278054,1.0
8450,1476.111957948,0.737869017935327,0.14880038797855377,1.1706309371318502,-0.007553120367228982,0.14880038797855377,-6.58881139755249,-0.007553120367228982,0.14880038797855377,-6.58881139755249,-0.1884222090514719,165.76698266874828,0.000794836431537233,0.5,0.5007948364315372,-0.3123726273800653,-0.3123726273800653,-0.3123726273800653,-0.3123726273800653,-0.3123726273800653,-0.6585061317125291,-0.6585061317125291,-0.6585061317125291,-0.6585061317125291,1.0
8500,1476.305368501,1.8466765383490549,0.027517076581716537,1.1706309371318502,0.011799221634864809,0.027517076581716537,-2.339606285095215,0.011799221634864809,0.027517076581716537,-2.339606285095215,-0.24119181057049346,165.76021296979587,-0.001241699501111912,0.5,0.4987583004988881,-0.2575664899283946,-0.2575664899283946,-0.2575664899283946,-0.2575664899283946,-0.2575664899283946,0.10552705274691396,0.10552705274691396,0.10552705274691396,0.10552705274691396,1.0
8550,1476.50951707,2.7855953227940278,0.005741608329117298,1.1706309371318502,0.028186445832252504,0.005741608329117298,9.002883911132812,0.028186445832252504,0.005741608329117298,9.002883911132812,-0.6273970223093961,165.70623350992156,-0.0029668629451014457,-0.5,-0.5029668629451014,1.1303638852544975,1.1303638852544975,1.1303638852544975,1.1303638852544975,1.1303638852544975,0.6842736947610824,0.6842736947610824,0.6842736947610824,0.6842736947610824,1.0
8600,1476.712393028,0.9874112065613593,-0.10475270450115204,1.1706309371318502,-0.003197787553071974,-0.10475270450115204,0.9999196529388428,-0.003197787553071974,-0.10475270450115204,0.9999196529388428,0.2912985247981353,165.7708402638012,0.00033650711383237435,-0.5,-0.4996634928861676,0.20836496808803234,0.20836496808803234,0.20836496808803234,0.20836496808803234,0.20836496808803234,0.3736267976683865,0.3736267976683865,0.3736267976683865,0.3736267976683865,1.0
8650,1476.880458541,0.9398419271999824,0.0734509602189064,1.1706309371318502,-0.004028028100728987,0.0734509602189064,0.3847624957561493,-0.004028028100728987,0.0734509602189064,0.3847624957561493,-0.04790781069805973,165.77034601862263,0.0004238751868758212,-0.4999997929902694,-0.4995759178033936,0.5474837285014533,0.5474837285014533,0.5474837285014533,0.5474837285014533,0.5474837285014533,0.7597822856376519,0.7597822856376519,0.7597822856376519,0.7597822856376519,1.0
8700,1477.085282805,1.624609692793898,0.007812308147549629,1.1706309371318502,0.007923424020409586,0.007812308147549629,3.480353593826294,0.007923424020409586,0.007812308147549629,3.480353593826294,-0.1372346091231173,165.76651051848233,-0.0008338061212069643,-0.5,-0.500833806121207,0.6380684152443243,0.6380684152443243,0.6380684152443243,0.6380684152443243,0.6380684152443243,0.7344985446225331,0.7344985446225331,0.7344985446225331,0.7344985446225331,1.0
8750,1477.267257399,1.2453695222661696,-0.05069575086236,1.1706309371318502,0.0013044343888759628,-0.05069575086236,3.6826090812683105,0.0013044343888759628,-0.05069575086236,3.6826090812683105,0.08113671030083529,165.77154254441433,-0.00013726684719756588,-0.5,-0.5001372668471976,0.4190005565463623,0.4190005565463623,0.4190005565463623,0.4190005565463623,0.4190005565463623,0.5794823794820311,0.5794823794820311,0.5794823794820311,0.5794823794820311,1.0
8800,1477.324279823,1.0411482534649634,-0.015964996069669724,1.1706309371318502,-0.0022598991543054565,-0.015964996069669724,4.418449878692627,-0.0022598991543054565,-0.015964996069669724,4.418449878692627,0.08311516733512549,165.77126197175483,0.00023781156300745326,-0.5,-0.49976218843699255,0.4166470211018671,0.4166470211018671,0.4166470211018671,0.4166470211018671,0.4166470211018671,0.5897948445057837,0.5897948445057837,0.5897948445057837,0.5897948445057837,1.0
8850,1477.380030673,0.9619296917587458,0.0021327845752239227,1.1706309371318502,-0.003642523884773253,0.0021327845752239227,4.101076126098633,-0.003642523884773253,0.0021327845752239227,4.101076126098633,0.05322874187139935,165.77058963543902,0.0003833076497105173,-0.5,-0.4996166923502895,0.4463879504788901,0.4463879504788901,0.4463879504788901,0.4463879504788901,0.4463879504788901,0.3697993971714793,0.3697993971714793,0.3697993971714793,0.3697993971714793,1.0
8900,1477.438334616,0.9314951158691094,-0.012556096538901329,1.1706309371318502,-0.0041737074404954895,-0.012556096538901329,2.818718910217285,-0.0041737074404954895,-0.012556096538901329,2.818718910217285,0.0691168389487208,165.770247582366,0.0004392054065398716,-0.5,-0.49956079459346014,0.43044395564473936,0.43044395564473936,0.43044395564473936,0.43044395564473936,0.43044395564473936,0.634131006532293,0.634131006532293,0.634131006532293,0.634131006532293,1.0
8950,1477.49379997,0.9111231161741944,0.030891278758645058,1.1706309371318502,-0.004529265910387038,0.030891278758645058,3.889491558074951,-0.004529265910387038,0.030891278758645058,3.889491558074951,0.007583145366711508,165.76999264711543,0.00047662183734645453,-0.5,-0.4995233781626535,0.491940232795942,0.491940232795942,0.491940232795942,0.491940232795942,0.491940232795942,0.5125619095877504,0.5125619095877504,0.5125619095877504,0.5125619095877504,1.0
9000,1477.551912323,0.8844857519371149,-0.0384795218706131,1.1706309371318502,-0.004994175620377062,-0.0384795218706131,4.190865516662598,-0.004994175620377062,-0.0384795218706131,4.190865516662598,0.1192410114644769,165.76962788185284,0.0005255457923136451,-0.5,-0.4994744542076864,0.38023344274320947,0.38023344274320947,0.38023344274320947,0.38023344274320947,0.38023344274320947,0.23608451419867044,0.23608451419867044,0.23608451419867044,0.23608451419867044,1.0
9050,1477.680315485,0.9629011794464744,-0.05125999078154564,1.1706309371318502,-0.0036255682259798035,-0.05125999078154564,3.675682306289673,-0.0036255682259798035,-0.05125999078154564,3.675682306289673,0.13871475373431785,165.77059978825972,0.00038152336757598103,-0.5,-0.49961847663242404,0.3609037228981062,0.3609037228981062,0.3609037228981062,0.3609037228981062,0.3609037228981062,0.5152636853472845,0.5152636853472845,0.5152636853472845,0.5152636853472845,1.0
9100,1477.856508074,0.6221277271897585,0.020370833575725555,1.1706309371318502,-0.009573186971247195,0.020370833575725555,-7.727229118347168,-0.009573186971247195,0.020370833575725555,-7.727229118347168,0.1157816422488869,165.76413246030654,0.0010074253234764452,0.5,0.5010074253234764,-0.6167890675723633,-0.6167890675723633,-0.6167890675723633,-0.6167890675723633,-0.6167890675723633,-0.21579665075218388,-0.21579665075218388,-0.21579665075218388,-0.21579665075218388,1.0
9150,1478.015784812,1.796002084236261,0.09938681125640869,1.1706309371318502,0.010914785563945772,0.09938681125640869,-2.403846502304077,0.010914785563945772,0.09938681125640869,-2.403846502304077,-0.3571766362398141,165.76186799052147,-0.0011486176181780578,0.5,0.4988513823818219,-0.1416747461420078,-0.1416747461420078,-0.1416747461420078,-0.1416747461420078,-0.1416747461420078,-0.11961616164773257,-0.11961616164773257,-0.11961616164773257,-0.11961616164773257,1.0
9200,1478.179395748,2.4252215221360496,-0.02088206633925438,1.1706309371318502,0.02189673647284508,-0.02088206633925438,-1.444103717803955,0.02189673647284508,-0.02088206633925438,-1.444103717803955,-0.3018133524110697,165.73218300840222,-0.0023045777057269976,0.5,0.497695422294273,-0.19588206988320328,-0.19588206988320328,-0.19588206988320328,-0.19588206988320328,-0.19588206988320328,-0.052023112133180616,-0.052023112133180616,-0.052023112133180616,-0.052023112133180616,1.0
9250,1478.239052192,2.318914750346679,-0.03596798703074455,1.1706309371318502,0.02004133328795434,-0.03596798703074455,-2.2239890098571777,0.02004133328795434,-0.03596798703074455,-2.2239890098571777,-0.22983729969211025,165.7385931471135,-0.0021092468549085788,0.5,0.4978907531450914,-0.26805345345298115,-0.26805345345298115,-0.26805345345298115,-0.26805345345298115,-0.26805345345298115,-0.4197325261201359,-0.4197325261201359,-0.4197325261201359,-0.4197325261201359,1.0
9300,1478.294677583,2.2316861910130346,-0.023678742349147797,1.1706309371318502,0.018518907725811013,-0.023678742349147797,-1.8767491579055786,0.018518907725811013,-0.023678742349147797,-1.8767491579055786,-0.22628554831258585,165.74342931579008,-0.0019489816246214262,0.5,0.4980510183753786,-0.2717654700627927,-0.2717654700627927,-0.2717654700627927,-0.2717654700627927,-0.2717654700627927,0.16267407308677634,0.16267407308677634,0.16267407308677634,0.16267407308677634,1.0
9350,1478.388849442,2.2286017202725388,-0.0395820327103138,1.1706309371318502,0.018465073555707933,-0.0395820327103138,-1.4661717414855957,0.018465073555707933,-0.0395820327103138,-1.4661717414855957,-0.21088597218043392,165.7435933368117,-0.00194331468780177,0.5,0.4980566853121982,-0.2871707131317643,-0.2871707131317643,-0.2871707131317643,-0.2871707131317643,-0.2871707131317643,-0.413275094182105,-0.413275094182105,-0.413275094182105,-0.413275094182105,1.0
9400,1478.549326225,1.3635822742742247,-0.2453523874282837,1.1706309371318502,0.0033676361292600647,-0.2453523874282837,0.8080374598503113,0.0033676361292600647,-0.2453523874282837,0.8080374598503113,0.41319965340193904,165.77074839321898,-0.0003543806187594613,-0.49999999999999084,-0.5003543806187503,0.08715472721681122,0.08715472721681122,0.08715472721681122,0.08715472721681122,0.08715472721681122,0.8800465666614558,0.8800465666614558,0.8800465666614558,0.8800465666614558,1.0
9450,1478.700181868,0.8450601925005088,0.09482385218143463,1.1706309371318502,-0.005682281441986559,0.09482385218143463,-6.6993632316589355,-0.005682281441986559,0.09482385218143463,-6.6993632316589355,-0.14493017611460213,165.7690226344981,0.0005979578165627444,0.5,0.5005979578165628,-0.3556677817019607,-0.3556677817019607,-0.3556677817019607,-0.3556677817019607,-0.3556677817019607,-0.5432434450703891,-0.5432434450703891,-0.5432434450703891,-0.5432434450703891,1.0
9500,1478.86092998,1.9204154740719241,0.04506278038024902,1.1706309371318502,0.013086208850145341,0.04506278038024902,-2.386895179748535,0.013086208850145341,0.04506278038024902,-2.386895179748535,-0.32315828578463307,165.75757444769968,-0.0013771510883311773,0.5,0.4986228489116688,-0.17546456312703573,-0.17546456312703573,-0.17546456312703573,-0.17546456312703573,-0.17546456312703573,-0.18719521167267705,-0.18719521167267705,-0.18719521167267705,-0.18719521167267705,1.0
9550,1479.021190174,1.6809879951938873,-0.003636877750977874,1.1706309371318502,0.00890741102397442,-0.003636877750977874,-1.1098031997680664,0.00890741102397442,-0.003636877750977874,-1.1098031997680664,-0.12864894012146974,165.76514611611708,-0.0009373592083206366,0.5,0.4990626407916794,-0.3704137006702096,-0.3704137006702096,-0.3704137006702096,-0.3704137006702096,-0.3704137006702096,-0.5593422907400989,-0.5593422907400989,-0.5593422907400989,-0.5593422907400989,1.0
9600,1479.180039276,1.400466576452763,-0.04939328134059906,1.1706309371318502,0.004011388644576074,-0.04939328134059906,-0.6802796721458435,0.004011388644576074,-0.04939328134059906,-0.6802796721458435,0.014043885831421618,165.7703570394724,-0.0004221241743349564,0.4999999999984783,0.4995778758241433,-0.513621761655565,-0.513621761655565,-0.513621761655565,-0.513621761655565,-0.513621761655565,-0.10456467520867507,-0.10456467520867507,-0.10456467520867507,-0.10456467520867507,1.0
9650,1479.239604446,1.1259975590899163,-0.10095684230327606,1.1706309371318502,-0.0007789994031190857,-0.10095684230327606,-1.1006076335906982,-0.0007789994031190857,-0.10095684230327606,-1.1006076335906982,0.20899160459385732,165.77163273291941,8.197480400740958e-05,0.5,0.5000819748040074,-0.7090735793978648,-0.7090735793978648,-0.7090735793978648,-0.7090735793978648,-0.7090735793978648,-0.3100409759051525,-0.3100409759051525,-0.3100409759051525,-0.3100409759051525,1.0
9700,1479.407464334,0.24398764400522527,0.030926061794161797,1.1706309371318502,-0.016172976456582545,0.030926061794161797,-3.757054567337036,-0.016172976456582545,0.030926061794161797,-3.757054567337036,0.26663594484933417,165.75013393126085,0.0017020434963477586,0.5,0.5017020434963477,-0.7683379883456819,-0.7683379883456819,-0.7683379883456819,-0.7683379883456819,-0.7683379883456819,-0.8373342590553283,-0.8373342590553283,-0.8373342590553283,-0.8373342590553283,1.0
9750,1479.570126889,1.348667489004444,0.11553183943033218,1.1706309371318502,0.0031073240190744415,0.11553183943033218,9.557146072387695,0.0031073240190744415,0.11553183943033218,9.557146072387695,-0.32102061659910447,165.77088725517996,-0.00032698746337602266,-0.5,-0.500326987463376,0.8213476040624805,0.8213476040624805,0.8213476040624805,0.8213476040624805,0.8213476040624805,0.13428423277249044,0.13428423277249044,0.13428423277249044,0.13428423277249044,1.0
9800,1479.725387289,0.4717421695091516,-0.1732071489095688,1.1706309371318502,-0.012197910100221632,-0.1732071489095688,-2.063858985900879,-0.012197910100221632,-0.1732071489095688,-2.063858985900879,0.5299725370186728,165.75942477209364,0.0012836598229876578,0.5,0.5012836598229876,-1.0312561968416603,-1.0312561968416603,-1.0312561968416603,-1.0312561968416603,-1.0312561968416603,-0.02264206850777728,-0.02264206850777728,-0.02264206850777728,-0.02264206850777728,1.0
9850,1479.881472178,0.6657785590408108,0.18471211194992065,1.1706309371318502,-0.00881133623421192,0.18471211194992065,-4.033815860748291,-0.00881133623421192,0.18471211194992065,-4.033815860748291,-0.2237964760510197,165.765286361753,0.0009272483878916106,0.5,0.5009272483878916,-0.2771307723368719,-0.2771307723368719,-0.2771307723368719,-0.2771307723368719,-0.2771307723368719,-0.8301922548254863,-0.8301922548254863,-0.8301922548254863,-0.8301922548254863,1.0
9900,1480.049619877,1.1779679348760144,-0.061731934547424316,1.1706309371318502,0.00012805476784706268,-0.061731934547424316,-4.1070733070373535,0.00012805476784706268,-0.061731934547424316,-4.1070733070373535,0.14314222650398892,165.77168137698163,-1.3475315137768054e-05,0.5,0.4999865246848622,-0.6431287511888512,-0.6431287511888512,-0.6431287511888512,-0.6431287511888512,-0.6431287511888512,-0.6193255357758906,-0.6193255357758906,-0.6193255357758906,-0.6193255357758906,1.0
9950,1480.206487514,1.4940318437888869,0.05897406488656998,1.1706309371318502,0.005644410625100141,0.05897406488656998,-1.1534167528152466,0.005644410625100141,0.05897406488656998,-1.1534167528152466,-0.21570781596135613,165.76905797380493,-0.0005939725107598834,0.5,0.4994060274892401,-0.283698211527884,-0.283698211527884,-0.283698211527884,-0.283698211527884,-0.283698211527884,-0.0663697907173183,-0.0663697907173183,-0.0663697907173183,-0.0663697907173183,1.0
10000,1480.330164092,1.481584571078479,-0.19103987514972687,1.1706309371318502,0.005427164733409883,-0.19103987514972687,0.5819487571716309,0.005427164733409883,-0.19103987514972687,0.5819487571716309,0.3179922965280567,165.76925613168845,-0.0005711108414954201,-0.4999999999222832,-0.5005711107637787,0.18257881423572198,0.18257881423572198,0.18257881423572198,0.18257881423572198,0.18257881423572198,0.7040217337861026,0.7040217337861026,0.7040217337861026,0.7040217337861026,1.0
10050,1480.391097856,0.8604565061067754,-0.1931384652853012,1.1706309371318502,-0.005413565076887604,-0.1931384652853012,-11.961790084838867,-0.005413565076887604,-0.1931384652853012,-11.961790084838867,0.46794091660831116,165.76926827779022,0.0005696796960948052,0.5,0.5005696796960948,-0.968510596304406,-0.968510596304406,-0.968510596304406,-0.968510596304406,-0.968510596304406,-0.1519878081857503,-0.1519878081857503,-0.1519878081857503,-0.1519878081857503,1.0
10100,1480.568177583,1.357512904144728,0.21719221770763397,1.1706309371318502,0.003261705636978151,0.21719221770763397,-0.22179649770259857,0.003261705636978151,0.21719221770763397,-0.22179649770259857,-0.48107801000291595,165.77080624852368,-0.0003432333391586534,0.499859738241808,0.49951650490264937,-0.018438494899733426,-0.018438494899733426,-0.018438494899733426,-0.018438494899733426,-0.018438494899733426,0.10282538313471058,0.10282538313471058,0.10282538313471058,0.10282538313471058,1.0
10150,1480.726340245,1.810447934330838,-0.36199814081192017,1.1706309371318502,0.011166913211345674,-0.36199814081192017,0.5972191095352173,0.011166913211345674,-0.36199814081192017,0.5972191095352173,0.491409433500311,165.76140932435104,-0.0011751524360702748,-0.4999999999578069,-0.5011751523938772,0.0097657188935662,0.0097657188935662,0.0097657188935662,0.0097657188935662,0.0097657188935662,0.7941451948886898,0.7941451948886898,0.7941451948886898,0.7941451948886898,1.0
10200,1480.894094549,0.17156910924692378,0.2466030865907669,1.1706309371318502,-0.01743691832758486,0.2466030865907669,-12.103615760803223,-0.01743691832758486,0.2466030865907669,-12.103615760803223,-0.11939164338306868,165.74663426714105,0.0018350864496556767,0.5,0.5018350864496557,-0.382443443066587,-0.382443443066587,-0.382443443066587,-0.382443443066587,-0.382443443066587,-0.838915080509717,-0.838915080509717,-0.838915080509717,-0.838915080509717,1.0
10250,1481.043585297,2.084474270058103,0.08857563883066177,1.1706309371318502,0.015949575006961824,0.08857563883066177,13.77357292175293,0.015949575006961824,0.08857563883066177,13.77357292175293,-0.43735322872273846,165.7507251251394,-0.0016785287560157204,-0.5,-0.5016785287560157,0.9390317574787541,0.9390317574787541,0.9390317574787541,0.9390317574787541,0.9390317574787541,0.5593296871959419,0.5593296871959419,0.5593296871959419,0.5593296871959419,1.0
10300,1481.102727012,2.015368123583207,-0.145924910902977,1.1706309371318502,0.014743445217609407,-0.145924910902977,10.898275375366211,0.014743445217609407,-0.145924910902977,10.898275375366211,0.029144162864095213,165.75377490980986,-0.0015515770233385706,-0.5,-0.5015515770233385,0.4724074141592433,0.4724074141592433,0.4724074141592433,0.4724074141592433,0.4724074141592433,0.2821377833769166,0.2821377833769166,0.2821377833769166,0.2821377833769166,1.0
10350,1481.255711769,0.7541735866186465,0.042844273149967194,1.1706309371318502,-0.0072685519605875,0.042844273149967194,-13.036247253417969,-0.0072685519605875,0.042844273149967194,-13.036247253417969,0.16452085377242595,165.76733015089388,0.0007648894195684653,0.5,0.5007648894195684,-0.6652857431919944,-0.6652857431919944,-0.6652857431919944,-0.6652857431919944,-0.6652857431919944,-0.4132335409208524,-0.4132335409208524,-0.4132335409208524,-0.4132335409208524,1.0
10400,1481.407919336,1.9582662480180193,0.23295943439006805,1.1706309371318502,0.013746829479932787,0.23295943439006805,9.744453430175781,0.013746829479932787,0.23295943439006805,9.744453430175781,-0.6705569714749681,165.756114082326,-0.001446681178342032,-0.5,-0.501446681178342,1.1720036526533102,1.1720036526533102,1.1720036526533102,1.1720036526533102,1.1720036526533102,-0.1561519523790575,-0.1561519523790575,-0.1561519523790575,-0.1561519523790575,1.0
10450,1481.566382259,1.4834740788793397,-0.11737153679132462,1.1706309371318502,0.005460142865777021,-0.11737153679132462,2.4214000701904297,0.005460142865777021,-0.11737153679132462,2.4214000701904297,0.16825290336020515,165.76922655176904,-0.0005745812610767968,-0.5,-0.5005745812610768,0.33232167790087164,0.33232167790087164,0.33232167790087164,0.33232167790087164,0.33232167790087164,0.6645920957102553,0.6645920957102553,0.6645920957102553,0.6645920957102553,1.0
10500,1481.722233552,1.2462909574738867,0.04709826037287712,1.1706309371318502,0.0013205164670944264,0.04709826037287712,1.1209533214569092,0.0013205164670944264,0.04709826037287712,1.1209533214569092,-0.11760078058260542,165.77153906652464,-0.00013895918122358903,-0.5,-0.5001389591812236,0.6177397397638291,0.6177397397638291,0.6177397397638291,0.6177397397638291,0.6177397397638291,0.70973691149051,0.70973691149051,0.70973691149051,0.70973691149051,1.0
10550,1481.87588747,1.4723074666383091,0.02143937721848488,1.1706309371318502,0.0052652487158775345,0.02143937721848488,2.077547788619995,0.0052652487158775345,0.02143937721848488,2.077547788619995,-0.11790582937063812,165.76939876339188,-0.0005540717949171503,-0.5,-0.5005540717949172,0.6184599011655553,0.6184599011655553,0.6184599011655553,0.6184599011655553,0.6184599011655553,0.9364891218580498,0.9364891218580498,0.9364891218580498,0.9364891218580498,1.0
10600,1482.036981781,1.2618570653140515,-0.010922303423285484,1.1706309371318502,0.0015921963006258026,-0.010922303423285484,2.62353253364563,0.0015921963006258026,-0.010922303423285484,2.62353253364563,-0.0036026911873946327,165.7714738725456,-0.00016754834765621607,-0.5,-0.5001675483476562,0.5037702395350508,0.5037702395350508,0.5037702395350508,0.5037702395350508,0.5037702395350508,0.35148303164452455,0.35148303164452455,0.35148303164452455,0.35148303164452455,1.0
10650,1482.168627158,1.1509372477922775,0.02758513018488884,1.1706309371318502,-0.0003437197208404491,0.02758513018488884,2.8023767471313477,-0.0003437197208404491,0.02758513018488884,2.8023767471313477,-0.053073694469931314,165.77167299461595,3.61699278435815e-05,-0.5,-0.49996383007215645,0.5530375245420878,0.5530375245420878,0.5530375245420878,0.5530375245420878,0.5530375245420878,0.4441189402106097,0.4441189402106097,0.4441189402106097,0.4441189402106097,1.0
10700,1482.22809704,1.154038687283992,0.013920752331614494,1.1706309371318502,-0.00028958939015865173,0.013920752331614494,2.060974597930908,-0.00028958939015865173,0.013920752331614494,2.060974597930908,-0.01582620354020902,165.77167581890401,3.0473745300631918e-05,-0.5,-0.49996952625469937,0.5157957297949084,0.5157957297949084,0.5157957297949084,0.5157957297949084,0.5157957297949084,0.4721222733652284,0.4721222733652284,0.4721222733652284,0.4721222733652284,1.0
10750,1482.283850993,1.1180529818681337,0.016295300796628,1.1706309371318502,-0.0009176584333181331,0.016295300796628,2.5381665229797363,-0.0009176584333181331,0.016295300796628,2.5381665229797363,-0.017109767838330375,165.7716133510816,9.656602529024307e-05,-0.5,-0.49990343397470977,0.5170132018130401,0.5170132018130401,0.5170132018130401,0.5170132018130401,0.5170132018130401,0.3634421181821893,0.3634421181821893,0.3634421181821893,0.3634421181821893,1.0
10800,1482.357463898,1.2158003526887151,0.0202806256711483,1.1706309371318502,0.0007883550226688435,0.0202806256711483,1.6828194856643677,0.0007883550226688435,0.0202806256711483,1.6828194856643677,-0.06314013499539406,165.77163152484883,-8.295930462308318e-05,-0.5,-0.5000829593046231,0.5632230943000172,0.5632230943000172,0.5632230943000172,0.5632230943000172,0.5632230943000172,0.5346127875362809,0.5346127875362809,0.5346127875362809,0.5346127875362809,1.0
10850,1482.512445136,1.3708485283340606,0.03576141223311424,1.1706309371318502,0.0034944561868906036,0.03576141223311424,3.0790586471557617,0.0034944561868906036,0.03576141223311424,3.0790586471557617,-0.12024255277292059,165.77067669700355,-0.0003677261598900399,-0.5,-0.50036772615989,0.6206102789328106,0.6206102789328106,0.6206102789328106,0.6206102789328106,0.6206102789328106,0.6340796821550181,0.6340796821550181,0.6340796821550181,0.6340796821550181,1.0
10900,1482.669446383,1.4170806914437017,-0.012762637808918953,1.1706309371318502,0.004301359653472902,-0.012762637808918953,4.215022087097168,0.004301359653472902,-0.012762637808918953,4.215022087097168,-0.054617073368654276,165.77015845259834,-0.0004526385994538103,-0.5,-0.5004526385994538,0.5550697119681081,0.5550697119681081,0.5550697119681081,0.5550697119681081,0.5550697119681081,0.4654221590836598,0.4654221590836598,0.4654221590836598,0.4654221590836598,1.0
10950,1482.833432086,1.3640664706533552,0.015055649913847446,1.1706309371318502,0.0033760869503021255,0.015055649913847446,5.4180192947387695,0.0033760869503021255,0.015055649913847446,5.4180192947387695,-0.07129296350614431,165.77074369805902,-0.000355269916058044,-0.5,-0.500355269916058,0.5716482334222024,0.5716482334222024,0.5716482334222024,0.5716482334222024,0.5716482334222024,0.6415599937404337,0.6415599937404337,0.6415599937404337,0.6415599937404337,1.0
11000,1482.990678717,1.3780663307394716,0.002301403321325779,1.1706309371318502,0.0036204306036233917,0.002301403321325779,5.069441795349121,0.0036204306036233917,0.002301403321325779,5.069441795349121,-0.08530529219400854,165.77060285524766,-0.00038098272405585713,-0.5,-0.5003809827240558,0.5856862749180644,0.5856862749180644,0.5856862749180644,0.5856862749180644,0.5856862749180644,0.6542204953036852,0.6542204953036852,0.6542204953036852,0.6542204953036852,1.0
11050,1483.086721898,1.2354718311068806,-0.0977352187037468,1.1706309371318502,0.0011316870898008362,-0.0977352187037468,3.8387553691864014,0.0011316870898008362,-0.0977352187037468,3.8387553691864014,0.16888639314640913,165.77157721511992,-0.00011908847126530003,-0.5,-0.5001190884712653,0.33123269532485616,0.33123269532485616,0.33123269532485616,0.33123269532485616,0.33123269532485616,0.2525544897341446,0.2525544897341446,0.2525544897341446,0.2525544897341446,1.0
11100,1483.143803222,1.1022302083255644,-0.1299472451210022,1.1706309371318502,-0.0011938179284334167,-0.1299472451210022,4.315480709075928,-0.0011938179284334167,-0.1299472451210022,4.315480709075928,0.25654944726259,165.77156531155677,0.00012562656244181382,-0.5,-0.4998743734375582,0.2433249261749682,0.2433249261749682,0.2433249261749682,0.2433249261749682,0.2433249261749682,0.08162839050794264,0.08162839050794264,0.08162839050794264,0.08162839050794264,1.0
11150,1483.293316541,0.40841740464070064,-0.03165144845843315,1.1706309371318502,-0.013303135745227335,-0.03165144845843315,-6.321839332580566,-0.013303135745227335,-0.03165144845843315,-6.321839332580566,0.2615019531210979,165.75710283880977,0.001399982433784958,0.5,0.5013999824337849,-0.7629019355548828,-0.7629019355548828,-0.7629019355548828,-0.7629019355548828,-0.7629019355548828,-0.6696240293792473,-0.6696240293792473,-0.6696240293792473,-0.6696240293792473,1.0
11200,1483.446700215,1.5748554999500575,0.0942286029458046,1.1706309371318502,0.007055049538612367,0.0942286029458046,-3.001399040222168,0.007055049538612367,0.0942286029458046,-3.001399040222168,-0.2823431175798674,165.76758209482637,-0.0007424212311669341,0.5,0.4992575787688331,-0.21691446118896568,-0.21691446118896568,-0.21691446118896568,-0.21691446118896568,-0.21691446118896568,-0.45575264682802624,-0.45575264682802624,-0.45575264682802624,-0.45575264682802624,1.0
11250,1483.600539178,1.6494601621502258,-0.10245727747678757,1.1706309371318502,0.008357146531343462,-0.10245727747678757,-0.4394582211971283,0.008357146531343462,-0.10245727747678757,-0.4394582211971283,0.07907925896561863,165.76592877789437,-0.0008794501176904157,0.4999999767817881,0.4991205266640977,-0.5781997856297163,-0.5781997856297163,-0.5781997856297163,-0.5781997856297163,-0.5781997856297163,-0.6093540241994144,-0.6093540241994144,-0.6093540241994144,-0.6093540241994144,1.0
11300,1483.754500936,1.2934139266616855,-0.012495817616581917,1.1706309371318502,0.002142967432737352,-0.012495817616581917,-3.3527159690856934,0.002142967432737352,-0.012495817616581917,-3.3527159690856934,0.004433353721632435,165.7713043868162,-0.00022550667671010445,0.5,0.4997744933232899,-0.5042078470449223,-0.5042078470449223,-0.5042078470449223,-0.5042078470449223,-0.5042078470449223,-0.751990779341878,-0.751990779341878,-0.751990779341878,-0.751990779341878,1.0
11350,1483.907292767,1.2760769855574892,0.011375803500413895,1.1706309371318502,0.001840380728244783,0.011375803500413895,-3.4084038734436035,0.001840380728244783,0.011375803500413895,-3.4084038734436035,-0.031181062858051247,165.77140368707975,-0.00019366508810849645,0.5,0.4998063349118915,-0.4686252720538403,-0.4686252720538403,-0.4686252720538403,-0.4686252720538403,-0.4686252720538403,-0.3459575370643284,-0.3459575370643284,-0.3459575370643284,-0.3459575370643284,1.0
11400,1484.083860336,1.6931154229520682,0.09168288856744766,1.1706309371318502,0.00911907456815243,0.09168288856744766,-0.5161842703819275,0.00911907456815243,0.09168288856744766,-0.5161842703819275,-0.3208889335983225,165.76483177309086,-0.0009596345412190013,0.4999999989211507,0.4990403643799317,-0.17815143078160922,-0.17815143078160922,-0.17815143078160922,-0.17815143078160922,-0.17815143078160922,-0.697906568080261,-0.697906568080261,-0.697906568080261,-0.697906568080261,1.0
11450,1484.142622435,1.9717857537064132,-0.039144229143857956,1.1706309371318502,0.013982789367437364,-0.039144229143857956,9.581622123718262,0.013982789367437364,-0.039144229143857956,9.581622123718262,-0.14467413492011483,165.75557504263284,-0.001471516174113578,-0.5,-0.5014715161741136,0.6461456510942284,0.6461456510942284,0.6461456510942284,0.6461456510942284,0.6461456510942284,-0.2242962333882718,-0.2242962333882718,-0.2242962333882718,-0.2242962333882718,1.0
11500,1484.24506755,1.0493067009851322,-0.2413199245929718,1.1706309371318502,-0.002117507383227347,-0.2413199245929718,2.142404794692993,-0.002117507383227347,-0.2413199245929718,2.142404794692993,0.4798864108474592,165.77131332335816,0.00022282748141505727,-0.5,-0.49977717251858494,0.019890761671125745,0.019890761671125745,0.019890761671125745,0.019890761671125745,0.019890761671125745,0.009477009569143224,0.009477009569143224,0.009477009569143224,0.009477009569143224,1.0
11550,1484.440341771,0.10446121999107913,0.1688784807920456,1.1706309371318502,-0.018608171949163078,0.1688784807920456,-6.342834949493408,-0.018608171949163078,0.1688784807920456,-6.342834949493408,-0.06531526056439813,165.74315629491252,0.0019583781852523774,0.5,0.5019583781852524,-0.4366431176208542,-0.4366431176208542,-0.4366431176208542,-0.4366431176208542,-0.4366431176208542,-1.1486369102031528,-1.1486369102031528,-1.1486369102031528,-1.1486369102031528,1.0
11600,1484.610431623,1.8052875129694819,0.013852735981345177,1.1706309371318502,0.01107684686779976,0.013852735981345177,5.838522434234619,0.01107684686779976,0.013852735981345177,5.838522434234619,-0.04427991915438535,165.76157437390756,-0.001165673514217937,-0.5,-0.5011656735142179,0.5454455926686033,0.5454455926686033,0.5454455926686033,0.5454455926686033,0.5454455926686033,0.5772325458354427,0.5772325458354427,0.5772325458354427,0.5772325458354427,1.0
11650,1484.763646064,0.7336340872065075,-0.10837357491254807,1.1706309371318502,-0.007627033852040766,-0.10837357491254807,3.266876220703125,-0.007627033852040766,-0.10837357491254807,3.266876220703125,0.33881018977507016,165.7668902312308,0.0008026148561503946,-0.5,-0.4991973851438496,0.16038719536877943,0.16038719536877943,0.16038719536877943,0.16038719536877943,0.16038719536877943,-0.20894724283983698,-0.20894724283983698,-0.20894724283983698,-0.20894724283983698,1.0
11700,1484.921701734,-0.23550964501752047,-0.12630636990070343,1.1706309371318502,-0.02454178290441632,-0.12630636990070343,1.4123812913894653,-0.02454178290441632,-0.12630636990070343,1.4123812913894653,0.6124545673333769,165.72206429967366,0.0025830671711254997,-0.5,-0.4974169328288745,-0.11503763450450238,-0.11503763450450238,-0.11503763450450238,-0.11503763450450238,-0.11503763450450238,-0.21736029936139922,-0.21736029936139922,-0.21736029936139922,-0.21736029936139922,1.0
11750,1485.029715292,-0.8228659196793755,0.026808008551597595,1.1706309371318502,-0.03479308377951383,0.026808008551597595,-13.796181678771973,-0.03479308377951383,0.026808008551597595,-13.796181678771973,0.4712347931217804,165.67195989330347,0.003662771338730482,0.5,0.5036627713387305,-0.9748975644605109,-0.9748975644605109,-0.9748975644605109,-0.9748975644605109,-0.9748975644605109,-0.6671366279604893,-0.6671366279604893,-0.6671366279604893,-0.6671366279604893,1.0
11800,1485.087312946,-0.3541948273366437,0.24840030074119568,1.1706309371318502,-0.02661323010921478,0.24840030074119568,-2.7924299240112305,-0.02661323010921478,0.24840030074119568,-2.7924299240112305,-0.20624453747381405,165.7133352449181,0.002801188822516731,0.5,0.5028011888225167,-0.2965566513487026,-0.2965566513487026,-0.2965566513487026,-0.2965566513487026,-0.2965566513487026,-1.128102171153668,-1.128102171153668,-1.128102171153668,-1.128102171153668,1.0
11850,1485.142809111,0.5927276047942618,0.3170299530029297,1.1706309371318502,-0.010086315907537936,0.3170299530029297,-0.2108258306980133,-0.010086315907537936,0.3170299530029297,-0.2108258306980133,-0.48257302439978295,165.76330137688237,0.0010614275013161368,0.4997824867445806,0.5008439142458967,-0.018270889846113747,-0.018270889846113747,-0.018270889846113747,-0.018270889846113747,-0.018270889846113747,-0.86025944143261,-0.86025944143261,-0.86025944143261,-0.86025944143261,1.0
11900,1485.200984665,1.4493643276077075,0.2296876162290573,1.1706309371318502,0.004864815399050714,0.2296876162290573,13.092453956604004,0.004864815399050714,0.2296876162290573,13.092453956604004,-0.5316661522540668,165.7697329531377,-0.0005119327754207871,-0.5,-0.5005119327754208,1.0321780850294875,1.0321780850294875,1.0321780850294875,1.0321780850294875,1.0321780850294875,-0.5574633026260334,-0.5574633026260334,-0.5574633026260334,-0.5574633026260334,1.0
11950,1485.38218372,1.0983000747884568,-0.11240915954113007,1.1706309371318502,-0.001262411698698996,-0.11240915954113007,6.021180629730225,-0.001262411698698996,-0.11240915954113007,6.021180629730225,0.24721445936263303,165.77155143102476,0.00013284475558854414,-0.5,-0.49986715524441144,0.2526526958817784,0.2526526958817784,0.2526526958817784,0.2526526958817784,0.2526526958817784,0.463776630463935,0.463776630463935,0.463776630463935,0.463776630463935,1.0
12000,1485.580844679,0.8843790835921863,0.08361667394638062,1.1706309371318502,-0.0049960373342037186,0.08361667394638062,7.793126106262207,-0.0049960373342037186,0.08361667394638062,7.793126106262207,-0.10335064677878521,165.76962634957172,0.0005257417069296737,-0.5,-0.49947425829307035,0.6028249050718556,0.6028249050718556,0.6028249050718556,0.6028249050718556,0.6028249050718556,0.5825367595477225,0.5825367595477225,0.5825367595477225,0.5825367595477225,1.0
12050,1485.78100721,1.0096918172424698,0.033322010189294815,1.1706309371318502,-0.0028089175373315796,0.033322010189294815,7.102859020233154,-0.0028089175373315796,0.033322010189294815,7.102859020233154,-0.0434140148412986,165.77103270262484,0.0002955856161462724,-0.5,-0.4997044143838537,0.5431184292251523,0.5431184292251523,0.5431184292251523,0.5431184292251523,0.5431184292251523,0.27759267284361205,0.27759267284361205,0.27759267284361205,0.27759267284361205,1.0
12100,1486.003016897,1.1443937131239936,0.08642318099737167,1.1706309371318502,-0.0004579259455203995,0.08642318099737167,8.155401229858398,-0.0004579259455203995,0.08642318099737167,8.155401229858398,-0.13755368681943247,165.77166545195138,4.8187950541713636e-05,-0.5,-0.49995181204945827,0.6375054988688907,0.6375054988688907,0.6375054988688907,0.6375054988688907,0.6375054988688907,0.4544949117525269,0.4544949117525269,0.4544949117525269,0.4544949117525269,1.0
12150,1486.113250669,1.6511130679293688,0.07446502149105072,1.1706309371318502,0.00838599517941475,0.07446502149105072,9.6464204788208,0.00838599517941475,0.07446502149105072,9.6464204788208,-0.22165822255296433,165.765888984597,-0.0008824860969648349,-0.5,-0.5008824860969648,0.7225407086499291,0.7225407086499291,0.7225407086499291,0.7225407086499291,0.7225407086499291,0.5383657791207976,0.5383657791207976,0.5383657791207976,0.5383657791207976,1.0
12200,1486.291930318,1.5337572912187387,-0.023353336378932,1.1706309371318502,0.006337750479578973,-0.023353336378932,11.377565383911133,0.006337750479578973,-0.023353336378932,11.377565383911133,-0.04734932361756215,165.76837354024838,-0.0006669358672621567,-0.5,-0.5006669358672622,0.5480162594848244,0.5480162594848244,0.5480162594848244,0.5480162594848244,0.5480162594848244,0.32026671262494655,0.32026671262494655,0.32026671262494655,0.32026671262494655,1.0
12250,1486.465808483,1.3989930698610387,-0.14434200525283813,1.1706309371318502,0.003985671103000642,-0.14434200525283813,10.429912567138672,0.003985671103000642,-0.14434200525283813,10.429912567138672,0.16554923782894643,165.77037398328795,-0.00041941785209530436,-0.5,-0.5004194178520953,0.3348701800231489,0.3348701800231489,0.3348701800231489,0.3348701800231489,0.3348701800231489,0.5357378207884927,0.5357378207884927,0.5357378207884927,0.5357378207884927,1.0
12300,1486.631591761,0.31589851694933757,-0.11132843792438507,1.1706309371318502,-0.014917894955724476,-0.11132843792438507,0.2504238486289978,-0.014917894955724476,-0.11132843792438507,0.2504238486289978,0.4756620064878932,165.75334862706688,0.001569938523448447,-0.4999553652824289,-0.49838542675898045,0.022723420271087258,0.022723420271087258,0.022723420271087258,0.022723420271087258,0.022723420271087258,0.25164238515864856,0.25164238515864856,0.25164238515864856,0.25164238515864856,1.0
12350,1486.830608482,-0.6221377056692491,0.04262686148285866,1.1706309371318502,-0.031289715543389315,0.04262686148285866,-9.554130554199219,-0.031289715543389315,0.04262686148285866,-9.554130554199219,0.4720627538255312,165.6910297554585,0.0032937093363995195,0.5,0.5032937093363995,-0.9753564631619307,-0.9753564631619307,-0.9753564631619307,-0.9753564631619307,-0.9753564631619307,-0.5934200138800977,-0.5934200138800977,-0.5934200138800977,-0.5934200138800977,1.0
12400,1487.018457025,1.297112260653836,0.1706264317035675,1.1706309371318502,0.0022075155377388016,0.1706264317035675,-1.9282355308532715,0.0022075155377388016,0.1706264317035675,-1.9282355308532715,-0.3805257865184087,165.77128125161886,-0.00023229916202762934,0.5,0.4997677008379724,-0.11924191431956371,-0.11924191431956371,-0.11924191431956371,-0.11924191431956371,-0.11924191431956371,-0.4651478131607525,-0.4651478131607525,-0.4651478131607525,-0.4651478131607525,1.0
12450,1487.133807674,1.5154806654951367,-0.07869124412536621,1.1706309371318502,0.006018763184547426,-0.07869124412536621,-8.153525352478027,0.006018763184547426,-0.07869124412536621,-8.153525352478027,0.09749365339965517,165.76869826781353,-0.0006333672855861729,0.5,0.49936663271441384,-0.596860286114069,-0.596860286114069,-0.596860286114069,-0.596860286114069,-0.596860286114069,-0.24669026302858243,-0.24669026302858243,-0.24669026302858243,-0.24669026302858243,1.0
12500,1487.201380601,1.4317750963910436,0.08978457003831863,1.1706309371318502,0.004557825401425363,0.08978457003831863,-1.1753336191177368,0.004557825401425363,0.08978457003831863,-1.1753336191177368,-0.2792562581298846,165.76997126619275,-0.00047962723901385953,0.5,0.49952037276098615,-0.22026411463110157,-0.22026411463110157,-0.22026411463110157,-0.22026411463110157,-0.22026411463110157,-0.9170221138935873,-0.9170221138935873,-0.9170221138935873,-0.9170221138935873,1.0
12550,1487.269376339,1.6946118747105356,0.06820772588253021,1.1706309371318502,0.009145192578434946,0.06820772588253021,-2.2917559146881104,0.009145192578434946,0.06820772588253021,-2.2917559146881104,-0.27519695848496056,165.76479247342263,-0.0009623831893983742,0.5,0.4990376168106016,-0.22384065832564104,-0.22384065832564104,-0.22384065832564104,-0.22384065832564104,-0.22384065832564104,-0.41221719308673144,-0.41221719308673144,-0.41221719308673144,-0.41221719308673144,1.0
12600,1487.337214654,1.7533485133648834,0.007969367317855358,1.1706309371318502,0.010170340314507486,0.007969367317855358,-4.382170677185059,0.010170340314507486,0.007969367317855358,-4.382170677185059,-0.1475825430937298,165.76316115416805,-0.0010702703619432277,0.5,0.49892972963805676,-0.35134718654432695,-0.35134718654432695,-0.35134718654432695,-0.35134718654432695,-0.35134718654432695,-0.35935645872913385,-0.35935645872913385,-0.35935645872913385,-0.35935645872913385,1.0
12650,1487.403704894,1.6801295257925815,-0.02110183797776699,1.1706309371318502,0.008892427906394006,-0.02110183797776699,-2.647348165512085,0.008892427906394006,-0.02110183797776699,-2.647348165512085,-0.08745804890939413,165.76516808789032,-0.0009357823980077123,0.5,0.49906421760199227,-0.41160616869259814,-0.41160616869259814,-0.41160616869259814,-0.41160616869259814,-0.41160616869259814,-0.3501644643535976,-0.3501644643535976,-0.3501644643535976,-0.3501644643535976,1.0
12700,1487.528699024,1.779361182097171,-0.0624915286898613,1.1706309371318502,0.010624347031116487,-0.0624915286898613,10.573482513427734,0.010624347031116487,-0.0624915286898613,10.573482513427734,-0.09812361103590825,165.76238336941475,-0.0011180510044726752,-0.5,-0.5011180510044727,0.599241662040381,0.599241662040381,0.599241662040381,0.599241662040381,0.599241662040381,-0.12047533772823746,-0.12047533772823746,-0.12047533772823746,-0.12047533772823746,1.0
12750,1487.688113971,0.47818357150500257,-0.09186206758022308,1.1706309371318502,-0.0120854864269495,-0.09186206758022308,-9.732876777648926,-0.0120854864269495,-0.09186206758022308,-9.732876777648926,0.3790000034337705,165.75964968227353,0.0012718276532041307,0.5,0.5012718276532041,-0.8802718310869746,-0.8802718310869746,-0.8802718310869746,-0.8802718310869746,-0.8802718310869746,-0.48452260226115546,-0.48452260226115546,-0.48452260226115546,-0.48452260226115546,1.0
12800,1487.845999476,1.4853341314894044,0.17917469143867493,1.1706309371318502,0.0054926069080829636,0.17917469143867493,-0.7692350745201111,0.0054926069080829636,0.17917469143867493,-0.7692350745201111,-0.4542369735615363,165.76919725793803,-0.0005779975821330426,0.49999999999995665,0.4994220024178236,-0.04518502885628728,-0.04518502885628728,-0.04518502885628728,-0.04518502885628728,-0.04518502885628728,0.17432749451449195,0.17432749451449195,0.17432749451449195,0.17432749451449195,1.0
12850,1488.003073622,1.5073146407338576,-0.19202391803264618,1.1706309371318502,0.005876239165663721,-0.19202391803264618,2.785959005355835,0.005876239165663721,-0.19202391803264618,2.785959005355835,0.31633329795872017,165.76883793764617,-0.0006183688328419852,-0.5,-0.5006183688328419,0.18428507087412177,0.18428507087412177,0.18428507087412177,0.18428507087412177,0.18428507087412177,0.7798423627584281,0.7798423627584281,0.7798423627584281,0.7798423627584281,1.0
12900,1488.15829659,0.7851700522892222,0.020172977820038795,1.1706309371318502,-0.006727561578154562,0.020172977820038795,1.384153127670288,-0.006727561578154562,0.020172977820038795,1.384153127670288,0.052989570027975094,165.7679539518449,0.0007079577649134327,-0.5,-0.49929204223508655,0.44630247220711144,0.44630247220711144,0.44630247220711144,0.44630247220711144,0.44630247220711144,0.6774815173857641,0.6774815173857641,0.6774815173857641,0.6774815173857641,1.0
12950,1488.305564599,1.092429420475125,0.2641070485115051,1.1706309371318502,-0.0013648739457130417,0.2641070485115051,-1.5687532424926758,-0.0013648739457130417,0.2641070485115051,-1.5687532424926758,-0.44993264072949435,165.77152925296116,0.00014362696578069416,0.5,0.5001436269657807,-0.05021098623628639,-0.05021098623628639,-0.05021098623628639,-0.05021098623628639,-0.05021098623628639,-0.4630404966245629,-0.4630404966245629,-0.4630404966245629,-0.4630404966245629,1.0
13000,1488.467421277,2.096027321595768,-0.1638404130935669,1.1706309371318502,0.016151213794946672,-0.1638404130935669,4.587523937225342,0.016151213794946672,-0.1638404130935669,4.587523937225342,0.07724781612095033,165.75019188391593,-0.001699752799560866,-0.5,-0.5016997527995609,0.4244519366786106,0.4244519366786106,0.4244519366786106,0.4244519366786106,0.4244519366786106,0.962943983521655,0.962943983521655,0.962943983521655,0.962943983521655,1.0
13050,1488.631899771,1.0625614301214823,-0.041297249495983124,1.1706309371318502,-0.0018861687183380112,-0.041297249495983124,2.891204595565796,-0.0018861687183380112,-0.041297249495983124,2.891204595565796,0.13116827359680033,165.77138962949215,0.0001984834148753457,-0.5,-0.49980151658512467,0.36863324298832434,0.36863324298832434,0.36863324298832434,0.36863324298832434,0.36863324298832434,0.7772973173464699,0.7772973173464699,0.7772973173464699,0.7772973173464699,1.0
13100,1488.79293296,0.6799263887719932,-0.0036466969177126884,1.1706309371318502,-0.008564410023391245,-0.0036466969177126884,0.5589531660079956,-0.008564410023391245,-0.0036466969177126884,0.5589531660079956,0.12336798489371323,165.76563983599735,0.0009012621833084675,-0.49999999980502047,-0.499098737621712,0.3757307527279987,0.3757307527279987,0.3757307527279987,0.3757307527279987,0.3757307527279987,0.37499352305914807,0.37499352305914807,0.37499352305914807,0.37499352305914807,1.0
13150,1488.952414042,1.206358790099936,0.1160164475440979,1.1706309371318502,0.0006235686689615265,0.1160164475440979,-3.933349132537842,0.0006235686689615265,0.1160164475440979,-3.933349132537842,-0.2382140481916764,165.77165069321134,-6.561868409358122e-05,0.5,0.4999343813159064,-0.26172033312423,-0.26172033312423,-0.26172033312423,-0.26172033312423,-0.26172033312423,-0.344339149160011,-0.344339149160011,-0.344339149160011,-0.344339149160011,1.0
13200,1489.050607845,2.369329230384189,0.1370900273323059,1.1706309371318502,0.020921231955289842,0.1370900273323059,9.013877868652344,0.020921231955289842,0.1370900273323059,9.013877868652344,-0.570850514936522,165.73562392962597,-0.002201877866314873,-0.5,-0.5022018778663149,1.0730523928028368,1.0730523928028368,1.0730523928028368,1.0730523928028368,1.0730523928028368,0.6175249922001282,0.6175249922001282,0.6175249922001282,0.6175249922001282,1.0
13250,1489.127151393,2.138422519217449,-0.23877479135990143,1.1706309371318502,0.01689114958047867,-0.23877479135990143,3.2288436889648438,0.01689114958047867,-0.23877479135990143,3.2288436889648438,0.23091406046108892,165.7481777054476,-0.0017776379565165419,-0.5,-0.5017776379565165,0.2708635774954276,0.2708635774954276,0.2708635774954276,0.2708635774954276,0.2708635774954276,0.8180060859772205,0.8180060859772205,0.8180060859772205,0.8180060859772205,1.0
13300,1489.309795491,0.8242397481979,0.13806089758872986,1.1706309371318502,-0.006045666746795176,0.13806089758872986,-5.830374717712402,-0.006045666746795176,0.13806089758872986,-5.830374717712402,-0.21633300747814815,165.76867152749716,0.0006361984730262498,0.5,0.5006361984730262,-0.28430319099487805,-0.28430319099487805,-0.28430319099487805,-0.28430319099487805,-0.28430319099487805,-0.6921668733125048,-0.6921668733125048,-0.6921668733125048,-0.6921668733125048,1.0
13350,1489.493332208,1.9376508161122168,-0.2241569459438324,1.1706309371318502,0.013387022316455843,-0.2241569459438324,3.6708810329437256,0.013387022316455843,-0.2241569459438324,3.6708810329437256,0.1937445757833437,165.7569183868476,-0.0014088114489979413,-0.5,-0.501408811448998,0.30766423566565426,0.30766423566565426,0.30766423566565426,0.30766423566565426,0.30766423566565426,0.7372863896829773,0.7372863896829773,0.7372863896829773,0.7372863896829773,1.0
13400,1489.664590559,0.3723966678249195,-0.12582366168498993,1.1706309371318502,-0.013931816201657055,-0.12582366168498993,-9.715085983276367,-0.013931816201657055,-0.12582366168498993,-9.715085983276367,0.4128137086821534,165.75569226529586,0.0014661511877472474,0.5,0.5014661511877473,-0.9142798598699007,-0.9142798598699007,-0.9142798598699007,-0.9142798598699007,-0.9142798598699007,-0.4580272646638664,-0.4580272646638664,-0.4580272646638664,-0.4580272646638664,1.0
13450,1489.836620528,1.9004740964598372,0.028675323352217674,1.1706309371318502,0.01273816615343094,0.028675323352217674,8.130989074707031,0.01273816615343094,0.028675323352217674,8.130989074707031,-0.28211967764894985,165.75831490983606,-0.0013405201993305338,-0.5,-0.5013405201993305,0.7834601978482804,0.7834601978482804,0.7834601978482804,0.7834601978482804,0.7834601978482804,0.013354091389648909,0.013354091389648909,0.013354091389648909,0.013354091389648909,1.0
13500,1489.902030585,1.45021756764543,-0.1904895305633545,1.1706309371318502,0.004879707247018816,-0.1904895305633545,3.031712770462036,0.004879707247018816,-0.1904895305633545,3.031712770462036,0.3034000498251455,165.76972099785016,-0.0005134998944539965,-0.5,-0.500513499894454,0.19711345006930853,0.19711345006930853,0.19711345006930853,0.19711345006930853,0.19711345006930853,0.6221826834199641,0.6221826834199641,0.6221826834199641,0.6221826834199641,1.0
13550,1489.969694815,0.7254092587853428,-0.13687340915203094,1.1706309371318502,-0.007770584188401696,-0.13687340915203094,-12.01452350616455,-0.007770584188401696,-0.13687340915203094,-12.01452350616455,0.3924339328889564,165.76670813286543,0.0008177216707360606,0.5,0.500817721670736,-0.8932516545596925,-0.8932516545596925,-0.8932516545596925,-0.8932516545596925,-0.8932516545596925,0.09409652928921275,0.09409652928921275,0.09409652928921275,0.09409652928921275,1.0
13600,1490.06972704,1.0489971013166601,0.15847967565059662,1.1706309371318502,-0.002122910916805266,0.15847967565059662,-3.3413474559783936,-0.002122910916805266,0.15847967565059662,-3.3413474559783936,-0.30139035041086204,165.7713114356328,0.00022339610250594175,0.5,0.500223396102506,-0.19883304569164395,-0.19883304569164395,-0.19883304569164395,-0.19883304569164395,-0.19883304569164395,-0.5473537902999894,-0.5473537902999894,-0.5473537902999894,-0.5473537902999894,1.0
13650,1490.234141543,1.2678102155059523,-0.2731914818286896,1.1706309371318502,0.0016960983723402039,-0.2731914818286896,1.81674325466156,0.0016960983723402039,-0.2731914818286896,1.81674325466156,0.5095708044956734,165.77144572455995,-0.00017848208271033862,-0.5,-0.5001784820827103,-0.009392322412963061,-0.009392322412963061,-0.009392322412963061,-0.009392322412963061,-0.009392322412963061,0.5613579354493052,0.5613579354493052,0.5613579354493052,0.5613579354493052,1.0
13700,1490.402702196,0.6819044755886523,0.16603218019008636,1.1706309371318502,-0.00852988589555025,0.16603218019008636,-5.497945308685303,-0.00852988589555025,0.16603218019008636,-5.497945308685303,-0.22456774337969604,165.76568845669962,0.0008976289161660019,0.5,0.500897628916166,-0.2763298855364699,-0.2763298855364699,-0.2763298855364699,-0.2763298855364699,-0.2763298855364699,-0.910337311520776,-0.910337311520776,-0.910337311520776,-0.910337311520776,1.0
13750,1490.586096089,1.0136648529053016,-0.25529181957244873,1.1706309371318502,-0.0027395749837160095,-0.25529181957244873,2.084378480911255,-0.0027395749837160095,-0.25529181957244873,2.084378480911255,0.5367399414347909,165.7710644002598,0.0002882885830090998,-0.5,-0.4997117114169909,-0.03702823001779998,-0.03702823001779998,-0.03702823001779998,-0.03702823001779998,-0.03702823001779998,0.6361825995763977,0.6361825995763977,0.6361825995763977,0.6361825995763977,1.0
13800,1490.678609552,-0.14255530608614264,-0.1087723821401596,1.1706309371318502,-0.02291942363604903,-0.1087723821401596,-10.390633583068848,-0.02291942363604903,-0.1087723821401596,-10.390633583068848,0.5901943509360328,165.72840734157134,0.0024122495447771912,0.5,0.5024122495447771,-1.09260660048081,-1.09260660048081,-1.09260660048081,-1.09260660048081,-1.09260660048081,-0.8074778943636122,-0.8074778943636122,-0.8074778943636122,-0.8074778943636122,1.0
13850,1490.740977265,-0.29339944693649245,0.036081209778785706,1.1706309371318502,-0.025552150551229714,0.036081209778785706,-8.717517852783203,-0.025552150551229714,0.036081209778785706,-8.717517852783203,0.30962409970214244,165.71789491737374,0.002689455175016473,0.5,0.5026894551750165,-0.812313554877159,-0.812313554877159,-0.812313554877159,-0.812313554877159,-0.812313554877159,-1.0787155787278409,-1.0787155787278409,-1.0787155787278409,-1.0787155787278409,1.0
13900,1490.810186031,0.12925567379208489,0.18761329352855682,1.1706309371318502,-0.018175427094101904,0.18761329352855682,-4.705188751220703,-0.018175427094101904,0.18761329352855682,-4.705188751220703,-0.09202480047733458,165.7444676316457,0.001912824797805171,0.5,0.5019128247978052,-0.4098880243204706,-0.4098880243204706,-0.4098880243204706,-0.4098880243204706,-0.4098880243204706,-0.8770748412406025,-0.8770748412406025,-0.8770748412406025,-0.8770748412406025,1.0
13950,1490.878705437,0.9431837039731169,0.16209469735622406,1.1706309371318502,-0.003969703093171118,0.16209469735622406,-3.168972969055176,-0.003969703093171118,0.16209469735622406,-3.168972969055176,-0.28706063090276146,165.77038444885682,0.0004177374981284558,0.5,0.5004177374981285,-0.213357106595367,-0.213357106595367,-0.213357106595367,-0.213357106595367,-0.213357106595367,-0.07984730221705799,-0.07984730221705799,-0.07984730221705799,-0.07984730221705799,1.0
14000,1490.938733348,1.3959303703485226,0.09854553639888763,1.1706309371318502,0.003932216912508012,0.09854553639888763,-3.446842908859253,0.003932216912508012,0.09854553639888763,-3.446842908859253,-0.28168629438324844,165.77040885253413,-0.0004137927335754378,0.5,0.49958620726642455,-0.21789991288317612,-0.21789991288317612,-0.21789991288317612,-0.21789991288317612,-0.21789991288317612,-0.2907210959808004,-0.2907210959808004,-0.2907210959808004,-0.2907210959808004,1.0
14050,1491.08834756,2.0669960294154524,0.08942714333534241,1.1706309371318502,0.015644522160291673,0.08942714333534241,0.8337214589118958,0.015644522160291673,0.08942714333534241,0.8337214589118958,-0.41510139659886014,165.75151911608188,-0.0016464198387584038,-0.4999999999999967,-0.5016464198387551,0.9167478164376153,0.9167478164376153,0.9167478164376153,0.9167478164376153,0.9167478164376153,0.14852834398916276,0.14852834398916276,0.14852834398916276,0.14852834398916276,1.0
14100,1491.256387797,1.209842933628583,-0.1902438849210739,1.1706309371318502,0.0006843784451484695,-0.1902438849210739,3.206219434738159,0.0006843784451484695,-0.1902438849210739,3.206219434738159,0.3603560109603997,165.7716441405739,-7.201775266751302e-05,-0.5,-0.5000720177526675,0.1397160067922678,0.1397160067922678,0.1397160067922678,0.1397160067922678,0.1397160067922678,0.43246675391996,0.43246675391996,0.43246675391996,0.43246675391996,1.0
14150,1491.413372375,0.5867906763016397,0.03576727211475372,1.1706309371318502,-0.010189934857189654,0.03576727211475372,2.517625331878662,-0.010189934857189654,0.03576727211475372,2.517625331878662,0.08743585116925033,165.7631282868812,0.0010723325245554005,-0.5,-0.4989276674754446,0.41149181630619425,0.41149181630619425,0.41149181630619425,0.41149181630619425,0.41149181630619425,0.20264227065024218,0.20264227065024218,0.20264227065024218,0.20264227065024218,1.0
14200,1491.569717092,0.6177369294096453,-0.010534383356571198,1.1706309371318502,-0.009649820849299428,-0.010534383356571198,2.4880852699279785,-0.009649820849299428,-0.010534383356571198,2.4880852699279785,0.17436692726780806,165.76401109682106,0.0010154903116881295,-0.5,-0.4989845096883119,0.3246175824205038,0.3246175824205038,0.3246175824205038,0.3246175824205038,0.3246175824205038,0.16555310861787464,0.16555310861787464,0.16555310861787464,0.16555310861787464,1.0
14250,1491.72726957,0.5328784457179953,-0.006701737642288208,1.1706309371318502,-0.011130880787968634,-0.006701737642288208,3.0632364749908447,-0.011130880787968634,-0.006701737642288208,3.0632364749908447,0.17880072557217275,165.76147551535294,0.001171360245609809,-0.5,-0.4988286397543902,0.32002791418221743,0.32002791418221743,0.32002791418221743,0.32002791418221743,0.32002791418221743,0.32288926578314475,0.32288926578314475,0.32288926578314475,0.32288926578314475,1.0
14300,1491.882627023,0.645232656326325,0.042165324091911316,1.1706309371318502,-0.00916992988437414,0.042165324091911316,2.689854383468628,-0.00916992988437414,0.042165324091911316,2.689854383468628,0.06886679129519874,165.76475514765582,0.0009649865340457216,-0.5,-0.4990350134659543,0.43016822217075557,0.43016822217075557,0.43016822217075557,0.43016822217075557,0.43016822217075557,0.35502377784247807,0.35502377784247807,0.35502377784247807,0.35502377784247807,1.0
14350,1492.042001661,0.8502954791384707,0.017139842733740807,1.1706309371318502,-0.005590908452868458,0.017139842733740807,2.998461961746216,-0.005590908452868458,0.017139842733740807,2.998461961746216,0.05429571395410747,165.76910749682514,0.0005883422543747146,-0.5,-0.4994116577456253,0.4451159437915178,0.4451159437915178,0.4451159437915178,0.4451159437915178,0.4451159437915178,0.34793972797022343,0.34793972797022343,0.34793972797022343,0.34793972797022343,1.0
14400,1492.119595352,0.9347756343831254,0.041053932160139084,1.1706309371318502,-0.004116451591253279,0.041053932160139084,3.545830488204956,-0.004116451591253279,0.041053932160139084,3.545830488204956,-0.007549977606107108,165.77028668752536,0.00043318022092916865,-0.5,-0.49956681977907086,0.507116797385178,0.507116797385178,0.507116797385178,0.507116797385178,0.507116797385178,0.4759189753979076,0.4759189753979076,0.4759189753979076,0.4759189753979076,1.0
14450,1492.174280043,0.9807007591452334,0.019652506336569786,1.1706309371318502,-0.0033149069547653183,0.019652506336569786,3.388370990753174,-0.0033149069547653183,0.019652506336569786,3.388370990753174,0.01702109292554633,165.77077742305033,0.0003488318202853965,-0.5,-0.4996511681797146,0.4826300752541683,0.4826300752541683,0.4826300752541683,0.4826300752541683,0.4826300752541683,0.49909005055396705,0.49909005055396705,0.49909005055396705,0.49909005055396705,1.0
14500,1492.230831154,1.0234633995999196,0.01124214380979538,1.1706309371318502,-0.0025685580819845184,0.01124214380979538,3.8105289936065674,-0.0025685580819845184,0.01124214380979538,3.8105289936065674,0.011453061095081186,165.77113918842977,0.0002702921994082589,-0.5,-0.4997297078005917,0.4882766467055105,0.4882766467055105,0.4882766467055105,0.4882766467055105,0.4882766467055105,0.6690175621811931,0.6690175621811931,0.6690175621811931,0.6690175621811931,1.0
14550,1492.30381117,0.9852195696114314,-0.01923113502562046,1.1706309371318502,-0.003236038833856581,-0.01923113502562046,4.178813457489014,-0.003236038833856581,-0.01923113502562046,4.178813457489014,0.06343645967581338,165.77081998850764,0.0003405323707972815,-0.5,-0.4996594676292027,0.4362230079533893,0.4362230079533893,0.4362230079533893,0.4362230079533893,0.4362230079533893,0.5500227347523439,0.5500227347523439,0.5500227347523439,0.5500227347523439,1.0
14600,1492.46536434,0.8431771947237009,0.022038662806153297,1.1706309371318502,-0.00571514595299959,0.022038662806153297,4.3266706466674805,-0.00571514595299959,0.022038662806153297,4.3266706466674805,0.043085694612839974,165.7689917753282,0.0006014162890587037,-0.5,-0.4993985837109413,0.45631288909810136,0.45631288909810136,0.45631288909810136,0.45631288909810136,0.45631288909810136,0.7882860662692536,0.7882860662692536,0.7882860662692536,0.7882860662692536,1.0
14650,1492.659134808,0.9098313566474157,-0.0008237571455538273,1.1706309371318502,-0.004551811367273329,-0.0008237571455538273,4.052987575531006,-0.004551811367273329,-0.0008237571455538273,4.052987575531006,0.045677966411069165,165.7699757797404,0.00047899436393636027,-0.5,-0.49952100563606366,0.45384303922499447,0.45384303922499447,0.45384303922499447,0.45384303922499447,0.45384303922499447,0.4897083399611507,0.4897083399611507,0.4897083399611507,0.4897083399611507,1.0
14700,1492.844779296,0.7628621742122845,0.050647661089897156,1.1706309371318502,-0.0071169074997305855,0.050647661089897156,3.0329701900482178,-0.0071169074997305855,0.050647661089897156,3.0329701900482178,0.025246456401093062,165.76750987201746,0.0007489309223405126,-0.5,-0.4992510690776595,0.4740046126765664,0.4740046126765664,0.4740046126765664,0.4740046126765664,0.4740046126765664,0.7587297660839735,0.7587297660839735,0.7587297660839735,0.7587297660839735,1.0
14750,1492.930418397,0.8352690629644426,0.019975092262029648,1.1706309371318502,-0.005853168889880179,0.019975092262029648,3.390519857406616,-0.005853168889880179,0.019975092262029648,3.390519857406616,0.06505659241659502,165.76886023118294,0.0006159410448247357,-0.5,-0.4993840589551753,0.4343274665385803,0.4343274665385803,0.4343274665385803,0.4343274665385803,0.4343274665385803,0.7578188174180182,0.7578188174180182,0.7578188174180182,0.7578188174180182,1.0
14800,1492.986472886,0.803932688660953,0.011529270559549332,1.1706309371318502,-0.006400091797113417,0.011529270559549332,3.4137825965881348,-0.006400091797113417,0.011529270559549332,3.4137825965881348,0.07531929153036702,165.76830811859904,0.0006734963622608018,-0.5,-0.49932650363773917,0.42400721210737213,0.42400721210737213,0.42400721210737213,0.42400721210737213,0.42400721210737213,0.6815824905828912,0.6815824905828912,0.6815824905828912,0.6815824905828912,1.0
14850,1493.133748752,0.7688383762926342,0.029610928148031235,1.1706309371318502,-0.007012603096663949,0.029610928148031235,2.8338139057159424,-0.007012603096663949,0.029610928148031235,2.8338139057159424,0.05499274262913124,165.7676312888027,0.0007379543360118579,-0.5,-0.49926204566398813,0.4442693030348569,0.4442693030348569,0.4442693030348569,0.4442693030348569,0.4442693030348569,0.682987275924193,0.682987275924193,0.682987275924193,0.682987275924193,1.0
14900,1493.291230778,0.8750393335107228,-0.01560792326927185,1.1706309371318502,-0.005159046724438664,-0.01560792326927185,2.194777488708496,-0.005159046724438664,-0.01560792326927185,2.194777488708496,0.09044523968137903,165.76948997077315,0.0005428957657263659,-0.5,-0.49945710423427364,0.4090118645528946,0.4090118645528946,0.4090118645528946,0.4090118645528946,0.4090118645528946,0.7065738038863603,0.7065738038863603,0.7065738038863603,0.7065738038863603,1.0
14950,1493.449434759,0.8224119255429811,-0.015351519919931889,1.1706309371318502,-0.0060775682702660545,-0.015351519919931889,1.2536691427230835,-0.0060775682702660545,-0.015351519919931889,1.2536691427230835,0.08124985795254389,165.76863966499565,0.000639555620439178,-0.5,-0.49936044437956084,0.41811058642701693,0.41811058642701693,0.41811058642701693,0.41811058642701693,0.41811058642701693,0.5106553503010356,0.5106553503010356,0.5106553503010356,0.5106553503010356,1.0
15000,1493.609897413,0.8302835051180093,-0.10393034666776657,1.1706309371318502,-0.005940183289349078,-0.10393034666776657,-11.422440528869629,-0.005940183289349078,-0.10393034666776657,-11.422440528869629,0.2901507825521895,165.7687756880263,0.0006250979615943586,0.5,0.5006250979615944,-0.7907758805137839,-0.7907758805137839,-0.7907758805137839,-0.7907758805137839,-0.7907758805137839,-0.24562510639620924,-0.24562510639620924,-0.24562510639620924,-0.24562510639620924,1.0
15050,1493.668760532,1.0237695841738066,0.15265890955924988,1.1706309371318502,-0.002563214153051375,0.15265890955924988,-1.5825824737548828,-0.002563214153051375,0.15265890955924988,-1.5825824737548828,-0.27234821385318736,165.7711414477623,0.00026972984943031083,0.5,0.5002697298494303,-0.22792151599624294,-0.22792151599624294,-0.22792151599624294,-0.22792151599624294,-0.22792151599624294,-0.737056622437284,-0.737056622437284,-0.737056622437284,-0.737056622437284,1.0
15100,1493.73388727,1.7688704384188547,0.1416613608598709,1.1706309371318502,0.010441249012947084,0.1416613608598709,-2.0133798122406006,0.010441249012947084,0.1416613608598709,-2.0133798122406006,-0.4384064438481357,165.7627011314043,-0.0010987813216937223,0.5,0.4989012186783063,-0.06049477483017057,-0.06049477483017057,-0.06049477483017057,-0.06049477483017057,-0.06049477483017057,-0.5409112139246423,-0.5409112139246423,-0.5409112139246423,-0.5409112139246423,1.0
15150,1493.897443918,2.3932541023862743,-0.31099212169647217,1.1706309371318502,0.021338799744844438,-0.31099212169647217,5.4007954597473145,0.021338799744844438,-0.31099212169647217,5.4007954597473145,0.18566405964567728,165.73417022199703,-0.002245838337053284,-0.5,-0.5022458383370533,0.316581778691376,0.316581778691376,0.316581778691376,0.316581778691376,0.316581778691376,0.7656148240789094,0.7656148240789094,0.7656148240789094,0.7656148240789094,1.0
15200,1494.054778171,0.620871505991005,0.022874796763062477,1.1706309371318502,-0.009595112167298792,0.022874796763062477,-1.6511590480804443,-0.009595112167298792,0.022874796763062477,-1.6511590480804443,0.14601088273165763,165.7640978366448,0.0010097327410324806,0.5,0.5010097327410324,-0.6470206154726901,-0.6470206154726901,-0.6470206154726901,-0.6470206154726901,-0.6470206154726901,-0.7289578248880257,-0.7289578248880257,-0.7289578248880257,-0.7289578248880257,1.0
15250,1494.211254527,1.576161026576882,0.020883122459053993,1.1706309371318502,0.0070778352767229095,0.020883122459053993,-3.003977060317993,0.0070778352767229095,0.020883122459053993,-3.003977060317993,-0.17905655193016787,165.767555564482,-0.0007448191129415669,0.5,0.49925518088705845,-0.32019862895689055,-0.32019862895689055,-0.32019862895689055,-0.32019862895689055,-0.32019862895689055,-0.4079254199544749,-0.4079254199544749,-0.4079254199544749,-0.4079254199544749,1.0
15300,1494.401366782,1.6142021920460912,-0.04258943349123001,1.1706309371318502,0.007741778865456583,-0.04258943349123001,-4.038781642913818,0.007741778865456583,-0.04258943349123001,-4.038781642913818,-0.03718942220721075,165.7667449456726,-0.0008146902807337884,0.5,0.4991853097192662,-0.46199588751205545,-0.46199588751205545,-0.46199588751205545,-0.46199588751205545,-0.46199588751205545,-0.40912926841489883,-0.40912926841489883,-0.40912926841489883,-0.40912926841489883,1.0
15350,1494.575913916,1.521473622883294,0.023918505758047104,1.1706309371318502,0.00612336002290249,0.023918505758047104,-1.7228752374649048,0.00612336002290249,0.023918505758047104,-1.7228752374649048,-0.1364620364419451,165.76859363615583,-0.0006443745042779104,0.5,0.4993556254957221,-0.362893589053777,-0.362893589053777,-0.362893589053777,-0.362893589053777,-0.362893589053777,-0.2608348195407918,-0.2608348195407918,-0.2608348195407918,-0.2608348195407918,1.0
15400,1494.632350164,1.4575861678211104,-0.031363144516944885,1.1706309371318502,0.005008313581347467,-0.031363144516944885,-3.459951639175415,0.005008313581347467,-0.031363144516944885,-3.459951639175415,-0.021629578536761535,165.76961623132397,-0.0005270335791709727,0.5,0.499472966420829,-0.47784338788406744,-0.47784338788406744,-0.47784338788406744,-0.47784338788406744,-0.47784338788406744,-0.45527123780836565,-0.45527123780836565,-0.45527123780836565,-0.45527123780836565,1.0
15450,1494.702262153,1.3687233790068345,0.0368567518889904,1.1706309371318502,0.0034573653340339676,0.0368567518889904,-0.8777772784233093,0.0034573653340339676,0.0368567518889904,-0.8777772784233093,-0.1237571877007697,165.7706979400667,-0.0003638230103172116,0.49999999999999944,0.4996361769896822,-0.3758789892889125,-0.3758789892889125,-0.3758789892889125,-0.3758789892889125,-0.3758789892889125,-0.6218577605421747,-0.6218577605421747,-0.6218577605421747,-0.6218577605421747,1.0
15500,1494.847253136,1.29857616229204,0.03995192423462868,1.1706309371318502,0.0022330654412508026,0.03995192423462868,-1.151699185371399,0.0022330654412508026,0.03995192423462868,-1.151699185371399,-0.06815467422913567,165.77127190442428,-0.000234987813824133,0.5,0.49976501218617586,-0.4316103379570402,-0.4316103379570402,-0.4316103379570402,-0.4316103379570402,-0.4316103379570402,-0.5772158009299526,-0.5772158009299526,-0.5772158009299526,-0.5772158009299526,1.0
15550,1495.010329482,1.3369447499545866,0.025341354310512543,1.1706309371318502,0.0029027236253023163,0.025341354310512543,-0.5166803598403931,0.0029027236253023163,0.025341354310512543,-0.5166803598403931,-0.08612208227961489,165.77098856144568,-0.00030545699250111635,0.4999999989423479,0.4996945419498468,-0.41357245967023193,-0.41357245967023193,-0.41357245967023193,-0.41357245967023193,-0.41357245967023193,-0.5951729016294379,-0.5951729016294379,-0.5951729016294379,-0.5951729016294379,1.0
15600,1495.176494008,1.5201771676014608,0.06118542701005936,1.1706309371318502,0.006100732609629633,0.06118542701005936,-0.5441012382507324,0.006100732609629633,0.06118542701005936,-0.5441012382507324,-0.2117714368793816,165.76861642390438,-0.0006419933136677096,0.49999999964682224,0.4993580063331545,-0.2875865694537729,-0.2875865694537729,-0.2875865694537729,-0.2875865694537729,-0.2875865694537729,-0.4989613151874228,-0.4989613151874228,-0.4989613151874228,-0.4989613151874228,1.0
15650,1495.363239519,0.640950127716727,-0.2034936249256134,1.1706309371318502,-0.009244674108922478,-0.2034936249256134,1.628253698348999,-0.009244674108922478,-0.2034936249256134,1.628253698348999,0.5364421122779242,165.7646417545974,0.0009728525948691135,-0.5,-0.4990271474051309,-0.03741496487279328,-0.03741496487279328,-0.03741496487279328,-0.03741496487279328,-0.03741496487279328,0.3795378103818875,0.3795378103818875,0.3795378103818875,0.3795378103818875,1.0
15700,1495.455921349,-0.0957686770242206,0.07941841334104538,1.1706309371318502,-0.022102842913009225,0.07941841334104538,-0.6081926226615906,-0.022102842913009225,0.07941841334104538,-0.6081926226615906,0.18969241626873742,165.7314359447018,0.002326276872022681,0.4999999999727973,0.50232627684482,-0.6920186931135575,-0.6920186931135575,-0.6920186931135575,-0.6920186931135575,-0.6920186931135575,-1.1086264811570616,-1.1086264811570616,-1.1086264811570616,-1.1086264811570616,1.0
15750,1495.514175814,0.4914168495784907,0.19930660724639893,1.1706309371318502,-0.01185452215373516,0.19930660724639893,-3.682377576828003,-0.01185452215373516,0.19930660724639893,-3.682377576828003,-0.2146927041290842,165.76010520632985,0.0012475196297004436,0.5,0.5012475196297005,-0.2865548155006163,-0.2865548155006163,-0.2865548155006163,-0.2865548155006163,-0.2865548155006163,-0.7846307898103151,-0.7846307898103151,-0.7846307898103151,-0.7846307898103151,1.0
15800,1495.626272898,1.4265448790341064,0.1767227053642273,1.1706309371318502,0.004466540887951852,0.1767227053642273,-0.7899597883224487,0.004466540887951852,0.1767227053642273,-0.7899597883224487,-0.4082986223757945,165.77003913417337,-0.0004700210961175826,0.49999999999998107,0.49952997890386347,-0.09123135652806896,-0.09123135652806896,-0.09123135652806896,-0.09123135652806896,-0.09123135652806896,-0.26610604646363195,-0.26610604646363195,-0.26610604646363195,-0.26610604646363195,1.0
15850,1495.796443617,1.1085647818939282,-0.1951397806406021,1.1706309371318502,-0.001083258762955664,-0.1951397806406021,4.469292163848877,-0.001083258762955664,-0.1951397806406021,4.469292163848877,0.41748202718451033,165.7715860523278,0.00011399230993877904,-0.5,-0.4998860076900612,0.08240398050555087,0.08240398050555087,0.08240398050555087,0.08240398050555087,0.08240398050555087,0.48223345788503236,0.48223345788503236,0.48223345788503236,0.48223345788503236,1.0
15900,1495.951594281,-0.13507752960544808,0.05363462492823601,1.1706309371318502,-0.022788911815732716,0.05363462492823601,-2.6975109577178955,-0.022788911815732716,0.05363462492823601,-2.6975109577178955,0.36877025641495764,165.7288987697179,0.0023985085609882478,0.5,0.5023985085609882,-0.8711687649759459,-0.8711687649759459,-0.8711687649759459,-0.8711687649759459,-0.8711687649759459,-0.537219774326428,-0.537219774326428,-0.537219774326428,-0.537219774326428,1.0
15950,1496.154016375,1.65007530606235,0.18213403224945068,1.1706309371318502,0.008367882817983629,0.18213403224945068,11.725948333740234,0.008367882817983629,0.18213403224945068,11.725948333740234,-0.4881520730369628,165.76591398447715,-0.000880579984807453,-0.5,-0.5008805799848075,0.9890326530217703,0.9890326530217703,0.9890326530217703,0.9890326530217703,0.9890326530217703,0.009286484279431156,0.009286484279431156,0.009286484279431156,0.009286484279431156,1.0
16000,1496.323206464,1.6201232190045518,-0.2061971127986908,1.1706309371318502,0.007845120280981069,-0.2061971127986908,4.660109043121338,0.007845120280981069,-0.2061971127986908,4.660109043121338,0.29394692353393587,165.76661224219134,-0.0008255656427144397,-0.5,-0.5008255656427144,0.20687864210877854,0.20687864210877854,0.20687864210877854,0.20687864210877854,0.20687864210877854,0.7456978909345215,0.7456978909345215,0.7456978909345215,0.7456978909345215,1.0
16050,1496.420361588,0.654331855682957,-0.07990790158510208,1.1706309371318502,-0.00901111889630556,-0.07990790158510208,2.030694007873535,-0.00901111889630556,-0.07990790158510208,2.030694007873535,0.3550646520913579,165.76499302116483,0.0009482733464257994,-0.5,-0.4990517266535742,0.14398707456221632,0.14398707456221632,0.14398707456221632,0.14398707456221632,0.14398707456221632,0.00795048216823574,0.00795048216823574,0.00795048216823574,0.00795048216823574,1.0
16100,1496.615042665,0.2986341199246461,-0.06069497391581535,1.1706309371318502,-0.015219215527176855,-0.06069497391581535,2.6769917011260986,-0.015219215527176855,-0.06069497391581535,2.6769917011260986,0.35383481217709795,165.7526005152118,0.0016016538862338922,-0.5,-0.4983983461137661,0.14456353393666815,0.14456353393666815,0.14456353393666815,0.14456353393666815,0.14456353393666815,0.017327181241612356,0.017327181241612356,0.017327181241612356,0.017327181241612356,1.0
16150,1496.802159956,-0.44086435169497845,-0.09583760052919388,1.1706309371318502,-0.028125898670405148,-0.09583760052919388,1.005577564239502,-0.028125898670405148,-0.09583760052919388,1.005577564239502,0.590591476150782,165.70651437167092,0.0029604865063760162,-0.5,-0.49703951349362396,-0.09355196265715804,-0.09355196265715804,-0.09355196265715804,-0.09355196265715804,-0.09355196265715804,-0.15506105964943598,-0.15506105964943598,-0.15506105964943598,-0.15506105964943598,1.0
16200,1496.968142887,-1.1747986203794227,-0.023515503853559494,1.1706309371318502,-0.04093546815216541,-0.023515503853559494,0.7783195972442627,-0.04093546815216541,-0.023515503853559494,0.7783195972442627,0.6701773154600558,165.63364701669326,0.004310061023226515,-0.49999999999996986,-0.49568993897674335,-0.17448737648331242,-0.17448737648331242,-0.17448737648331242,-0.17448737648331242,-0.17448737648331242,-0.4074196715787441,-0.4074196715787441,-0.4074196715787441,-0.4074196715787441,1.0
16250,1497.17039425,-0.0011866610539733315,0.3010890483856201,1.1706309371318502,-0.02045207532115455,0.3010890483856201,-3.9009132385253906,-0.02045207532115455,0.3010890483856201,-3.9009132385253906,-0.27958578473264767,165.7372229710048,0.0021524871611048003,0.5,0.5021524871611048,-0.22256670242845716,-0.22256670242845716,-0.22256670242845716,-0.22256670242845716,-0.22256670242845716,-0.961209870869965,-0.961209870869965,-0.961209870869965,-0.961209870869965,1.0
16300,1497.382883444,0.6519042570415464,-0.14492999017238617,1.1706309371318502,-0.009053488485515116,-0.14492999017238617,3.6161887645721436,-0.009053488485515116,-0.14492999017238617,3.6161887645721436,0.4651264228885692,165.7649299647236,0.0009527322957759393,-0.5,-0.4990472677042241,0.03392084481565488,0.03392084481565488,0.03392084481565488,0.03392084481565488,0.03392084481565488,0.4411082937751696,0.4411082937751696,0.4411082937751696,0.4411082937751696,1.0
16350,1497.549557519,-0.7404533907625305,0.06891100108623505,1.1706309371318502,-0.03335471380501985,0.06891100108623505,-5.169775485992432,-0.03335471380501985,0.06891100108623505,-5.169775485992432,0.42609899048895605,165.6800339340334,0.003511236105722693,0.5,0.5035112361057227,-0.9296102265946787,-0.9296102265946787,-0.9296102265946787,-0.9296102265946787,-0.9296102265946787,-0.7392983718058034,-0.7392983718058034,-0.7392983718058034,-0.7392983718058034,1.0
16400,1497.604844621,-0.3073906892448669,0.21728190779685974,1.1706309371318502,-0.02579634379595518,0.21728190779685974,-4.717025279998779,-0.02579634379595518,0.21728190779685974,-4.717025279998779,-0.021943469593563025,165.7168619984684,0.0027151686360133045,0.5,0.5027151686360133,-0.48077169904245026,-0.48077169904245026,-0.48077169904245026,-0.48077169904245026,-0.48077169904245026,-0.9309611662597539,-0.9309611662597539,-0.9309611662597539,-0.9309611662597539,1.0
16450,1497.660392683,0.15502569738606534,0.21563594043254852,1.1706309371318502,-0.017725655334070323,0.21563594043254852,-3.3375887870788574,-0.017725655334070323,0.21563594043254852,-3.3375887870788574,-0.14145754520467912,165.74579786851533,0.001865479805923046,0.5,0.501865479805923,-0.3604079346012439,-0.3604079346012439,-0.3604079346012439,-0.3604079346012439,-0.3604079346012439,-0.8622927419315674,-0.8622927419315674,-0.8622927419315674,-0.8622927419315674,1.0
16500,1497.755947315,1.0778519825173196,0.15663796663284302,1.1706309371318502,-0.0016192982345819423,0.15663796663284302,-2.218040943145752,-0.0016192982345819423,0.15663796663284302,-2.218040943145752,-0.3127471277639594,165.7714667018735,0.00017040031512471272,0.5,0.5001704003151247,-0.1874232725511653,-0.1874232725511653,-0.1874232725511653,-0.1874232725511653,-0.1874232725511653,-0.4361261715736753,-0.4361261715736753,-0.4361261715736753,-0.4361261715736753,1.0
16550,1497.96977214,1.054748974371457,-0.2487330585718155,1.1706309371318502,-0.002022521793842314,-0.2487330585718155,4.011656284332275,-0.002022521793842314,-0.2487330585718155,4.011656284332275,0.4756594125748817,165.77134572099965,0.00021283202243278733,-0.5,-0.4997871679775672,0.024127755402685525,0.024127755402685525,0.024127755402685525,0.024127755402685525,0.024127755402685525,0.4743776899899848,0.4743776899899848,0.4743776899899848,0.4743776899899848,1.0
16600,1498.178057058,0.31674698119072653,0.1739005744457245,1.1706309371318502,-0.014903086461126803,0.1739005744457245,-2.8987364768981934,-0.014903086461126803,0.1739005744457245,-2.8987364768981934,-0.14194328735582806,165.75338500762288,0.001568379869264485,0.5,0.5015683798692645,-0.35962509251343644,-0.35962509251343644,-0.35962509251343644,-0.35962509251343644,-0.35962509251343644,-1.0513215972072694,-1.0513215972072694,-1.0513215972072694,-1.0513215972072694,1.0
16650,1498.358438472,1.249137652253901,-0.1839854121208191,1.1706309371318502,0.0013702006638050095,-0.1839854121208191,6.462933540344238,0.0013702006638050095,-0.1839854121208191,6.462933540344238,0.30278700961936983,165.77152805268454,-0.00014418750201672392,-0.5,-0.5001441875020167,0.1973571778826469,0.1973571778826469,0.1973571778826469,0.1973571778826469,0.1973571778826469,0.11038785439412556,0.11038785439412556,0.11038785439412556,0.11038785439412556,1.0
16700,1498.513347971,-0.9869155909597103,-0.08692498505115509,1.1706309371318502,-0.037656290680170054,-0.08692498505115509,-13.465475082397461,-0.037656290680170054,-0.08692498505115509,-13.465475082397461,0.8316760464648563,165.65487371954234,0.0039644614407570835,0.5,0.5039644614407571,-1.3356405079056133,-1.3356405079056133,-1.3356405079056133,-1.3356405079056133,-1.3356405079056133,-1.2601046681754637,-1.2601046681754637,-1.2601046681754637,-1.2601046681754637,1.0
16750,1498.671041025,0.5547589033632783,0.33084821701049805,1.1706309371318502,-0.010748994760215281,0.33084821701049805,-3.2605903148651123,-0.010748994760215281,0.33084821701049805,-3.2605903148651123,-0.5367209818470493,165.76216388629936,0.0011311692784504754,0.5,0.5011311692784505,0.03558981256859883,0.03558981256859883,0.03558981256859883,0.03558981256859883,0.03558981256859883,-0.4849165491241584,-0.4849165491241584,-0.4849165491241584,-0.4849165491241584,1.0
16800,1498.774737587,1.9742471831285566,0.03311099857091904,1.1706309371318502,0.014025749415159227,0.03311099857091904,8.988056182861328,0.014025749415159227,0.03311099857091904,8.988056182861328,-0.23985630606971162,165.75547591526077,-0.0014760377761514985,-0.5,-0.5014760377761515,0.7413323438458631,0.7413323438458631,0.7413323438458631,0.7413323438458631,0.7413323438458631,0.8628874118968279,0.8628874118968279,0.8628874118968279,0.8628874118968279,1.0
16850,1498.833735401,1.4752632310016323,-0.2207283228635788,1.1706309371318502,0.005316836535930635,-0.2207283228635788,5.424942493438721,0.005316836535930635,-0.2207283228635788,5.424942493438721,0.35791194273878807,165.76935378861813,-0.0005595005768826945,-0.5,-0.5005595005768827,0.14264755783809463,0.14264755783809463,0.14264755783809463,0.14264755783809463,0.14264755783809463,0.8686883889035669,0.8686883889035669,0.8686883889035669,0.8686883889035669,1.0
16900,1498.999156369,-0.29919793069628947,-0.12011102586984634,1.1706309371318502,-0.025653353184461592,-0.12011102586984634,-16.897254943847656,-0.025653353184461592,-0.12011102586984634,-16.897254943847656,0.6824094098015885,165.71746802972547,0.002700111737194779,0.5,0.5027001117371948,-1.1851095215387832,-1.1851095215387832,-1.1851095215387832,-1.1851095215387832,-1.1851095215387832,-0.345471106851696,-0.345471106851696,-0.345471106851696,-0.345471106851696,1.0
16950,1499.191050036,1.2390259840745204,0.3764674961566925,1.1706309371318502,0.0011937187612056782,0.3764674961566925,-1.4611257314682007,0.0011937187612056782,0.3764674961566925,-1.4611257314682007,-0.7342624929039447,165.77156533106287,-0.0001256161269730885,0.5,0.4998743838730269,0.23438810903091783,0.23438810903091783,0.23438810903091783,0.23438810903091783,0.23438810903091783,-0.2335616798060265,-0.2335616798060265,-0.2335616798060265,-0.2335616798060265,1.0
17000,1499.371778711,1.4004576118294774,-0.15861988067626953,1.1706309371318502,0.004011232182383539,-0.15861988067626953,2.531132221221924,0.004011232182383539,-0.15861988067626953,2.531132221221924,0.2587898159965696,165.77035714288587,-0.00042210770941924846,-0.5,-0.5004221077094192,0.2416322917128496,0.2416322917128496,0.2416322917128496,0.2416322917128496,0.2416322917128496,1.0895450962036703,1.0895450962036703,1.0895450962036703,1.0895450962036703,1.0
17050,1499.545423445,1.1734627847881562,0.2607680559158325,1.1706309371318502,4.9425065517427064e-05,0.2607680559158325,-3.807377815246582,4.9425065517427064e-05,0.2607680559158325,-3.807377815246582,-0.49040657892401507,165.77168252669142,-5.201042816910131e-06,0.5,0.4999947989571831,-0.009588220033168005,-0.009588220033168005,-0.009588220033168005,-0.009588220033168005,-0.009588220033168005,-0.396457326699177,-0.396457326699177,-0.396457326699177,-0.396457326699177,1.0
17100,1499.601882018,1.7407951592789288,0.22714842855930328,1.1706309371318502,0.009951242953538896,0.22714842855930328,-0.8704481720924377,0.009951242953538896,0.22714842855930328,-0.8704481720924377,-0.6038896323594509,165.76352435308985,-0.0010472122424593623,0.4999999999999992,0.4989527877575399,0.10493684460191105,0.10493684460191105,0.10493684460191105,0.10493684460191105,0.10493684460191105,-0.21928971573874118,-0.21928971573874118,-0.21928971573874118,-0.21928971573874118,1.0
17150,1499.656694983,2.5091841838293703,0.08643966168165207,1.1706309371318502,0.02336216136813164,0.08643966168165207,5.2513837814331055,0.02336216136813164,0.08643966168165207,5.2513837814331055,-0.5549913295567281,165.72671935659702,-0.0024588639553796156,-0.5,-0.5024588639553796,1.057450193512108,1.057450193512108,1.057450193512108,1.057450193512108,1.057450193512108,0.8021768969558791,0.8021768969558791,0.8021768969558791,0.8021768969558791,1.0
17200,1499.714881884,2.4274827416381473,-0.09351947158575058,1.1706309371318502,0.02193620219826699,-0.09351947158575058,3.2481133937835693,0.02193620219826699,-0.09351947158575058,3.2481133937835693,-0.14539943589827078,165.73204050064967,-0.0023087326958846142,-0.5,-0.5023087326958846,0.6477081685941554,0.6477081685941554,0.6477081685941554,0.6477081685941554,0.6477081685941554,0.9983524331139271,0.9983524331139271,0.9983524331139271,0.9983524331139271,1.0
17250,1499.770805574,2.114295302861202,-0.0658579170703888,1.1706309371318502,0.016470050215721132,-0.0658579170703888,3.971343755722046,0.016470050215721132,-0.0658579170703888,3.971343755722046,-0.12268705111966371,165.74933503937697,-0.0017333130815788637,-0.5,-0.5017333130815789,0.6244203642012426,0.6244203642012426,0.6244203642012426,0.6244203642012426,0.6244203642012426,0.9704928405721781,0.9704928405721781,0.9704928405721781,0.9704928405721781,1.0
17300,1499.828888977,1.8316913167534585,-0.09062371402978897,1.1706309371318502,0.011537680178880693,-0.09062371402978897,3.4039466381073,0.011537680178880693,-0.09062371402978897,3.4039466381073,0.008722486258182838,165.7607158059094,-0.001214173551455119,-0.5,-0.5012141735514551,0.4924916872932723,0.4924916872932723,0.4924916872932723,0.4924916872932723,0.4924916872932723,0.7804562155039261,0.7804562155039261,0.7804562155039261,0.7804562155039261,1.0
17350,1499.978742106,1.26340965268976,-0.019910216331481934,1.1706309371318502,0.0016192940622568146,-0.019910216331481934,3.8641953468322754,0.0016192940622568146,-0.019910216331481934,3.8641953468322754,0.04387571441699768,165.77146670298671,-0.00017039987606615452,-0.5,-0.5001703998760662,0.4562946854590685,0.4562946854590685,0.4562946854590685,0.4562946854590685,0.4562946854590685,0.6370874069529111,0.6370874069529111,0.6370874069529111,0.6370874069529111,1.0
17400,1500.135246496,1.0023350631761314,-0.033404335379600525,1.1706309371318502,-0.0029373171180486664,-0.033404335379600525,2.911351442337036,-0.0029373171180486664,-0.033404335379600525,2.911351442337036,0.08004585223420185,165.7709719172714,0.0003090973267158844,-0.5,-0.49969090267328414,0.4196450504390823,0.4196450504390823,0.4196450504390823,0.4196450504390823,0.4196450504390823,0.35135550506389923,0.35135550506389923,0.35135550506389923,0.35135550506389923,1.0
17450,1500.29376703,1.210027989066408,-0.02133392170071602,1.1706309371318502,0.000687608271837236,-0.02133392170071602,3.378025531768799,0.000687608271837236,-0.02133392170071602,3.378025531768799,0.04731946304461633,165.77164377549926,-7.235763030942774e-05,-0.5,-0.5000723576303094,0.4527528945856931,0.4527528945856931,0.4527528945856931,0.4527528945856931,0.4527528945856931,0.8123501434292597,0.8123501434292597,0.8123501434292597,0.8123501434292597,1.0
17500,1500.44831362,1.3059696286251672,-0.010790660046041012,1.1706309371318502,0.002362105771899225,-0.010790660046041012,5.870761394500732,0.002362105771899225,-0.010790660046041012,5.870761394500732,-0.013530596961191407,165.77122305276004,-0.0002485669115759135,-0.5,-0.5002485669115759,0.5137791638727673,0.5137791638727673,0.5137791638727673,0.5137791638727673,0.5137791638727673,0.7592716993589241,0.7592716993589241,0.7592716993589241,0.7592716993589241,1.0
17550,1500.593298764,1.3811084329627719,-0.02689322829246521,1.1706309371318502,0.0036735253036022236,-0.02689322829246521,7.425983428955078,0.0036735253036022236,-0.02689322829246521,7.425983428955078,-0.03224235924873932,165.7705709497206,-0.00038656999934985045,-0.5,-0.5003865699993498,0.5326289292480891,0.5326289292480891,0.5326289292480891,0.5326289292480891,0.5326289292480891,0.6414848380139423,0.6414848380139423,0.6414848380139423,0.6414848380139423,1.0
17600,1500.649868985,1.3741368375325986,0.026401767507195473,1.1706309371318502,0.003551848009228708,0.026401767507195473,6.996740341186523,0.003551848009228708,0.026401767507195473,6.996740341186523,-0.0920154853761376,165.7706433802186,-0.0003737656257697185,-0.5,-0.5003737656257697,0.5923892510019073,0.5923892510019073,0.5923892510019073,0.5923892510019073,0.5923892510019073,0.9329523451234745,0.9329523451234745,0.9329523451234745,0.9329523451234745,1.0
17650,1500.742707941,1.4768368425533798,0.027084503322839737,1.1706309371318502,0.005344301238656049,0.027084503322839737,8.436838150024414,0.005344301238656049,0.027084503322839737,8.436838150024414,-0.15579092133409364,165.76932966574776,-0.0005623907929201036,-0.5,-0.5005623907929201,0.6563533121270138,0.6563533121270138,0.6563533121270138,0.6563533121270138,0.6563533121270138,0.8476301655220967,0.8476301655220967,0.8476301655220967,0.8476301655220967,1.0
17700,1500.910418483,1.6564282357641082,0.010254818946123123,1.1706309371318502,0.00847876235842705,0.010254818946123123,11.0913724899292,0.00847876235842705,0.010254818946123123,11.0913724899292,-0.13655033567799882,165.7657600938068,-0.0008922487561195375,-0.5,-0.5008922487561195,0.6374425844341183,0.6374425844341183,0.6374425844341183,0.6374425844341183,0.6374425844341183,0.39442058589950196,0.39442058589950196,0.39442058589950196,0.39442058589950196,1.0
17750,1501.06535679,1.9570803564233759,-0.17580485343933105,1.1706309371318502,0.013726131767034532,-0.17580485343933105,11.3538179397583,0.013726131767034532,-0.17580485343933105,11.3538179397583,0.07188357223761344,165.75616092770485,-0.001444502732627992,-0.5,-0.501444502732628,0.42956093049501454,0.42956093049501454,0.42956093049501454,0.42956093049501454,0.42956093049501454,0.5787949921871476,0.5787949921871476,0.5787949921871476,0.5787949921871476,1.0
17800,1501.24747327,0.49577771192013226,0.03565724194049835,1.1706309371318502,-0.011778410747647284,0.03565724194049835,6.079817295074463,-0.011778410747647284,0.03565724194049835,6.079817295074463,0.145661686300393,165.76025339323962,0.001239509251649129,-0.5,-0.4987604907483509,0.3530988044479579,0.3530988044479579,0.3530988044479579,0.3530988044479579,0.3530988044479579,0.018533691822400652,0.018533691822400652,0.018533691822400652,0.018533691822400652,1.0
17850,1501.406671062,1.0536383215793896,-0.09256214648485184,1.1706309371318502,-0.0020419063419103607,-0.09256214648485184,2.822211980819702,-0.0020419063419103607,-0.09256214648485184,2.822211980819702,0.20440682950687078,165.77133923006235,0.00021487188370486723,-0.5,-0.4997851281162951,0.29537829860942433,0.29537829860942433,0.29537829860942433,0.29537829860942433,0.29537829860942433,0.14190719779289937,0.14190719779289937,0.14190719779289937,0.14190719779289937,1.0
17900,1501.568630706,0.45906747284372357,0.06071782857179642,1.1706309371318502,-0.012419125288724898,0.06071782857179642,-4.820637226104736,-0.012419125288724898,0.06071782857179642,-4.820637226104736,0.14286684506591635,165.75897613796684,0.0013069419857268602,0.5,0.5013069419857269,-0.6441737870516433,-0.6441737870516433,-0.6441737870516433,-0.6441737870516433,-0.6441737870516433,-0.5081129531770392,-0.5081129531770392,-0.5081129531770392,-0.5081129531770392,1.0
17950,1501.62537702,0.8857385580412833,0.0793423056602478,1.1706309371318502,-0.00497231002897024,0.0793423056602478,-4.830962657928467,-0.00497231002897024,0.0793423056602478,-4.830962657928467,-0.11728575548216648,165.76964583555673,0.0005232448004098384,0.5,0.5005232448004099,-0.3832374893182434,-0.3832374893182434,-0.3832374893182434,-0.3832374893182434,-0.3832374893182434,-0.6854369621082226,-0.6854369621082226,-0.6854369621082226,-0.6854369621082226,1.0
18000,1501.681133643,1.127635950717073,0.08827242255210876,1.1706309371318502,-0.000750404074788092,0.08827242255210876,-3.506941080093384,-0.000750404074788092,0.08827242255210876,-3.506941080093384,-0.16062849180223582,165.77163633596453,7.896569088779595e-05,0.5,0.5000789656908878,-0.339450473888652,-0.339450473888652,-0.339450473888652,-0.339450473888652,-0.339450473888652,-0.6251240980907595,-0.6251240980907595,-0.6251240980907595,-0.6251240980907595,1.0
18050,1501.738827277,1.4560331535585787,0.07469218969345093,1.1706309371318502,0.004981208369135858,0.07469218969345093,-2.148681163787842,0.004981208369135858,0.07469218969345093,-2.148681163787842,-0.24563243236983867,165.76963853868997,-0.0005241812035002704,0.5,0.4994758187964997,-0.25384338642666104,-0.25384338642666104,-0.25384338642666104,-0.25384338642666104,-0.25384338642666104,-0.4020125198493182,-0.4020125198493182,-0.4020125198493182,-0.4020125198493182,1.0
18100,1501.794382921,1.6199098823146947,0.003372971434146166,1.1706309371318502,0.007841396853327756,0.003372971434146166,-1.4310427904129028,0.007841396853327756,0.003372971434146166,-1.4310427904129028,-0.138734790704107,165.7666170541022,-0.0008251737992840879,0.5,0.4991748262007159,-0.3604400354966089,-0.3604400354966089,-0.3604400354966089,-0.3604400354966089,-0.3604400354966089,-0.23141895770946547,-0.23141895770946547,-0.23141895770946547,-0.23141895770946547,1.0
18150,1501.860909604,1.6341585106969874,-0.02567370794713497,1.1706309371318502,0.008090082332491876,-0.02567370794713497,-0.874658465385437,0.008090082332491876,-0.02567370794713497,-0.874658465385437,-0.07800615730249863,165.76629065082153,-0.0008513448351645748,0.49999999999999933,0.49914865516483475,-0.42114249786233615,-0.42114249786233615,-0.42114249786233615,-0.42114249786233615,-0.42114249786233615,-0.405762679021164,-0.405762679021164,-0.405762679021164,-0.405762679021164,1.0
18200,1501.92845392,1.4397285315144062,-0.037109848111867905,1.1706309371318502,0.0046966390311718,-0.037109848111867905,-1.3758670091629028,0.0046966390311718,-0.037109848111867905,-1.3758670091629028,0.006596558156433424,165.7698654299455,-0.0004942350284755585,0.5,0.49950576497152444,-0.5061023231279579,-0.5061023231279579,-0.5061023231279579,-0.5061023231279579,-0.5061023231279579,-0.5778449847757966,-0.5778449847757966,-0.5778449847757966,-0.5778449847757966,1.0
18250,1501.987577091,1.2837523039155851,-0.035368505865335464,1.1706309371318502,0.0019743403047323242,-0.035368505865335464,7.925263404846191,0.0019743403047323242,-0.035368505865335464,7.925263404846191,0.033250840646888435,165.77136158642332,-0.00020776182218486524,-0.5,-0.5002077618221848,0.4669569211752964,0.4669569211752964,0.4669569211752964,0.4669569211752964,0.4669569211752964,-0.29524068926762365,-0.29524068926762365,-0.29524068926762365,-0.29524068926762365,1.0
18300,1502.126364268,0.43498459935622885,-0.14013266563415527,1.1706309371318502,-0.01283945072442293,-0.14013266563415527,-5.12496280670166,-0.01283945072442293,-0.14013266563415527,-5.12496280670166,0.4992345303999964,165.75810148541433,0.001351180190818995,0.5,0.501351180190819,-1.0005857105908154,-1.0005857105908154,-1.0005857105908154,-1.0005857105908154,-1.0005857105908154,0.09064543380297024,0.09064543380297024,0.09064543380297024,0.09064543380297024,1.0
18350,1502.282038462,0.4464585967903362,0.16606169939041138,1.1706309371318502,-0.012639191690832375,0.16606169939041138,-5.453529357910156,-0.012639191690832375,0.16606169939041138,-5.453529357910156,-0.10562594435865008,165.75852183365416,0.0013301033683049456,0.5,0.501330103368305,-0.3957041590096549,-0.3957041590096549,-0.3957041590096549,-0.3957041590096549,-0.3957041590096549,-0.7555133683781386,-0.7555133683781386,-0.7555133683781386,-0.7555133683781386,1.0
18400,1502.474255448,1.84017654613673,0.07597555965185165,1.1706309371318502,0.011685775369405748,0.07597555965185165,0.6756399273872375,0.011685775369405748,0.07597555965185165,0.6756399273872375,-0.3466114420348874,165.76043246412965,-0.0012297598201528395,-0.49999999999816797,-0.5012297598183209,0.8478412018532082,0.8478412018532082,0.8478412018532082,0.8478412018532082,0.8478412018532082,-0.35929413467495086,-0.35929413467495086,-0.35929413467495086,-0.35929413467495086,1.0
18450,1502.644095771,0.6296334647573678,-0.17083853483200073,1.1706309371318502,-0.009442187137901781,-0.17083853483200073,0.8358002305030823,-0.009442187137901781,-0.17083853483200073,0.8358002305030823,0.4852168076668643,165.76433768123835,0.0009936388616484527,-0.499999999999997,-0.49900636113834856,0.01378955347148425,0.01378955347148425,0.01378955347148425,0.01378955347148425,0.01378955347148425,0.11465356782031427,0.11465356782031427,0.11465356782031427,0.11465356782031427,1.0
18500,1502.69874141,0.2618457605596054,-0.07800596207380295,1.1706309371318502,-0.015861293524503706,-0.07800596207380295,0.16960936784744263,-0.015861293524503706,-0.07800596207380295,0.16960936784744263,0.3956788694068536,165.75095648041847,0.0016692364891862483,-0.4988699635490737,-0.49720072705988744,0.10152185765303384,0.10152185765303384,0.10152185765303384,0.10152185765303384,0.10152185765303384,-0.2987224062136538,-0.2987224062136538,-0.2987224062136538,-0.2987224062136538,1.0
18550,1502.802670058,-0.021378113573589718,-0.027000904083251953,1.1706309371318502,-0.020804482648381962,-0.027000904083251953,1.1934924125671387,-0.020804482648381962,-0.027000904083251953,1.1934924125671387,0.366450782795506,165.7360252388756,0.002189586934196612,-0.5,-0.49781041306580337,0.13135963027029735,0.13135963027029735,0.13135963027029735,0.13135963027029735,0.13135963027029735,0.22980110881535049,0.22980110881535049,0.22980110881535049,0.22980110881535049,1.0
18600,1502.957416786,-0.5231633553972984,-0.03895920515060425,1.1706309371318502,-0.029562287256121634,-0.03895920515060425,-10.33222484588623,-0.029562287256121634,-0.03895920515060425,-10.33222484588623,0.5426834634874396,165.6996886095487,0.0031117636443857956,0.5,0.5031117636443858,-1.0457952271318254,-1.0457952271318254,-1.0457952271318254,-1.0457952271318254,-1.0457952271318254,-0.2677231416864368,-0.2677231416864368,-0.2677231416864368,-0.2677231416864368,1.0
18650,1503.163232868,1.6532666052303329,0.13078616559505463,1.1706309371318502,0.008423581495881082,0.13078616559505463,5.285699367523193,0.008423581495881082,0.13078616559505463,5.285699367523193,-0.43014537424588734,165.76583693300577,-0.0008864416147601132,-0.5,-0.5008864416147601,0.9310318158606474,0.9310318158606474,0.9310318158606474,0.9310318158606474,0.9310318158606474,0.2508170306733336,0.2508170306733336,0.2508170306733336,0.2508170306733336,1.0
18700,1503.36207392,0.2249839499805606,-0.053751133382320404,1.1706309371318502,-0.016504653487354515,-0.053751133382320404,0.6698480248451233,-0.016504653487354515,-0.053751133382320404,0.6698480248451233,0.3853852413562302,165.74924103870265,0.0017369553951293072,-0.49999999999769035,-0.49826304460256104,0.11287780324633084,0.11287780324633084,0.11287780324633084,0.11287780324633084,0.11287780324633084,-0.33795554084419094,-0.33795554084419094,-0.33795554084419094,-0.33795554084419094,1.0
18750,1503.514268558,-0.10039338210298036,-0.06404265761375427,1.1706309371318502,-0.022183559243567286,-0.06404265761375427,1.2230818271636963,-0.022183559243567286,-0.06404265761375427,1.2230818271636963,0.447391587458631,165.73114146938366,0.0023347748503602197,-0.5,-0.4976652251496398,0.05027363769100879,0.05027363769100879,0.05027363769100879,0.05027363769100879,0.05027363769100879,-0.27087623749795453,-0.27087623749795453,-0.27087623749795453,-0.27087623749795453,1.0
18800,1503.672626187,-0.540361078036303,-0.07166673988103867,1.1706309371318502,-0.02986244414001703,-0.07166673988103867,0.16740559041500092,-0.02986244414001703,-0.07166673988103867,0.16740559041500092,0.5907660937543688,165.69821933074888,0.003143377064196858,-0.49876595566096626,-0.4956225785967694,-0.09514351515759945,-0.09514351515759945,-0.09514351515759945,-0.09514351515759945,-0.09514351515759945,-0.2388217074485906,-0.2388217074485906,-0.2388217074485906,-0.2388217074485906,1.0
18850,1503.732226467,-0.7989183693148116,0.11981482058763504,1.1706309371318502,-0.03437512017786502,0.11981482058763504,-7.9494242668151855,-0.03437512017786502,0.11981482058763504,-7.9494242668151855,0.4225433675004556,165.6743411760354,0.003618736492059159,0.5,0.5036187364920591,-0.9261621039925148,-0.9261621039925148,-0.9261621039925148,-0.9261621039925148,-0.9261621039925148,-0.8015367069800892,-0.8015367069800892,-0.8015367069800892,-0.8015367069800892,1.0
18900,1503.787817985,-0.29190622350962486,0.27243316173553467,1.1706309371318502,-0.02552608888596296,0.27243316173553467,-4.6722331047058105,-0.02552608888596296,0.27243316173553467,-4.6722331047058105,-0.11910227095740406,165.71800457616413,0.0026867109098577383,0.5,0.5026867109098577,-0.38358443995245367,-0.38358443995245367,-0.38358443995245367,-0.38358443995245367,-0.38358443995245367,-0.9496433031339518,-0.9496433031339518,-0.9496433031339518,-0.9496433031339518,1.0
18950,1503.933960277,1.2735594205181047,0.17629407346248627,1.1706309371318502,0.0017964409291744247,0.17629407346248627,11.718060493469238,0.0017964409291744247,0.17629407346248627,11.718060493469238,-0.3499449684768042,165.77141685242987,-0.00018904124952324918,-0.5,-0.5001890412495232,0.8501340097263275,0.8501340097263275,0.8501340097263275,0.8501340097263275,0.8501340097263275,-0.3565383730780317,-0.3565383730780317,-0.3565383730780317,-0.3565383730780317,1.0
19000,1504.099784826,0.6300725712158056,-0.15455269813537598,1.1706309371318502,-0.00943452328443527,-0.15455269813537598,1.4326640367507935,-0.00943452328443527,-0.15455269813537598,1.4326640367507935,0.4790799345084373,165.7643495996845,0.0009928323164576085,-0.5,-0.4990071676835424,0.01992723317510514,0.01992723317510514,0.01992723317510514,0.01992723317510514,0.01992723317510514,0.3879160918337009,0.3879160918337009,0.3879160918337009,0.3879160918337009,1.0
19050,1504.280071833,0.7101798579269184,0.1960606724023819,1.1706309371318502,-0.008036387376487254,0.1960606724023819,-2.322262763977051,-0.008036387376487254,0.1960606724023819,-2.322262763977051,-0.20587515860311062,165.76636198877915,0.0008456941039907558,0.5,0.5008456941039907,-0.2949705355008801,-0.2949705355008801,-0.2949705355008801,-0.2949705355008801,-0.2949705355008801,-0.4493547882904201,-0.4493547882904201,-0.4493547882904201,-0.4493547882904201,1.0
19100,1504.477479005,1.204914845420713,-0.24000081419944763,1.1706309371318502,0.0005983670800924316,-0.24000081419944763,2.0750741958618164,0.0005983670800924316,-0.24000081419944763,2.0750741958618164,0.454906499022853,165.77165323026028,-6.296669790446348e-05,-0.5,-0.5000629666979045,0.04515646767505149,0.04515646767505149,0.04515646767505149,0.04515646767505149,0.04515646767505149,0.6182128331324764,0.6182128331324764,0.6182128331324764,0.6182128331324764,1.0
19150,1504.595897671,0.3156296049311948,-0.029390554875135422,1.1706309371318502,-0.014922588355839251,-0.029390554875135422,1.7312361001968384,-0.014922588355839251,-0.029390554875135422,1.7312361001968384,0.2843524893605405,165.75333708908374,0.0015704325230097337,-0.5,-0.49842956747699024,0.21407707811644977,0.21407707811644977,0.21407707811644977,0.21407707811644977,0.21407707811644977,0.33881483992465433,0.33881483992465433,0.33881483992465433,0.33881483992465433,1.0
19200,1504.656181203,0.19498503877435058,-0.03845715522766113,1.1706309371318502,-0.017028233259916304,-0.03845715522766113,-1.2711817026138306,-0.017028233259916304,-0.03845715522766113,-1.2711817026138306,0.3250486410428568,165.7477946466371,0.0017920675042985086,0.5,0.5017920675042985,-0.8268407085471553,-0.8268407085471553,-0.8268407085471553,-0.8268407085471553,-0.8268407085471553,0.2703756877431349,0.2703756877431349,0.2703756877431349,0.2703756877431349,1.0
19250,1504.713462904,0.03107227476726687,-0.1374073028564453,1.1706309371318502,-0.01988905067788437,-0.1374073028564453,-11.246548652648926,-0.01988905067788437,-0.1374073028564453,-11.246548652648926,0.5540910887608483,165.73909407767252,0.0020932156913045902,0.5,0.5020932156913046,-1.0561843044521528,-1.0561843044521528,-1.0561843044521528,-1.0561843044521528,-1.0561843044521528,0.2135570742171259,0.2135570742171259,0.2135570742171259,0.2135570742171259,1.0
19300,1504.773294498,0.36093030099277545,0.24693451821804047,1.1706309371318502,-0.01413194205611944,0.24693451821804047,-4.5028886795043945,-0.01413194205611944,0.24693451821804047,-4.5028886795043945,-0.2778104356688879,165.75522957823057,0.0014872147157546792,0.5,0.5014872147157546,-0.22367677904686672,-0.22367677904686672,-0.22367677904686672,-0.22367677904686672,-0.22367677904686672,-0.8050580279409889,-0.8050580279409889,-0.8050580279409889,-0.8050580279409889,1.0
19350,1504.918325514,1.570971256746436,0.05773491784930229,1.1706309371318502,0.006987256705760961,0.05773491784930229,-2.80548357963562,0.006987256705760961,0.05773491784930229,-2.80548357963562,-0.22804445497952794,165.76766052284356,-0.0007352869836462927,0.5,0.4992647130163537,-0.2712202580368258,-0.2712202580368258,-0.2712202580368258,-0.2712202580368258,-0.2712202580368258,0.055339368164234584,0.055339368164234584,0.055339368164234584,0.055339368164234584,1.0
19400,1505.075190465,1.6098092064710094,0.006933226250112057,1.1706309371318502,0.007665106803178792,0.006933226250112057,-1.4901036024093628,0.007665106803178792,0.006933226250112057,-1.4901036024093628,-0.12207473810029948,165.76684226526703,-0.0008066215381685972,0.5,0.4991933784618314,-0.377118640361532,-0.377118640361532,-0.377118640361532,-0.377118640361532,-0.377118640361532,-0.26253260497921604,-0.26253260497921604,-0.26253260497921604,-0.26253260497921604,1.0
19450,1505.23085499,1.8103012987070943,0.049143631011247635,1.1706309371318502,0.01116435393691063,0.049143631011247635,-0.9384912848472595,0.01116435393691063,0.049143631011247635,-0.9384912848472595,-0.2654873672260338,165.76141403275574,-0.0011748830881114195,0.49999999999999994,0.4988251169118885,-0.23333774968585475,-0.23333774968585475,-0.23333774968585475,-0.23333774968585475,-0.23333774968585475,-0.0868603231458484,-0.0868603231458484,-0.0868603231458484,-0.0868603231458484,1.0
19500,1505.416577471,2.564165285657269,0.12614572048187256,1.1706309371318502,0.02432176262140275,0.12614572048187256,11.116000175476074,0.02432176262140275,0.12614572048187256,11.116000175476074,-0.6064583881348329,165.7229499393585,-0.0025599005438800837,-0.5,-0.5025599005438801,1.109018288678713,1.109018288678713,1.109018288678713,1.109018288678713,1.109018288678713,0.47041134566777326,0.47041134566777326,0.47041134566777326,0.47041134566777326,1.0
19550,1505.595164789,1.4515111414412072,-0.10453883558511734,1.1706309371318502,0.0049022843688726475,-0.10453883558511734,5.175541877746582,0.0049022843688726475,-0.10453883558511734,5.175541877746582,0.16738021942269937,165.76970280307415,-0.0005158757610262231,-0.5,-0.5005158757610262,0.3331356563383268,0.3331356563383268,0.3331356563383268,0.3331356563383268,0.3331356563383268,0.19913006368421532,0.19913006368421532,0.19913006368421532,0.19913006368421532,1.0
19600,1505.65484872,1.0336203177825516,-0.08615759015083313,1.1706309371318502,-0.00239128641784191,-0.08615759015083313,3.0359010696411133,-0.00239128641784191,-0.08615759015083313,3.0359010696411133,0.21448336143399682,165.7712116252734,0.0002516376336238821,-0.5,-0.4997483623663761,0.2852650009323793,0.2852650009323793,0.2852650009323793,0.2852650009323793,0.2852650009323793,0.5496336300786389,0.5496336300786389,0.5496336300786389,0.5496336300786389,1.0
19650,1505.756433724,0.8112962195556086,0.015130954794585705,1.1706309371318502,-0.006271573938429352,0.015130954794585705,4.266717910766602,-0.006271573938429352,0.015130954794585705,4.266717910766602,0.07388764558915353,165.768442285956,0.0006599717777296606,-0.5,-0.49934002822227036,0.4254523826331168,0.4254523826331168,0.4254523826331168,0.4254523826331168,0.4254523826331168,0.5333576107811769,0.5333576107811769,0.5333576107811769,0.5333576107811769,1.0
19700,1505.945982933,1.1161756403417322,0.06567654758691788,1.1706309371318502,-0.0009504242241382584,0.06567654758691788,4.350184440612793,-0.0009504242241382584,0.06567654758691788,4.350184440612793,-0.09896000199699818,165.77160830831045,0.00010001400105740706,-0.5,-0.4998999859989426,0.5988599879959408,0.5988599879959408,0.5988599879959408,0.5988599879959408,0.5988599879959408,0.7340613135277716,0.7340613135277716,0.7340613135277716,0.7340613135277716,1.0
19750,1506.134451897,1.3465339086624615,0.06388405710458755,1.1706309371318502,0.0030700860172510162,0.06388405710458755,4.7427287101745605,0.0030700860172510162,0.06388405710458755,4.7427287101745605,-0.142022555614902,165.7709062067279,-0.00032306883887400095,-0.5,-0.500323068838874,0.642345624453776,0.642345624453776,0.642345624453776,0.642345624453776,0.642345624453776,0.48973262406918966,0.48973262406918966,0.48973262406918966,0.48973262406918966,1.0
19800,1506.286466607,1.3306992890105505,0.016115544363856316,1.1706309371318502,0.0027937197685241714,0.016115544363856316,6.017646789550781,0.0027937197685241714,0.016115544363856316,6.017646789550781,-0.032751334866774166,165.7710397175712,-0.0002939863292241368,-0.5,-0.5002939863292242,0.5330453211959983,0.5330453211959983,0.5330453211959983,0.5330453211959983,0.5330453211959983,0.5514848530089842,0.5514848530089842,0.5514848530089842,0.5514848530089842,1.0
19850,1506.361524855,1.264198219373779,-0.05024263635277748,1.1706309371318502,0.0016330571472644821,-0.05024263635277748,4.81575870513916,0.0016330571472644821,-0.05024263635277748,4.81575870513916,0.06655259609021355,165.7714630152015,-0.00017184818131764872,-0.5,-0.5001718481813177,0.4336192520911041,0.4336192520911041,0.4336192520911041,0.4336192520911041,0.4336192520911041,0.7917801725792718,0.7917801725792718,0.7917801725792718,0.7917801725792718,1.0
19900,1506.552916324,0.5459934227806247,-0.07053089886903763,1.1706309371318502,-0.010901981256902216,-0.07053089886903763,-10.615693092346191,-0.010901981256902216,-0.07053089886903763,-10.615693092346191,0.30866269369783494,165.76189100443293,0.0011472700508707793,0.5,0.5011472700508708,-0.8098099637487057,-0.8098099637487057,-0.8098099637487057,-0.8098099637487057,-0.8098099637487057,-0.11902077102304681,-0.11902077102304681,-0.11902077102304681,-0.11902077102304681,1.0
19950,1506.757667135,1.874350330431831,-0.0326073095202446,1.1706309371318502,0.01228222042322159,-0.0326073095202446,-2.057529926300049,0.01228222042322159,-0.0326073095202446,-2.057529926300049,-0.1564483693357835,165.75925473791847,-0.0012925331892259429,0.5,0.49870746681077405,-0.34225909747499056,-0.34225909747499056,-0.34225909747499056,-0.34225909747499056,-0.34225909747499056,0.08356555422253671,0.08356555422253671,0.08356555422253671,0.08356555422253671,1.0
20000,1506.96162666,1.5664447623174216,-0.019964922219514847,1.1706309371318502,0.0069082544744014755,-0.019964922219514847,-0.26732397079467773,0.0069082544744014755,-0.019964922219514847,-0.26732397079467773,-0.0715747874407959,165.76775096334737,-0.0007269731121510313,0.4999772962746764,0.4992503231625254,-0.42767553572172945,-0.42767553572172945,-0.42767553572172945,-0.42767553572172945,-0.42767553572172945,-0.6479789925666221,-0.6479789925666221,-0.6479789925666221,-0.6479789925666221,1.0
20050,1507.12221,1.0421777977606372,0.04241035878658295,1.1706309371318502,-0.0022419302165508255,0.04241035878658295,-3.0889639854431152,-0.0022419302165508255,0.04241035878658295,-3.0889639854431152,-0.03759100782357336,165.7712686361946,0.0002359206664995019,0.5,0.5002359206664995,-0.4626449128429261,-0.4626449128429261,-0.4626449128429261,-0.4626449128429261,-0.4626449128429261,-0.7982609078688364,-0.7982609078688364,-0.7982609078688364,-0.7982609078688364,1.0
20100,1507.251096057,1.2148338809211583,0.012385503388941288,1.1706309371318502,0.0007714869081974045,0.012385503388941288,-3.042201519012451,0.0007714869081974045,0.012385503388941288,-3.042201519012451,-0.03647910993794814,165.77163369255126,-8.118425713449311e-05,0.5,0.4999188157428655,-0.4634397058049174,-0.4634397058049174,-0.4634397058049174,-0.4634397058049174,-0.4634397058049174,-0.678449164497581,-0.678449164497581,-0.678449164497581,-0.678449164497581,1.0
20150,1507.418484923,1.4578727156011335,0.03158172592520714,1.1706309371318502,0.005013314783573152,0.03158172592520714,-1.7972495555877686,0.005013314783573152,0.03158172592520714,-1.7972495555877686,-0.12444608203598867,165.7696121021472,-0.0005275598731439254,0.5,0.4994724401268561,-0.37502635809086743,-0.37502635809086743,-0.37502635809086743,-0.37502635809086743,-0.37502635809086743,-0.4393877685708095,-0.4393877685708095,-0.4393877685708095,-0.4393877685708095,1.0
20200,1507.570035017,1.163239485704528,-0.17431844770908356,1.1706309371318502,-0.00012900516390800323,-0.17431844770908356,3.6589910984039307,-0.00012900516390800323,-0.17431844770908356,3.6589910984039307,0.3418203892776223,165.77168135685406,1.3575326146982867e-05,-0.5,-0.499986424673853,0.1581660353962307,0.1581660353962307,0.1581660353962307,0.1581660353962307,0.1581660353962307,0.5638195562837777,0.5638195562837777,0.5638195562837777,0.5638195562837777,1.0
20250,1507.774785743,0.3169492188231824,0.0428200364112854,1.1706309371318502,-0.01489955674856901,0.0428200364112854,3.8683876991271973,-0.01489955674856901,0.0428200364112854,3.8683876991271973,0.14967945199258972,165.7533936738613,0.001568008352786584,-0.5,-0.4984319916472134,0.3487525396546237,0.3487525396546237,0.3487525396546237,0.3487525396546237,0.3487525396546237,0.3191985025099904,0.3191985025099904,0.3191985025099904,0.3191985025099904,1.0
20300,1507.977575513,0.12883988602636037,0.029510870575904846,1.1706309371318502,-0.018182683959603308,0.029510870575904846,2.1103532314300537,-0.018182683959603308,0.029510870575904846,2.1103532314300537,0.21977929883999162,165.74444589567472,0.0019135886942395412,-0.5,-0.4980864113057605,0.2783071124657689,0.2783071124657689,0.2783071124657689,0.2783071124657689,0.2783071124657689,0.055546185964751874,0.055546185964751874,0.055546185964751874,0.055546185964751874,1.0
20350,1508.137997915,0.3296983005175401,0.01893140748143196,1.1706309371318502,-0.01467704329639673,0.01893140748143196,1.488981008529663,-0.01467704329639673,0.01893140748143196,1.488981008529663,0.19504994907060041,165.75393585108688,0.0015445879925970547,-0.5,-0.49845541200740295,0.30340546293680254,0.30340546293680254,0.30340546293680254,0.30340546293680254,0.30340546293680254,-0.05766624044597436,-0.05766624044597436,-0.05766624044597436,-0.05766624044597436,1.0
20400,1508.294446781,0.6839017189514992,0.04410193860530853,1.1706309371318502,-0.008495027422904967,0.04410193860530853,2.851219415664673,-0.008495027422904967,0.04410193860530853,2.851219415664673,0.0489814378487259,165.76573734901444,0.0008939604652320765,-0.5,-0.4991060395347679,0.450124601686042,0.450124601686042,0.450124601686042,0.450124601686042,0.450124601686042,0.38372294903788934,0.38372294903788934,0.38372294903788934,0.38372294903788934,1.0
20450,1508.36887158,0.775467341686396,0.005516484379768372,1.1706309371318502,-0.006896905824542044,0.005516484379768372,1.459807276725769,-0.006896905824542044,0.005516484379768372,1.459807276725769,0.09080268235366086,165.7677638706289,0.0007257788274276385,-0.5,-0.49927422117257236,0.4084715388189115,0.4084715388189115,0.4084715388189115,0.4084715388189115,0.4084715388189115,0.21362972716534886,0.21362972716534886,0.21362972716534886,0.21362972716534886,1.0
20500,1508.424593014,0.8814624327340322,0.08070207387208939,1.1706309371318502,-0.005046942494809624,0.08070207387208939,3.5852482318878174,-0.005046942494809624,0.08070207387208939,3.5852482318878174,-0.07432007504436937,165.7695842308523,0.0005310986352959376,-0.5,-0.49946890136470407,0.5737889764090734,0.5737889764090734,0.5737889764090734,0.5737889764090734,0.5737889764090734,0.21051803260237958,0.21051803260237958,0.21051803260237958,0.21051803260237958,1.0
20550,1508.483059227,1.0301357473670816,0.016697412356734276,1.1706309371318502,-0.0024521036446094498,0.016697412356734276,2.991011142730713,-0.0024521036446094498,0.016697412356734276,2.991011142730713,-0.0009393100042552963,165.77118735759584,0.00025803752071005035,-0.5,-0.4997419624792899,0.5006812724835452,0.5006812724835452,0.5006812724835452,0.5006812724835452,0.5006812724835452,0.5028534738423229,0.5028534738423229,0.5028534738423229,0.5028534738423229,1.0
20600,1508.644347531,1.2577304571166001,-0.022112807258963585,1.1706309371318502,0.0015201734006404892,-0.022112807258963585,3.300121307373047,0.0015201734006404892,-0.022112807258963585,3.300121307373047,-0.008950919338564456,165.7714923403042,-0.0001599692967938622,-0.5,-0.5001599692967938,0.5091108886353584,0.5091108886353584,0.5091108886353584,0.5091108886353584,0.5091108886353584,0.4689310121671575,0.4689310121671575,0.4689310121671575,0.4689310121671575,1.0
20650,1508.826072715,1.2572985543733026,0.040551166981458664,1.1706309371318502,0.0015126352757215515,0.040551166981458664,4.824974060058594,0.0015126352757215515,0.040551166981458664,4.824974060058594,-0.10094733754941412,165.77149422378312,-0.00015917605151722302,-0.5,-0.5001591760515173,0.6011065136009314,0.6011065136009314,0.6011065136009314,0.6011065136009314,0.6011065136009314,0.4884562464735003,0.4884562464735003,0.4884562464735003,0.4884562464735003,1.0
20700,1509.027006813,1.3175332456117046,0.020947013050317764,1.1706309371318502,0.0025639289617538467,0.020947013050317764,5.331049919128418,0.0025639289617538467,0.020947013050317764,5.331049919128418,-0.08660061967294701,165.77114114582454,-0.0002698050698642596,-0.5,-0.5002698050698643,0.5868704247428113,0.5868704247428113,0.5868704247428113,0.5868704247428113,0.5868704247428113,0.2948690788956231,0.2948690788956231,0.2948690788956231,0.2948690788956231,1.0
20750,1509.187629848,1.4277538225171986,-0.020386118441820145,1.1706309371318502,0.004487640932202341,-0.020386118441820145,7.276976108551025,0.004487640932202341,-0.020386118441820145,7.276976108551025,-0.03619428953531763,165.77002356876912,-0.00047224151630696727,-0.5,-0.500472241516307,0.5366665310516247,0.5366665310516247,0.5366665310516247,0.5366665310516247,0.5366665310516247,0.5806675742410369,0.5806675742410369,0.5806675742410369,0.5806675742410369,1.0
20800,1509.255337738,1.2730785325118534,-0.04512949287891388,1.1706309371318502,0.00178804785013199,-0.04512949287891388,7.0697150230407715,0.00178804785013199,-0.04512949287891388,7.0697150230407715,0.04572407941915321,165.77141933099813,-0.0001881580356736823,-0.5,-0.5001881580356737,0.4544640786165205,0.4544640786165205,0.4544640786165205,0.4544640786165205,0.4544640786165205,0.5192420048235542,0.5192420048235542,0.5192420048235542,0.5192420048235542,1.0
20850,1509.436706173,1.2825772979349315,-0.02040972374379635,1.1706309371318502,0.0019538325816392914,-0.02040972374379635,6.828001976013184,0.0019538325816392914,-0.02040972374379635,6.828001976013184,-0.01972409517601976,165.77136822324792,-0.00020560376832242787,-0.5,-0.5002056037683225,0.5199296989443423,0.5199296989443423,0.5199296989443423,0.5199296989443423,0.5199296989443423,0.3159889026721533,0.3159889026721533,0.3159889026721533,0.3159889026721533,1.0
20900,1509.594230848,1.3680257392161412,-0.06415825337171555,1.1706309371318502,0.003445189222693445,-0.06415825337171555,6.936257362365723,0.003445189222693445,-0.06415825337171555,6.936257362365723,0.06731296562442408,165.77070486427584,-0.00036254169236208213,-0.5,-0.500362541692362,0.433049576067938,0.433049576067938,0.433049576067938,0.433049576067938,0.433049576067938,0.5887195225137104,0.5887195225137104,0.5887195225137104,0.5887195225137104,1.0
20950,1509.751587987,0.5951213192940867,-0.13282011449337006,1.1706309371318502,-0.01004453770816326,-0.13282011449337006,0.27704161405563354,-0.01004453770816326,-0.13282011449337006,0.27704161405563354,0.444132840392291,165.76337066474377,0.0010570307034993148,-0.49998460826612595,-0.4989275775626266,0.05479473717033562,0.05479473717033562,0.05479473717033562,0.05479473717033562,0.05479473717033562,0.119127604552353,0.119127604552353,0.119127604552353,0.119127604552353,1.0
21000,1509.907581515,0.45242820880535384,-0.14649774134159088,1.1706309371318502,-0.012535002306103705,-0.14649774134159088,0.8097248673439026,-0.012535002306103705,-0.14649774134159088,0.8097248673439026,0.4440875754590537,165.75873791643545,0.0013191377068058447,-0.4999999999999914,-0.49868086229318553,0.05459328683413184,0.05459328683413184,0.05459328683413184,0.05459328683413184,0.05459328683413184,0.6055624252120585,0.6055624252120585,0.6055624252120585,0.6055624252120585,1.0
21050,1509.981483879,-0.03373464782118346,-0.14087316393852234,1.1706309371318502,-0.021020144855137913,-0.14087316393852234,-14.553910255432129,-0.021020144855137913,-0.14087316393852234,-14.553910255432129,0.6072793891085668,165.73528217345412,0.0022122910944937543,0.5,0.5022122910944937,-1.1094916802030605,-1.1094916802030605,-1.1094916802030605,-1.1094916802030605,-1.1094916802030605,-0.7002649666694423,-0.7002649666694423,-0.7002649666694423,-0.7002649666694423,1.0
21100,1510.038791294,-0.13479971966508572,0.08997055888175964,1.1706309371318502,-0.022784063117578624,0.08997055888175964,-18.236989974975586,-0.022784063117578624,0.08997055888175964,-18.236989974975586,0.25275113598752885,165.72891697290888,0.002397998065628521,0.5,0.5023979980656286,-0.7551491340531574,-0.7551491340531574,-0.7551491340531574,-0.7551491340531574,-0.7551491340531574,-0.868479346012563,-0.868479346012563,-0.868479346012563,-0.868479346012563,1.0
21150,1510.095635418,-0.026728079354520377,0.17784273624420166,1.1706309371318502,-0.02089785716612823,0.17784273624420166,-12.38038158416748,-0.02089785716612823,0.17784273624420166,-12.38038158416748,0.0019379774035941932,165.7357044569386,0.0021994170508336246,0.5,0.5021994170508336,-0.5041373944544278,-0.5041373944544278,-0.5041373944544278,-0.5041373944544278,-0.5041373944544278,-0.9196751243801321,-0.9196751243801321,-0.9196751243801321,-0.9196751243801321,1.0
21200,1510.218035369,1.095254877635689,0.09159169346094131,1.1706309371318502,-0.001315560415387152,0.09159169346094131,-4.018627166748047,-0.001315560415387152,0.09159169346094131,-4.018627166748047,-0.22872236323304654,165.7715401428569,0.00013843765067595215,0.5,0.500138437650676,-0.2714160744176295,-0.2714160744176295,-0.2714160744176295,-0.2714160744176295,-0.2714160744176295,-0.6459756949922255,-0.6459756949922255,-0.6459756949922255,-0.6459756949922255,1.0
21250,1510.371681322,1.285019517450034,-0.07018395513296127,1.1706309371318502,0.0019964573532342926,-0.07018395513296127,-6.333101272583008,0.0019964573532342926,-0.07018395513296127,-6.333101272583008,0.08751398983981289,165.771354351112,-0.00021008922760721967,0.5,0.49978991077239276,-0.5873039006122056,-0.5873039006122056,-0.5873039006122056,-0.5873039006122056,-0.5873039006122056,-0.661086353451892,-0.661086353451892,-0.661086353451892,-0.661086353451892,1.0
21300,1510.539181927,1.55801620215992,0.0870991125702858,1.1706309371318502,0.006761148348450662,0.0870991125702858,-3.25942325592041,0.006761148348450662,0.0870991125702858,-3.25942325592041,-0.2470291093559699,165.76791662786488,-0.0007114922894023926,0.5,0.49928850771059763,-0.25225939835462774,-0.25225939835462774,-0.25225939835462774,-0.25225939835462774,-0.25225939835462774,-0.3770152189690015,-0.3770152189690015,-0.3770152189690015,-0.3770152189690015,1.0
21350,1510.695569381,1.7378399285241348,-0.0002683659549802542,1.1706309371318502,0.009899664446711542,-0.0002683659549802542,-3.5415172576904297,0.009899664446711542,-0.0002683659549802542,-3.5415172576904297,-0.14380123654287408,165.76360870493352,-0.0010417840612362915,0.5,0.4989582159387637,-0.35515697939588964,-0.35515697939588964,-0.35515697939588964,-0.35515697939588964,-0.35515697939588964,-0.525324616126616,-0.525324616126616,-0.525324616126616,-0.525324616126616,1.0
21400,1510.859002021,1.858920079323126,0.016069483011960983,1.1706309371318502,0.012012911736965181,0.016069483011960983,8.383506774902344,0.012012911736965181,0.016069483011960983,8.383506774902344,-0.22214872357854354,165.75979376616763,-0.0012641894563353948,-0.5,-0.5012641894563354,0.723412913034879,0.723412913034879,0.723412913034879,0.723412913034879,0.723412913034879,-0.35067143659021816,-0.35067143659021816,-0.35067143659021816,-0.35067143659021816,1.0
21450,1510.979148708,0.670431625412882,-0.16472192108631134,1.1706309371318502,-0.00873012490570545,-0.16472192108631134,0.6870787143707275,-0.00873012490570545,-0.16472192108631134,0.6870787143707275,0.45957256640931504,165.76540372426427,0.0009187017973704367,-0.49999999999884065,-0.49908129820147024,0.039508731792155194,0.039508731792155194,0.039508731792155194,0.039508731792155194,0.039508731792155194,0.3662126341408624,0.3662126341408624,0.3662126341408624,0.3662126341408624,1.0
21500,1511.046602252,0.14079866680898,-0.043791718780994415,1.1706309371318502,-0.01797396386042237,-0.043791718780994415,-7.061506748199463,-0.01797396386042237,-0.043791718780994415,-7.061506748199463,0.40678144090188173,165.74506759637322,0.001891617780905588,0.5,0.5018916177809056,-0.9086730586827874,-0.9086730586827874,-0.9086730586827874,-0.9086730586827874,-0.9086730586827874,-0.3546558496700318,-0.3546558496700318,-0.3546558496700318,-0.3546558496700318,1.0
21550,1511.105986734,0.49102363345353894,0.23579557240009308,1.1706309371318502,-0.0118613850697875,0.23579557240009308,-3.3138606548309326,-0.0118613850697875,0.23579557240009308,-3.3138606548309326,-0.2898714837278935,165.76009179750147,0.0012482419209892577,0.5,0.5012482419209893,-0.21137675819309576,-0.21137675819309576,-0.21137675819309576,-0.21137675819309576,-0.21137675819309576,-0.3057590225123472,-0.3057590225123472,-0.3057590225123472,-0.3057590225123472,1.0
21600,1511.201883479,1.4291039588170398,0.14433802664279938,1.1706309371318502,0.0045112052559852615,0.14433802664279938,-1.25038743019104,0.0045112052559852615,0.14433802664279938,-1.25038743019104,-0.3647990060663214,165.77000609876825,-0.000474721260427414,0.5,0.4995252787395726,-0.1347262726732512,-0.1347262726732512,-0.1347262726732512,-0.1347262726732512,-0.1347262726732512,-0.2510892106327419,-0.2510892106327419,-0.2510892106327419,-0.2510892106327419,1.0
21650,1511.366890752,1.2834703451689107,-0.1786758005619049,1.1706309371318502,0.0019694191962480595,-0.1786758005619049,4.593160152435303,0.0019694191962480595,-0.1786758005619049,4.593160152435303,0.31093800839711777,165.7713631853394,-0.00020724396764556656,-0.5,-0.5002072439676456,0.18926923557052783,0.18926923557052783,0.18926923557052783,0.18926923557052783,0.18926923557052783,0.603679680356336,0.603679680356336,0.603679680356336,0.603679680356336,1.0
21700,1511.524477826,0.4106787575449302,-0.032299235463142395,1.1706309371318502,-0.013263667691498993,-0.032299235463142395,0.8850246071815491,-0.013263667691498993,-0.032299235463142395,0.8850246071815491,0.2780315711066433,165.75718922112156,0.0013958284497280209,-0.49999999999999956,-0.49860417155027154,0.22057260044362825,0.22057260044362825,0.22057260044362825,0.22057260044362825,0.22057260044362825,0.23852773742667552,0.23852773742667552,0.23852773742667552,0.23852773742667552,1.0
21750,1511.678712128,0.49520402939070407,-0.028963902965188026,1.1706309371318502,-0.011788423396646975,-0.028963902965188026,1.3368631601333618,-0.011788423396646975,-0.028963902965188026,1.3368631601333618,0.21701037383071603,165.76023395339595,0.0012405630364347975,-0.5,-0.49875943696356523,0.2817490631328492,0.2817490631328492,0.2817490631328492,0.2817490631328492,0.2817490631328492,0.3705725585375607,0.3705725585375607,0.3705725585375607,0.3705725585375607,1.0
21800,1511.806346722,0.43428362451222985,0.01483730785548687,1.1706309371318502,-0.012851685043424366,0.01483730785548687,0.7734099626541138,-0.012851685043424366,0.01483730785548687,0.7734099626541138,0.16276186444749602,165.75807559114014,0.001352467829430547,-0.4999999999999633,-0.49864753217053276,0.33588566772303674,0.33588566772303674,0.33588566772303674,0.33588566772303674,0.33588566772303674,0.09498132677089496,0.09498132677089496,0.09498132677089496,0.09498132677089496,1.0
21850,1511.928134189,0.4899502265367891,0.00953027792274952,1.1706309371318502,-0.011880119554698466,0.00953027792274952,1.1295220851898193,-0.011880119554698466,0.00953027792274952,1.1295220851898193,0.15883169946861092,165.76005515438715,0.0012502136425171482,-0.5,-0.49874978635748285,0.33991808688887193,0.33991808688887193,0.33991808688887193,0.33991808688887193,0.33991808688887193,0.22753848155770304,0.22753848155770304,0.22753848155770304,0.22753848155770304,1.0
21900,1512.106588527,0.6340273574669488,0.02062748186290264,1.1706309371318502,-0.009365499243140219,0.02062748186290264,1.3188588619232178,-0.009365499243140219,0.02062748186290264,1.3188588619232178,0.09448684564744635,165.76445650638806,0.0009855682202723748,-0.5,-0.49901443177972765,0.4045275861322813,0.4045275861322813,0.4045275861322813,0.4045275861322813,0.4045275861322813,0.33700762597047834,0.33700762597047834,0.33700762597047834,0.33700762597047834,1.0
21950,1512.271472434,0.793324551106277,-0.008677635341882706,1.1706309371318502,-0.006585238724946974,-0.008677635341882706,0.5447736978530884,-0.006585238724946974,-0.008677635341882706,0.5447736978530884,0.1085555985724412,165.76811004844106,0.0006929803491393177,-0.4999999996561955,-0.4993070193070562,0.390751420734615,0.390751420734615,0.390751420734615,0.390751420734615,0.390751420734615,0.24747652820193872,0.24747652820193872,0.24747652820193872,0.24747652820193872,1.0
22000,1512.469778705,0.8567896550178306,0.17381106317043304,1.1706309371318502,-0.005477563701570031,0.17381106317043304,-4.129510402679443,-0.005477563701570031,0.17381106317043304,-4.129510402679443,-0.2412302349534317,165.76921085372035,0.0005764145251761088,0.5,0.5005764145251761,-0.2593461795717444,-0.2593461795717444,-0.2593461795717444,-0.2593461795717444,-0.2593461795717444,-0.8016462311322695,-0.8016462311322695,-0.8016462311322695,-0.8016462311322695,1.0
22050,1512.540096605,1.3332898516966893,0.06376085430383682,1.1706309371318502,0.0028389336168766037,0.06376085430383682,-4.8446760177612305,0.0028389336168766037,0.06376085430383682,-4.8446760177612305,-0.16968650470509822,165.77101873607245,-0.0002987442593741427,0.5,0.49970125574062585,-0.33001475103552763,-0.33001475103552763,-0.33001475103552763,-0.33001475103552763,-0.33001475103552763,0.025495691893835215,0.025495691893835215,0.025495691893835215,0.025495691893835215,1.0
22100,1512.607727873,1.4961306328547848,0.05716918781399727,1.1706309371318502,0.005681041404604913,0.05716918781399727,-2.8921902179718018,0.005681041404604913,0.05716918781399727,-2.8921902179718018,-0.21385202550093219,165.76902379538623,-0.0005978273221716498,0.5,0.4994021726778283,-0.28555014717689614,-0.28555014717689614,-0.28555014717689614,-0.28555014717689614,-0.28555014717689614,-0.41945599490515884,-0.41945599490515884,-0.41945599490515884,-0.41945599490515884,1.0
22150,1512.67611789,1.6582919169121697,0.042203567922115326,1.1706309371318502,0.00851128973066807,0.042203567922115326,-2.1682190895080566,0.00851128973066807,0.042203567922115326,-2.1682190895080566,-0.21274506554521555,165.76571456449898,-0.0008956718847010343,0.5,0.499104328115299,-0.28635926257008343,-0.28635926257008343,-0.28635926257008343,-0.28635926257008343,-0.28635926257008343,0.14972519781529214,0.14972519781529214,0.14972519781529214,0.14972519781529214,1.0
22200,1512.840172626,1.5438030053839467,0.04420985281467438,1.1706309371318502,0.006513081267476083,0.04420985281467438,-1.1342486143112183,0.006513081267476083,0.04420985281467438,-1.1342486143112183,-0.127540734817389,165.76818791415948,-0.000685386834117831,0.5,0.49931461316588216,-0.3717738783484932,-0.3717738783484932,-0.3717738783484932,-0.3717738783484932,-0.3717738783484932,0.02613050112463898,0.02613050112463898,0.02613050112463898,0.02613050112463898,1.0
22250,1512.995364736,1.2954389710288885,0.02013370767235756,1.1706309371318502,0.0021783111244440094,0.02013370767235756,-2.421041488647461,0.0021783111244440094,0.02013370767235756,-2.421041488647461,-0.04348224453319372,165.77129180404162,-0.00022922594146402916,0.5,0.499770774058536,-0.45628852952534227,-0.45628852952534227,-0.45628852952534227,-0.45628852952534227,-0.45628852952534227,-0.3992729054478557,-0.3992729054478557,-0.3992729054478557,-0.3992729054478557,1.0
22300,1513.154894975,1.1246283196047402,-0.04490666463971138,1.1706309371318502,-0.0008028971403837189,-0.04490666463971138,-2.562011241912842,-0.0008028971403837189,-0.04490666463971138,-2.562011241912842,0.12254273037171805,165.77162961842612,8.448958533140192e-05,0.5,0.5000844895853314,-0.6226272199570494,-0.6226272199570494,-0.6226272199570494,-0.6226272199570494,-0.6226272199570494,-0.28074570180434566,-0.28074570180434566,-0.28074570180434566,-0.28074570180434566,1.0
22350,1513.310820524,1.0851581504951175,0.02413984015583992,1.1706309371318502,-0.0014917815476655945,0.02413984015583992,-2.6971919536590576,-0.0014917815476655945,0.02413984015583992,-2.6971919536590576,-0.0066113311834332285,165.7714993855253,0.0001569815905927012,0.5,0.5001569815905927,-0.49354565040715953,-0.49354565040715953,-0.49354565040715953,-0.49354565040715953,-0.49354565040715953,-0.749373031212063,-0.749373031212063,-0.749373031212063,-0.749373031212063,1.0
22400,1513.467223364,1.5491921313607924,0.04876536875963211,1.1706309371318502,0.006607139259576799,0.04876536875963211,-3.196242332458496,0.006607139259576799,0.04876536875963211,-3.196242332458496,-0.2027773539117368,165.7680862456856,-0.0006952850608951821,0.5,0.49930471493910483,-0.29652736102736804,-0.29652736102736804,-0.29652736102736804,-0.29652736102736804,-0.29652736102736804,-0.09946943372780194,-0.09946943372780194,-0.09946943372780194,-0.09946943372780194,1.0
22450,1513.548822991,1.6900178254417615,0.018898267298936844,1.1706309371318502,0.009065011292696,0.018898267298936844,-3.237344264984131,0.009065011292696,0.018898267298936844,-3.237344264984131,-0.16712303122450597,165.76491276477415,-0.0009539449494590169,0.5,0.499046055050541,-0.331923023826035,-0.331923023826035,-0.331923023826035,-0.331923023826035,-0.331923023826035,-0.40184205049331834,-0.40184205049331834,-0.40184205049331834,-0.40184205049331834,1.0
22500,1513.616744054,1.8447009061316288,0.03802894800901413,1.1706309371318502,0.011764740347862245,0.03802894800901413,-2.0203962326049805,0.011764740347862245,0.03802894800901413,-2.0203962326049805,-0.2537373169734518,165.76027990803968,-0.0012380705059859111,0.5,0.4987619294940141,-0.2450246125205623,-0.2450246125205623,-0.2450246125205623,-0.2450246125205623,-0.2450246125205623,-0.2535095401942553,-0.2535095401942553,-0.2535095401942553,-0.2535095401942553,1.0
22550,1513.674065402,1.886516178004093,-0.02050955221056938,1.1706309371318502,0.012494554519653322,-0.02050955221056938,-2.7419469356536865,0.012494554519653322,-0.02050955221056938,-2.7419469356536865,-0.14558948744246708,165.75882132087415,-0.0013148806902441466,0.5,0.49868511930975584,-0.35309563186728876,-0.35309563186728876,-0.35309563186728876,-0.35309563186728876,-0.35309563186728876,-0.18154429636863534,-0.18154429636863534,-0.18154429636863534,-0.18154429636863534,1.0
22600,1513.77550166,1.8268173364504199,0.01905817538499832,1.1706309371318502,0.011452613174915315,0.01905817538499832,-1.555512547492981,0.011452613174915315,0.01905817538499832,-1.555512547492981,-0.21303873634159373,165.76087692561765,-0.0012052207040649382,0.5,0.4987947792959351,-0.2857560429543413,-0.2857560429543413,-0.2857560429543413,-0.2857560429543413,-0.2857560429543413,-0.21209334655396755,-0.21209334655396755,-0.21209334655396755,-0.21209334655396755,1.0
22650,1513.947759887,1.7978319346035898,-0.03088267147541046,1.1706309371318502,0.010946722477674486,-0.03088267147541046,-1.1949989795684814,0.010946722477674486,-0.03088267147541046,-1.1949989795684814,-0.11772652483759329,165.7618104707708,-0.001151978765449004,0.5,0.498848021234551,-0.38112149639695775,-0.38112149639695775,-0.38112149639695775,-0.38112149639695775,-0.38112149639695775,-0.38474399083543326,-0.38474399083543326,-0.38474399083543326,-0.38474399083543326,1.0
22700,1514.104360299,1.3990987243497621,0.0008515005465596914,1.1706309371318502,0.003987515121698381,0.0008515005465596914,-3.662475109100342,0.003987515121698381,0.0008515005465596914,-3.662475109100342,-0.05661330150308005,165.77037277199648,-0.00041961190284956255,0.5,0.49958038809715044,-0.4429670865940704,-0.4429670865940704,-0.4429670865940704,-0.4429670865940704,-0.4429670865940704,-0.17519862327747407,-0.17519862327747407,-0.17519862327747407,-0.17519862327747407,1.0
22750,1514.277302409,1.4617879080994318,-0.01291696447879076,1.1706309371318502,0.005081647783517839,-0.01291696447879076,-3.130955696105957,0.005081647783517839,-0.01291696447879076,-3.130955696105957,-0.0455797887317171,165.76955527106352,-0.0005347507959579246,0.5,0.49946524920404206,-0.453885460472325,-0.453885460472325,-0.453885460472325,-0.453885460472325,-0.453885460472325,-0.4170226383181706,-0.4170226383181706,-0.4170226383181706,-0.4170226383181706,1.0
22800,1514.457758425,1.4453345159974,-0.021235879510641098,1.1706309371318502,0.004794481918215757,-0.021235879510641098,-3.613682746887207,0.004794481918215757,-0.021235879510641098,-3.613682746887207,-0.04458913864990803,165.76978892355416,-0.000504531350721085,0.5,0.4994954686492789,-0.45490632999937086,-0.45490632999937086,-0.45490632999937086,-0.45490632999937086,-0.45490632999937086,-0.14989875437975633,-0.14989875437975633,-0.14989875437975633,-0.14989875437975633,1.0
22850,1514.606127616,1.2250942124366926,0.020873915404081345,1.1706309371318502,0.0009505634754896179,0.020873915404081345,-3.494722604751587,0.0009505634754896179,0.020873915404081345,-3.494722604751587,-0.0574227629034412,165.77160828650167,-0.00010002865461185287,0.5,0.49989997134538816,-0.44247720844194693,-0.44247720844194693,-0.44247720844194693,-0.44247720844194693,-0.44247720844194693,-0.5137589183384428,-0.5137589183384428,-0.5137589183384428,-0.5137589183384428,1.0
22900,1514.661126312,1.3092030828669337,0.026486095041036606,1.1706309371318502,0.0024185401946306244,0.026486095041036606,-3.1183886528015137,0.0024185401946306244,0.026486095041036606,-3.1183886528015137,-0.08119130744580043,165.7712008256583,-0.000254505588796245,0.5,0.49974549441120375,-0.4185541869654033,-0.4185541869654033,-0.4185541869654033,-0.4185541869654033,-0.4185541869654033,-0.18181758196130324,-0.18181758196130324,-0.18181758196130324,-0.18181758196130324,1.0
22950,1514.715747179,1.3510732096961695,-0.004705172497779131,1.1706309371318502,0.0031493117660284058,-0.004705172497779131,-3.2774806022644043,0.0031493117660284058,-0.004705172497779131,-3.2774806022644043,-0.04487114093719451,165.77086561228663,-0.0003314059135103183,0.5,0.49966859408648967,-0.45479745314929515,-0.45479745314929515,-0.45479745314929515,-0.45479745314929515,-0.45479745314929515,-0.4510743792030145,-0.4510743792030145,-0.4510743792030145,-0.4510743792030145,1.0
23000,1514.773614633,1.3096343452799966,-0.015766998752951622,1.1706309371318502,0.00242606714367867,-0.015766998752951622,-4.332437515258789,0.00242606714367867,-0.015766998752951622,-4.332437515258789,-0.010994436759766454,165.77119782145223,-0.00025529766082414614,0.5,0.49974470233917584,-0.48875026557940937,-0.48875026557940937,-0.48875026557940937,-0.48875026557940937,-0.48875026557940937,-0.2783103554954276,-0.2783103554954276,-0.2783103554954276,-0.2783103554954276,1.0
23050,1514.829493132,1.3082827148762743,0.021499400958418846,1.1706309371318502,0.0024024767428636566,0.021499400958418846,-2.840242624282837,0.0024024767428636566,0.021499400958418846,-2.840242624282837,-0.08122365918823571,165.7712072057907,-0.00025281520800365237,0.5,0.49974718479199637,-0.41852352560376066,-0.41852352560376066,-0.41852352560376066,-0.41852352560376066,-0.41852352560376066,-0.47127502065467136,-0.47127502065467136,-0.47127502065467136,-0.47127502065467136,1.0
23100,1514.890400307,1.3668726111851728,0.012248450890183449,1.1706309371318502,0.003425063341856008,0.012248450890183449,-4.347955703735352,0.003425063341856008,0.012248450890183449,-4.347955703735352,-0.08218832050650346,165.77071625573421,-0.0003604238035783037,0.5,0.4996395761964217,-0.41745125568991825,-0.41745125568991825,-0.41745125568991825,-0.41745125568991825,-0.41745125568991825,-0.2065742304367651,-0.2065742304367651,-0.2065742304367651,-0.2065742304367651,1.0
23150,1514.970285421,1.438952131104846,0.07144251465797424,1.1706309371318502,0.004683088287711145,0.07144251465797424,-2.7331125736236572,0.004683088287711145,0.07144251465797424,-2.7331125736236572,-0.2094360355361899,165.76987590133527,-0.0004928090408255111,0.5,0.4995071909591745,-0.2900711554229846,-0.2900711554229846,-0.2900711554229846,-0.2900711554229846,-0.2900711554229846,-0.36345863265659234,-0.36345863265659234,-0.36345863265659234,-0.36345863265659234,1.0
23200,1515.130730067,1.675039007148512,-0.07110373675823212,1.1706309371318502,0.008803581595420839,-0.07110373675823212,-3.1502509117126465,0.008803581595420839,-0.07110373675823212,-3.1502509117126465,-0.008317899424638578,165.76529761529306,-0.0009264322977478737,0.5,0.49907356770225214,-0.4907556682776136,-0.4907556682776136,-0.4907556682776136,-0.4907556682776136,-0.4907556682776136,-0.21133826636165076,-0.21133826636165076,-0.21133826636165076,-0.21133826636165076,1.0
23250,1515.286272075,1.536190012502027,0.04425227642059326,1.1706309371318502,0.006380209475755693,0.04425227642059326,-2.542449712753296,0.006380209475755693,0.04425227642059326,-2.542449712753296,-0.19222566529992013,165.76832905286832,-0.000671404043555291,0.5,0.4993285959564447,-0.30710293065652455,-0.30710293065652455,-0.30710293065652455,-0.30710293065652455,-0.30710293065652455,0.08002627782505566,0.08002627782505566,0.08002627782505566,0.08002627782505566,1.0
23300,1515.439609244,1.7507750261516695,0.0015135974390432239,1.1706309371318502,0.01012542448937893,0.0015135974390432239,7.655677318572998,0.01012542448937893,0.0015135974390432239,7.655677318572998,-0.15898743597761344,165.7632362558963,-0.001065543348069748,-0.5,-0.5010655433480697,0.6600529793256832,0.6600529793256832,0.6600529793256832,0.6600529793256832,0.6600529793256832,0.16223346238615932,0.16223346238615932,0.16223346238615932,0.16223346238615932,1.0
23350,1515.603483795,0.25541828574635894,-0.09104715287685394,1.1706309371318502,-0.015973474122583865,-0.09104715287685394,-7.230709552764893,-0.015973474122583865,-0.09104715287685394,-7.230709552764893,0.5272694020708588,165.75066227296068,0.0016810443158638382,0.5,0.5016810443158638,-1.0289504463867227,-1.0289504463867227,-1.0289504463867227,-1.0289504463867227,-1.0289504463867227,-0.4252685400615075,-0.4252685400615075,-0.4252685400615075,-0.4252685400615075,1.0
23400,1515.75918734,1.5964703806305034,0.0725908875465393,1.1706309371318502,0.007432300373911859,0.0725908875465393,-2.109738349914551,0.007432300373911859,0.0725908875465393,-2.109738349914551,-0.33130699909677747,165.7671318300847,-0.000782121730759601,0.5,0.4992178782692404,-0.16791087917246295,-0.16791087917246295,-0.16791087917246295,-0.16791087917246295,-0.16791087917246295,0.17061529781548693,0.17061529781548693,0.17061529781548693,0.17061529781548693,1.0
23450,1515.914265246,1.2521361052995366,0.02336849831044674,1.1706309371318502,0.0014225335419178024,0.02336849831044674,-0.5850209593772888,0.0014225335419178024,0.02336849831044674,-0.5850209593772888,-0.08291228223381533,165.7715160118479,-0.00014969454713049731,0.4999999999312702,0.4998503053841397,-0.41693802315032436,-0.41693802315032436,-0.41693802315032436,-0.41693802315032436,-0.41693802315032436,-0.671797788456895,-0.671797788456895,-0.671797788456895,-0.671797788456895,1.0
23500,1515.978447547,1.4098456001219541,0.053652048110961914,1.1706309371318502,0.004175083488225938,0.053652048110961914,-0.15427784621715546,0.004175083488225938,0.053652048110961914,-0.15427784621715546,-0.16604444418054554,165.77024663589262,-0.00043935021174486727,0.49791544646369296,0.4974760962519481,-0.33143165207140257,-0.33143165207140257,-0.33143165207140257,-0.33143165207140257,-0.33143165207140257,-0.5822791471688227,-0.5822791471688227,-0.5822791471688227,-0.5822791471688227,1.0
23550,1516.034272623,1.5188903172731483,-0.008689125999808311,1.1706309371318502,0.006078272834420206,-0.008689125999808311,-0.546843409538269,0.006078272834420206,-0.008689125999808311,-0.546843409538269,-0.08578584119181779,165.76863895940068,-0.0006396297650546602,0.49999999968351216,0.4993603699184575,-0.4135745287266397,-0.4135745287266397,-0.4135745287266397,-0.4135745287266397,-0.4135745287266397,-0.4538395709493417,-0.4538395709493417,-0.4538395709493417,-0.4538395709493417,1.0
23600,1516.144948194,1.1010283084750538,-0.1693653166294098,1.1706309371318502,-0.0012147950381040523,-0.1693653166294098,1.1601899862289429,-0.0012147950381040523,-0.1693653166294098,1.1601899862289429,0.34807181712131485,165.77156114895232,0.0001278340051867412,-0.5,-0.49987216599481327,0.15180034887349841,0.15180034887349841,0.15180034887349841,0.15180034887349841,0.15180034887349841,0.41954217816631906,0.41954217816631906,0.41954217816631906,0.41954217816631906,1.0
23650,1516.305965637,0.1386937946058525,-0.0185361597687006,1.1706309371318502,-0.018010700810700653,-0.0185361597687006,0.3536145091056824,-0.018010700810700653,-0.0185361597687006,0.3536145091056824,0.3311139446017298,165.7449586908992,0.0018954848826839051,-0.4999992804077349,-0.49810379552505096,0.16698985092332114,0.16698985092332114,0.16698985092332114,0.16698985092332114,0.16698985092332114,0.24093800576942725,0.24093800576942725,0.24093800576942725,0.24093800576942725,1.0
23700,1516.459033019,0.06396250710177445,-0.032351475208997726,1.1706309371318502,-0.01931500783190131,-0.032351475208997726,-2.608907699584961,-0.01931500783190131,-0.032351475208997726,-2.608907699584961,0.34556935261479127,165.740948036565,0.002032785653009286,0.5,0.5020327856530092,-0.8476021382678005,-0.8476021382678005,-0.8476021382678005,-0.8476021382678005,-0.8476021382678005,-0.03613642420088453,-0.03613642420088453,-0.03613642420088453,-0.03613642420088453,1.0
23750,1516.612655578,0.8929846950595792,0.1789344996213913,1.1706309371318502,-0.004845841079950331,0.1789344996213913,-1.9841595888137817,-0.004845841079950331,0.1789344996213913,-1.9841595888137817,-0.33305145105832695,165.76974813292426,0.0005099360446043825,0.5,0.5005099360446044,-0.1674584849862774,-0.1674584849862774,-0.1674584849862774,-0.1674584849862774,-0.1674584849862774,-0.20940051144388822,-0.20940051144388822,-0.20940051144388822,-0.20940051144388822,1.0
23800,1516.773920242,1.2949956490630725,-0.17932727932929993,1.1706309371318502,0.0021705736964941075,-0.17932727932929993,2.0914740562438965,0.0021705736964941075,-0.17932727932929993,2.0914740562438965,0.3336516026971827,165.77129457625568,-0.00022841172134796086,-0.5,-0.5002284117213479,0.16657680902416522,0.16657680902416522,0.16657680902416522,0.16657680902416522,0.16657680902416522,0.7077070346754172,0.7077070346754172,0.7077070346754172,0.7077070346754172,1.0
23850,1516.83962173,0.6148336721255667,-0.09274937212467194,1.1706309371318502,-0.009700492247939108,-0.09274937212467194,-8.867279052734375,-0.009700492247939108,-0.09274937212467194,-8.867279052734375,0.3423996305652166,165.76393031815186,0.0010208230018787505,0.5,0.5010208230018788,-0.8434204535670954,-0.8434204535670954,-0.8434204535670954,-0.8434204535670954,-0.8434204535670954,-0.12262917669462509,-0.12262917669462509,-0.12262917669462509,-0.12262917669462509,1.0
23900,1516.902792472,0.9101839651633176,0.24894148111343384,1.1706309371318502,-0.00454565718770027,0.24894148111343384,-0.4770255386829376,-0.00454565718770027,0.24894148111343384,-0.4770255386829376,-0.4527673694542322,165.7699803922981,0.00047834674096615225,0.4999999948332478,0.500478341574214,-0.04771097211998182,-0.04771097211998182,-0.04771097211998182,-0.04771097211998182,-0.04771097211998182,-0.6665573146112069,-0.6665573146112069,-0.6665573146112069,-0.6665573146112069,1.0
23950,1516.972180245,1.8238462041614643,0.12699675559997559,1.1706309371318502,0.011400757133960725,0.12699675559997559,9.190410614013672,0.011400757133960725,0.12699675559997559,9.190410614013672,-0.44347191394024416,165.76097455774305,-0.0011997631414716171,-0.5,-0.5011997631414716,0.9446716770817158,0.9446716770817158,0.9446716770817158,0.9446716770817158,0.9446716770817158,0.4038399362529577,0.4038399362529577,0.4038399362529577,0.4038399362529577,1.0
24000,1517.148623918,1.0110762112098668,-0.05035322159528732,1.1706309371318502,-0.0027847553044557556,-0.05035322159528732,2.6149539947509766,-0.0027847553044557556,-0.05035322159528732,2.6149539947509766,0.1832500159592696,165.77104383752024,0.00029304298356790744,-0.5,-0.4997069570164321,0.3164569410571625,0.3164569410571625,0.3164569410571625,0.3164569410571625,0.3164569410571625,-0.014450685701783622,-0.014450685701783622,-0.014450685701783622,-0.014450685701783622,1.0
24050,1517.351186685,0.6451282291372178,-0.0022566099651157856,1.1706309371318502,-0.009171752482652663,-0.0022566099651157856,1.9999969005584717,-0.009171752482652663,-0.0022566099651157856,1.9999969005584717,0.17295713748486624,165.7647523935754,0.0009651783436400467,-0.5,-0.49903482165635993,0.3260776841714937,0.3260776841714937,0.3260776841714937,0.3260776841714937,0.3260776841714937,0.13876837838548622,0.13876837838548622,0.13876837838548622,0.13876837838548622,1.0
24100,1517.562835579,0.9780783933907715,0.031243443489074707,1.1706309371318502,-0.0033606758713722214,0.031243443489074707,5.889143466949463,-0.0033606758713722214,0.031243443489074707,5.889143466949463,0.020886405300512778,165.77075225140547,0.0003536481765283564,-0.5,-0.49964635182347167,0.4787599465229589,0.4787599465229589,0.4787599465229589,0.4787599465229589,0.4787599465229589,0.22370666903393438,0.22370666903393438,0.22370666903393438,0.22370666903393438,1.0
24150,1517.772170261,1.326721237427547,0.0012828302569687366,1.1706309371318502,0.0027242896705865875,0.0012828302569687366,4.543407917022705,0.0027242896705865875,0.0012828302569687366,4.543407917022705,-0.054313950489330465,165.77107128085984,-0.0002866800842618246,-0.5,-0.5002866800842618,0.5546006305735922,0.5546006305735922,0.5546006305735922,0.5546006305735922,0.5546006305735922,0.7033818072671425,0.7033818072671425,0.7033818072671425,0.7033818072671425,1.0
24200,1517.912312239,1.0705761235039635,-0.05594446137547493,1.1706309371318502,-0.0017462859302759155,-0.05594446137547493,3.206319808959961,-0.0017462859302759155,-0.05594446137547493,3.206319808959961,0.1516385120689729,165.77143149118848,0.00018376337877155894,-0.5,-0.4998162366212284,0.3481777245522555,0.3481777245522555,0.3481777245522555,0.3481777245522555,0.3481777245522555,0.2766230061403744,0.2766230061403744,0.2766230061403744,0.2766230061403744,1.0
24250,1518.065352256,0.8140927017730527,-0.01423090510070324,1.1706309371318502,-0.006222766116261481,-0.01423090510070324,2.175891876220703,-0.006222766116261481,-0.01423090510070324,2.175891876220703,0.11991567710606656,165.76849252628884,0.000654835489334491,-0.5,-0.4993451645106655,0.379429487404599,0.379429487404599,0.379429487404599,0.379429487404599,0.379429487404599,0.3763634075826583,0.3763634075826583,0.3763634075826583,0.3763634075826583,1.0
24300,1518.226252598,0.8257630938262245,-0.04588400945067406,1.1706309371318502,-0.006019079349935053,-0.04588400945067406,-11.610471725463867,-0.006019079349935053,-0.04588400945067406,-11.610471725463867,0.13475719278700846,165.7686979542591,0.0006334005571404762,0.5,0.5006334005571405,-0.6353905933441489,-0.6353905933441489,-0.6353905933441489,-0.6353905933441489,-0.6353905933441489,0.32777835603839034,0.32777835603839034,0.32777835603839034,0.32777835603839034,1.0
24350,1518.387415793,2.018805202839604,0.029820440337061882,1.1706309371318502,0.01480343356728554,0.029820440337061882,-1.3609522581100464,0.01480343356728554,0.029820440337061882,-1.3609522581100464,-0.34710954131944927,165.75362888881327,-0.001557891015260778,0.5,0.49844210898473923,-0.15133256766528996,-0.15133256766528996,-0.15133256766528996,-0.15133256766528996,-0.15133256766528996,0.167765925733168,0.167765925733168,0.167765925733168,0.167765925733168,1.0
24400,1518.549632234,2.1657985577410948,0.09304239600896835,1.1706309371318502,0.017368951588869096,0.09304239600896835,-1.7278653383255005,0.017368951588869096,0.09304239600896835,-1.7278653383255005,-0.4383176458953807,165.74682915266598,-0.0018279321034150682,0.5,0.4981720678965849,-0.05985442200120422,-0.05985442200120422,-0.05985442200120422,-0.05985442200120422,-0.05985442200120422,-0.139056466053102,-0.139056466053102,-0.139056466053102,-0.139056466053102,1.0
24450,1518.623718082,2.613646164212603,0.13173100352287292,1.1706309371318502,0.025185366868972787,0.13173100352287292,5.52915620803833,0.025185366868972787,0.13173100352287292,5.52915620803833,-0.6396913400189131,165.71942792817237,-0.0026508335816346493,-0.5,-0.5026508335816346,1.142342173600548,1.142342173600548,1.142342173600548,1.142342173600548,1.142342173600548,0.7268939374383221,0.7268939374383221,0.7268939374383221,0.7268939374383221,1.0
24500,1518.680739185,2.9672824101411868,0.00869060680270195,1.1706309371318502,0.03135748371481896,0.00869060680270195,6.964182376861572,0.03135748371481896,0.00869060680270195,6.964182376861572,-0.47855028585831844,165.69068004470503,-0.003300847578466455,-0.5,-0.5033008475784665,0.981851133436785,0.981851133436785,0.981851133436785,0.981851133436785,0.981851133436785,0.8544202757590542,0.8544202757590542,0.8544202757590542,0.8544202757590542,1.0
24550,1518.864852086,1.3085258269220446,-0.10280392318964005,1.1706309371318502,0.0024067198485136047,-0.10280392318964005,3.087843179702759,0.0024067198485136047,-0.10280392318964005,3.087843179702759,0.16199406486150242,165.77120552463265,-0.00025326171627555147,-0.5,-0.5002532617162756,0.3382591968547732,0.3382591968547732,0.3382591968547732,0.3382591968547732,0.3382591968547732,0.11980047253199154,0.11980047253199154,0.11980047253199154,0.11980047253199154,1.0
24600,1519.040788852,1.086727813343751,-0.02094886638224125,1.1706309371318502,-0.0014643857628107056,-0.02094886638224125,2.127450942993164,-0.0014643857628107056,-0.02094886638224125,2.127450942993164,0.058723344019489615,165.77150605766573,0.00015409870198316645,-0.5,-0.4998459012980168,0.4411225572785272,0.4411225572785272,0.4411225572785272,0.4411225572785272,0.4411225572785272,0.6311583681693143,0.6311583681693143,0.6311583681693143,0.6311583681693143,1.0
24650,1519.210712879,0.8797911174606419,0.13306479156017303,1.1706309371318502,-0.005076112449169156,0.13306479156017303,-3.8895556926727295,-0.005076112449169156,0.13306479156017303,-3.8895556926727295,-0.13487789989404048,165.76955990331928,0.0005341682930002089,0.5,0.5005341682930002,-0.36565626839895976,-0.36565626839895976,-0.36565626839895976,-0.36565626839895976,-0.36565626839895976,-0.23936696516555211,-0.23936696516555211,-0.23936696516555211,-0.23936696516555211,1.0
24700,1519.324218022,2.083831378502476,0.08530361205339432,1.1706309371318502,0.015938354432582864,0.08530361205339432,-1.405967354774475,0.015938354432582864,0.08530361205339432,-1.405967354774475,-0.424574177217253,165.75075460161736,-0.0016773477076809677,0.5,0.49832265229231903,-0.07374847507506604,-0.07374847507506604,-0.07374847507506604,-0.07374847507506604,-0.07374847507506604,-0.3838255660802384,-0.3838255660802384,-0.3838255660802384,-0.3838255660802384,1.0
24750,1519.491766641,2.6460052526225963,-0.0011127740144729614,1.1706309371318502,0.0257501395046711,-0.0011127740144729614,10.682031631469727,0.0257501395046711,-0.0011127740144729614,10.682031631469727,-0.4013705347996678,165.71705819252816,-0.002710303316192702,-0.5,-0.5027103033161927,0.9040808381158605,0.9040808381158605,0.9040808381158605,0.9040808381158605,0.9040808381158605,0.24749894374851322,0.24749894374851322,0.24749894374851322,0.24749894374851322,1.0
24800,1519.64948446,1.7254813415512313,-0.25152313709259033,1.1706309371318502,0.009683966413140298,-0.25152313709259033,3.6175339221954346,0.009683966413140298,-0.25152313709259033,3.6175339221954346,0.3226634584551405,165.7639567095784,-0.001019083811954069,-0.5,-0.501019083811954,0.17835562535681354,0.17835562535681354,0.17835562535681354,0.17835562535681354,0.17835562535681354,0.6019626501091019,0.6019626501091019,0.6019626501091019,0.6019626501091019,1.0
24850,1519.809491657,0.009543705266371796,0.03152575343847275,1.1706309371318502,-0.02026479509891942,0.03152575343847275,-16.17133331298828,-0.02026479509891942,0.03152575343847275,-16.17133331298828,0.3259361569665629,165.73785115792012,0.0021327714032271785,0.5,0.5021327714032272,-0.8280689283697902,-0.8280689283697902,-0.8280689283697902,-0.8280689283697902,-0.8280689283697902,-0.8157400113623268,-0.8157400113623268,-0.8157400113623268,-0.8157400113623268,1.0
24900,1519.916832823,1.086185346913264,0.22926953434944153,1.1706309371318502,-0.0014738535881042465,0.22926953434944153,-0.6195191144943237,-0.0014738535881042465,0.22926953434944153,-0.6195191144943237,-0.4005788960017046,165.77150376579652,0.00015509501163898885,0.4999999999827078,0.5001550949943467,-0.09957619899264214,-0.09957619899264214,-0.09957619899264214,-0.09957619899264214,-0.09957619899264214,-0.7903100524930778,-0.7903100524930778,-0.7903100524930778,-0.7903100524930778,1.0
24950,1520.036462832,1.4757187192419075,-0.13692627847194672,1.1706309371318502,0.005324786305427553,-0.13692627847194672,6.588436126708984,0.005324786305427553,-0.13692627847194672,6.588436126708984,0.11272091021322882,165.76934681893664,-0.0005603371615403083,-0.5,-0.5005603371615404,0.3878394269483115,0.3878394269483115,0.3878394269483115,0.3878394269483115,0.3878394269483115,0.5111263075247054,0.5111263075247054,0.5111263075247054,0.5111263075247054,1.0
25000,1520.201188395,-0.09109836175645247,-0.128824383020401,1.1706309371318502,-0.02202133053448051,-0.128824383020401,-11.780009269714355,-0.02202133053448051,-0.128824383020401,-11.780009269714355,0.6117974809273696,165.73173223504608,0.0023176951146446144,0.5,0.5023176951146446,-1.1141151760420143,-1.1141151760420143,-1.1141151760420143,-1.1141151760420143,-1.1141151760420143,-0.9784244097165334,-0.9784244097165334,-0.9784244097165334,-0.9784244097165334,1.0
25050,1520.357135668,1.0945806098985618,0.1568065732717514,1.1706309371318502,-0.0013273286074399933,0.1568065732717514,-4.403916358947754,-0.0013273286074399933,0.1568065732717514,-4.403916358947754,-0.29974338538852263,165.7715375804911,0.0001396760299470444,0.5,0.500139676029947,-0.2003962906414244,-0.2003962906414244,-0.2003962906414244,-0.2003962906414244,-0.2003962906414244,-0.20769061168397943,-0.20769061168397943,-0.20769061168397943,-0.20769061168397943,1.0
25100,1520.521782663,1.9369906356402526,-0.05675908178091049,1.1706309371318502,0.0133754999935627,-0.05675908178091049,-1.1607155799865723,0.0133754999935627,-0.05675908178091049,-1.1607155799865723,-0.11254381388705212,165.75694379111667,-0.0014075987297264834,0.5,0.49859240127027354,-0.38604858738322145,-0.38604858738322145,-0.38604858738322145,-0.38604858738322145,-0.38604858738322145,-0.1802778208476239,-0.1802778208476239,-0.1802778208476239,-0.1802778208476239,1.0
25150,1520.64743471,1.600485464645413,0.03760078176856041,1.1706309371318502,0.007502376809716226,0.03760078176856041,12.124273300170898,0.007502376809716226,0.03760078176856041,12.124273300170898,-0.19596393356576075,165.7670456084228,-0.0007894963427960951,-0.5,-0.5007894963427961,0.6967534299085569,0.6967534299085569,0.6967534299085569,0.6967534299085569,0.6967534299085569,-0.346186533159367,-0.346186533159367,-0.346186533159367,-0.346186533159367,1.0
25200,1520.758050431,0.8844855918545562,-0.1649044007062912,1.1706309371318502,-0.004994178414344786,-0.1649044007062912,2.653810739517212,-0.004994178414344786,-0.1649044007062912,2.653810739517212,0.43193467458927276,165.7696278795537,0.000525546086332576,-0.5,-0.4994744539136674,0.06753977932439464,0.06753977932439464,0.06753977932439464,0.06753977932439464,0.06753977932439464,0.3167508564560278,0.3167508564560278,0.3167508564560278,0.3167508564560278,1.0
25250,1520.928223207,0.43621008470371725,0.04116096720099449,1.1706309371318502,-0.012818061970174311,0.04116096720099449,4.8897385597229,-0.012818061970174311,0.04116096720099449,4.8897385597229,0.10856176046921795,165.75814669606024,0.0013489290664171767,-0.5,-0.4986510709335828,0.39008931046436485,0.39008931046436485,0.39008931046436485,0.39008931046436485,0.39008931046436485,0.19917156056756596,0.19917156056756596,0.19917156056756596,0.19917156056756596,1.0
25300,1521.098700499,0.1979481535951593,0.028807898983359337,1.1706309371318502,-0.01697651715017855,0.028807898983359337,1.9405542612075806,-0.01697651715017855,0.028807898983359337,1.9405542612075806,0.2102409281945694,165.74793952285387,0.001786623813622039,-0.5,-0.49821337618637795,0.28797244799180854,0.28797244799180854,0.28797244799180854,0.28797244799180854,0.28797244799180854,0.2050182239461339,0.2050182239461339,0.2050182239461339,0.2050182239461339,1.0
25350,1521.216027893,0.21838850854262737,0.00040353136137127876,1.1706309371318502,-0.01661976565606892,0.00040353136137127876,1.4110262393951416,-0.01661976565606892,0.00040353136137127876,1.4110262393951416,0.2509369463997944,165.74892691389667,0.0017490720425026882,-0.5,-0.4982509279574973,0.2473139815577029,0.2473139815577029,0.2473139815577029,0.2473139815577029,0.2473139815577029,-0.042011128705947656,-0.042011128705947656,-0.042011128705947656,-0.042011128705947656,1.0
25400,1521.274487706,0.21717352194294523,0.005486899055540562,1.1706309371318502,-0.016640971172600983,0.005486899055540562,1.5972583293914795,-0.016640971172600983,0.005486899055540562,1.5972583293914795,0.2405018325703377,165.74886880892632,0.0017513041292131794,-0.5,-0.4982486958707868,0.2577468633004491,0.2577468633004491,0.2577468633004491,0.2577468633004491,0.2577468633004491,0.22432440035000323,0.22432440035000323,0.22432440035000323,0.22432440035000323,1.0
25450,1521.329324195,0.20787808804980745,0.007511246018111706,1.1706309371318502,-0.016803207099437712,0.007511246018111706,1.7459957599639893,-0.016803207099437712,0.007511246018111706,1.7459957599639893,0.23868091011642503,165.74842181676786,0.0017683810890854862,-0.5,-0.4982316189109145,0.2595507087944895,0.2595507087944895,0.2595507087944895,0.2595507087944895,0.2595507087944895,0.15603523027719315,0.15603523027719315,0.15603523027719315,0.15603523027719315,1.0
25500,1521.464076279,0.27058119898208144,0.004529205616563559,1.1706309371318502,-0.01570883136242628,0.004529205616563559,1.251899003982544,-0.01570883136242628,0.004529205616563559,1.251899003982544,0.22036817152471383,165.75135300756014,0.0016531888006113492,-0.5,-0.4983468111993887,0.27797863967467484,0.27797863967467484,0.27797863967467484,0.27797863967467484,0.27797863967467484,-0.16688048125678417,-0.16688048125678417,-0.16688048125678417,-0.16688048125678417,1.0
25550,1521.625791669,0.29475049037083273,0.041444964706897736,1.1706309371318502,-0.015286997649818657,0.041444964706897736,2.0666165351867676,-0.015286997649818657,0.041444964706897736,2.0666165351867676,0.1570245635245695,165.75243016636165,0.0016087883029319472,-0.5,-0.49839121169706807,0.34136664817249857,0.34136664817249857,0.34136664817249857,0.34136664817249857,0.34136664817249857,0.09235715323099367,0.09235715323099367,0.09235715323099367,0.09235715323099367,1.0
25600,1521.78316191,0.42460428596296973,0.030912255868315697,1.1706309371318502,-0.013020621370524166,0.030912255868315697,2.0498175621032715,-0.013020621370524166,0.030912255868315697,2.0498175621032715,0.1433018512546689,165.75771551142049,0.0013702480950595986,-0.5,-0.4986297519049404,0.35532790065027153,0.35532790065027153,0.35532790065027153,0.35532790065027153,0.35532790065027153,0.3217815821677352,0.3217815821677352,0.3217815821677352,0.3217815821677352,1.0
25650,1521.972827518,0.7480891687286345,0.043426819145679474,1.1706309371318502,-0.007374745085835455,0.043426819145679474,1.7514731884002686,-0.007374745085835455,0.043426819145679474,1.7514731884002686,0.03208444322603858,165.7672020406154,0.0007760648085414259,-0.5,-0.4992239351914586,0.46713949196542,0.46713949196542,0.46713949196542,0.46713949196542,0.46713949196542,0.1995282066164853,0.1995282066164853,0.1995282066164853,0.1995282066164853,1.0
25700,1522.129746821,1.1690160114733608,0.06288667768239975,1.1706309371318502,-2.8185769915575754e-05,0.06288667768239975,2.2874667644500732,-2.8185769915575754e-05,0.06288667768239975,2.2874667644500732,-0.12457857652759809,165.7716826624962,2.966013186709436e-06,-0.5,-0.4999970339868133,0.6245756105144114,0.6245756105144114,0.6245756105144114,0.6245756105144114,0.6245756105144114,0.3108798910171316,0.3108798910171316,0.3108798910171316,0.3108798910171316,1.0
25750,1522.283449297,1.4003250634708968,-0.016084879636764526,1.1706309371318502,0.004008918777108194,-0.016084879636764526,3.355968952178955,0.004008918777108194,-0.016084879636764526,3.355968952178955,-0.01909801348269534,165.77035867145707,-0.00042186426388224194,-0.5,-0.5004218642638822,0.5195198777465776,0.5195198777465776,0.5195198777465776,0.5195198777465776,0.5195198777465776,0.5830943566816587,0.5830943566816587,0.5830943566816587,0.5830943566816587,1.0
25800,1522.344592189,1.3440259485765973,-0.04540273919701576,1.1706309371318502,0.0030263138562440887,-0.04540273919701576,1.30034339427948,0.0030263138562440887,-0.04540273919701576,1.30034339427948,0.044901268808514416,165.77092819156954,-0.0003184626137280512,-0.5,-0.500318462613728,0.4554171938052136,0.4554171938052136,0.4554171938052136,0.4554171938052136,0.4554171938052136,0.6636497617279138,0.6636497617279138,0.6636497617279138,0.6636497617279138,1.0
25850,1522.399695324,1.3112805275916752,-0.02999240718781948,1.1706309371318502,0.002454798445105554,-0.02999240718781948,0.7275362014770508,0.002454798445105554,-0.02999240718781948,0.7275362014770508,0.0062377019321550875,165.7711862681989,-0.0002583210986114455,-0.4999999999997702,-0.5002583210983816,0.4940206191662265,0.4940206191662265,0.4940206191662265,0.4940206191662265,0.4940206191662265,0.5189324574136844,0.5189324574136844,0.5189324574136844,0.5189324574136844,1.0
25900,1522.457811328,1.2670556930460775,-0.0269386675208807,1.1706309371318502,0.001682929471135141,-0.0269386675208807,-8.864673614501953,0.001682929471135141,-0.0269386675208807,-8.864673614501953,0.023851698412439348,165.77144939057027,-0.00017709630381481859,0.5,0.4998229036961852,-0.5236746021086246,-0.5236746021086246,-0.5236746021086246,-0.5236746021086246,-0.5236746021086246,0.3074778917398908,0.3074778917398908,0.3074778917398908,0.3074778917398908,1.0
25950,1522.513728286,1.2920124572213636,0.06174774467945099,1.1706309371318502,0.002118507176637651,0.06174774467945099,-6.2672343254089355,0.002118507176637651,0.06174774467945099,-6.2672343254089355,-0.1337402626097559,165.7713129744429,-0.00022293269101654673,0.5,0.49977706730898347,-0.36603680469922756,-0.36603680469922756,-0.36603680469922756,-0.36603680469922756,-0.36603680469922756,-0.27712317245349305,-0.27712317245349305,-0.27712317245349305,-0.27712317245349305,1.0
26000,1522.668407067,1.9184532887894266,-0.05633451044559479,1.1706309371318502,0.013051962256431581,-0.05633451044559479,-1.5185630321502686,0.013051962256431581,-0.05633451044559479,-1.5185630321502686,-0.1426031631130577,165.75764819273644,-0.0013735466793313657,0.5,0.49862645332066863,-0.3560232902076109,-0.3560232902076109,-0.3560232902076109,-0.3560232902076109,-0.3560232902076109,0.08033608204392514,0.08033608204392514,0.08033608204392514,0.08033608204392514,1.0
26050,1522.827524199,1.5658887422303,0.10598768293857574,1.1706309371318502,0.006898550093173982,0.10598768293857574,-1.4249260425567627,0.006898550093173982,0.10598768293857574,-1.4249260425567627,-0.30262758733368406,165.7677620018498,-0.0007259518634100923,0.5,0.49927404813658993,-0.19664646080290588,-0.19664646080290588,-0.19664646080290588,-0.19664646080290588,-0.19664646080290588,-0.41826100471538763,-0.41826100471538763,-0.41826100471538763,-0.41826100471538763,1.0
26100,1522.985560974,1.9963018639585277,0.021638890728354454,1.1706309371318502,0.0144106762111187,0.021638890728354454,-1.1868672370910645,0.0144106762111187,0.021638890728354454,-1.1868672370910645,-0.25163300995450105,165.75457415499196,-0.0015165520752062336,0.5,0.49848344792479377,-0.2468504379702927,-0.2468504379702927,-0.2468504379702927,-0.2468504379702927,-0.2468504379702927,-0.2976071655990451,-0.2976071655990451,-0.2976071655990451,-0.2976071655990451,1.0
26150,1523.155875112,2.415852637028908,0.09862272441387177,1.1706309371318502,0.021733218580484392,0.09862272441387177,11.54187297821045,0.021733218580484392,0.09862272441387177,11.54187297821045,-0.5222450153844412,165.73277072530368,-0.0022873624578424773,-0.5,-0.5022873624578424,1.0245323778422837,1.0245323778422837,1.0245323778422837,1.0245323778422837,1.0245323778422837,0.6377440899193729,0.6377440899193729,0.6377440899193729,0.6377440899193729,1.0
26200,1523.314106555,1.3519830122379564,-0.10301808267831802,1.1706309371318502,0.0031651908159255997,-0.10301808267831802,3.2824790477752686,0.0031651908159255997,-0.10301808267831802,3.2824790477752686,0.17880264306493154,165.77085735161197,-0.00033307689630592154,-0.5,-0.5003330768963059,0.32153043383137436,0.32153043383137436,0.32153043383137436,0.32153043383137436,0.32153043383137436,0.5222207114962147,0.5222207114962147,0.5222207114962147,0.5222207114962147,1.0
26250,1523.401597653,0.9752601933062008,-0.013809002935886383,1.1706309371318502,-0.0034098627418279633,-0.013809002935886383,1.9681111574172974,-0.0034098627418279633,-0.013809002935886383,1.9681111574172974,0.07668112339628592,165.7707248151927,0.00035882421264838197,-0.5,-0.4996411757873516,0.4229600523910657,0.4229600523910657,0.4229600523910657,0.4229600523910657,0.4229600523910657,0.49210477746161635,0.49210477746161635,0.49210477746161635,0.49210477746161635,1.0
26300,1523.465961506,1.0122564465541037,0.0040779439732432365,1.1706309371318502,-0.0027641563117504105,0.0040779439732432365,1.6137311458587646,-0.0027641563117504105,0.0040779439732432365,1.6137311458587646,0.02823434423771152,165.77105325437375,0.00029087531703927966,-0.5,-0.49970912468296075,0.4714747804452492,0.4714747804452492,0.4714747804452492,0.4714747804452492,0.4714747804452492,0.7000875911341834,0.7000875911341834,0.7000875911341834,0.7000875911341834,1.0
26350,1523.523011748,1.0028910832632527,0.00533572630956769,1.1706309371318502,-0.002927612736821173,0.00533572630956769,1.1230461597442627,-0.002927612736821173,0.00533572630956769,1.1230461597442627,0.026711920295509752,165.77097660629727,0.000308076117501161,-0.5,-0.49969192388249883,0.4729800035869891,0.4729800035869891,0.4729800035869891,0.4729800035869891,0.4729800035869891,0.5487268997017319,0.5487268997017319,0.5487268997017319,0.5487268997017319,1.0
26400,1523.641505824,1.0386323959728716,0.005980949383229017,1.1706309371318502,-0.002303809151053427,0.005980949383229017,1.5414787530899048,-0.002303809151053427,0.005980949383229017,1.5414787530899048,0.031108264776505485,165.77124546227128,0.00024243227415902388,-0.5,-0.49975756772584096,0.4686493029493355,0.4686493029493355,0.4686493029493355,0.4686493029493355,0.4686493029493355,0.6049186020440762,0.6049186020440762,0.6049186020440762,0.6049186020440762,1.0
26450,1523.811690637,1.0075400942105042,0.007929780520498753,1.1706309371318502,-0.002846472188830374,0.007929780520498753,2.253843069076538,-0.002846472188830374,0.007929780520498753,2.253843069076538,0.034626313424620386,165.77101520503317,0.0002995375562376772,-0.5,-0.4997004624437623,0.4650741490191419,0.4650741490191419,0.4650741490191419,0.4650741490191419,0.4650741490191419,0.7441791272319512,0.7441791272319512,0.7441791272319512,0.7441791272319512,1.0
26500,1523.971877519,0.8515297156658331,-0.007057623006403446,1.1706309371318502,-0.005569366961717604,-0.007057623006403446,1.6440794467926025,-0.005569366961717604,-0.007057623006403446,1.6440794467926025,0.08309815771141978,165.76912730301797,0.0005860753544991253,-0.5,-0.4994139246455009,0.4163157669340811,0.4163157669340811,0.4163157669340811,0.4163157669340811,0.4163157669340811,0.4206833795220093,0.4206833795220093,0.4206833795220093,0.4206833795220093,1.0
26550,1524.134163765,0.9923846514941864,0.07062696665525436,1.1706309371318502,-0.003110984563827513,0.07062696665525436,2.6401965618133545,-0.003110984563827513,0.07062696665525436,2.6401965618133545,-0.0621301845594477,165.77088537988374,0.0003273726693875617,-0.5,-0.49967262733061246,0.5618028118900602,0.5618028118900602,0.5618028118900602,0.5618028118900602,0.5618028118900602,0.7250730907029945,0.7250730907029945,0.7250730907029945,0.7250730907029945,1.0
26600,1524.281622922,1.1125532922040982,-0.0330299474298954,1.1706309371318502,-0.0010136461257934555,-0.0330299474298954,2.99440860748291,-0.0010136461257934555,-0.0330299474298954,2.99440860748291,0.06562492381257302,165.77159807827576,0.00010666690334733469,-0.5,-0.4998933330966527,0.43426840928407967,0.43426840928407967,0.43426840928407967,0.43426840928407967,0.43426840928407967,0.7172840393181426,0.7172840393181426,0.7172840393181426,0.7172840393181426,1.0
26650,1524.357481892,1.0724896436886249,-0.0006362753920257092,1.1706309371318502,-0.0017128887027502045,-0.0006362753920257092,1.649438738822937,-0.0017128887027502045,-0.0006362753920257092,1.649438738822937,0.02447609998513025,165.7714410089598,0.0001802489489310753,-0.5,-0.4998197510510689,0.4753436510659387,0.4753436510659387,0.4753436510659387,0.4753436510659387,0.4753436510659387,0.4693793156984487,0.4693793156984487,0.4693793156984487,0.4693793156984487,1.0
26700,1524.505402157,1.2539189981163215,0.021050576120615005,1.1706309371318502,0.0014536508917808548,0.021050576120615005,2.089468002319336,0.0014536508917808548,0.021050576120615005,2.089468002319336,-0.041736795464317286,165.77150863838048,-0.00015296905974580025,-0.5,-0.5001529690597458,0.5418897645240631,0.5418897645240631,0.5418897645240631,0.5418897645240631,0.5418897645240631,0.91472574758027,0.91472574758027,0.91472574758027,0.91472574758027,1.0
26750,1524.66548512,1.4454505224915843,-0.03185087442398071,1.1706309371318502,0.004796506613492967,-0.03185087442398071,5.143486499786377,0.004796506613492967,-0.03185087442398071,5.143486499786377,-0.05003520356504393,165.7697873237237,-0.0005047444160289335,-0.5,-0.5005047444160289,0.5505399479810729,0.5505399479810729,0.5505399479810729,0.5505399479810729,0.5505399479810729,0.6244824583738642,0.6244824583738642,0.6244824583738642,0.6244824583738642,1.0
26800,1524.855429985,1.287860982866465,0.043382901698350906,1.1706309371318502,0.002046050280332567,0.043382901698350906,6.731873512268066,0.002046050280332567,0.043382901698350906,6.731873512268066,-0.07456459887607295,165.77133783442736,-0.00021530795576974615,-0.5,-0.5002153079557697,0.5747799068318427,0.5747799068318427,0.5747799068318427,0.5747799068318427,0.5747799068318427,0.4589685428698534,0.4589685428698534,0.4589685428698534,0.4589685428698534,1.0
26850,1525.014027245,1.470099821432514,0.0072694746777415276,1.1706309371318502,0.005226718038320543,0.0072694746777415276,6.294432163238525,0.005226718038320543,0.0072694746777415276,6.294432163238525,-0.1433671713328225,165.76943206875254,-0.0005500170674875051,-0.5,-0.5005500170674875,0.64391718840031,0.64391718840031,0.64391718840031,0.64391718840031,0.64391718840031,0.6831466753015903,0.6831466753015903,0.6831466753015903,0.6831466753015903,1.0
26900,1525.083203596,1.5526991133344765,-0.04921354725956917,1.1706309371318502,0.0066683476418256775,-0.04921354725956917,7.869297027587891,0.0066683476418256775,-0.04921354725956917,7.869297027587891,-0.014260065285972096,165.76801930182538,-0.0007017263536501432,-0.5,-0.5007017263536502,0.5149617916396223,0.5149617916396223,0.5149617916396223,0.5149617916396223,0.5149617916396223,0.22349272232213907,0.22349272232213907,0.22349272232213907,0.22349272232213907,1.0
26950,1525.138215254,1.6018515024794155,-0.07332781702280045,1.1706309371318502,0.0075262186676263824,-0.07332781702280045,6.195703983306885,0.0075262186676263824,-0.07332781702280045,6.195703983306885,0.025498657748886114,165.7670160890596,-0.0007920053827153671,-0.5,-0.5007920053827154,0.4752933476338293,0.4752933476338293,0.4752933476338293,0.4752933476338293,0.4752933476338293,0.39874215016352277,0.39874215016352277,0.39874215016352277,0.39874215016352277,1.0
27000,1525.208978214,1.4432028566461212,-0.17017096281051636,1.1706309371318502,0.004757277444005014,-0.17017096281051636,2.6254584789276123,0.004757277444005014,-0.17017096281051636,2.6254584789276123,0.27792464150083385,165.76981820074974,-0.000500616202912705,-0.5,-0.5005006162029128,0.2225759747020789,0.2225759747020789,0.2225759747020789,0.2225759747020789,0.2225759747020789,0.3014553286890229,0.3014553286890229,0.3014553286890229,0.3014553286890229,1.0
27050,1525.372334531,0.7656319226424305,-0.05773270130157471,1.1706309371318502,-0.0070685662701725945,-0.05773270130157471,2.522465944290161,-0.0070685662701725945,-0.05773270130157471,2.522465944290161,0.22246661281839797,165.76756636707788,0.0007438436789278834,-0.5,-0.4992561563210721,0.27678954350267415,0.27678954350267415,0.27678954350267415,0.27678954350267415,0.27678954350267415,-0.22314633936457934,-0.22314633936457934,-0.22314633936457934,-0.22314633936457934,1.0
27100,1525.535538497,0.5276754423960323,-0.1567273885011673,1.1706309371318502,-0.011221690326929091,-0.1567273885011673,-13.174446105957031,-0.011221690326929091,-0.1567273885011673,-13.174446105957031,0.46585068961288373,165.76130828985575,0.001180917395641811,0.5,0.5011809173956419,-0.9670316070085256,-0.9670316070085256,-0.9670316070085256,-0.9670316070085256,-0.9670316070085256,-0.040253621589498134,-0.040253621589498134,-0.040253621589498134,-0.040253621589498134,1.0
27150,1525.709654086,1.0496991166972907,0.03274693340063095,1.1706309371318502,-0.002110658437013621,0.03274693340063095,-3.315720796585083,-0.002110658437013621,0.03274693340063095,-3.315720796585083,-0.006369811916002721,165.77131570912516,0.00022210675763103779,0.5,0.500222106757631,-0.4938522948416283,-0.4938522948416283,-0.4938522948416283,-0.4938522948416283,-0.4938522948416283,-0.9609926740536345,-0.9609926740536345,-0.9609926740536345,-0.9609926740536345,1.0
27200,1525.8844025,1.3948640070643543,-0.02178274467587471,1.1706309371318502,0.003913605362176897,-0.02178274467587471,-2.202564239501953,0.003913605362176897,-0.02178274467587471,-2.202564239501953,-0.032980408659543756,165.7704208827241,-0.00041183419401099675,0.5,0.499588165805989,-0.46660775714644526,-0.46660775714644526,-0.46660775714644526,-0.46660775714644526,-0.46660775714644526,-0.6603466311101885,-0.6603466311101885,-0.6603466311101885,-0.6603466311101885,1.0
27250,1526.024763199,1.4426289073124285,0.005443146452307701,1.1706309371318502,0.00474726013839245,0.005443146452307701,-2.701108932495117,0.00474726013839245,0.005443146452307701,-2.701108932495117,-0.09894953007335763,165.76982604466446,-0.0004995620495024112,0.5,0.4995004379504976,-0.40055090787714,-0.40055090787714,-0.40055090787714,-0.40055090787714,-0.40055090787714,-0.38462592331560097,-0.38462592331560097,-0.38462592331560097,-0.38462592331560097,1.0
27300,1526.082359808,1.4886560580252637,0.013222839683294296,1.1706309371318502,0.0055505854636430756,0.013222839683294296,-3.051970958709717,0.0055505854636430756,0.013222839683294296,-3.051970958709717,-0.10905468631718196,165.76914450916,-0.0005840989005074383,0.5,0.4994159010994926,-0.3903612147823106,-0.3903612147823106,-0.3903612147823106,-0.3903612147823106,-0.3903612147823106,-0.4668113646378076,-0.4668113646378076,-0.4668113646378076,-0.4668113646378076,1.0
27350,1526.237904798,1.4815098658844321,-0.04315055161714554,1.1706309371318502,0.005425860881805425,-0.04315055161714554,-3.505263090133667,0.005425860881805425,-0.04315055161714554,-3.505263090133667,-0.014309901779749029,165.76925729750295,-0.0005709736320484732,0.5,0.4994290263679515,-0.4851191245882025,-0.4851191245882025,-0.4851191245882025,-0.4851191245882025,-0.4851191245882025,-0.36199946147508233,-0.36199946147508233,-0.36199946147508233,-0.36199946147508233,1.0
27400,1526.40266051,1.4912501425276934,0.0070348940789699554,1.1706309371318502,0.0055958607792854324,0.0070348940789699554,-2.2496178150177,0.0055958607792854324,0.0070348940789699554,-2.2496178150177,-0.10857351998184075,165.76910293262944,-0.0005888634081660724,0.5,0.49941113659183395,-0.39083761660999317,-0.39083761660999317,-0.39083761660999317,-0.39083761660999317,-0.39083761660999317,-0.33703973749944083,-0.33703973749944083,-0.33703973749944083,-0.33703973749944083,1.0
27450,1526.590951371,1.772660553077977,-0.002951887669041753,1.1706309371318502,0.010507398992776872,-0.002951887669041753,-1.5620414018630981,0.010507398992776872,-0.002951887669041753,-1.5620414018630981,-0.17012677855300157,165.76258696709445,-0.0011057430986979213,0.5,0.49889425690130207,-0.3287674783483005,-0.3287674783483005,-0.3287674783483005,-0.3287674783483005,-0.3287674783483005,-0.42217364847688144,-0.42217364847688144,-0.42217364847688144,-0.42217364847688144,1.0
27500,1526.671448843,1.7958759391800274,-0.005977738182991743,1.1706309371318502,0.01091258391737938,-0.005977738182991743,-2.1836037635803223,0.01091258391737938,-0.005977738182991743,-2.1836037635803223,-0.15252409711518397,165.7618719495895,-0.001148385909639278,0.5,0.4988516140903607,-0.3463275169751767,-0.3463275169751767,-0.3463275169751767,-0.3463275169751767,-0.3463275169751767,-0.19574436634617717,-0.19574436634617717,-0.19574436634617717,-0.19574436634617717,1.0
27550,1526.727970375,1.6873687792608545,-0.013943979516625404,1.1706309371318502,0.00901877671480179,-0.013943979516625404,-2.3247721195220947,0.00901877671480179,-0.013943979516625404,-2.3247721195220947,-0.08121240125367034,165.76498164633313,-0.0009490792502554212,0.5,0.49905092074974455,-0.4178385194960742,-0.4178385194960742,-0.4178385194960742,-0.4178385194960742,-0.4178385194960742,-0.37452550386743966,-0.37452550386743966,-0.37452550386743966,-0.37452550386743966,1.0
27600,1526.785771409,1.619834963677236,-0.022636638954281807,1.1706309371318502,0.007840089276432993,-0.022636638954281807,-3.5022671222686768,0.007840089276432993,-0.022636638954281807,-3.5022671222686768,-0.06644370697378978,165.7666187433859,-0.0008250361934424907,0.5,0.4991749638065575,-0.43273125683276775,-0.43273125683276775,-0.43273125683276775,-0.43273125683276775,-0.43273125683276775,-0.2379928758237876,-0.2379928758237876,-0.2379928758237876,-0.2379928758237876,1.0
27650,1526.861390702,1.4956155939026834,-0.0008001774549484253,1.1706309371318502,0.005672052279114725,-0.0008001774549484253,-3.1151235103607178,0.005672052279114725,-0.0008001774549484253,-3.1151235103607178,-0.08271318422789672,165.76903220317737,-0.0005968813584393007,0.5,0.4994031186415607,-0.416689934413664,-0.416689934413664,-0.416689934413664,-0.416689934413664,-0.416689934413664,-0.28981148670778967,-0.28981148670778967,-0.28981148670778967,-0.28981148670778967,1.0
27700,1527.023549354,1.2557731810325683,-0.008307794108986855,1.1706309371318502,0.0014860124886035934,-0.008307794108986855,-5.780855655670166,0.0014860124886035934,-0.008307794108986855,-5.780855655670166,-0.005052588362970935,165.7715008008369,-0.00015637450613523998,0.5,0.49984362549386474,-0.4947910371308938,-0.4947910371308938,-0.4947910371308938,-0.4947910371308938,-0.4947910371308938,-0.5833614286149523,-0.5833614286149523,-0.5833614286149523,-0.5833614286149523,1.0
27750,1527.243201342,1.3384751392154925,-0.03417370095849037,1.1706309371318502,0.002929433956742288,-0.03417370095849037,-8.005563735961914,0.002929433956742288,-0.03417370095849037,-8.005563735961914,0.005842784173723872,165.77097572749122,-0.00030826776769289307,0.5,0.4996917322323071,-0.505534516406031,-0.505534516406031,-0.505534516406031,-0.505534516406031,-0.505534516406031,-0.174870458202686,-0.174870458202686,-0.174870458202686,-0.174870458202686,1.0
27800,1527.450942725,0.928952684672278,0.048973020166158676,1.1706309371318502,-0.004218081235885619,0.048973020166158676,-8.577067375183105,-0.004218081235885619,0.048973020166158676,-8.577067375183105,0.005565037131995007,165.77021690398604,0.0004438749812519962,0.5,0.500443874981252,-0.506008912113247,-0.506008912113247,-0.506008912113247,-0.506008912113247,-0.506008912113247,-0.36174095275906837,-0.36174095275906837,-0.36174095275906837,-0.36174095275906837,1.0
27850,1527.626658027,1.387102457567987,0.013503476977348328,1.1706309371318502,0.003778140768408777,0.013503476977348328,-6.176058769226074,0.003778140768408777,0.013503476977348328,-6.176058769226074,-0.12017898862642952,165.77050672520312,-0.0003975789275340735,0.5,0.49960242107246594,-0.37942343244603643,-0.37942343244603643,-0.37942343244603643,-0.37942343244603643,-0.37942343244603643,-0.3295236152863638,-0.3295236152863638,-0.3295236152863638,-0.3295236152863638,1.0
27900,1527.790039669,1.200849068595557,0.09232731908559799,1.1706309371318502,0.0005274058878421799,0.09232731908559799,-5.669111728668213,0.0005274058878421799,0.09232731908559799,-5.669111728668213,-0.09022239473610351,165.77165981175108,-5.549938731815251e-05,0.5,0.49994450061268186,-0.40972210587657837,-0.40972210587657837,-0.40972210587657837,-0.40972210587657837,-0.40972210587657837,-0.8345139362818413,-0.8345139362818413,-0.8345139362818413,-0.8345139362818413,1.0
27950,1527.942682408,1.626784681157724,0.017824340611696243,1.1706309371318502,0.007961384728550912,0.017824340611696243,-3.9398677349090576,0.007961384728550912,0.017824340611696243,-3.9398677349090576,-0.16881970073036007,165.76646084045854,-0.0008378010093995976,0.5,0.4991621989906004,-0.3303424982602403,-0.3303424982602403,-0.3303424982602403,-0.3303424982602403,-0.3303424982602403,-0.2819058518625692,-0.2819058518625692,-0.2819058518625692,-0.2819058518625692,1.0
28000,1528.14786475,1.2594907249317595,-0.010354230180382729,1.1706309371318502,0.001550895869731908,-0.010354230180382729,-5.127272129058838,0.001550895869731908,-0.010354230180382729,-5.127272129058838,-0.02899996307766193,165.77148456713468,-0.00016320225660380186,0.5,0.4998367977433962,-0.4708368346657342,-0.4708368346657342,-0.4708368346657342,-0.4708368346657342,-0.4708368346657342,-0.5332911555885939,-0.5332911555885939,-0.5332911555885939,-0.5332911555885939,1.0
28050,1528.324274251,1.5908531903684024,0.026341451331973076,1.1706309371318502,0.007334261909127237,0.026341451331973076,-2.3734989166259766,0.007334261909127237,0.026341451331973076,-2.3734989166259766,-0.18010753157238157,165.76725109825006,-0.0007718045001520023,0.5,0.499228195499848,-0.3191206639274664,-0.3191206639274664,-0.3191206639274664,-0.3191206639274664,-0.3191206639274664,-0.40211141892399005,-0.40211141892399005,-0.40211141892399005,-0.40211141892399005,1.0
28100,1528.482720941,1.712961071194069,0.024153156206011772,1.1706309371318502,0.00946544647216797,0.024153156206011772,-0.32261747121810913,0.00946544647216797,0.024153156206011772,-0.32261747121810913,-0.18912746824749063,165.76430145021754,-0.000996086678495122,0.4999975136662823,0.4990014269877872,-0.30987395874029655,-0.30987395874029655,-0.30987395874029655,-0.30987395874029655,-0.30987395874029655,-0.6417991781742856,-0.6417991781742856,-0.6417991781742856,-0.6417991781742856,1.0
28150,1528.612337972,1.7150860070778835,0.004736108705401421,1.1706309371318502,0.009502533599734308,0.004736108705401421,0.014576761052012444,0.009502533599734308,0.004736108705401421,0.014576761052012444,-0.1747282336556247,165.76424349529182,-0.0009999897371994414,-0.1417736085784619,-0.14277359831566136,0.31750183197128606,0.31750183197128606,0.31750183197128606,0.31750183197128606,0.31750183197128606,-0.5518566632701013,-0.5518566632701013,-0.5518566632701013,-0.5518566632701013,1.0
28200,1528.749452429,1.1769715810308388,-0.20635637640953064,1.1706309371318502,0.00011066511273384247,-0.20635637640953064,3.6251282691955566,0.00011066511273384247,-0.20635637640953064,3.6251282691955566,0.4228507600504849,165.7716817189864,-1.164538651603605e-05,-0.5,-0.500011645386516,0.0771608853360311,0.0771608853360311,0.0771608853360311,0.0771608853360311,0.0771608853360311,0.5796730495591433,0.5796730495591433,0.5796730495591433,0.5796730495591433,1.0
28250,1528.938811196,-0.36065397181608083,-0.05623086169362068,1.1706309371318502,-0.026725963447242974,-0.05623086169362068,3.3083484172821045,-0.026725963447242974,-0.05623086169362068,3.3083484172821045,0.5134535642761322,165.71283990890018,0.002813060215521922,-0.5,-0.4971869397844781,-0.016266624491654114,-0.016266624491654114,-0.016266624491654114,-0.016266624491654114,-0.016266624491654114,-0.0685980325754625,-0.0685980325754625,-0.0685980325754625,-0.0685980325754625,1.0
28300,1529.094641234,-0.8406866302758792,-0.08966214209794998,1.1706309371318502,-0.035104113854467864,-0.08966214209794998,2.652834177017212,-0.035104113854467864,-0.08966214209794998,2.652834177017212,0.6843855269807823,165.67016917894134,0.003695540952259832,-0.5,-0.4963044590477402,-0.18808106793304208,-0.18808106793304208,-0.18808106793304208,-0.18808106793304208,-0.18808106793304208,-0.5652706867195114,-0.5652706867195114,-0.5652706867195114,-0.5652706867195114,1.0
28350,1529.25054205,-1.4236182496964618,-0.04183864966034889,1.1706309371318502,-0.04527818992733955,-0.04183864966034889,3.7188971042633057,-0.04527818992733955,-0.04183864966034889,3.7188971042633057,0.7358794642917793,165.60281117482327,0.004767892672260299,-0.5,-0.4952321073277397,-0.2406473569640396,-0.2406473569640396,-0.2406473569640396,-0.2406473569640396,-0.2406473569640396,-0.7247575646623716,-0.7247575646623716,-0.7247575646623716,-0.7247575646623716,1.0
28400,1529.42839043,-1.6118997779655622,0.2230338305234909,1.1706309371318502,-0.04856432251632213,0.2230338305234909,-8.339223861694336,-0.04856432251632213,0.2230338305234909,-8.339223861694336,0.29914238211273814,165.5774144492752,0.005114451117320469,0.5,0.5051144511173205,-0.8042568332300586,-0.8042568332300586,-0.8042568332300586,-0.8042568332300586,-0.8042568332300586,-1.411964879413922,-1.411964879413922,-1.411964879413922,-1.411964879413922,1.0
28450,1529.546598237,0.9485078364311418,0.3715139925479889,1.1706309371318502,-0.003876779451966284,0.3715139925479889,0.39851927757263184,-0.003876779451966284,0.3715139925479889,0.39851927757263184,-0.7052990619542172,165.77044451817454,0.00040795891304954107,-0.4999998805981596,-0.49959192168511,1.2048909836393271,1.2048909836393271,1.2048909836393271,1.2048909836393271,1.2048909836393271,0.0553464193420469,0.0553464193420469,0.0553464193420469,0.0553464193420469,1.0
28500,1529.609620379,1.9773818130707692,0.3280794620513916,1.1706309371318502,0.014080459028482439,0.3280794620513916,23.0297794342041,0.014080459028482439,0.3280794620513916,23.0297794342041,-0.6358653840820034,165.7553492363868,-0.0014817960433821116,-0.5,-0.5014817960433822,1.1373471801253856,1.1373471801253856,1.1373471801253856,1.1373471801253856,1.1373471801253856,-0.023610851765526297,-0.023610851765526297,-0.023610851765526297,-0.023610851765526297,1.0
28550,1529.764245566,1.3996559183756472,-0.3614892363548279,1.1706309371318502,0.003997239992022516,-0.3614892363548279,8.491863250732422,0.003997239992022516,-0.3614892363548279,8.491863250732422,0.5254489483341424,165.77036637469456,-0.00042063527561150865,-0.5,-0.5004206352756115,-0.025028313058530816,-0.025028313058530816,-0.025028313058530816,-0.025028313058530816,-0.025028313058530816,0.7952984644471353,0.7952984644471353,0.7952984644471353,0.7952984644471353,1.0
28600,1529.929816377,-0.19078520614651998,0.21329925954341888,1.1706309371318502,-0.023761194190010427,0.21329925954341888,-3.3482930660247803,-0.023761194190010427,0.21329925954341888,-3.3482930660247803,0.0424663716835007,165.7251703358952,0.002500877637027276,0.5,0.5025008776370272,-0.544967249320528,-0.544967249320528,-0.544967249320528,-0.544967249320528,-0.544967249320528,-0.8613368643500433,-0.8613368643500433,-0.8613368643500433,-0.8613368643500433,1.0
28650,1530.093168622,1.4999029249890417,0.23701003193855286,1.1706309371318502,0.00574688032269478,0.23701003193855286,11.960453987121582,0.00574688032269478,0.23701003193855286,11.960453987121582,-0.5745544144493843,165.76896180845154,-0.0006047558331911202,-0.5,-0.5006047558331911,1.0751591702825753,1.0751591702825753,1.0751591702825753,1.0751591702825753,1.0751591702825753,0.08495807461005556,0.08495807461005556,0.08495807461005556,0.08495807461005556,1.0
28700,1530.248712151,1.3100142745525785,-0.0678606852889061,1.1706309371318502,0.002432698160409929,-0.0678606852889061,2.8921234607696533,0.002432698160409929,-0.0678606852889061,2.8921234607696533,0.1285393391352227,165.77119516710218,-0.00025599545258739553,-0.5,-0.5002559954525874,0.37171665631736467,0.37171665631736467,0.37171665631736467,0.37171665631736467,0.37171665631736467,0.813115555859683,0.813115555859683,0.813115555859683,0.813115555859683,1.0
28750,1530.43739581,1.1237855382941841,-0.007565703243017197,1.1706309371318502,-0.0008176064491271957,-0.007565703243017197,1.4813930988311768,-0.0008176064491271957,-0.007565703243017197,1.4813930988311768,0.03103327842516548,165.77162765463726,8.603745974475006e-05,-0.5,-0.4999139625402553,0.4688806841150898,0.4688806841150898,0.4688806841150898,0.4688806841150898,0.4688806841150898,0.6897734408457543,0.6897734408457543,0.6897734408457543,0.6897734408457543,1.0
28800,1530.501824122,1.0694367625730408,0.011077037081122398,1.1706309371318502,-0.0017661715298891052,0.011077037081122398,1.627392053604126,-0.0017661715298891052,0.011077037081122398,1.627392053604126,0.013382031935339283,165.771425736761,0.00018585596418302716,-0.5,-0.499814144035817,0.4864321121004777,0.4864321121004777,0.4864321121004777,0.4864321121004777,0.4864321121004777,0.7916135507310044,0.7916135507310044,0.7916135507310044,0.7916135507310044,1.0
28850,1530.599495687,0.9939362783745429,0.0001453583245165646,1.1706309371318502,-0.0030839035660028442,0.0001453583245165646,0.8215944170951843,-0.0030839035660028442,0.0001453583245165646,0.8215944170951843,0.05392120397362691,165.7708992012195,0.0003245228852397038,-0.49999999999999467,-0.49967547711475496,0.44575427314112803,0.44575427314112803,0.44575427314112803,0.44575427314112803,0.44575427314112803,0.5032053745350039,0.5032053745350039,0.5032053745350039,0.5032053745350039,1.0
28900,1530.766596947,0.9124132748753863,-0.007519066799432039,1.1706309371318502,-0.004506748393177985,-0.007519066799432039,1.1604336500167847,-0.004506748393177985,-0.007519066799432039,1.1604336500167847,0.06765522626092535,165.77000940999082,0.00047425225141252045,-0.5,-0.4995257477485875,0.43187052148766214,0.43187052148766214,0.43187052148766214,0.43187052148766214,0.43187052148766214,0.4399742811947413,0.4399742811947413,0.4399742811947413,0.4399742811947413,1.0
28950,1530.923157875,0.666999295272392,-0.041556306183338165,1.1706309371318502,-0.008790030367672442,-0.041556306183338165,-14.18783950805664,-0.008790030367672442,-0.041556306183338165,-14.18783950805664,0.22071818786043582,165.76531725706363,0.0009250061808591579,0.5,0.5009250061808591,-0.721643194041295,-0.721643194041295,-0.721643194041295,-0.721643194041295,-0.721643194041295,0.0694188394768844,0.0694188394768844,0.0694188394768844,0.0694188394768844,1.0
29000,1531.079921393,1.988387595701187,0.08818472176790237,1.1706309371318502,0.01427254617214203,0.08818472176790237,-0.4954953193664551,0.01427254617214203,0.08818472176790237,-0.4954953193664551,-0.44654762481314514,165.7549005577107,-0.0015020135674900486,0.49999999753188906,0.49849798396439904,-0.0519503591512539,-0.0519503591512539,-0.0519503591512539,-0.0519503591512539,-0.0519503591512539,-0.2904796817261338,-0.2904796817261338,-0.2904796817261338,-0.2904796817261338,1.0
29050,1531.240028851,2.3306394103872403,0.03682790324091911,1.1706309371318502,0.020245967209339143,0.03682790324091911,-1.4021599292755127,0.020245967209339143,0.03682790324091911,-1.4021599292755127,-0.35934220705553244,165.737913991954,-0.0021307893222203673,0.5,0.4978692106777796,-0.13852700362224718,-0.13852700362224718,-0.13852700362224718,-0.13852700362224718,-0.13852700362224718,-0.23934109971531614,-0.23934109971531614,-0.23934109971531614,-0.23934109971531614,1.0
29100,1531.296178675,2.432467499071787,0.020996714010834694,1.1706309371318502,0.022023202627897264,0.020996714010834694,-0.8099942803382874,0.022023202627897264,0.020996714010834694,-0.8099942803382874,-0.3769334083442244,165.731725442431,-0.002317892211377906,0.4999999999999915,0.4976821077886136,-0.12074869944438921,-0.12074869944438921,-0.12074869944438921,-0.12074869944438921,-0.12074869944438921,-0.04392353553779141,-0.04392353553779141,-0.04392353553779141,-0.04392353553779141,1.0
29150,1531.359739722,2.4773401343714783,0.016901707276701927,1.1706309371318502,0.02280637785792351,0.016901707276701927,-1.9845765829086304,0.02280637785792351,0.016901707276701927,-1.9845765829086304,-0.3653753737666701,165.72883316585,-0.0024003474747961648,0.5,0.49759965252520383,-0.1322242787585337,-0.1322242787585337,-0.1322242787585337,-0.1322242787585337,-0.1322242787585337,-0.03309902056287458,-0.03309902056287458,-0.03309902056287458,-0.03309902056287458,1.0
29200,1531.523021645,1.8302845112278474,-0.20326146483421326,1.1706309371318502,0.01151312679052353,-0.20326146483421326,3.1292526721954346,0.01151312679052353,-0.20326146483421326,3.1292526721954346,0.24310382839101113,165.7607624332379,-0.0012115894368132471,-0.5,-0.5012115894368132,0.2581077610458021,0.2581077610458021,0.2581077610458021,0.2581077610458021,0.2581077610458021,0.8501686977741008,0.8501686977741008,0.8501686977741008,0.8501686977741008,1.0
29250,1531.686338217,0.34356457170844446,0.02072860486805439,1.1706309371318502,-0.014435031209141014,0.02072860486805439,-6.610629558563232,-0.014435031209141014,0.02072860486805439,-6.610629558563232,0.14476707174912246,165.75451627788465,0.0015191155012994168,0.5,0.5015191155012995,-0.646286187250422,-0.646286187250422,-0.646286187250422,-0.646286187250422,-0.646286187250422,-0.5027776699068007,-0.5027776699068007,-0.5027776699068007,-0.5027776699068007,1.0
29300,1531.840506753,1.593892197662235,0.02498691901564598,1.1706309371318502,0.007387302592396738,0.02498691901564598,-1.3566770553588867,0.007387302592396738,0.02498691901564598,-1.3566770553588867,-0.234985531125097,165.767186768519,-0.0007773863172671468,0.5,0.49922261368273285,-0.26423708255763584,-0.26423708255763584,-0.26423708255763584,-0.26423708255763584,-0.26423708255763584,0.017924148832636724,0.017924148832636724,0.017924148832636724,0.017924148832636724,1.0
29350,1531.978436731,1.9993863346990233,0.0996590182185173,1.1706309371318502,0.014464510381221773,0.0996590182185173,-0.4500100612640381,0.014464510381221773,0.0996590182185173,-0.4500100612640381,-0.4228156469361457,165.7544460929816,-0.001522218262262529,0.49999998477614854,0.49847776651388603,-0.07566211957774033,-0.07566211957774033,-0.07566211957774033,-0.07566211957774033,-0.07566211957774033,0.19974407811330175,0.19974407811330175,0.19974407811330175,0.19974407811330175,1.0
29400,1532.037625165,2.27859294202492,0.10584046691656113,1.1706309371318502,0.019337584972381593,0.10584046691656113,-0.7505953311920166,0.019337584972381593,0.10584046691656113,-0.7505953311920166,-0.49157002124223736,165.74087614579875,-0.0020351623447884323,0.49999999999990863,0.4979648376551202,-0.006394816412882809,-0.006394816412882809,-0.006394816412882809,-0.006394816412882809,-0.006394816412882809,0.1493693255722483,0.1493693255722483,0.1493693255722483,0.1493693255722483,1.0
29450,1532.16394275,2.8404509198959276,-0.13613717257976532,1.1706309371318502,0.029143856614828118,-0.13613717257976532,6.8290815353393555,0.029143856614828118,-0.13613717257976532,6.8290815353393555,-0.26650542699357194,165.7017120817669,-0.0030676942058111474,-0.5,-0.5030676942058111,0.769573121199383,0.769573121199383,0.769573121199383,0.769573121199383,0.769573121199383,0.9133187869258081,0.9133187869258081,0.9133187869258081,0.9133187869258081,1.0
29500,1532.367305127,0.9668050594439598,-0.017846684902906418,1.1706309371318502,-0.003557432666420935,-0.017846684902906418,1.9557311534881592,-0.003557432666420935,-0.017846684902906418,1.9557311534881592,0.12148436215861133,165.77064010926904,0.00037435331148221124,-0.5,-0.4996256466885178,0.3781412845299065,0.3781412845299065,0.3781412845299065,0.3781412845299065,0.3781412845299065,0.23391659339042195,0.23391659339042195,0.23391659339042195,0.23391659339042195,1.0
29550,1532.568301942,1.28699717737987,-0.026464536786079407,1.1706309371318502,0.0020309740304946915,-0.026464536786079407,4.9875712394714355,0.0020309740304946915,-0.026464536786079407,4.9875712394714355,0.004802758651932169,165.77134289837153,-0.00021372146229847882,-0.5,-0.5002137214622985,0.4954109628103663,0.4954109628103663,0.4954109628103663,0.4954109628103663,0.4954109628103663,0.8484183762749005,0.8484183762749005,0.8484183762749005,0.8484183762749005,1.0
29600,1532.753576859,1.0747570530496575,0.019458213821053505,1.1706309371318502,-0.0016733149439096436,0.019458213821053505,5.047431468963623,-0.0016733149439096436,0.019458213821053505,5.047431468963623,-0.024808671316278213,165.77145204905327,0.00017608455589406008,-0.5,-0.4998239154441059,0.5246325867603842,0.5246325867603842,0.5246325867603842,0.5246325867603842,0.5246325867603842,0.699181545849802,0.699181545849802,0.699181545849802,0.699181545849802,1.0
29650,1532.909699987,1.3218666804749604,0.020285330712795258,1.1706309371318502,0.0026395616680383698,0.020285330712795258,7.129572868347168,0.0026395616680383698,0.020285330712795258,7.129572868347168,-0.08254580040129803,165.77110872257725,-0.0002777640189957959,-0.5,-0.5002777640189958,0.5828235644202938,0.5828235644202938,0.5828235644202938,0.5828235644202938,0.5828235644202938,0.7494292365828722,0.7494292365828722,0.7494292365828722,0.7494292365828722,1.0
29700,1532.967290573,1.3608911797412397,-0.003683184739202261,1.1706309371318502,0.003320667669177057,-0.003683184739202261,6.019798278808594,0.003320667669177057,-0.003683184739202261,6.019798278808594,-0.0036060943302178225,165.77077427380374,-0.00034943803190700534,-0.5,-0.500349438031907,0.5039555323621249,0.5039555323621249,0.5039555323621249,0.5039555323621249,0.5039555323621249,0.8843249708408518,0.8843249708408518,0.8843249708408518,0.8843249708408518,1.0
29750,1533.02203423,1.3084648888280432,0.004071745090186596,1.1706309371318502,0.002405656278133394,0.004071745090186596,7.510282039642334,0.002405656278133394,0.004071745090186596,7.510282039642334,-0.02754261018407009,165.77120594630776,-0.00025314979519338015,-0.5,-0.5002531497951934,0.5277957599792635,0.5277957599792635,0.5277957599792635,0.5277957599792635,0.5277957599792635,0.24473170756103435,0.24473170756103435,0.24473170756103435,0.24473170756103435,1.0
29800,1533.080337288,1.2741035944958843,-0.009503141045570374,1.1706309371318502,0.0018059385567903534,-0.009503141045570374,6.863166332244873,0.0018059385567903534,-0.009503141045570374,6.863166332244873,-0.006724777752560092,165.7714140336774,-0.00019004069638574412,-0.5,-0.5001900406963857,0.5069148184489458,0.5069148184489458,0.5069148184489458,0.5069148184489458,0.5069148184489458,0.7964759154997711,0.7964759154997711,0.7964759154997711,0.7964759154997711,1.0
29850,1533.240498109,1.4556961264117207,0.006590500008314848,1.1706309371318502,0.004975326135754587,0.006590500008314848,8.215238571166992,0.004975326135754587,0.006590500008314848,8.215238571166992,-0.08915270203112377,165.76964336373354,-0.0005235621957419394,-0.5,-0.5005235621957419,0.5896762642268657,0.5896762642268657,0.5896762642268657,0.5896762642268657,0.5896762642268657,0.969676410062066,0.969676410062066,0.969676410062066,0.969676410062066,1.0
29900,1533.429086268,1.004544415929219,-0.172325000166893,1.1706309371318502,-0.002898756638169287,-0.172325000166893,2.3584306240081787,-0.002898756638169287,-0.172325000166893,2.3584306240081787,0.3979882224510698,165.7709904575035,0.0003050395394995251,-0.5,-0.4996949604605005,0.1017067380094307,0.1017067380094307,0.1017067380094307,0.1017067380094307,0.1017067380094307,0.07213058280799607,0.07213058280799607,0.07213058280799607,0.07213058280799607,1.0
29950,1533.592760253,1.3263480316224292,0.1878860890865326,1.1706309371318502,0.002717776000499727,0.1878860890865326,-3.2503559589385986,0.002717776000499727,0.1878860890865326,-3.2503559589385986,-0.4265661671187538,165.77107420125475,-0.0002859946400403732,0.5,0.49971400535995963,-0.07314783824120585,-0.07314783824120585,-0.07314783824120585,-0.07314783824120585,-0.07314783824120585,-0.6646564339348807,-0.6646564339348807,-0.6646564339348807,-0.6646564339348807,1.0
30000,1533.782786932,2.24951874771888,-0.06968440115451813,1.1706309371318502,0.018830144554376604,-0.06968440115451813,-2.363678216934204,0.018830144554376604,-0.06968440115451813,-2.363678216934204,-0.14834574039016277,165.7424716854343,-0.0019817446692191837,0.5,0.4980182553307808,-0.349672514940618,-0.349672514940618,-0.349672514940618,-0.349672514940618,-0.349672514940618,-0.2830457846656188,-0.2830457846656188,-0.2830457846656188,-0.2830457846656188,1.0
30050,1533.937365769,1.81446878131786,-0.1535060703754425,1.1706309371318502,0.0112370902299881,-0.1535060703754425,5.572761058807373,0.0112370902299881,-0.1535060703754425,5.572761058807373,0.10436963953065287,165.76127979623675,-0.001182538143408446,-0.5,-0.5011825381434084,0.39681289861275554,0.39681289861275554,0.39681289861275554,0.39681289861275554,0.39681289861275554,0.5054008341312657,0.5054008341312657,0.5054008341312657,0.5054008341312657,1.0
30100,1534.013842568,0.7455089580479565,-0.24022731184959412,1.1706309371318502,-0.007419778257608412,-0.24022731184959412,-11.590300559997559,-0.007419778257608412,-0.24022731184959412,-11.590300559997559,0.5996531343725225,165.76714715201783,0.0007808039455122505,0.5,0.5007808039455123,-1.1004339383180348,-1.1004339383180348,-1.1004339383180348,-1.1004339383180348,-1.1004339383180348,0.1875259272022271,0.1875259272022271,0.1875259272022271,0.1875259272022271,1.0
30150,1534.069324644,0.35351322248224404,-0.021287143230438232,1.1706309371318502,-0.01426139449700713,-0.021287143230438232,-13.036434173583984,-0.01426139449700713,-0.021287143230438232,-13.036434173583984,0.25953815239285943,165.75492677209797,0.0015008398302432525,0.5,0.5015008398302433,-0.7610389922231027,-0.7610389922231027,-0.7610389922231027,-0.7610389922231027,-0.7610389922231027,-0.9923854539393835,-0.9923854539393835,-0.9923854539393835,-0.9923854539393835,1.0
30200,1534.141119131,0.5301900192276547,0.11441315710544586,1.1706309371318502,-0.011177802681922911,0.11441315710544586,-8.216316223144531,-0.011177802681922911,0.11441315710544586,-8.216316223144531,-0.07760279018244623,165.76138927846998,0.0011762984863216512,0.5,0.5011762984863216,-0.4235735083038754,-0.4235735083038754,-0.4235735083038754,-0.4235735083038754,-0.4235735083038754,-0.6656326404143527,-0.6656326404143527,-0.6656326404143527,-0.6656326404143527,1.0
30250,1534.317229374,1.5586477812147346,-0.013647045008838177,1.1706309371318502,0.006772171482443811,-0.013647045008838177,-5.049478054046631,0.006772171482443811,-0.013647045008838177,-5.049478054046631,-0.12454211406004778,165.767904337672,-0.0007126523160537384,0.5,0.4992873476839463,-0.3747452336238985,-0.3747452336238985,-0.3747452336238985,-0.3747452336238985,-0.3747452336238985,-0.4731275524857198,-0.4731275524857198,-0.4731275524857198,-0.4731275524857198,1.0
30300,1534.542877288,1.5498889173778394,0.023825837299227715,1.1706309371318502,0.006619300469756128,0.023825837299227715,-3.5445878505706787,0.006619300469756128,0.023825837299227715,-3.5445878505706787,-0.14292680157889281,165.7680729940597,-0.0006965648511280358,0.5,0.499303435148872,-0.3563766335699792,-0.3563766335699792,-0.3563766335699792,-0.3563766335699792,-0.3563766335699792,-0.2553199467795978,-0.2553199467795978,-0.2553199467795978,-0.2553199467795978,1.0
30350,1534.731548619,1.7121922480256195,0.03460852801799774,1.1706309371318502,0.00945202797651291,0.03460852801799774,-2.058159828186035,0.00945202797651291,0.03460852801799774,-2.058159828186035,-0.21453342580533724,165.76432236306124,-0.000994674513281211,0.5,0.4990053254867188,-0.28447189968138153,-0.28447189968138153,-0.28447189968138153,-0.28447189968138153,-0.28447189968138153,-0.4132888036126461,-0.4132888036126461,-0.4132888036126461,-0.4132888036126461,1.0
30400,1534.920061674,1.726276951867832,-0.0275677852332592,1.1706309371318502,0.009697852432727815,-0.0275677852332592,7.8305158615112305,0.009697852432727815,-0.0275677852332592,7.8305158615112305,-0.12106656551669202,165.7639345369036,-0.0010205451859204738,-0.5,-0.5010205451859204,0.6220871107026125,0.6220871107026125,0.6220871107026125,0.6220871107026125,0.6220871107026125,-0.2236475148797356,-0.2236475148797356,-0.2236475148797356,-0.2236475148797356,1.0
30450,1535.026200426,1.123423858433291,-0.16183803975582123,1.1706309371318502,-0.000823918953537936,-0.16183803975582123,2.113692283630371,-0.000823918953537936,-0.16183803975582123,2.113692283630371,0.3393010168244024,165.77162680094403,8.670173054073257e-05,-0.5,-0.4999132982694593,0.1606122814450569,0.1606122814450569,0.1606122814450569,0.1606122814450569,0.1606122814450569,0.6037221056749946,0.6037221056749946,0.6037221056749946,0.6037221056749946,1.0
30500,1535.090355157,0.621420909332368,-0.07092282176017761,1.1706309371318502,-0.00958552327007055,-0.07092282176017761,-9.265907287597656,-0.00958552327007055,-0.07092282176017761,-9.265907287597656,0.2968770321055534,165.76411298891054,0.0010087236010299053,0.5,0.5010087236010299,-0.7978857557065833,-0.7978857557065833,-0.7978857557065833,-0.7978857557065833,-0.7978857557065833,0.11447309263227118,0.11447309263227118,0.11447309263227118,0.11447309263227118,1.0
30550,1535.157250021,0.703067229762555,0.13615715503692627,1.1706309371318502,-0.008160526156425475,0.13615715503692627,-4.0595173835754395,-0.008160526156425475,0.13615715503692627,-4.0595173835754395,-0.15778882063569938,165.76619634025522,0.0008587581852807969,0.5,0.5008587581852808,-0.3430699375495814,-0.3430699375495814,-0.3430699375495814,-0.3430699375495814,-0.3430699375495814,-0.8885488395186872,-0.8885488395186872,-0.8885488395186872,-0.8885488395186872,1.0
30600,1535.223857259,1.4357369262747683,0.20062550902366638,1.1706309371318502,0.004626972377300264,0.20062550902366638,-0.4786858558654785,0.004626972377300264,0.20062550902366638,-0.4786858558654785,-0.4538903634109176,165.76991894304723,-0.0004869037877553213,0.49999999516523946,0.4995130913774841,-0.04562272796656652,-0.04562272796656652,-0.04562272796656652,-0.04562272796656652,-0.04562272796656652,-0.34512830470038547,-0.34512830470038547,-0.34512830470038547,-0.34512830470038547,1.0
30650,1535.290167521,1.9430993860791828,-0.13536310195922852,1.1706309371318502,0.01348211780190468,-0.13536310195922852,7.132007598876953,0.01348211780190468,-0.13536310195922852,7.132007598876953,-0.200368518332536,165.75670788632186,-0.0014188202200038792,-0.5,-0.5014188202200038,0.7017873385525398,0.7017873385525398,0.7017873385525398,0.7017873385525398,0.7017873385525398,0.632165607323034,0.632165607323034,0.632165607323034,0.632165607323034,1.0
30700,1535.356151268,1.408577959700682,-0.10712533444166183,1.1706309371318502,0.004152958989143373,-0.10712533444166183,3.969259738922119,0.004152958989143373,-0.10712533444166183,3.969259738922119,0.27148648897341027,165.77026181575047,-0.0004370219913789005,-0.5,-0.5004370219913788,0.22895053301796858,0.22895053301796858,0.22895053301796858,0.22895053301796858,0.22895053301796858,0.3360514197698838,0.3360514197698838,0.3360514197698838,0.3360514197698838,1.0
30750,1535.423558257,0.942264616642927,-0.0994475707411766,1.1706309371318502,-0.003985744193196295,-0.0994475707411766,2.2653985023498535,-0.003985744193196295,-0.0994475707411766,2.2653985023498535,0.24496735556762889,165.7703739352874,0.00041942554356150995,-0.5,-0.4995805744564385,0.2546132188888096,0.2546132188888096,0.2546132188888096,0.2546132188888096,0.2546132188888096,0.11689951543841258,0.11689951543841258,0.11689951543841258,0.11689951543841258,1.0
30800,1535.584285752,0.8783968517354601,0.32180243730545044,1.1706309371318502,-0.0051004469767212835,0.32180243730545044,-2.146940231323242,-0.0051004469767212835,0.32180243730545044,-2.146940231323242,-0.4523680717452287,165.7695395012321,0.0005367291022890231,0.5,0.500536729102289,-0.048168657357060274,-0.048168657357060274,-0.048168657357060274,-0.048168657357060274,-0.048168657357060274,-0.6355647795126035,-0.6355647795126035,-0.6355647795126035,-0.6355647795126035,1.0
30850,1535.766677332,1.7296677139039203,-0.11341474950313568,1.1706309371318502,0.009757032394409181,-0.11341474950313568,5.349512577056885,0.009757032394409181,-0.11341474950313568,5.349512577056885,0.09227663266044861,165.76383968433942,-0.0010267733289539777,-0.5,-0.501026773328954,0.40875014066850535,0.40875014066850535,0.40875014066850535,0.40875014066850535,0.40875014066850535,0.9490225012275094,0.9490225012275094,0.9490225012275094,0.9490225012275094,1.0
30900,1535.916357314,0.8780926948739829,-0.06890695542097092,1.1706309371318502,-0.0051057555153965935,-0.06890695542097092,2.2189927101135254,-0.0051057555153965935,-0.06890695542097092,2.2189927101135254,0.2307324649605772,165.7695350375849,0.0005372877388664074,-0.5,-0.4994627122611336,0.2687302473005564,0.2687302473005564,0.2687302473005564,0.2687302473005564,0.2687302473005564,0.3795977388657182,0.3795977388657182,0.3795977388657182,0.3795977388657182,1.0
30950,1536.072933303,0.8220002999237821,0.006946960464119911,1.1706309371318502,-0.006084752492606638,0.006946960464119911,1.5779026746749878,-0.006084752492606638,0.006946960464119911,1.5779026746749878,0.02986415469362172,165.76863246642745,0.0006403116501358914,-0.5,-0.4993596883498641,0.4694955336562424,0.4694955336562424,0.4694955336562424,0.4694955336562424,0.4694955336562424,0.48522040648943265,0.48522040648943265,0.48522040648943265,0.48522040648943265,1.0
31000,1536.223018281,0.8339432592135196,0.04454990476369858,1.1706309371318502,-0.005876308530569075,0.04454990476369858,2.096524715423584,-0.005876308530569075,0.04454990476369858,2.096524715423584,0.012153938771069545,165.76883787048445,0.0006183761324213347,-0.5,-0.4993816238675787,0.48722768509650916,0.48722768509650916,0.48722768509650916,0.48722768509650916,0.48722768509650916,0.11848087943700727,0.11848087943700727,0.11848087943700727,0.11848087943700727,1.0
31050,1536.376580905,1.1354908817059994,0.019383924081921577,1.1706309371318502,-0.0006133096665143917,0.019383924081921577,3.190476894378662,-0.0006133096665143917,0.019383924081921577,3.190476894378662,-0.030990404307186158,165.77165173861658,6.453911989658965e-05,-0.5,-0.49993546088010343,0.5309258651872896,0.5309258651872896,0.5309258651872896,0.5309258651872896,0.5309258651872896,0.5650112938485782,0.5650112938485782,0.5650112938485782,0.5650112938485782,1.0
31100,1536.431101294,1.1323084404395964,-0.029773620888590813,1.1706309371318502,-0.0006688537448644623,-0.029773620888590813,3.013916492462158,-0.0006688537448644623,-0.029773620888590813,3.013916492462158,0.0671155963446794,165.77164587137872,7.038407415603038e-05,-0.5,-0.49992961592584395,0.43281401958116456,0.43281401958116456,0.43281401958116456,0.43281401958116456,0.43281401958116456,0.6008021862450152,0.6008021862450152,0.6008021862450152,0.6008021862450152,1.0
31150,1536.516218532,1.0993714539927968,0.0301419198513031,1.1706309371318502,-0.0012437126040458664,0.0301419198513031,4.091008186340332,-0.0012437126040458664,0.0301419198513031,4.091008186340332,-0.03727849336566208,165.7715552918101,0.0001308770304644803,-0.5,-0.4998691229695355,0.5371476163351976,0.5371476163351976,0.5371476163351976,0.5371476163351976,0.5371476163351976,0.4013990707083517,0.4013990707083517,0.4013990707083517,0.4013990707083517,1.0
31200,1536.672994154,1.2581223392202296,0.004291311837732792,1.1706309371318502,0.0015270130336284653,0.004291311837732792,3.8566043376922607,0.0015270130336284653,0.004291311837732792,3.8566043376922607,-0.051696785516183966,165.7714906232491,-0.00016068903900263353,-0.5,-0.5001606890390027,0.5518574745551866,0.5518574745551866,0.5518574745551866,0.5518574745551866,0.5518574745551866,0.845131339292451,0.845131339292451,0.845131339292451,0.845131339292451,1.0
31250,1536.837368775,1.5178037835865872,-0.005112198647111654,1.1706309371318502,0.006059309244155885,-0.005112198647111654,4.415256500244141,0.006059309244155885,-0.005112198647111654,4.415256500244141,-0.10238634341004776,165.76865792220914,-0.0006376341370546321,-0.5,-0.5006376341370546,0.6030239775471025,0.6030239775471025,0.6030239775471025,0.6030239775471025,0.6030239775471025,0.869344151094696,0.869344151094696,0.869344151094696,0.869344151094696,1.0
31300,1537.039906208,1.0266051798964198,-0.04540833830833435,1.1706309371318502,-0.002513723671436305,-0.04540833830833435,3.9962058067321777,-0.002513723671436305,-0.04540833830833435,3.9962058067321777,0.09479135842747667,165.77116214801464,0.00026452188956800903,-0.5,-0.499735478110432,0.40494411968295535,0.40494411968295535,0.40494411968295535,0.40494411968295535,0.40494411968295535,0.4106473001263324,0.4106473001263324,0.4106473001263324,0.4106473001263324,1.0
31350,1537.23661638,0.8680630956863481,0.04055057466030121,1.1706309371318502,-0.00528080504387617,0.04055057466030121,3.9750990867614746,-0.00528080504387617,0.04055057466030121,3.9750990867614746,0.043059103575613766,165.76938524740874,0.0005557088460051341,-0.5,-0.49944429115399486,0.4563851875783811,0.4563851875783811,0.4563851875783811,0.4563851875783811,0.4563851875783811,0.5345888231797042,0.5345888231797042,0.5345888231797042,0.5345888231797042,1.0
31400,1537.417561823,1.0938637602008277,0.018150759860873222,1.1706309371318502,-0.0013398399949073776,0.018150759860873222,3.6576969623565674,-0.0013398399949073776,0.018150759860873222,3.6576969623565674,-0.021005323959639232,165.77153483127805,0.00014099261649810817,-0.5,-0.4998590073835019,0.5208643313431411,0.5208643313431411,0.5208643313431411,0.5208643313431411,0.5208643313431411,0.7470708125118581,0.7470708125118581,0.7470708125118581,0.7470708125118581,1.0
31450,1537.482604105,1.0541668074664194,-0.010159561410546303,1.1706309371318502,-0.002032682523131369,-0.010159561410546303,3.6368117332458496,-0.002032682523131369,-0.010159561410546303,3.6368117332458496,0.04000725651194787,165.7713423263895,0.00021390124920635183,-0.5,-0.49978609875079366,0.4597788422388458,0.4597788422388458,0.4597788422388458,0.4597788422388458,0.4597788422388458,0.5822731308885494,0.5822731308885494,0.5822731308885494,0.5822731308885494,1.0
31500,1537.607564453,0.9601446645078453,-0.013085462152957916,1.1706309371318502,-0.00367367848753929,-0.013085462152957916,3.874768018722534,-0.00367367848753929,-0.013085462152957916,3.874768018722534,0.08073050402440186,165.77057085699772,0.0003865861192449144,-0.5,-0.4996134138807551,0.41888290985635324,0.41888290985635324,0.41888290985635324,0.41888290985635324,0.41888290985635324,0.680824134474638,0.680824134474638,0.680824134474638,0.680824134474638,1.0
31550,1537.762530527,0.8982585615941812,0.030895840376615524,1.1706309371318502,-0.004753794744610785,0.030895840376615524,3.435224771499634,-0.004753794744610785,0.030895840376615524,3.435224771499634,0.021145725991565903,165.769820929705,0.000500249707200341,-0.5,-0.49949975029279964,0.47835402430123375,0.47835402430123375,0.47835402430123375,0.47835402430123375,0.47835402430123375,0.43668189155649684,0.43668189155649684,0.43668189155649684,0.43668189155649684,1.0
31600,1537.91627595,1.188710114893152,-0.006270053330808878,1.1706309371318502,0.0003155411779880539,-0.006270053330808878,3.855464458465576,0.0003155411779880539,-0.006270053330808878,3.855464458465576,-0.0033206005940100837,165.77167452509866,-3.320467484834881e-05,-0.5,-0.5000332046748484,0.5033538052688584,0.5033538052688584,0.5033538052688584,0.5033538052688584,0.5033538052688584,0.7585465407784612,0.7585465407784612,0.7585465407784612,0.7585465407784612,1.0
31650,1538.088808903,1.1986364074695903,-0.011227894574403763,1.1706309371318502,0.0004887876659631744,-0.011227894574403763,4.358133316040039,0.0004887876659631744,-0.011227894574403763,4.358133316040039,-0.03403648521692726,165.77166304486695,-5.143555706017341e-05,-0.5,-0.5000514355570602,0.5340879207739875,0.5340879207739875,0.5340879207739875,0.5340879207739875,0.5340879207739875,0.801302386591622,0.801302386591622,0.801302386591622,0.801302386591622,1.0
31700,1538.267166954,1.199686015445951,-0.000784078729338944,1.1706309371318502,0.0005071067810058644,-0.000784078729338944,4.955509185791016,0.0005071067810058644,-0.000784078729338944,4.955509185791016,0.005063500869038102,165.77166154182757,-5.3363294009915525e-05,-0.5,-0.50005336329401,0.49498986242497184,0.49498986242497184,0.49498986242497184,0.49498986242497184,0.49498986242497184,0.9454768739357907,0.9454768739357907,0.9454768739357907,0.9454768739357907,1.0
31750,1538.372477174,0.9477204436858863,-0.19217641651630402,1.1706309371318502,-0.00389052204787731,-0.19217641651630402,1.574928879737854,-0.00389052204787731,-0.19217641651630402,1.574928879737854,0.4426671208597419,165.7704357240942,0.0004094050800348811,-0.5,-0.4995905949199651,0.05692347406022319,0.05692347406022319,0.05692347406022319,0.05692347406022319,0.05692347406022319,0.37808330304617377,0.37808330304617377,0.37808330304617377,0.37808330304617377,1.0
31800,1538.47076185,0.44804050595470823,0.08248323202133179,1.1706309371318502,-0.012611582167446612,0.08248323202133179,-7.160947322845459,-0.012611582167446612,0.08248323202133179,-7.160947322845459,0.1710853265623034,165.7585792683923,0.001327197535068834,0.5,0.5013271975350688,-0.6724125240973722,-0.6724125240973722,-0.6724125240973722,-0.6724125240973722,-0.6724125240973722,-0.6453649230347033,-0.6453649230347033,-0.6453649230347033,-0.6453649230347033,1.0
31850,1538.66589533,2.3191770722994898,-0.043477725237607956,1.1706309371318502,0.02004591166973115,-0.043477725237607956,5.599409580230713,0.02004591166973115,-0.043477725237607956,5.599409580230713,-0.2881045909136094,165.73857802746429,-0.00210972883387775,-0.5,-0.5021097288338777,0.7902143197474871,0.7902143197474871,0.7902143197474871,0.7902143197474871,0.7902143197474871,0.786308353514011,0.786308353514011,0.786308353514011,0.786308353514011,1.0
31900,1538.83666057,0.6554599574739199,-0.03904229402542114,1.1706309371318502,-0.008991429805755612,-0.03904229402542114,-12.416081428527832,-0.008991429805755612,-0.03904229402542114,-12.416081428527832,0.22717740721870466,165.76502222274598,0.0009462012798691661,0.5,0.5009462012798692,-0.7281236084985738,-0.7281236084985738,-0.7281236084985738,-0.7281236084985738,-0.7281236084985738,-0.07356501397001769,-0.07356501397001769,-0.07356501397001769,-0.07356501397001769,1.0
31950,1539.018571155,2.121884283359321,-0.09529875218868256,1.1706309371318502,0.016602502912282945,-0.09529875218868256,3.691260814666748,0.016602502912282945,-0.09529875218868256,3.691260814666748,-0.1529567649799809,165.74897416062254,-0.0017472549720947588,-0.5,-0.5017472549720947,0.6547040199520756,0.6547040199520756,0.6547040199520756,0.6547040199520756,0.6547040199520756,0.899545194239839,0.899545194239839,0.899545194239839,0.899545194239839,1.0
32000,1539.219315623,0.9601347393892076,0.028568800538778305,1.1706309371318502,-0.0036738517135381683,0.028568800538778305,0.9001796841621399,-0.0036738517135381683,0.028568800538778305,0.9001796841621399,0.006730414455254546,165.7705707521386,0.0003866043482118745,-0.4999999999999998,-0.4996133956517879,0.4928829811965334,0.4928829811965334,0.4928829811965334,0.4928829811965334,0.4928829811965334,0.5012680041953553,0.5012680041953553,0.5012680041953553,0.5012680041953553,1.0
32050,1539.449677219,2.258955294387487,0.2432822287082672,1.1706309371318502,0.018994843363761903,0.2432822287082672,10.654332160949707,0.018994843363761903,0.2432822287082672,10.654332160949707,-0.8248865329352248,165.74195847444392,-0.001999082213316307,-0.5,-0.5019990822133163,1.3268856151485413,1.3268856151485413,1.3268856151485413,1.3268856151485413,1.3268856151485413,-0.08506529855270256,-0.08506529855270256,-0.08506529855270256,-0.08506529855270256,1.0
32100,1539.539059173,2.69498624670805,-0.06733690947294235,1.1706309371318502,0.02660501912236214,-0.06733690947294235,14.959136962890625,0.02660501912236214,-0.06733690947294235,14.959136962890625,-0.2746500476572779,165.71337124116897,-0.0028003241666642153,-0.5,-0.5028003241666642,0.777450371823942,0.777450371823942,0.777450371823942,0.777450371823942,0.777450371823942,0.8081454449435563,0.8081454449435563,0.8081454449435563,0.8081454449435563,1.0
32150,1539.700334403,0.9827480016272389,-0.31155824661254883,1.1706309371318502,-0.003279175832867621,-0.31155824661254883,-4.28188943862915,-0.003279175832867621,-0.31155824661254883,-4.28188943862915,0.6616599026717617,165.77079683427078,0.0003450717626161642,0.5,0.5003450717626161,-1.1620049744343777,-1.1620049744343777,-1.1620049744343777,-1.1620049744343777,-1.1620049744343777,-0.2969240131645853,-0.2969240131645853,-0.2969240131645853,-0.2969240131645853,1.0
32200,1539.851377405,0.25759226025397997,0.16863204538822174,1.1706309371318502,-0.015935531109571455,0.16863204538822174,-6.869108200073242,-0.015935531109571455,0.16863204538822174,-6.869108200073242,-0.06585018024936012,165.75076201522802,0.0016770505321453259,0.5,0.5016770505321453,-0.43582687028278516,-0.43582687028278516,-0.43582687028278516,-0.43582687028278516,-0.43582687028278516,-0.9446689996354709,-0.9446689996354709,-0.9446689996354709,-0.9446689996354709,1.0
32250,1540.005489333,2.0861621805567427,0.033762600272893906,1.1706309371318502,0.01597903460264206,0.033762600272893906,13.468097686767578,0.01597903460264206,0.033762600272893906,13.468097686767578,-0.3524581834772861,165.75064763598482,-0.0016816295980605772,-0.5,-0.5016816295980606,0.8541398130753467,0.8541398130753467,0.8541398130753467,0.8541398130753467,0.8541398130753467,0.2730650168043425,0.2730650168043425,0.2730650168043425,0.2730650168043425,1.0
32300,1540.158517441,1.066321662702986,-0.11659198999404907,1.1706309371318502,-0.0018205402791500076,-0.11659198999404907,2.320849657058716,-0.0018205402791500076,-0.11659198999404907,2.320849657058716,0.3028711370871591,165.77140967111572,0.0001915772533891893,-0.5,-0.4998084227466108,0.19693728565945168,0.19693728565945168,0.19693728565945168,0.19693728565945168,0.19693728565945168,0.5826305134150462,0.5826305134150462,0.5826305134150462,0.5826305134150462,1.0
32350,1540.312467245,0.7133807620484214,-0.08210083097219467,1.1706309371318502,-0.00798052106052637,-0.08210083097219467,1.2705352306365967,-0.00798052106052637,-0.08210083097219467,1.2705352306365967,0.2787431261274922,165.76643570730891,0.0008398148691196123,-0.5,-0.4991601851308804,0.2204170590033882,0.2204170590033882,0.2204170590033882,0.2204170590033882,0.2204170590033882,0.5023490861931063,0.5023490861931063,0.5023490861931063,0.5023490861931063,1.0
32400,1540.46467196,0.3925316919721468,0.009414590895175934,1.1706309371318502,-0.013580393735319374,0.009414590895175934,0.8232589960098267,-0.013580393735319374,0.009414590895175934,0.8232589960098267,0.1959311588295444,165.75648878015338,0.0014291637589196188,-0.499999999999995,-0.4985708362410754,0.30263967741153097,0.30263967741153097,0.30263967741153097,0.30263967741153097,0.30263967741153097,0.19476391068732324,0.19476391068732324,0.19476391068732324,0.19476391068732324,1.0
32450,1540.535169052,0.3987931344916238,-0.0013081891229376197,1.1706309371318502,-0.013471110947430132,-0.0013081891229376197,0.5394783616065979,-0.013471110947430132,-0.0013081891229376197,0.5394783616065979,0.19925638355612973,165.75673232701155,0.0014176617506101168,-0.49999999957508606,-0.4985823378244759,0.2993259542683462,0.2993259542683462,0.2993259542683462,0.2993259542683462,0.2993259542683462,0.18735860877992982,0.18735860877992982,0.18735860877992982,0.18735860877992982,1.0
32500,1540.59044631,0.37529877785066085,0.011400644667446613,1.1706309371318502,-0.01388116482645273,0.011400644667446613,0.9755576252937317,-0.01388116482645273,0.011400644667446613,0.9755576252937317,0.19445904388023943,165.75580832390557,0.0014608200777021419,-0.5,-0.49853917992229785,0.3040801360420584,0.3040801360420584,0.3040801360420584,0.3040801360420584,0.3040801360420584,0.20680405574712785,0.20680405574712785,0.20680405574712785,0.20680405574712785,1.0
32550,1540.648922862,0.41639928109865393,0.018360741436481476,1.1706309371318502,-0.013163825720548628,0.018360741436481476,0.910498857498169,-0.013163825720548628,0.018360741436481476,0.910498857498169,0.15822261054700681,165.7574065958547,0.001385320173842554,-0.49999999999999983,-0.49861467982615726,0.34039206927915044,0.34039206927915044,0.34039206927915044,0.34039206927915044,0.34039206927915044,0.05932777902935524,0.05932777902935524,0.05932777902935524,0.05932777902935524,1.0
32600,1540.704104158,0.490635860135582,0.025958813726902008,1.1706309371318502,-0.011868152990937231,0.025958813726902008,1.036653757095337,-0.011868152990937231,0.025958813726902008,1.036653757095337,0.12219443677571892,165.7600785666752,0.0012489542146026133,-0.5,-0.49875104578539736,0.37655660900967847,0.37655660900967847,0.37655660900967847,0.37655660900967847,0.37655660900967847,0.37941772795212514,0.37941772795212514,0.37941772795212514,0.37941772795212514,1.0
32650,1540.771107903,0.5751810088990577,0.03139655664563179,1.1706309371318502,-0.010392561778426169,0.03139655664563179,1.1564520597457886,-0.010392561778426169,0.03139655664563179,1.1564520597457886,0.0925186692751385,165.76278469719935,0.0010936573705212357,-0.5,-0.49890634262947875,0.40638767335434023,0.40638767335434023,0.40638767335434023,0.40638767335434023,0.40638767335434023,0.409653927854961,0.409653927854961,0.409653927854961,0.409653927854961,1.0
32700,1540.837751783,0.7014622953901607,0.04990274831652641,1.1706309371318502,-0.008188537545502184,0.04990274831652641,2.8873043060302734,-0.008188537545502184,0.04990274831652641,2.8873043060302734,0.027029695919074184,165.7661586112568,0.0008617060434168458,-0.5,-0.49913829395658316,0.472108598037509,0.472108598037509,0.472108598037509,0.472108598037509,0.472108598037509,0.247368493645457,0.247368493645457,0.247368493645457,0.247368493645457,1.0
32750,1540.906380879,0.7449244966262444,0.004399966914206743,1.1706309371318502,-0.007429979033768174,0.004399966914206743,-7.356756210327148,-0.007429979033768174,0.004399966914206743,-7.356756210327148,0.1175967765717781,165.7671346724035,0.0007818774407409672,0.5,0.500781877440741,-0.6183786540125191,-0.6183786540125191,-0.6183786540125191,-0.6183786540125191,-0.6183786540125191,-0.051868420759133005,-0.051868420759133005,-0.051868420759133005,-0.051868420759133005,1.0
32800,1540.972302933,0.9259926514407237,0.256161093711853,1.1706309371318502,-0.004269743561744688,0.256161093711853,-0.8019754886627197,-0.004269743561744688,0.256161093711853,-0.8019754886627197,-0.3447893808270322,165.77018077783956,0.00044931154995602775,0.4999999999999883,0.5004493115499443,-0.15565993072291212,-0.15565993072291212,-0.15565993072291212,-0.15565993072291212,-0.15565993072291212,-0.8072187248670504,-0.8072187248670504,-0.8072187248670504,-0.8072187248670504,1.0
32850,1541.133131489,1.5985618058987023,-0.14563129842281342,1.1706309371318502,0.007468802630901338,-0.14563129842281342,7.018841743469238,0.007468802630901338,-0.14563129842281342,7.018841743469238,0.13364293306570713,165.76708701887188,-0.0007859631064485961,-0.5,-0.5007859631064486,0.3671430300407415,0.3671430300407415,0.3671430300407415,0.3671430300407415,0.3671430300407415,0.7266390500725298,0.7266390500725298,0.7266390500725298,0.7266390500725298,1.0
32900,1541.284703288,0.7131653442853015,-0.019414827227592468,1.1706309371318502,-0.007984280809760092,-0.019414827227592468,3.400136709213257,-0.007984280809760092,-0.019414827227592468,3.400136709213257,0.1796073460474667,165.7664307622624,0.0008402105357980018,-0.5,-0.499159789464202,0.3195524434167353,0.3195524434167353,0.3195524434167353,0.3195524434167353,0.3195524434167353,0.39250777034199313,0.39250777034199313,0.39250777034199313,0.39250777034199313,1.0
32950,1541.436909453,0.8224682212427809,-0.0009279001969844103,1.1706309371318502,-0.006076585724949835,-0.0009279001969844103,3.8115572929382324,-0.006076585724949835,-0.0009279001969844103,3.8115572929382324,0.0757307957579278,165.76864064884188,0.0006394522225534133,-0.5,-0.4993605477774466,0.4236297520195188,0.4236297520195188,0.4236297520195188,0.4236297520195188,0.4236297520195188,0.25238817062827623,0.25238817062827623,0.25238817062827623,0.25238817062827623,1.0
33000,1541.590922558,1.3481433787073516,0.03500547632575035,1.1706309371318502,0.0030981765687465718,0.03500547632575035,4.069143295288086,0.0030981765687465718,0.03500547632575035,4.069143295288086,-0.13959837288203014,165.77089193176423,-0.0003260248600053886,-0.5,-0.5003260248600054,0.6399243977420356,0.6399243977420356,0.6399243977420356,0.6399243977420356,0.6399243977420356,0.5492887182302366,0.5492887182302366,0.5492887182302366,0.5492887182302366,1.0
33050,1541.745716173,1.2576945986234576,-0.02941298298537731,1.1706309371318502,0.0015195475518703476,-0.02941298298537731,5.982978820800781,0.0015195475518703476,-0.02941298298537731,5.982978820800781,0.06827042329894409,165.7714924970354,-0.00015990343803040264,-0.5,-0.5001599034380304,0.43188948013908635,0.43188948013908635,0.43188948013908635,0.43188948013908635,0.43188948013908635,0.46584007941181116,0.46584007941181116,0.46584007941181116,0.46584007941181116,1.0
33100,1541.859106805,1.0464294837972643,-5.2561983466148376e-05,1.1706309371318502,-0.0021677242964506134,-5.2561983466148376e-05,5.5955729484558105,-0.0021677242964506134,-5.2561983466148376e-05,5.5955729484558105,0.03227681015251615,165.7712955946713,0.00022811187509462054,-0.5,-0.49977188812490536,0.4674950779723892,0.4674950779723892,0.4674950779723892,0.4674950779723892,0.4674950779723892,0.2633227898530873,0.2633227898530873,0.2633227898530873,0.2633227898530873,1.0
33150,1541.916233876,0.9705665726859327,0.005580433644354343,1.1706309371318502,-0.0034917818754911407,0.005580433644354343,5.850226879119873,-0.0034917818754911407,0.005580433644354343,5.850226879119873,0.060490217748754835,165.77067823624608,0.00036744473636289506,-0.5,-0.4996325552636371,0.43914233751488224,0.43914233751488224,0.43914233751488224,0.43914233751488224,0.43914233751488224,0.3487023677159807,0.3487023677159807,0.3487023677159807,0.3487023677159807,1.0
33200,1541.971131047,0.9329436495816811,-0.02096298150718212,1.1706309371318502,-0.004148425757884978,-0.02096298150718212,5.945738792419434,-0.004148425757884978,-0.02096298150718212,5.945738792419434,0.09951194184007207,165.77026491609354,0.000436544947349993,-0.5,-0.49956345505265,0.4000515132125779,0.4000515132125779,0.4000515132125779,0.4000515132125779,0.4000515132125779,0.4507409200462191,0.4507409200462191,0.4507409200462191,0.4507409200462191,1.0
33250,1542.028696704,0.9105028496201926,0.0010162985417991877,1.1706309371318502,-0.004540091603994368,0.0010162985417991877,6.068910598754883,-0.004540091603994368,0.0010162985417991877,6.068910598754883,0.027328666343965975,165.7699845583294,0.0004777610577540401,-0.5,-0.49952223894224596,0.47219357259828,0.47219357259828,0.47219357259828,0.47219357259828,0.47219357259828,0.4263649566056043,0.4263649566056043,0.4263649566056043,0.4263649566056043,1.0
33300,1542.083832521,0.9388385297222251,0.02951209433376789,1.1706309371318502,-0.004045540690422057,0.02951209433376789,6.283107280731201,-0.004045540690422057,0.02951209433376789,6.283107280731201,0.001380193369035554,165.77033437019452,0.0004257180817441596,-0.5,-0.4995742819182558,0.49819408854922026,0.49819408854922026,0.49819408854922026,0.49819408854922026,0.49819408854922026,0.5918603217379349,0.5918603217379349,0.5918603217379349,0.5918603217379349,1.0
33350,1542.183460153,0.9057604571803823,0.02527690678834915,1.1706309371318502,-0.004622861966490744,0.02527690678834915,5.929646015167236,-0.004622861966490744,0.02527690678834915,5.929646015167236,0.02128502575614291,165.76992207539675,0.0004864712364673368,-0.5,-0.49951352876353267,0.4782285030073897,0.4782285030073897,0.4782285030073897,0.4782285030073897,0.4782285030073897,0.49586125567027495,0.49586125567027495,0.49586125567027495,0.49586125567027495,1.0
33400,1542.337841462,0.9945053185097695,0.025931935757398605,1.1706309371318502,-0.0030739719420671448,0.025931935757398605,7.123470783233643,-0.0030739719420671448,0.025931935757398605,7.123470783233643,-0.012308008329607836,165.77090423974042,0.0003234777619606291,-0.5,-0.4996765222380394,0.5119845305676473,0.5119845305676473,0.5119845305676473,0.5119845305676473,0.5119845305676473,0.6609308345624383,0.6609308345624383,0.6609308345624383,0.6609308345624383,1.0
33450,1542.492266289,0.9159230316134208,0.03615635260939598,1.1706309371318502,-0.004445491582155226,0.03615635260939598,6.545154094696045,-0.004445491582155226,0.03615635260939598,6.545154094696045,0.025133529845760894,165.77005458905498,0.00046780601569931416,-0.5,-0.4995321939843007,0.4743986641385398,0.4743986641385398,0.4743986641385398,0.4743986641385398,0.4743986641385398,0.5874176352559364,0.5874176352559364,0.5874176352559364,0.5874176352559364,1.0
33500,1542.652472418,0.9040824718003806,0.04328271001577377,1.1706309371318502,-0.004652148336172102,0.04328271001577377,5.705915927886963,-0.004652148336172102,0.04328271001577377,5.705915927886963,0.026931363093619612,165.76989969689717,0.0004895531324085548,-0.5,-0.49951044686759144,0.47257908377397184,0.47257908377397184,0.47257908377397184,0.47257908377397184,0.47257908377397184,0.6033932622223296,0.6033932622223296,0.6033932622223296,0.6033932622223296,1.0
33550,1542.817563783,1.0935260927237351,0.003270369488745928,1.1706309371318502,-0.0013457334041595444,0.003270369488745928,6.18198299407959,-0.0013457334041595444,0.003270369488745928,6.18198299407959,0.010778224951597514,165.77153352734265,0.0001416127862091685,-0.5,-0.49985838721379083,0.4890801622621933,0.4890801622621933,0.4890801622621933,0.4890801622621933,0.4890801622621933,0.6034345410142334,0.6034345410142334,0.6034345410142334,0.6034345410142334,1.0
33600,1542.968181731,1.164280235779309,-0.019418299198150635,1.1706309371318502,-0.00011084064841269947,-0.019418299198150635,5.544597148895264,-0.00011084064841269947,-0.019418299198150635,5.544597148895264,0.028370556730204714,165.77168171578305,1.1663858289061205e-05,-0.5,-0.49998833614171095,0.47161777941150623,0.47161777941150623,0.47161777941150623,0.47161777941150623,0.47161777941150623,0.9181927378177654,0.9181927378177654,0.9181927378177654,0.9181927378177654,1.0
33650,1543.03321006,1.1653639947015195,0.05225495994091034,1.1706309371318502,-9.192548692226257e-05,0.05225495994091034,6.137415885925293,-9.192548692226257e-05,0.05225495994091034,6.137415885925293,-0.10030059344940583,165.77168203176194,9.673399304410899e-06,-0.5,-0.4999903266006956,0.6002909200501014,0.6002909200501014,0.6002909200501014,0.6002909200501014,0.6002909200501014,0.6993076790251573,0.6993076790251573,0.6993076790251573,0.6993076790251573,1.0
33700,1543.099275543,1.330537819069703,0.03688252344727516,1.1706309371318502,0.002790901586413385,0.03688252344727516,7.092128276824951,0.002790901586413385,0.03688252344727516,7.092128276824951,-0.12538836144867027,165.77104101419744,-0.0002936897671678268,-0.5,-0.5002936897671678,0.6256820512158381,0.6256820512158381,0.6256820512158381,0.6256820512158381,0.6256820512158381,0.8690136359928952,0.8690136359928952,0.8690136359928952,0.8690136359928952,1.0
33750,1543.22870119,1.4106238148005126,0.007976838387548923,1.1706309371318502,0.004188665896654134,0.007976838387548923,6.351160526275635,0.004188665896654134,0.007976838387548923,6.351160526275635,-0.07393628430698093,165.77023727689985,-0.0004407795252164124,-0.5,-0.5004407795252164,0.5743770638321973,0.5743770638321973,0.5743770638321973,0.5743770638321973,0.5743770638321973,0.46121157448996775,0.46121157448996775,0.46121157448996775,0.46121157448996775,1.0
33800,1543.386165079,1.3245194619155698,-0.09407318383455276,1.1706309371318502,0.0026858614385128037,-0.09407318383455276,4.780864715576172,0.0026858614385128037,-0.09407318383455276,4.780864715576172,0.11675963272950247,165.77108840906484,-0.00028263621851373516,-0.5,-0.5002826362185138,0.3835230034890113,0.3835230034890113,0.3835230034890113,0.3835230034890113,0.3835230034890113,0.24479677051689153,0.24479677051689153,0.24479677051689153,0.24479677051689153,1.0
33850,1543.53998853,0.7837210383289746,-0.12531009316444397,1.1706309371318502,-0.006752851642668246,-0.12531009316444397,0.23691630363464355,-0.006752851642668246,-0.12531009316444397,0.23691630363464355,0.37621673958086593,165.7679258650337,0.0007106191803042021,-0.4999233858492371,-0.49921276666893294,0.122996027088067,0.122996027088067,0.122996027088067,0.122996027088067,0.122996027088067,0.10741623266941391,0.10741623266941391,0.10741623266941391,0.10741623266941391,1.0
33900,1543.692298387,1.554288412976974,0.1675826907157898,1.1706309371318502,0.006696086153388028,0.1675826907157898,-1.9216800928115845,0.006696086153388028,0.1675826907157898,-1.9216800928115845,-0.45147895767310464,165.7679887608385,-0.0007046454306104825,0.5,0.4992953545693895,-0.04781639689628486,-0.04781639689628486,-0.04781639689628486,-0.04781639689628486,-0.04781639689628486,-0.7084738013887852,-0.7084738013887852,-0.7084738013887852,-0.7084738013887852,1.0
33950,1543.862264755,2.1048779660996355,-0.06407949328422546,1.1706309371318502,0.016305686682462694,-0.06407949328422546,-1.4512273073196411,0.016305686682462694,-0.06407949328422546,-1.4512273073196411,-0.12821572748822246,165.74977884323647,-0.0017160123595084294,0.5,0.4982839876404916,-0.3700682601522691,-0.3700682601522691,-0.3700682601522691,-0.3700682601522691,-0.3700682601522691,-0.6744703632884248,-0.6744703632884248,-0.6744703632884248,-0.6744703632884248,1.0
34000,1543.925874251,1.925844620688438,-0.08704891055822372,1.1706309371318502,0.013180965334177019,-0.08704891055822372,-0.8719057440757751,0.013180965334177019,-0.08704891055822372,-0.8719057440757751,-0.035235069823459864,165.75736939646555,-0.0013871241005075717,0.4999999999999993,0.4986128758994917,-0.46337780607603185,-0.46337780607603185,-0.46337780607603185,-0.46337780607603185,-0.46337780607603185,-0.49941539930884676,-0.49941539930884676,-0.49941539930884676,-0.49941539930884676,1.0
34050,1543.995951429,1.5713977166827386,-0.10013878345489502,1.1706309371318502,0.006994699835777288,-0.10013878345489502,-0.5492594242095947,0.006994699835777288,-0.10013878345489502,-0.5492594242095947,0.09644788882774986,165.76765194905838,-0.0007360702686539008,0.49999999971266634,0.49926392944401243,-0.5957118182717623,-0.5957118182717623,-0.5957118182717623,-0.5957118182717623,-0.5957118182717623,-0.7331299078356099,-0.7331299078356099,-0.7331299078356099,-0.7331299078356099,1.0
34100,1544.063034939,1.1169403013636563,-0.09836193919181824,1.1706309371318502,-0.0009370783716440186,-0.09836193919181824,-4.187666893005371,-0.0009370783716440186,-0.09836193919181824,-4.187666893005371,0.21705352195820607,165.77161038363676,9.860960410349462e-05,0.5,0.5000986096041035,-0.7171521315623095,-0.7171521315623095,-0.7171521315623095,-0.7171521315623095,-0.7171521315623095,-0.9042380714676543,-0.9042380714676543,-0.9042380714676543,-0.9042380714676543,1.0
34150,1544.13054524,0.9912584173330747,-0.008127388544380665,1.1706309371318502,-0.0031306410580873474,-0.008127388544380665,-4.897254943847656,-0.0031306410580873474,-0.008127388544380665,-4.897254943847656,0.06846091439313456,165.77087527210665,0.00032944115941040093,0.5,0.5003294411594104,-0.5687903555525449,-0.5687903555525449,-0.5687903555525449,-0.5687903555525449,-0.5687903555525449,-0.9259019382582505,-0.9259019382582505,-0.9259019382582505,-0.9259019382582505,1.0
34200,1544.196805556,0.9383402460779315,-0.011705446988344193,1.1706309371318502,-0.004054237380623816,-0.011705446988344193,-4.122451305389404,-0.004054237380623816,-0.011705446988344193,-4.122451305389404,0.06407594772043516,165.77032856684787,0.00042663325692430257,0.5,0.5004266332569243,-0.5645025809773594,-0.5645025809773594,-0.5645025809773594,-0.5645025809773594,-0.5645025809773594,-1.0329640571582632,-1.0329640571582632,-1.0329640571582632,-1.0329640571582632,1.0
34250,1544.264270674,1.004318379356374,0.0448354110121727,1.1706309371318502,-0.002902701720595355,0.0448354110121727,-4.951144218444824,-0.002902701720595355,0.0448354110121727,-4.951144218444824,-0.03501800685273271,165.77098857192235,0.0003054546874304249,0.5,0.5003054546874304,-0.46528744783469766,-0.46528744783469766,-0.46528744783469766,-0.46528744783469766,-0.46528744783469766,-0.7260290255713787,-0.7260290255713787,-0.7260290255713787,-0.7260290255713787,1.0
34300,1544.430843699,1.6382513948354118,0.0541778989136219,1.1706309371318502,0.008161516636610033,0.0541778989136219,-3.5431101322174072,0.008161516636610033,0.0541778989136219,-3.5431101322174072,-0.24083477904882006,165.76619500836614,-0.0008588624212550956,0.5,0.4991411375787449,-0.25830635852992484,-0.25830635852992484,-0.25830635852992484,-0.25830635852992484,-0.25830635852992484,-0.23365136901281303,-0.23365136901281303,-0.23365136901281303,-0.23365136901281303,1.0
34350,1544.587295309,1.6657215619035568,0.012159551493823528,1.1706309371318502,0.008640961498022081,0.012159551493823528,-2.839386463165283,0.008640961498022081,0.012159551493823528,-2.839386463165283,-0.1495618055183979,165.7655313272274,-0.0009093183526458032,0.5,0.4990906816473542,-0.34952887612895633,-0.34952887612895633,-0.34952887612895633,-0.34952887612895633,-0.34952887612895633,-0.6295357496929881,-0.6295357496929881,-0.6295357496929881,-0.6295357496929881,1.0
34400,1544.74091484,1.4757675977831552,-0.005554711911827326,1.1706309371318502,0.005325639396905901,-0.005554711911827326,-4.145325660705566,0.005325639396905901,-0.005554711911827326,-4.145325660705566,-0.04377759715344729,165.76934607039996,-0.0005604269356244172,0.5,0.4994395730643756,-0.4556619759109283,-0.4556619759109283,-0.4556619759109283,-0.4556619759109283,-0.4556619759109283,-0.6817685759293053,-0.6817685759293053,-0.6817685759293053,-0.6817685759293053,1.0
34450,1544.90143979,1.3947949581207137,0.03932347148656845,1.1706309371318502,0.003912400230765344,0.03932347148656845,-4.8938889503479,0.003912400230765344,0.03932347148656845,-4.8938889503479,-0.14201948389929728,165.77042165973305,-0.0004117073750557665,0.5,0.49958829262494425,-0.357568808725647,-0.357568808725647,-0.357568808725647,-0.357568808725647,-0.357568808725647,-0.41891035925645254,-0.41891035925645254,-0.41891035925645254,-0.41891035925645254,1.0
34500,1545.055148895,1.6780824967539874,0.027104254812002182,1.1706309371318502,0.008856700509786607,0.027104254812002182,-2.7342023849487305,0.008856700509786607,0.027104254812002182,-2.7342023849487305,-0.1965269691730511,165.76522033055053,-0.0009320224794215374,0.5,0.49906797752057847,-0.3025410083475274,-0.3025410083475274,-0.3025410083475274,-0.3025410083475274,-0.3025410083475274,-0.5232026677237469,-0.5232026677237469,-0.5232026677237469,-0.5232026677237469,1.0
34550,1545.124787487,1.741659925260876,0.005243971943855286,1.1706309371318502,0.009966335967183115,0.005243971943855286,-3.1713361740112305,0.009966335967183115,0.005243971943855286,-3.1713361740112305,-0.17086640203300288,165.7634995869732,-0.0010488006495712138,0.5,0.4989511993504288,-0.3280847973174259,-0.3280847973174259,-0.3280847973174259,-0.3280847973174259,-0.3280847973174259,-0.30343096419750937,-0.30343096419750937,-0.30343096419750937,-0.30343096419750937,1.0
34600,1545.179653016,1.7230386951493055,0.0057466113939881325,1.1706309371318502,0.0096413341909647,0.0057466113939881325,-2.375563859939575,0.0096413341909647,0.0057466113939881325,-2.375563859939575,-0.16439025829260612,165.7640245846111,-0.0010145971708783647,0.5,0.4989854028291216,-0.3345951445365155,-0.3345951445365155,-0.3345951445365155,-0.3345951445365155,-0.3345951445365155,-0.5506145272193396,-0.5506145272193396,-0.5506145272193396,-0.5506145272193396,1.0
34650,1545.314678477,1.666169686346133,0.01312518585473299,1.1706309371318502,0.008648782745003702,0.01312518585473299,-0.9592981934547424,0.008648782745003702,0.01312518585473299,-0.9592981934547424,-0.14229017267707672,165.76552018654633,-0.0009101414502519479,0.5,0.4990898585497481,-0.35679968587267136,-0.35679968587267136,-0.35679968587267136,-0.35679968587267136,-0.35679968587267136,-0.48993301065485545,-0.48993301065485545,-0.48993301065485545,-0.48993301065485545,1.0
34700,1545.491592273,1.517500587220462,-0.01116237137466669,1.1706309371318502,0.00605401746928692,-0.01116237137466669,-1.8879008293151855,0.00605401746928692,-0.01116237137466669,-1.8879008293151855,-0.06620873063448834,165.7686632031915,-0.0006370772587203107,0.5,0.4993629227412797,-0.43315419210679135,-0.43315419210679135,-0.43315419210679135,-0.43315419210679135,-0.43315419210679135,-0.5860367112606896,-0.5860367112606896,-0.5860367112606896,-0.5860367112606896,1.0
34750,1545.654008871,1.923889479038522,0.08530712127685547,1.1706309371318502,0.013146841675043108,0.08530712127685547,12.839391708374023,0.013146841675043108,0.08530712127685547,12.839391708374023,-0.3540938571918308,165.7574434098594,-0.0013835326213578406,-0.5,-0.5013835326213578,0.8554773898131887,0.8554773898131887,0.8554773898131887,0.8554773898131887,0.8554773898131887,-0.2706385768433707,-0.2706385768433707,-0.2706385768433707,-0.2706385768433707,1.0
34800,1545.812952881,0.575849353581514,-0.11786738783121109,1.1706309371318502,-0.01038089696317911,-0.11786738783121109,2.0406789779663086,-0.01038089696317911,-0.11786738783121109,2.0406789779663086,0.4399253445456594,165.76280466045867,0.0010924297405858847,-0.5,-0.4989075702594141,0.05898222571375472,0.05898222571375472,0.05898222571375472,0.05898222571375472,0.05898222571375472,-0.12081031594696472,-0.12081031594696472,-0.12081031594696472,-0.12081031594696472,1.0
34850,1545.904782692,0.19111457601098797,-0.0006712125614285469,1.1706309371318502,-0.01709578557871282,-0.0006712125614285469,4.291946887969971,-0.01709578557871282,-0.0006712125614285469,4.291946887969971,0.2875599931844642,165.74760474358538,0.0017991781448756315,-0.5,-0.4982008218551244,0.2106408286706602,0.2106408286706602,0.2106408286706602,0.2106408286706602,0.2106408286706602,0.33253947394454275,0.33253947394454275,0.33253947394454275,0.33253947394454275,1.0
34900,1545.961274185,0.11538810860049793,-0.0616459846496582,1.1706309371318502,-0.018417461765930055,-0.0616459846496582,1.660487413406372,-0.018417461765930055,-0.0616459846496582,1.660487413406372,0.3991647844537549,165.74373800173447,0.00193830276873493,-0.5,-0.4980616972312651,0.09889691277751017,0.09889691277751017,0.09889691277751017,0.09889691277751017,0.09889691277751017,-0.2884076165866542,-0.2884076165866542,-0.2884076165866542,-0.2884076165866542,1.0
34950,1546.016984871,-0.1953930625359795,-0.09107490628957748,1.1706309371318502,-0.023841616455465554,-0.09107490628957748,-9.797725677490234,-0.023841616455465554,-0.09107490628957748,-9.797725677490234,0.5432423747611956,165.72485496582564,0.002509345294960414,0.5,0.5025093452949604,-1.0457517200561561,-1.0457517200561561,-1.0457517200561561,-1.0457517200561561,-1.0457517200561561,0.06888364568988536,0.06888364568988536,0.06888364568988536,0.06888364568988536,1.0
35000,1546.074195188,-0.27701094163157575,0.2974858582019806,1.1706309371318502,-0.02526611717417836,0.2974858582019806,-2.4471704959869385,-0.02526611717417836,0.2974858582019806,-2.4471704959869385,-0.04473810455377075,165.7190923260964,0.002659336367347206,0.5,0.5026593363673472,-0.4579212318135764,-0.4579212318135764,-0.4579212318135764,-0.4579212318135764,-0.4579212318135764,-0.8080562004236127,-0.8080562004236127,-0.8080562004236127,-0.8080562004236127,1.0
35050,1546.129526102,0.32211284183571204,0.1820480078458786,1.1706309371318502,-0.01480943452566862,0.1820480078458786,-4.32913875579834,-0.01480943452566862,0.1820480078458786,-4.32913875579834,-0.161252827208253,165.75361424892375,0.0015585226385609276,0.5,0.5015585226385609,-0.3403056954303079,-0.3403056954303079,-0.3403056954303079,-0.3403056954303079,-0.3403056954303079,-0.8350075679803348,-0.8350075679803348,-0.8350075679803348,-0.8350075679803348,1.0
35100,1546.187539558,0.918514448073206,0.15666574239730835,1.1706309371318502,-0.0044002628326416,0.15666574239730835,-2.9066758155822754,-0.0044002628326416,0.15666574239730835,-2.9066758155822754,-0.26208537535671134,165.7700875500735,0.00046304646262141887,0.5,0.5004630464626214,-0.23837767110591007,-0.23837767110591007,-0.23837767110591007,-0.23837767110591007,-0.23837767110591007,-0.534476072286573,-0.534476072286573,-0.534476072286573,-0.534476072286573,1.0
35150,1546.295357718,1.889122322059276,0.11255823820829391,1.1706309371318502,0.012540040314197542,0.11255823820829391,9.711726188659668,0.012540040314197542,0.11255823820829391,9.711726188659668,-0.4576855483607049,165.75872750904745,-0.0013196679433869387,-0.5,-0.5013196679433869,0.9590052163040919,0.9590052163040919,0.9590052163040919,0.9590052163040919,0.9590052163040919,-0.0021231793394723697,-0.0021231793394723697,-0.0021231793394723697,-0.0021231793394723697,1.0
35200,1546.448072696,0.5317375906831916,-0.20278802514076233,1.1706309371318502,-0.011150792464613913,-0.20278802514076233,1.4341022968292236,-0.011150792464613913,-0.20278802514076233,1.4341022968292236,0.5921884681741456,165.76143896435582,0.001173455826470035,-0.5,-0.49882654417352995,-0.09336192400061566,-0.09336192400061566,-0.09336192400061566,-0.09336192400061566,-0.09336192400061566,0.039908808619252514,0.039908808619252514,0.039908808619252514,0.039908808619252514,1.0
35250,1546.601243594,0.4204543590728052,0.18385988473892212,1.1706309371318502,-0.013093051258474587,0.18385988473892212,-2.2228355407714844,-0.013093051258474587,0.18385988473892212,-2.2228355407714844,-0.21615802891086577,165.75755969041228,0.0013778712432026725,0.5,0.5013778712432027,-0.2852198423323369,-0.2852198423323369,-0.2852198423323369,-0.2852198423323369,-0.2852198423323369,-0.8234967374330069,-0.8234967374330069,-0.8234967374330069,-0.8234967374330069,1.0
35300,1546.755905142,1.3306701539848722,-0.14061163365840912,1.1706309371318502,0.0027932112663984314,-0.14061163365840912,3.148287773132324,0.0027932112663984314,-0.14061163365840912,3.148287773132324,0.08135080217577277,165.77103995162628,-0.0002939328186875274,-0.5,-0.5002939328186875,0.4189431306429147,0.4189431306429147,0.4189431306429147,0.4189431306429147,0.4189431306429147,0.402455563889177,0.402455563889177,0.402455563889177,0.402455563889177,1.0
35350,1546.905181716,-0.03611028299703844,-0.08601374179124832,1.1706309371318502,-0.021061607510782777,-0.08601374179124832,2.194920778274536,-0.021061607510782777,-0.08601374179124832,2.194920778274536,0.4864784430200121,165.7351384354974,0.002216656160691434,-0.5,-0.49778334383930856,0.01130490081929647,0.01130490081929647,0.01130490081929647,0.01130490081929647,0.01130490081929647,-0.4014803314146902,-0.4014803314146902,-0.4014803314146902,-0.4014803314146902,1.0
35400,1547.060181574,-1.0427894198564707,-0.10673657804727554,1.1706309371318502,-0.038631472960114474,-0.10673657804727554,1.5709922313690186,-0.038631472960114474,-0.10673657804727554,1.5709922313690186,0.8095664706485872,165.64874615448812,0.004067228829906148,-0.5,-0.4959327711700939,-0.31363369947849334,-0.31363369947849334,-0.31363369947849334,-0.31363369947849334,-0.31363369947849334,-0.5691711213994044,-0.5691711213994044,-0.5691711213994044,-0.5691711213994044,1.0
35450,1547.214394979,-2.102596682916851,-0.09891323745250702,1.1706309371318502,-0.05712859913706779,-0.09891323745250702,-2.3412163257598877,-0.05712859913706779,-0.09891323745250702,-2.3412163257598877,1.0659685583838776,165.5028750859668,0.006018181683752984,0.5,0.506018181683753,-1.5719867400676306,-1.5719867400676306,-1.5719867400676306,-1.5719867400676306,-1.5719867400676306,-1.1590202571643378,-1.1590202571643378,-1.1590202571643378,-1.1590202571643378,1.0
35500,1547.353809879,-1.0765253249927504,0.3556545674800873,1.1706309371318502,-0.03922027558088303,0.3556545674800873,-8.469749450683594,-0.03922027558088303,0.3556545674800873,-8.469749450683594,-0.09624157992773108,165.6449705977639,0.004129282173123247,0.5,0.5041292821731232,-0.40788770224539217,-0.40788770224539217,-0.40788770224539217,-0.40788770224539217,-0.40788770224539217,-1.2176427893677768,-1.2176427893677768,-1.2176427893677768,-1.2176427893677768,1.0
35550,1547.412746198,0.16365374709209882,0.39838072657585144,1.1706309371318502,-0.01757506745867431,0.39838072657585144,-1.944880485534668,-0.01757506745867431,0.39838072657585144,-1.944880485534668,-0.5509343819059542,165.746235797444,0.0018496284191614606,0.5,0.5018496284191615,0.049084753486792754,0.049084753486792754,0.049084753486792754,0.049084753486792754,0.049084753486792754,-0.456488259427837,-0.456488259427837,-0.456488259427837,-0.456488259427837,1.0
35600,1547.467913691,1.2211412404545476,0.24288663268089294,1.1706309371318502,0.0008815710991621033,0.24288663268089294,11.63984489440918,0.0008815710991621033,0.24288663268089294,11.63984489440918,-0.5603254392337808,165.7716187003439,-9.27685205520446e-05,-0.5,-0.5000927685205521,1.0604182077543327,1.0604182077543327,1.0604182077543327,1.0604182077543327,1.0604182077543327,-0.13729875203691277,-0.13729875203691277,-0.13729875203691277,-0.13729875203691277,1.0
35650,1547.52534662,1.6684872549088832,-0.048852648586034775,1.1706309371318502,0.008689231947064401,-0.048852648586034775,14.337047576904297,0.008689231947064401,-0.048852648586034775,14.337047576904297,-0.31971697754085526,165.76546240934957,-0.0009143982721188702,-0.5,-0.5009143982721189,0.8206313758129742,0.8206313758129742,0.8206313758129742,0.8206313758129742,0.8206313758129742,0.43916856374897184,0.43916856374897184,0.43916856374897184,0.43916856374897184,1.0
35700,1547.640169293,0.5083316529754686,-0.29668766260147095,1.1706309371318502,-0.011559303142130373,-0.29668766260147095,1.8183854818344116,-0.011559303142130373,-0.29668766260147095,1.8183854818344116,0.7267079100485285,165.7606746612569,0.0012164492555094782,-0.5,-0.49878355074449054,-0.22792435930403798,-0.22792435930403798,-0.22792435930403798,-0.22792435930403798,-0.22792435930403798,0.43939515561974274,0.43939515561974274,0.43939515561974274,0.43939515561974274,1.0
35750,1547.798396377,-0.2789618677741136,0.24762284755706787,1.1706309371318502,-0.025300167258828877,0.24762284755706787,-9.327713012695312,-0.025300167258828877,0.24762284755706787,-9.327713012695312,-0.11344404527194579,165.71895049039853,0.002662921758193445,0.5,0.5026629217581935,-0.3892188764862477,-0.3892188764862477,-0.3892188764862477,-0.3892188764862477,-0.3892188764862477,-0.9813504858322165,-0.9813504858322165,-0.9813504858322165,-0.9813504858322165,1.0
35800,1548.001950756,1.9336502462492933,0.04660298302769661,1.1706309371318502,0.013317199200391771,0.04660298302769661,-2.107605457305908,0.013317199200391771,0.04660298302769661,-2.107605457305908,-0.3453881705587414,165.7570719966128,-0.001401462603294783,0.5,0.49859853739670523,-0.15321036683796385,-0.15321036683796385,-0.15321036683796385,-0.15321036683796385,-0.15321036683796385,0.2103680043565962,0.2103680043565962,0.2103680043565962,0.2103680043565962,1.0
35850,1548.203969819,1.5659408224227216,0.0721951276063919,1.1706309371318502,0.00689945906400681,0.0721951276063919,-2.4077093601226807,0.00689945906400681,0.0721951276063919,-2.4077093601226807,-0.24975028782995023,165.7677609685758,-0.0007260475197163491,0.5,0.49927395248028367,-0.24952366465033343,-0.24952366465033343,-0.24952366465033343,-0.24952366465033343,-0.24952366465033343,-0.4866506869280071,-0.4866506869280071,-0.4866506869280071,-0.4866506869280071,1.0
35900,1548.39236681,1.206471061334418,-0.16057458519935608,1.1706309371318502,0.0006255281716585175,-0.16057458519935608,3.005139112472534,0.0006255281716585175,-0.16057458519935608,3.005139112472534,0.33095032222544724,165.77165049156307,-6.582488435353644e-05,-0.5,-0.5000658248843536,0.16911550265890635,0.16911550265890635,0.16911550265890635,0.16911550265890635,0.16911550265890635,0.5435236171296597,0.5435236171296597,0.5435236171296597,0.5435236171296597,1.0
35950,1548.541493506,0.3358946161160639,0.07316091656684875,1.1706309371318502,-0.014568897187709807,0.07316091656684875,-12.90395450592041,-0.014568897187709807,0.07316091656684875,-12.90395450592041,0.13071111193672685,165.75419641459482,0.0015332052713255629,0.5,0.5015332052713256,-0.6322443172080525,-0.6322443172080525,-0.6322443172080525,-0.6322443172080525,-0.6322443172080525,-0.5562376697039977,-0.5562376697039977,-0.5562376697039977,-0.5562376697039977,1.0
36000,1548.686927765,1.8574153032716074,0.1026400700211525,1.1706309371318502,0.011986648440361024,0.1026400700211525,12.026631355285645,0.011986648440361024,0.1026400700211525,12.026631355285645,-0.5587073196735612,165.75984569334068,-0.0012614253522987844,-0.5,-0.5012614253522988,1.0599687450258601,1.0599687450258601,1.0599687450258601,1.0599687450258601,1.0599687450258601,0.2605191040226444,0.2605191040226444,0.2605191040226444,0.2605191040226444,1.0
36050,1548.8946916,1.3331784342358535,-0.22058649361133575,1.1706309371318502,0.0028369890153408066,-0.22058649361133575,4.131555557250977,0.0028369890153408066,-0.22058649361133575,4.131555557250977,0.38764940034598055,165.77101964539736,-0.0002985396256228898,-0.5,-0.5002985396256229,0.11264913927964232,0.11264913927964232,0.11264913927964232,0.11264913927964232,0.11264913927964232,0.679536276723133,0.679536276723133,0.679536276723133,0.679536276723133,1.0
36100,1549.126986367,1.6674787347892484,0.1765201836824417,1.1706309371318502,0.008671629950404169,0.1765201836824417,-0.47633442282676697,0.008671629950404169,0.1765201836824417,-0.47633442282676697,-0.5472660524929506,165.76548758497935,-0.0009125458603239369,0.49999999468842227,0.49908744882809836,0.048178603664852215,0.048178603664852215,0.048178603664852215,0.048178603664852215,0.048178603664852215,-0.2271579226542063,-0.2271579226542063,-0.2271579226542063,-0.2271579226542063,1.0
36150,1549.333136854,1.3074373722447796,-0.12849469482898712,1.1706309371318502,0.0023877227306366017,-0.12849469482898712,4.0019989013671875,0.0023877227306366017,-0.12849469482898712,4.0019989013671875,0.23187501912259623,165.7712130283766,-0.0002512626215848701,-0.5,-0.5002512626215849,0.2683762434989887,0.2683762434989887,0.2683762434989887,0.2683762434989887,0.2683762434989887,0.6406358851736891,0.6406358851736891,0.6406358851736891,0.6406358851736891,1.0
36200,1549.543015874,1.3403683822760555,0.29147958755493164,1.1706309371318502,0.0029624772816896454,0.29147958755493164,-2.552062749862671,0.0029624772816896454,0.29147958755493164,-2.552062749862671,-0.6088400294502899,165.77095968795194,-0.00031174497554210237,0.5,0.4996882550244579,0.10915177442583202,0.10915177442583202,0.10915177442583202,0.10915177442583202,0.10915177442583202,-0.38613558263726533,-0.38613558263726533,-0.38613558263726533,-0.38613558263726533,1.0
36250,1549.626121115,2.647555278677366,0.2337236851453781,1.1706309371318502,0.02577719256281853,0.2337236851453781,6.76413106918335,0.02577719256281853,0.2337236851453781,6.76413106918335,-0.5533238524036469,165.71694336168395,-0.0027131520064757448,-0.5,-0.5027131520064757,1.0560370044101226,1.0560370044101226,1.0560370044101226,1.0560370044101226,1.0560370044101226,0.9516768647520639,0.9516768647520639,0.9516768647520639,0.9516768647520639,1.0
36300,1549.684187169,2.359514675433704,-0.14421702921390533,1.1706309371318502,0.020749935656785966,-0.14421702921390533,7.531269073486328,0.020749935656785966,-0.14421702921390533,7.531269073486328,-0.03979574324709628,165.73621196683206,-0.002183844450421793,-0.5,-0.5021838444504217,0.541979587697518,0.541979587697518,0.541979587697518,0.541979587697518,0.541979587697518,1.0650788617795879,1.0650788617795879,1.0650788617795879,1.0650788617795879,1.0
36350,1549.833826809,1.172404745797039,-0.10814197361469269,1.1706309371318502,3.0958801507951356e-05,-0.10814197361469269,3.073791980743408,3.0958801507951356e-05,-0.10814197361469269,3.073791980743408,0.2238684139913048,165.77168264898413,-3.257821723419919e-06,-0.5,-0.5000032578217234,0.2761348438304186,0.2761348438304186,0.2761348438304186,0.2761348438304186,0.2761348438304186,0.46138291309859375,0.46138291309859375,0.46138291309859375,0.46138291309859375,1.0
36400,1549.992573914,0.7552750613440169,0.004917095880955458,1.1706309371318502,-0.007249327600002287,0.004917095880955458,2.4188146591186523,-0.007249327600002287,0.004917095880955458,2.4188146591186523,0.11007485160078143,165.76735314432915,0.0007628663176780117,-0.5,-0.499237133682322,0.3891622820815406,0.3891622820815406,0.3891622820815406,0.3891622820815406,0.3891622820815406,0.8306149199492288,0.8306149199492288,0.8306149199492288,0.8306149199492288,1.0
36450,1550.150027517,0.8518880871538472,0.050864629447460175,1.1706309371318502,-0.0055631121993064865,0.050864629447460175,2.6764402389526367,-0.0055631121993064865,0.050864629447460175,2.6764402389526367,-0.02943443959041278,165.76913303959788,0.0005854171401789023,-0.5,-0.4994145828598211,0.5288490224502339,0.5288490224502339,0.5288490224502339,0.5288490224502339,0.5288490224502339,0.8153074404584155,0.8153074404584155,0.8153074404584155,0.8153074404584155,1.0
36500,1550.307078479,0.8753153692027265,0.009754004888236523,1.1706309371318502,-0.00515422899276018,0.009754004888236523,2.0746536254882812,-0.00515422899276018,0.009754004888236523,2.0746536254882812,0.05779461578085498,165.76949406422696,0.0005423887782548293,-0.5,-0.49945761122174515,0.44166299544089016,0.44166299544089016,0.44166299544089016,0.44166299544089016,0.44166299544089016,0.5189619784334657,0.5189619784334657,0.5189619784334657,0.5189619784334657,1.0
36550,1550.435724,0.7769480519932607,0.0056816027499735355,1.1706309371318502,-0.006871062554419039,0.0056816027499735355,1.4546023607254028,-0.006871062554419039,0.0056816027499735355,1.4546023607254028,0.09703198929223752,165.76779318404806,0.0007230591898273274,-0.5,-0.49927694081017265,0.40224495151793516,0.40224495151793516,0.40224495151793516,0.40224495151793516,0.40224495151793516,0.9334848231506563,0.9334848231506563,0.9334848231506563,0.9334848231506563,1.0
36600,1550.491447306,0.6963498454355532,-0.0019001392647624016,1.1706309371318502,-0.008277766630053519,-0.0019001392647624016,0.42203783988952637,-0.008277766630053519,-0.0019001392647624016,0.42203783988952637,0.13428838278971983,165.76603756531168,0.0008710963286687333,-0.4999999533929324,-0.4991288570642637,0.36484047427454386,0.36484047427454386,0.36484047427454386,0.36484047427454386,0.36484047427454386,0.21148453829592434,0.21148453829592434,0.21148453829592434,0.21148453829592434,1.0
36650,1550.601886727,0.7289617042056898,0.010845264419913292,1.1706309371318502,-0.007708582319319247,0.010845264419913292,0.8014041781425476,-0.007708582319319247,0.010845264419913292,0.8014041781425476,0.08364435902533712,165.7667872008373,0.0008111967725928123,-0.499999999999988,-0.4991888032273952,0.41554444420205805,0.41554444420205805,0.41554444420205805,0.41554444420205805,0.41554444420205805,0.2660333964616406,0.2660333964616406,0.2660333964616406,0.2660333964616406,1.0
36700,1550.756704513,0.7761012686187377,0.009056705981492996,1.1706309371318502,-0.006885841712355612,0.009056705981492996,-9.877384185791016,-0.006885841712355612,0.009056705981492996,-9.877384185791016,0.0632975270402042,165.76777643386484,0.0007246144864442003,0.5,0.5007246144864442,-0.5640221415266484,-0.5640221415266484,-0.5640221415266484,-0.5640221415266484,-0.5640221415266484,0.12347131174222498,0.12347131174222498,0.12347131174222498,0.12347131174222498,1.0
36750,1550.908507928,3.116116501023996,0.21181167662143707,1.1706309371318502,0.03395512863993645,0.21181167662143707,16.505552291870117,0.03395512863993645,0.21181167662143707,16.505552291870117,-1.050309685672819,165.67670503536377,-0.0035744892542363,-0.5,-0.5035744892542363,1.553884174927055,1.553884174927055,1.553884174927055,1.553884174927055,1.553884174927055,1.0435646770117566,1.0435646770117566,1.0435646770117566,1.0435646770117566,1.0
36800,1551.061552439,1.3963998391322552,-0.42231160402297974,1.1706309371318502,0.003940410688519479,-0.42231160402297974,-13.27182388305664,0.003940410688519479,-0.42231160402297974,-13.27182388305664,0.7742417652019901,165.7704035381217,-0.00041465498502090336,0.5,0.4995853450149791,-1.2738271102169691,-1.2738271102169691,-1.2738271102169691,-1.2738271102169691,-1.2738271102169691,0.1753723642225914,0.1753723642225914,0.1753723642225914,0.1753723642225914,1.0
36850,1551.220693249,-0.24232057091963968,0.13693496584892273,1.1706309371318502,-0.024660655986517666,0.13693496584892273,-22.46450424194336,-0.024660655986517666,0.13693496584892273,-22.46450424194336,0.09092958044176613,165.72158248621562,0.002595583794662323,0.5,0.5025955837946623,-0.5935251642364284,-0.5935251642364284,-0.5935251642364284,-0.5935251642364284,-0.5935251642364284,-1.2669434090745517,-1.2669434090745517,-1.2669434090745517,-1.2669434090745517,1.0
36900,1551.373343158,2.472926338063769,0.20711345970630646,1.1706309371318502,0.022729342579841615,0.20711345970630646,10.126871109008789,0.022729342579841615,0.20711345970630646,10.126871109008789,-0.8146062198596022,165.72912213862335,-0.002392236819586972,-0.5,-0.502392236819587,1.3169984566791892,1.3169984566791892,1.3169984566791892,1.3169984566791892,1.3169984566791892,0.41161201978366135,0.41161201978366135,0.41161201978366135,0.41161201978366135,1.0
36950,1551.529088808,2.571981156501879,-0.2644290328025818,1.1706309371318502,0.02445817530155182,-0.2644290328025818,13.889589309692383,0.02445817530155182,-0.2644290328025818,13.889589309692383,0.11558923070056687,165.72240178167374,-0.002574263834703933,-0.5,-0.5025742638347039,0.38698503313413707,0.38698503313413707,0.38698503313413707,0.38698503313413707,0.38698503313413707,1.1036461504730903,1.1036461504730903,1.1036461504730903,1.1036461504730903,1.0
37000,1551.629725514,-0.0831309994504855,-0.22685721516609192,1.1706309371318502,-0.0218822738295421,-0.22685721516609192,-17.94167137145996,-0.0218822738295421,-0.22685721516609192,-17.94167137145996,0.8507621861368775,165.73223516767328,0.0023030550662828057,0.5,0.5023030550662828,-1.3530652412031603,-1.3530652412031603,-1.3530652412031603,-1.3530652412031603,-1.3530652412031603,-0.43664683083888545,-0.43664683083888545,-0.43664683083888545,-0.43664683083888545,1.0
37050,1551.686187906,-0.5127601768785756,0.2236664593219757,1.1706309371318502,-0.029380717538297175,0.2236664593219757,-13.037890434265137,-0.029380717538297175,0.2236664593219757,-13.037890434265137,0.09940501636634508,165.70057019700036,0.0030926404495258677,0.5,0.5030926404495258,-0.6024976568158709,-0.6024976568158709,-0.6024976568158709,-0.6024976568158709,-0.6024976568158709,-0.9060712975290666,-0.9060712975290666,-0.9060712975290666,-0.9060712975290666,1.0
37100,1551.744164465,0.14100439957730018,0.23714977502822876,1.1706309371318502,-0.01797037314623594,0.23714977502822876,-11.48719596862793,-0.01797037314623594,0.23714977502822876,-11.48719596862793,-0.18576697408256565,165.7450782289987,0.0018912398059476926,0.5,0.5018912398059477,-0.3161242657233821,-0.3161242657233821,-0.3161242657233821,-0.3161242657233821,-0.3161242657233821,-0.9640853812768583,-0.9640853812768583,-0.9640853812768583,-0.9640853812768583,1.0
37150,1551.802035729,0.8846778510075215,0.21407119929790497,1.1706309371318502,-0.0049908228591084465,0.21407119929790497,-4.12496280670166,-0.0049908228591084465,0.21407119929790497,-4.12496280670166,-0.360178657965142,165.76963063989822,0.0005251929696025383,0.5,0.5005251929696025,-0.14034653500446054,-0.14034653500446054,-0.14034653500446054,-0.14034653500446054,-0.14034653500446054,-0.8820098918599738,-0.8820098918599738,-0.8820098918599738,-0.8820098918599738,1.0
37200,1551.861602307,1.653086352269268,0.04966362938284874,1.1706309371318502,0.008420435488224035,0.04966362938284874,-3.272392749786377,0.008420435488224035,0.04966362938284874,-3.272392749786377,-0.2532183997698965,165.76584129869576,-0.0008861105343560386,0.5,0.49911388946564395,-0.24589548969574743,-0.24589548969574743,-0.24589548969574743,-0.24589548969574743,-0.24589548969574743,0.04979579646330519,0.04979579646330519,0.04979579646330519,0.04979579646330519,1.0
37250,1552.029419945,1.467323776421727,0.037274207919836044,1.1706309371318502,0.005178266912698747,0.037274207919836044,-2.572056770324707,0.005178266912698747,0.037274207919836044,-2.572056770324707,-0.16311107789084137,165.76947360200575,-0.0005449183764687976,0.5,0.4994550816235312,-0.3363440037326898,-0.3363440037326898,-0.3363440037326898,-0.3363440037326898,-0.3363440037326898,-0.4057611844320319,-0.4057611844320319,-0.4057611844320319,-0.4057611844320319,1.0
37300,1552.184664601,1.4107721579715486,-0.035538945347070694,1.1706309371318502,0.004191254973411562,-0.035538945347070694,-1.018860936164856,0.004191254973411562,-0.035538945347070694,-1.018860936164856,-0.001705286684788393,165.77023548944058,-0.0004410519807647787,0.5,0.4995589480192352,-0.49785366133444686,-0.49785366133444686,-0.49785366133444686,-0.49785366133444686,-0.49785366133444686,-0.34292773502743035,-0.34292773502743035,-0.34292773502743035,-0.34292773502743035,1.0
37350,1552.339113882,1.2750767897309054,0.029122579842805862,1.1706309371318502,0.0018229240179061905,0.029122579842805862,-0.6830924153327942,0.0018229240179061905,0.029122579842805862,-0.6830924153327942,-0.08266020145399587,165.77140895558958,-0.00019182809712542574,0.4999999999986402,0.4998081719015148,-0.4171479704475189,-0.4171479704475189,-0.4171479704475189,-0.4171479704475189,-0.4171479704475189,-0.26702992631554906,-0.26702992631554906,-0.26702992631554906,-0.26702992631554906,1.0
37400,1552.479164425,1.6113067254465345,0.05821576341986656,1.1706309371318502,0.0076912434399127975,0.05821576341986656,-0.4275825023651123,0.0076912434399127975,0.05821576341986656,-0.4275825023651123,-0.23195245464607883,165.76680919893482,-0.0008093720799663128,0.49999996266371266,0.4991905905837464,-0.26723813593766754,-0.26723813593766754,-0.26723813593766754,-0.26723813593766754,-0.26723813593766754,-0.14662997400652153,-0.14662997400652153,-0.14662997400652153,-0.14662997400652153,1.0
37450,1552.534503313,1.781462959370831,0.08520536869764328,1.1706309371318502,0.010661029964685442,0.08520536869764328,-0.4074956178665161,0.010661029964685442,0.08520536869764328,-0.4074956178665161,-0.32864162819200515,165.7623190429345,-0.001121911614917911,0.49999991661728455,0.4988780050023666,-0.17023637681036147,-0.17023637681036147,-0.17023637681036147,-0.17023637681036147,-0.17023637681036147,-0.16521374093411853,-0.16521374093411853,-0.16521374093411853,-0.16521374093411853,1.0
37500,1552.619206764,2.244254592859504,0.091716468334198,1.1706309371318502,0.018738267719745638,0.091716468334198,9.941715240478516,0.018738267719745638,0.091716468334198,9.941715240478516,-0.4931880036733911,165.742756037185,-0.001972073008319947,-0.5,-0.5019720730083199,0.995160076681711,0.995160076681711,0.995160076681711,0.995160076681711,0.995160076681711,0.23421656806713093,0.23421656806713093,0.23421656806713093,0.23421656806713093,1.0
37550,1552.775189343,1.2535166572855254,-0.09713916480541229,1.1706309371318502,0.001446628719568254,-0.09713916480541229,4.990882396697998,0.001446628719568254,-0.09713916480541229,4.990882396697998,0.18161625285483268,165.7715103162716,-0.00015223010889075267,-0.5,-0.5001522301088908,0.3185359772540581,0.3185359772540581,0.3185359772540581,0.3185359772540581,0.3185359772540581,0.37506858310738567,0.37506858310738567,0.37506858310738567,0.37506858310738567,1.0
37600,1552.92627646,0.7585365833944038,0.02670102007687092,1.1706309371318502,-0.007192403301596638,0.02670102007687092,3.803806781768799,-0.007192403301596638,0.02670102007687092,3.803806781768799,0.07524826134512644,165.76742087193787,0.0007568758145184018,-0.5,-0.4992431241854816,0.42399486284035515,0.42399486284035515,0.42399486284035515,0.42399486284035515,0.42399486284035515,0.20498630155204134,0.20498630155204134,0.20498630155204134,0.20498630155204134,1.0
37650,1553.078242011,1.0711504997244792,0.08565956354141235,1.1706309371318502,-0.0017362611740827545,0.08565956354141235,4.849970817565918,-0.0017362611740827545,0.08565956354141235,4.849970817565918,-0.1513898895547816,165.77143436741562,0.0001827084617520297,-0.5,-0.49981729153824794,0.6512071810930296,0.6512071810930296,0.6512071810930296,0.6512071810930296,0.6512071810930296,0.6722109120445168,0.6722109120445168,0.6722109120445168,0.6722109120445168,1.0
37700,1553.229979214,1.1958314408765365,0.001516270451247692,1.1706309371318502,0.0004398317635059372,0.001516270451247692,4.8758673667907715,0.0004398317635059372,0.001516270451247692,4.8758673667907715,0.00735982301982749,165.7716667902427,-4.628388358446936e-05,-0.5,-0.5000462838835845,0.492686460863757,0.492686460863757,0.492686460863757,0.492686460863757,0.492686460863757,0.6341460346687097,0.6341460346687097,0.6341460346687097,0.6341460346687097,1.0
37750,1553.384300872,0.997892558729567,0.0210114773362875,1.1706309371318502,-0.0030148534476757034,0.0210114773362875,5.197535037994385,-0.0030148534476757034,0.0210114773362875,5.197535037994385,-0.007263666161352066,165.77093389548247,0.0003172566140209057,-0.5,-0.49968274338597907,0.5069464095473312,0.5069464095473312,0.5069464095473312,0.5069464095473312,0.5069464095473312,0.2553947718839343,0.2553947718839343,0.2553947718839343,0.2553947718839343,1.0
37800,1553.512187728,0.9804751494592113,0.021615134552121162,1.1706309371318502,-0.0033188445866107925,0.021615134552121162,4.906315803527832,-0.0033188445866107925,0.021615134552121162,4.906315803527832,0.007973524882175925,165.77077527103137,0.00034924618524109893,-0.5,-0.4996507538147589,0.4916772289325829,0.4916772289325829,0.4916772289325829,0.4916772289325829,0.4916772289325829,0.701086732613803,0.701086732613803,0.701086732613803,0.701086732613803,1.0
37850,1553.568437478,0.9751435464817817,-0.05064605176448822,1.1706309371318502,-0.0034118986129760727,-0.05064605176448822,3.7571983337402344,-0.0034118986129760727,-0.05064605176448822,3.7571983337402344,0.10899420216191184,165.77072367100163,0.0003590384516173627,-0.5,-0.4996409615483826,0.39064675938647075,0.39064675938647075,0.39064675938647075,0.39064675938647075,0.39064675938647075,0.23143544270150548,0.23143544270150548,0.23143544270150548,0.23143544270150548,1.0
37900,1553.668284791,0.9355001680436756,-0.10429733991622925,1.1706309371318502,-0.00410380609333515,-0.10429733991622925,3.4007062911987305,-0.00410380609333515,-0.10429733991622925,3.4007062911987305,0.2513674594708483,165.77029525144778,0.0004318495018620181,-0.5,-0.49956815049813796,0.24820069102728964,0.24820069102728964,0.24820069102728964,0.24820069102728964,0.24820069102728964,0.2801498022645971,0.2801498022645971,0.2801498022645971,0.2801498022645971,1.0
37950,1553.819521041,0.22745826604867705,0.03436969965696335,1.1706309371318502,-0.016461468525230883,0.03436969965696335,-10.537720680236816,-0.016461468525230883,0.03436969965696335,-10.537720680236816,0.2729838508471915,165.74935832123109,0.0017324097801267604,0.5,0.5017324097801268,-0.7747162606273184,-0.7747162606273184,-0.7747162606273184,-0.7747162606273184,-0.7747162606273184,-0.3122724205358963,-0.3122724205358963,-0.3122724205358963,-0.3122724205358963,1.0
38000,1553.970913566,1.5416450924930456,0.12213171273469925,1.1706309371318502,0.006475418582558633,0.12213171273469925,-1.5944842100143433,0.006475418582558633,0.12213171273469925,-1.5944842100143433,-0.3628586164610687,165.76822821552847,-0.0006814233912440995,0.5,0.4993185766087559,-0.1364599601476872,-0.1364599601476872,-0.1364599601476872,-0.1364599601476872,-0.1364599601476872,-0.20021090062117886,-0.20021090062117886,-0.20021090062117886,-0.20021090062117886,1.0
38050,1554.126308045,1.8704919138810085,-0.11482419073581696,1.1706309371318502,0.012214878350496294,-0.11482419073581696,8.003927230834961,0.012214878350496294,-0.11482419073581696,8.003927230834961,0.022958729181818738,165.75939064524033,-0.0012854456704479323,-0.5,-0.501285445670448,0.47832671648862923,0.47832671648862923,0.47832671648862923,0.47832671648862923,0.47832671648862923,0.4100506177918467,0.4100506177918467,0.4100506177918467,0.4100506177918467,1.0
38100,1554.290870123,0.18654560634307257,0.0010672416538000107,1.1706309371318502,-0.017175529142841695,0.0010672416538000107,-15.308238983154297,-0.017175529142841695,0.0010672416538000107,-15.308238983154297,0.37815279710390326,165.74737960095538,0.0018075720719586883,0.5,0.5018075720719587,-0.879960369175862,-0.879960369175862,-0.879960369175862,-0.879960369175862,-0.879960369175862,-0.4144712195633605,-0.4144712195633605,-0.4144712195633605,-0.4144712195633605,1.0
38150,1554.483598911,1.4610755407133407,0.2566002607345581,1.1706309371318502,0.005069214627146726,0.2566002607345581,-1.7717794179916382,0.005069214627146726,0.2566002607345581,-1.7717794179916382,-0.5878723506268219,165.76956566871016,-0.00053344241065499,0.5,0.499466557589345,0.08840579303747687,0.08840579303747687,0.08840579303747687,0.08840579303747687,0.08840579303747687,-0.44975532030503274,-0.44975532030503274,-0.44975532030503274,-0.44975532030503274,1.0
38200,1554.548554042,2.12927113294669,-0.08386643975973129,1.1706309371318502,0.016731427758932115,-0.08386643975973129,7.79201078414917,0.016731427758932115,-0.08386643975973129,7.79201078414917,-0.1642045661900967,165.74862011793797,-0.0017608255816264247,-0.5,-0.5017608255816264,0.6659653917717231,0.6659653917717231,0.6659653917717231,0.6659653917717231,0.6659653917717231,0.3670646364143573,0.3670646364143573,0.3670646364143573,0.3670646364143573,1.0
38250,1554.615430818,1.6135713600432169,-0.21635787189006805,1.1706309371318502,0.0077307687699794785,-0.21635787189006805,4.103240966796875,0.0077307687699794785,-0.21635787189006805,4.103240966796875,0.31421523244521726,165.7667589803089,-0.0008135316100528808,-0.5,-0.5008135316100529,0.18659829916483567,0.18659829916483567,0.18659829916483567,0.18659829916483567,0.18659829916483567,0.3598829428884609,0.3598829428884609,0.3598829428884609,0.3598829428884609,1.0
38300,1554.684106813,0.7986047142215199,-0.14075304567813873,1.1706309371318502,-0.006493082493543623,-0.14075304567813873,2.124232769012451,-0.006493082493543623,-0.14075304567813873,2.124232769012451,0.41570201707973603,165.76820934316956,0.0006832822574736088,-0.5,-0.4993167177425264,0.08361470066279036,0.08361470066279036,0.08361470066279036,0.08361470066279036,0.08361470066279036,0.19219724143678768,0.19219724143678768,0.19219724143678768,0.19219724143678768,1.0
38350,1554.750476909,0.3463527029524113,-0.08296120166778564,1.1706309371318502,-0.014386369138956068,-0.08296120166778564,0.2707996964454651,-0.014386369138956068,-0.08296120166778564,0.2707996964454651,0.38000870417841687,165.75463182076996,0.0015139936952108346,-0.49998024309712286,-0.49846624940191203,0.11845754522349516,0.11845754522349516,0.11845754522349516,0.11845754522349516,0.11845754522349516,0.06029881493225472,0.06029881493225472,0.06029881493225472,0.06029881493225472,1.0
38400,1554.815476687,0.16699688456698206,-0.03989430516958237,1.1706309371318502,-0.01751671870239079,-0.03989430516958237,1.6417394876480103,-0.01751671870239079,-0.03989430516958237,1.6417394876480103,0.3377552060218134,165.74640447891323,0.0018434864550183085,-0.5,-0.4981565135449817,0.16040130752316828,0.16040130752316828,0.16040130752316828,0.16040130752316828,0.16040130752316828,0.08405443874715743,0.08405443874715743,0.08405443874715743,0.08405443874715743,1.0
38450,1554.883850278,-0.045315376966232224,-0.0660696029663086,1.1706309371318502,-0.021222266708500682,-0.0660696029663086,0.17234978079795837,-0.021222266708500682,-0.0660696029663086,0.17234978079795837,0.4507595800665105,165.734578806006,0.002233569959067382,-0.49898716766173534,-0.49675359770266797,0.04599401763615746,0.04599401763615746,0.04599401763615746,0.04599401763615746,0.04599401763615746,-0.027838588197602487,-0.027838588197602487,-0.027838588197602487,-0.027838588197602487,1.0
38500,1554.950044839,-0.3325559075919706,-0.0799303650856018,1.1706309371318502,-0.026235559713095425,-0.0799303650856018,-9.440488815307617,-0.026235559713095425,-0.0799303650856018,-9.440488815307617,0.5388003892840543,165.71497942744023,0.0027614187245920303,0.5,0.502761418724592,-1.0415618080086464,-1.0415618080086464,-1.0415618080086464,-1.0415618080086464,-1.0415618080086464,-0.8663855096629796,-0.8663855096629796,-0.8663855096629796,-0.8663855096629796,1.0
38550,1555.106181277,1.1097208981326585,0.1640135496854782,1.1706309371318502,-0.001063080728054045,0.1640135496854782,-3.0585312843322754,-0.001063080728054045,0.1640135496854782,-3.0585312843322754,-0.32689417261882764,165.77158962036836,0.00011186895527900134,0.5,0.500111868955279,-0.1732176963364514,-0.1732176963364514,-0.1732176963364514,-0.1732176963364514,-0.1732176963364514,-0.43379380152915076,-0.43379380152915076,-0.43379380152915076,-0.43379380152915076,1.0
38600,1555.258529075,2.1231713471310454,-0.13190895318984985,1.1706309371318502,0.016624966412782678,-0.13190895318984985,5.625410556793213,0.016624966412782678,-0.13190895318984985,5.625410556793213,-0.09739819480535519,165.74891267022488,-0.0017496194725483535,-0.5,-0.5017496194725484,0.5991478142779035,0.5991478142779035,0.5991478142779035,0.5991478142779035,0.5991478142779035,0.7895187225318115,0.7895187225318115,0.7895187225318115,0.7895187225318115,1.0
38650,1555.410510103,0.5867481477018859,-0.05723600462079048,1.1706309371318502,-0.010190677121281622,-0.05723600462079048,0.3071023225784302,-0.010190677121281622,-0.05723600462079048,0.3071023225784302,0.2995070957443294,165.76312704058654,0.0010724106416922887,-0.4999953752929422,-0.4989229646512499,0.19941586890692053,0.19941586890692053,0.19941586890692053,0.19941586890692053,0.19941586890692053,-0.11168230407547289,-0.11168230407547289,-0.11168230407547289,-0.11168230407547289,1.0
38700,1555.593960468,0.696840231673619,-0.059001896530389786,1.1706309371318502,-0.008269207775592802,-0.059001896530389786,2.3039066791534424,-0.008269207775592802,-0.059001896530389786,2.3039066791534424,0.22708301299325445,165.76604923292058,0.0008701956118431102,-0.5,-0.4991298043881569,0.27204679139490245,0.27204679139490245,0.27204679139490245,0.27204679139490245,0.27204679139490245,0.767885568328797,0.767885568328797,0.767885568328797,0.767885568328797,1.0
38750,1555.770115473,0.6612725018184537,0.013644963502883911,1.1706309371318502,-0.008889981769025324,0.013644963502883911,2.4013733863830566,-0.008889981769025324,0.013644963502883911,2.4013733863830566,0.07633761024804891,165.7651716714803,0.0009355249686699009,-0.5,-0.4990644750313301,0.4227268647832812,0.4227268647832812,0.4227268647832812,0.4227268647832812,0.4227268647832812,0.5806984221689918,0.5806984221689918,0.5806984221689918,0.5806984221689918,1.0
38800,1555.841556994,0.7484120552494763,0.04028775915503502,1.1706309371318502,-0.007369109652936457,0.04028775915503502,2.8526480197906494,-0.007369109652936457,0.04028775915503502,2.8526480197906494,0.030902170743110954,165.76720888582847,0.000775471755077952,-0.5,-0.49922452824492203,0.46832235750181106,0.46832235750181106,0.46832235750181106,0.46832235750181106,0.46832235750181106,0.21492791781011203,0.21492791781011203,0.21492791781011203,0.21492791781011203,1.0
38850,1555.896925905,0.885991648566544,0.04020478203892708,1.1706309371318502,-0.004967892765998839,0.04020478203892708,2.975464105606079,-0.004967892765998839,0.04020478203892708,2.975464105606079,-0.007258390420401092,165.7696494529797,0.0005227799565907425,-0.5,-0.4994772200434093,0.5067356104638103,0.5067356104638103,0.5067356104638103,0.5067356104638103,0.5067356104638103,0.21848768694982784,0.21848768694982784,0.21848768694982784,0.21848768694982784,1.0
38900,1555.95290042,0.9751890099284446,0.03133871778845787,1.1706309371318502,-0.0034111051261425003,0.03133871778845787,3.4960520267486572,-0.0034111051261425003,0.03133871778845787,3.4960520267486572,-0.014783461119040012,165.77072411703472,0.00035895495134181916,-0.5,-0.4996410450486582,0.5144245061676982,0.5144245061676982,0.5144245061676982,0.5144245061676982,0.5144245061676982,0.34989001297133726,0.34989001297133726,0.34989001297133726,0.34989001297133726,1.0
38950,1556.010447639,1.0449187313302222,0.03670530393719673,1.1706309371318502,-0.002194091901183127,0.03670530393719673,4.202268600463867,-0.002194091901183127,0.03670530393719673,4.202268600463867,-0.041726228488994266,165.77128611943004,0.0002308865742485243,-0.5,-0.4997691134257515,0.5414953419147457,0.5414953419147457,0.5414953419147457,0.5414953419147457,0.5414953419147457,0.3918994557315591,0.3918994557315591,0.3918994557315591,0.3918994557315591,1.0
39000,1556.066671226,1.0462802868525818,0.01514028012752533,1.1706309371318502,-0.0021703282743692383,0.01514028012752533,4.389806747436523,-0.0021703282743692383,0.01514028012752533,4.389806747436523,0.008292272008324345,165.77129466402565,0.00022838589524284484,-0.5,-0.4997716141047572,0.49147934209643285,0.49147934209643285,0.49147934209643285,0.49147934209643285,0.49147934209643285,0.5137775840098672,0.5137775840098672,0.5137775840098672,0.5137775840098672,1.0
39050,1556.123910393,1.0324812770167462,0.0022925245575606823,1.1706309371318502,-0.002411166429519652,0.0022925245575606823,4.186824321746826,-0.002411166429519652,0.0022925245575606823,4.186824321746826,0.02922105458960694,165.7712037596725,0.00025372963656927354,-0.5,-0.4997462703634307,0.4705252157738238,0.4705252157738238,0.4705252157738238,0.4705252157738238,0.4705252157738238,0.49369545568774725,0.49369545568774725,0.49369545568774725,0.49369545568774725,1.0
39100,1556.180042369,0.9994582728750866,0.021980153396725655,1.1706309371318502,-0.002987526580691336,0.021980153396725655,4.434787750244141,-0.002987526580691336,0.021980153396725655,4.434787750244141,0.012133280736772147,165.770947408902,0.00031438095827343175,-0.5,-0.4996856190417266,0.4875523383049544,0.4875523383049544,0.4875523383049544,0.4875523383049544,0.4875523383049544,0.5019682254896125,0.5019682254896125,0.5019682254896125,0.5019682254896125,1.0
39150,1556.236227624,1.0750262051916384,0.0450996533036232,1.1706309371318502,-0.001668617352843283,0.0450996533036232,4.754887580871582,-0.001668617352843283,0.0450996533036232,4.754887580871582,-0.05954659629854646,165.7714533424306,0.00017559022291547565,-0.5,-0.49982440977708453,0.559371006075631,0.559371006075631,0.559371006075631,0.559371006075631,0.559371006075631,0.5145162050946377,0.5145162050946377,0.5145162050946377,0.5145162050946377,1.0
39200,1556.292336324,1.164552589572463,0.019021179527044296,1.1706309371318502,-0.00010608717799186554,0.019021179527044296,4.4745306968688965,-0.00010608717799186554,0.019021179527044296,4.4745306968688965,-0.04271454395397811,165.77168180073602,1.116364643911894e-05,-0.5,-0.4999888363535609,0.542703380307539,0.542703380307539,0.542703380307539,0.542703380307539,0.542703380307539,0.5723907847767455,0.5723907847767455,0.5723907847767455,0.5723907847767455,1.0
39250,1556.348610042,1.2181341429507437,0.028993014246225357,1.1706309371318502,0.0008290873467922226,0.028993014246225357,4.834035873413086,0.0008290873467922226,0.028993014246225357,4.834035873413086,-0.07135243725896137,165.77162609709004,-8.724560544516848e-05,-0.5,-0.5000872456054452,0.5714396828644065,0.5714396828644065,0.5714396828644065,0.5714396828644065,0.5714396828644065,0.44987492600397017,0.44987492600397017,0.44987492600397017,0.44987492600397017,1.0
39300,1556.4039184,1.2766611801749368,0.027961760759353638,1.1706309371318502,0.0018505768477916733,0.027961760759353638,6.319028377532959,0.0018505768477916733,0.027961760759353638,6.319028377532959,-0.08278575067984975,165.7714005866185,-0.0001947380382949864,-0.5,-0.500194738038295,0.5829804887181447,0.5829804887181447,0.5829804887181447,0.5829804887181447,0.5829804887181447,0.4415131913174642,0.4415131913174642,0.4415131913174642,0.4415131913174642,1.0
39350,1556.460115136,1.2893612766063407,-0.009081108495593071,1.1706309371318502,0.0020722353458404556,-0.009081108495593071,5.310976505279541,0.0020722353458404556,-0.009081108495593071,5.310976505279541,-0.012814075880527943,165.77132895014398,-0.00021806344466130675,-0.5,-0.5002180634446614,0.5130321393251893,0.5130321393251893,0.5130321393251893,0.5130321393251893,0.5130321393251893,0.7356862283813339,0.7356862283813339,0.7356862283813339,0.7356862283813339,1.0
39400,1556.515295162,1.2928857609397733,0.008614175021648407,1.1706309371318502,0.0021337492018938115,0.008614175021648407,6.357377052307129,0.0021337492018938115,0.008614175021648407,6.357377052307129,-0.04601472713909817,165.77130763477348,-0.00022453662983167215,-0.5,-0.5002245366298317,0.5462392637689298,0.5462392637689298,0.5462392637689298,0.5462392637689298,0.5462392637689298,0.22713357418116223,0.22713357418116223,0.22713357418116223,0.22713357418116223,1.0
39450,1556.582283496,1.3716245018567974,-0.0047418661415576935,1.1706309371318502,0.003507999479770662,-0.0047418661415576935,6.087350845336914,0.003507999479770662,-0.0047418661415576935,6.087350845336914,-0.03692222765337351,165.7706688838505,-0.00036915134974133953,-0.5,-0.5003691513497414,0.5372913790031149,0.5372913790031149,0.5372913790031149,0.5372913790031149,0.5372913790031149,0.6291801563028843,0.6291801563028843,0.6291801563028843,0.6291801563028843,1.0
39500,1556.742690541,1.2357278564790504,-0.05861560255289078,1.1706309371318502,0.0011361555755138412,-0.05861560255289078,4.528774738311768,0.0011361555755138412,-0.05861560255289078,4.528774738311768,0.12236170783844443,165.77157638023658,-0.00011955869451882901,-0.5,-0.5001195586945189,0.37775785085607444,0.37775785085607444,0.37775785085607444,0.37775785085607444,0.37775785085607444,0.49943579676510474,0.49943579676510474,0.49943579676510474,0.49943579676510474,1.0
39550,1556.898292087,1.2037608636160981,-0.03143113851547241,1.1706309371318502,0.0005782262980937973,-0.03143113851547241,3.107139825820923,0.0005782262980937973,-0.03143113851547241,3.107139825820923,0.0598497079653114,165.77165518259955,-6.084726509664536e-05,-0.5,-0.5000608472650967,0.4402111392997853,0.4402111392997853,0.4402111392997853,0.4402111392997853,0.4402111392997853,0.5392302113014644,0.5392302113014644,0.5392302113014644,0.5392302113014644,1.0
39600,1557.050624263,1.267743941326662,-0.0670660212635994,1.1706309371318502,0.0016949416697025314,-0.0670660212635994,2.700500011444092,0.0016949416697025314,-0.0670660212635994,2.700500011444092,0.08208331785699628,165.77144604771206,-0.0001783603615347455,-0.5,-0.5001783603615347,0.41809504250453844,0.41809504250453844,0.41809504250453844,0.41809504250453844,0.41809504250453844,0.2674389420598453,0.2674389420598453,0.2674389420598453,0.2674389420598453,1.0
39650,1557.207212704,0.8180840402084261,-0.017267219722270966,1.1706309371318502,-0.0061531041190028175,-0.017267219722270966,1.2275869846343994,-0.0061531041190028175,-0.017267219722270966,1.2275869846343994,0.1388741212802967,165.76856355296286,0.0006475046183570448,-0.5,-0.49935249538164295,0.36047837410134626,0.36047837410134626,0.36047837410134626,0.36047837410134626,0.36047837410134626,0.19376003107637596,0.19376003107637596,0.19376003107637596,0.19376003107637596,1.0
39700,1557.359594218,1.0059275292361465,0.13988381624221802,1.1706309371318502,-0.002874616757035254,0.13988381624221802,-3.0751590728759766,-0.002874616757035254,0.13988381624221802,-3.0751590728759766,-0.18606114134594653,165.7710019394826,0.0003024992577472028,0.5,0.5003024992577472,-0.31424135791180063,-0.31424135791180063,-0.31424135791180063,-0.31424135791180063,-0.31424135791180063,-0.7036502965264959,-0.7036502965264959,-0.7036502965264959,-0.7036502965264959,1.0
39750,1557.413877052,1.4034230878680265,0.11267869174480438,1.1706309371318502,0.004062989503145219,0.11267869174480438,-2.264148235321045,0.004062989503145219,0.11267869174480438,-2.264148235321045,-0.2858786284427331,165.77032271392954,-0.0004275542654552305,0.5,0.4995724457345448,-0.2136938172918117,-0.2136938172918117,-0.2136938172918117,-0.2136938172918117,-0.2136938172918117,-0.48990984567285667,-0.48990984567285667,-0.48990984567285667,-0.48990984567285667,1.0
39800,1557.468888285,1.7038966631135217,0.029509801417589188,1.1706309371318502,0.009307242706418039,0.029509801417589188,-3.09560227394104,0.009307242706418039,0.029509801417589188,-3.09560227394104,-0.21114077385593227,165.76454612516858,-0.0009794373044619412,0.5,0.4990205626955381,-0.2878797888396058,-0.2878797888396058,-0.2878797888396058,-0.2878797888396058,-0.2878797888396058,-0.1251645611958606,-0.1251645611958606,-0.1251645611958606,-0.1251645611958606,1.0
39850,1557.529281179,1.7380930724102484,0.014814230613410473,1.1706309371318502,0.009904082641005518,0.014814230613410473,-1.9752968549728394,0.009904082641005518,0.014814230613410473,-1.9752968549728394,-0.16897693029354333,165.76360149655363,-0.0010422490368562699,0.5,0.4989577509631437,-0.3299808206696004,-0.3299808206696004,-0.3299808206696004,-0.3299808206696004,-0.3299808206696004,-0.3733931035152102,-0.3733931035152102,-0.3733931035152102,-0.3733931035152102,1.0
39900,1557.585158587,1.765243181082755,0.002088785171508789,1.1706309371318502,0.010377941429615026,0.002088785171508789,9.470091819763184,0.010377941429615026,0.002088785171508789,9.470091819763184,-0.1636315736908128,165.762809715023,-0.0010921186940021635,-0.5,-0.5010921186940022,0.664723692384815,0.664723692384815,0.664723692384815,0.664723692384815,0.664723692384815,0.047430103327408935,0.047430103327408935,0.047430103327408935,0.047430103327408935,1.0
39950,1557.730292259,1.003299187066161,-0.18280258774757385,1.1706309371318502,-0.002920489981770514,-0.18280258774757385,0.9210293889045715,-0.002920489981770514,-0.18280258774757385,0.9210293889045715,0.4168413004370338,165.77098003804193,0.000307326577415478,-0.4999999999999999,-0.4996926734225844,0.08285137298555056,0.08285137298555056,0.08285137298555056,0.08285137298555056,0.08285137298555056,0.4525306237087158,0.4525306237087158,0.4525306237087158,0.4525306237087158,1.0
40000,1557.891336209,0.6592271803271522,0.20438110828399658,1.1706309371318502,-0.008925679363310334,0.20438110828399658,-2.772162914276123,-0.008925679363310334,0.20438110828399658,-2.772162914276123,-0.26826943449690055,165.76511927673533,0.0009392817530891823,0.5,0.5009392817530892,-0.23266984725618867,-0.23266984725618867,-0.23266984725618867,-0.23266984725618867,-0.23266984725618867,-0.7893946534973694,-0.7893946534973694,-0.7893946534973694,-0.7893946534973694,1.0
40050,1558.052520639,1.8519426141991349,-0.027484579011797905,1.1706309371318502,0.011891131997108461,-0.027484579011797905,-3.6932179927825928,0.011891131997108461,-0.027484579011797905,-3.6932179927825928,-0.1382656866194898,165.76003358796737,-0.0012513726536925493,0.5,0.4987486273463074,-0.36048294072681764,-0.36048294072681764,-0.36048294072681764,-0.36048294072681764,-0.36048294072681764,0.12444243245584383,0.12444243245584383,0.12444243245584383,0.12444243245584383,1.0
40100,1558.198598558,1.7626537923353796,0.05981672927737236,1.1706309371318502,0.010332748070359232,0.05981672927737236,4.447376251220703,0.010332748070359232,0.05981672927737236,4.447376251220703,-0.2817695980670135,165.76288682560855,-0.0010873624519405671,-0.5,-0.5010873624519405,0.782856960518954,0.782856960518954,0.782856960518954,0.782856960518954,0.782856960518954,-0.24489975473002054,-0.24489975473002054,-0.24489975473002054,-0.24489975473002054,1.0
40150,1558.254515875,1.9325100315447243,0.008811920881271362,1.1706309371318502,0.013297298699617387,0.008811920881271362,11.863787651062012,0.013297298699617387,0.008811920881271362,11.863787651062012,-0.17886028629981118,165.75711563031328,-0.0013993680886918716,-0.5,-0.5013993680886919,0.6802596543885031,0.6802596543885031,0.6802596543885031,0.6802596543885031,0.6802596543885031,0.38948462687459806,0.38948462687459806,0.38948462687459806,0.38948462687459806,1.0
40200,1558.310333342,1.7103429743078387,-0.1137021854519844,1.1706309371318502,0.00941975206136704,-0.1137021854519844,7.870488166809082,0.00941975206136704,-0.1137021854519844,7.870488166809082,0.08734248332203717,165.76437254385974,-0.00099127779085475,-0.5,-0.5009912777908547,0.4136487944688175,0.4136487944688175,0.4136487944688175,0.4136487944688175,0.4136487944688175,0.5988868610796282,0.5988868610796282,0.5988868610796282,0.5988868610796282,1.0
40250,1558.368655075,1.0256871597832877,-0.18193687498569489,1.1706309371318502,-0.0025297461450099895,-0.18193687498569489,1.1935476064682007,-0.0025297461450099895,-0.18193687498569489,1.1935476064682007,0.3985557060021391,165.7711554905156,0.00026620795908130485,-0.5,-0.4997337920409187,0.10117808603877965,0.10117808603877965,0.10117808603877965,0.10117808603877965,0.10117808603877965,0.4444123777609232,0.4444123777609232,0.4444123777609232,0.4444123777609232,1.0
40300,1558.424975388,0.6157338697138333,-0.04009570926427841,1.1706309371318502,-0.009684780836105345,-0.04009570926427841,-6.607637405395508,-0.009684780836105345,-0.04009570926427841,-6.607637405395508,0.2367170808653166,165.76395541001543,0.0010191695223595513,0.5,0.5010191695223596,-0.7377362503876762,-0.7377362503876762,-0.7377362503876762,-0.7377362503876762,-0.7377362503876762,-0.02035721747153804,-0.02035721747153804,-0.02035721747153804,-0.02035721747153804,1.0
40350,1558.482199616,0.6187613510634414,0.048598967492580414,1.1706309371318502,-0.00963194131851196,0.048598967492580414,-8.629995346069336,-0.00963194131851196,0.048598967492580414,-8.629995346069336,0.038640012993032644,165.764039498806,0.0010136086597418818,0.5,0.5010136086597419,-0.5396536216527745,-0.5396536216527745,-0.5396536216527745,-0.5396536216527745,-0.5396536216527745,-0.6212803767616975,-0.6212803767616975,-0.6212803767616975,-0.6212803767616975,1.0
40400,1558.537844751,1.180340892004065,0.2032725065946579,1.1706309371318502,0.000169470682740213,0.2032725065946579,-0.6779792904853821,0.000169470682740213,0.2032725065946579,-0.6779792904853821,-0.39255133526376357,165.7716803617995,-1.7833548131215513e-05,0.4999999999983316,0.4999821664502004,-0.10743083118643681,-0.10743083118643681,-0.10743083118643681,-0.10743083118643681,-0.10743083118643681,-0.33981973816043554,-0.33981973816043554,-0.33981973816043554,-0.33981973816043554,1.0
40450,1558.595992042,1.6810780683135669,0.09272616356611252,1.1706309371318502,0.008908983096480371,0.09272616356611252,8.933146476745605,0.008908983096480371,0.09272616356611252,8.933146476745605,-0.3300656987040413,165.76514380863028,-0.0009375246518932981,-0.5,-0.5009375246518933,0.8310032233559346,0.8310032233559346,0.8310032233559346,0.8310032233559346,0.8310032233559346,0.16102540986364777,0.16102540986364777,0.16102540986364777,0.16102540986364777,1.0
40500,1558.729063931,1.054762741471503,-0.1295745074748993,1.1706309371318502,-0.0020222815126180634,-0.1295745074748993,1.6679433584213257,-0.0020222815126180634,-0.1295745074748993,1.6679433584213257,0.33986442926455923,165.77134580106957,0.0002128067373272127,-0.5,-0.4997871932626728,0.15992276399811356,0.15992276399811356,0.15992276399811356,0.15992276399811356,0.15992276399811356,0.5646832726129821,0.5646832726129821,0.5646832726129821,0.5646832726129821,1.0
40550,1558.885622234,0.5486718174306218,0.07654896378517151,1.1706309371318502,-0.010855234451591965,0.07654896378517151,-8.4444580078125,-0.010855234451591965,0.07654896378517151,-8.4444580078125,0.0399245996776757,165.76197479579866,0.0011423502667813725,0.5,0.5011423502667813,-0.541066949944457,-0.541066949944457,-0.541066949944457,-0.541066949944457,-0.541066949944457,-0.4123407327623767,-0.4123407327623767,-0.4123407327623767,-0.4123407327623767,1.0
40600,1559.040784516,1.8177214454666668,0.040049951523542404,1.1706309371318502,0.01129385992884636,0.040049951523542404,-0.9683719873428345,0.01129385992884636,0.040049951523542404,-0.9683719873428345,-0.275401669319606,165.7611744207746,-0.001188512819763267,0.5,0.4988114871802367,-0.2234098178606307,-0.2234098178606307,-0.2234098178606307,-0.2234098178606307,-0.2234098178606307,0.1469643860878987,0.1469643860878987,0.1469643860878987,0.1469643860878987,1.0
40650,1559.194062949,1.7209855829734821,0.04775780439376831,1.1706309371318502,0.009605500623583799,0.04775780439376831,-1.1566944122314453,0.009605500623583799,0.04775780439376831,-1.1566944122314453,-0.1890310477151092,165.7640814038279,-0.0010108260272096198,0.5,0.49898917397279036,-0.30995812625768115,-0.30995812625768115,-0.30995812625768115,-0.30995812625768115,-0.30995812625768115,0.014663214663342194,0.014663214663342194,0.014663214663342194,0.014663214663342194,1.0
40700,1559.379266056,1.876322547554672,-0.09983795881271362,1.1706309371318502,0.012316642105579378,-0.09983795881271362,12.948935508728027,0.012316642105579378,-0.09983795881271362,12.948935508728027,-0.013512232860930645,165.7591849807651,-0.0012961559559766809,-0.5,-0.5012961559559767,0.5148083888169073,0.5148083888169073,0.5148083888169073,0.5148083888169073,0.5148083888169073,0.5058360740377341,0.5058360740377341,0.5058360740377341,0.5058360740377341,1.0
40750,1559.553370365,0.03101200034887349,-0.013781392946839333,1.1706309371318502,-0.019890102664940058,-0.013781392946839333,-13.739328384399414,-0.019890102664940058,-0.013781392946839333,-13.739328384399414,0.3203748048863038,165.7390906302868,0.0020933264362293633,0.5,0.5020933264362294,-0.8224681313225333,-0.8224681313225333,-0.8224681313225333,-0.8224681313225333,-0.8224681313225333,-0.9781024324250045,-0.9781024324250045,-0.9781024324250045,-0.9781024324250045,1.0
40800,1559.689997513,1.019744148153436,0.22302989661693573,1.1706309371318502,-0.0026334712654352173,0.22302989661693573,-1.9604294300079346,-0.0026334712654352173,0.22302989661693573,-1.9604294300079346,-0.421506843590406,165.77111136838673,0.0002771231161957159,0.5,0.5002771231161958,-0.07877027952578974,-0.07877027952578974,-0.07877027952578974,-0.07877027952578974,-0.07877027952578974,-0.722733486299513,-0.722733486299513,-0.722733486299513,-0.722733486299513,1.0
40850,1559.882826976,1.7399441603970276,-0.060321368277072906,1.1706309371318502,0.009936390221118929,-0.060321368277072906,14.80967903137207,0.009936390221118929,-0.060321368277072906,14.80967903137207,-0.025559721922588347,165.76354868828773,-0.0010456491232973871,-0.5,-0.5010456491232974,0.5266053710458858,0.5266053710458858,0.5266053710458858,0.5266053710458858,0.5266053710458858,0.6372580101409366,0.6372580101409366,0.6372580101409366,0.6372580101409366,1.0
40900,1560.072645382,0.4140683189618284,0.1785709410905838,1.1706309371318502,-0.013204508684575556,0.1785709410905838,-5.78312349319458,-0.013204508684575556,0.1785709410905838,-5.78312349319458,-0.14747262890061058,165.7573182196628,0.001389602015183005,0.5,0.501389602015183,-0.35391697311457243,-0.35391697311457243,-0.35391697311457243,-0.35391697311457243,-0.35391697311457243,-0.9562291382871124,-0.9562291382871124,-0.9562291382871124,-0.9562291382871124,1.0
40950,1560.243282177,1.8057743773912567,0.018902525305747986,1.1706309371318502,0.011085344254970552,0.018902525305747986,12.197061538696289,0.011085344254970552,0.018902525305747986,12.197061538696289,-0.22207128153151587,165.76155885926426,-0.0011665678105048296,-0.5,-0.5011665678105048,0.7232378493420207,0.7232378493420207,0.7232378493420207,0.7232378493420207,0.7232378493420207,0.35319084418855984,0.35319084418855984,0.35319084418855984,0.35319084418855984,1.0
41000,1560.405713939,0.5952544546220492,-0.07245159894227982,1.1706309371318502,-0.010042214058339594,-0.07245159894227982,-9.913041114807129,-0.010042214058339594,-0.07245159894227982,-9.913041114807129,0.2855442310411622,165.76337451000344,0.0010567861593558663,0.5,0.5010567861593559,-0.7866010172005181,-0.7866010172005181,-0.7866010172005181,-0.7866010172005181,-0.7866010172005181,-0.34140474795337494,-0.34140474795337494,-0.34140474795337494,-0.34140474795337494,1.0
41050,1560.467682801,0.7171858177463531,0.15025168657302856,1.1706309371318502,-0.007914110310375689,0.15025168657302856,-4.444828987121582,-0.007914110310375689,0.15025168657302856,-4.444828987121582,-0.16921848502452397,165.7665226707779,0.000832825970460625,0.5,0.5008328259704606,-0.33161434094593667,-0.33161434094593667,-0.33161434094593667,-0.33161434094593667,-0.33161434094593667,-0.8291530007016004,-0.8291530007016004,-0.8291530007016004,-0.8291530007016004,1.0
41100,1560.525573729,1.2940359007629798,0.17508383095264435,1.1706309371318502,0.00215382292866707,0.17508383095264435,-0.09099426120519638,0.00215382292866707,0.17508383095264435,-0.09099426120519638,-0.36468482068779956,165.77130054403125,-0.00022664901525295403,0.47441348916236253,0.4741868401471096,-0.10950201945931004,-0.10950201945931004,-0.10950201945931004,-0.10950201945931004,-0.10950201945931004,-0.4194858398528587,-0.4194858398528587,-0.4194858398528587,-0.4194858398528587,1.0
41150,1560.613269554,1.7637721290902633,-0.02528729848563671,1.1706309371318502,0.010352266728878023,-0.02528729848563671,8.356746673583984,0.010352266728878023,-0.02528729848563671,8.356746673583984,-0.13480823836876482,165.76285356343382,-0.0010894166351591735,-0.5,-0.5010894166351592,0.6358976550039239,0.6358976550039239,0.6358976550039239,0.6358976550039239,0.6358976550039239,0.5524285088114679,0.5524285088114679,0.5524285088114679,0.5524285088114679,1.0
41200,1560.775295192,0.5798641707921592,-0.043896786868572235,1.1706309371318502,-0.010310825183987616,-0.043896786868572235,-10.588601112365723,-0.010310825183987616,-0.043896786868572235,-10.588601112365723,0.3051780157085379,165.76292411003573,0.0010850552438844243,0.5,0.5010850552438845,-0.8062630709524223,-0.8062630709524223,-0.8062630709524223,-0.8062630709524223,-0.8062630709524223,-0.23791165939612652,-0.23791165939612652,-0.23791165939612652,-0.23791165939612652,1.0
41250,1560.967579093,1.8546021191072086,0.023512009531259537,1.1706309371318502,0.011937549114227296,0.023512009531259537,12.792272567749023,0.011937549114227296,0.023512009531259537,12.792272567749023,-0.34333434273373453,165.7599424665481,-0.0012562578546236334,-0.5,-0.5012562578546237,0.8445906005883582,0.8445906005883582,0.8445906005883582,0.8445906005883582,0.8445906005883582,0.23570166038327217,0.23570166038327217,0.23570166038327217,0.23570166038327217,1.0
41300,1561.171881264,0.37371372039596834,0.05458031967282295,1.1706309371318502,-0.013908829297870396,0.05458031967282295,-15.291378021240234,-0.013908829297870396,0.05458031967282295,-15.291378021240234,0.17987683764480608,165.75574498807973,0.0014637317912370267,0.5,0.501463731791237,-0.6813405694360432,-0.6813405694360432,-0.6813405694360432,-0.6813405694360432,-0.6813405694360432,-0.6613180591048227,-0.6613180591048227,-0.6613180591048227,-0.6613180591048227,1.0
41350,1561.329117516,1.6812297198574824,0.05748702585697174,1.1706309371318502,0.008911629915237428,0.05748702585697174,-2.4189293384552,0.008911629915237428,0.05748702585697174,-2.4189293384552,-0.2592020369976993,165.7651399227119,-0.0009378032008571709,0.5,0.4990621967991428,-0.23986015980144354,-0.23986015980144354,-0.23986015980144354,-0.23986015980144354,-0.23986015980144354,0.11124522153686346,0.11124522153686346,0.11124522153686346,0.11124522153686346,1.0
41400,1561.428973983,1.5762306091290514,-0.0033673178404569626,1.1706309371318502,0.007079049721360208,-0.0033673178404569626,-1.4460135698318481,0.007079049721360208,-0.0033673178404569626,-1.4460135698318481,-0.10401836031578285,165.76755414805436,-0.0007449469163569166,0.5,0.4992550530836431,-0.3952366927678602,-0.3952366927678602,-0.3952366927678602,-0.3952366927678602,-0.3952366927678602,-0.48067432292045875,-0.48067432292045875,-0.48067432292045875,-0.48067432292045875,1.0
41450,1561.486972244,1.6899554999655853,0.053947851061820984,1.1706309371318502,0.00906392350792885,0.053947851061820984,10.632150650024414,0.00906392350792885,0.053947851061820984,10.632150650024414,-0.24797135071008203,165.76491438943194,-0.0009538304715972277,-0.5,-0.5009538304715973,0.7489251811816793,0.7489251811816793,0.7489251811816793,0.7489251811816793,0.7489251811816793,0.31291576631714313,0.31291576631714313,0.31291576631714313,0.31291576631714313,1.0
41500,1561.542998138,1.7598314301042832,-0.23822666704654694,1.1706309371318502,0.01028348855674267,-0.23822666704654694,1.643542766571045,0.01028348855674267,-0.23822666704654694,1.643542766571045,0.11269559807451934,165.76297049072113,-0.0010821782844458625,-0.5,-0.5010821782844459,0.38838658020992656,0.38838658020992656,0.38838658020992656,0.38838658020992656,0.38838658020992656,0.6060050020304953,0.6060050020304953,0.6060050020304953,0.6060050020304953,1.0
41550,1561.616657572,1.0281144382595808,-0.153016597032547,1.1706309371318502,-0.002487382143735884,-0.153016597032547,0.558783769607544,-0.002487382143735884,-0.153016597032547,0.558783769607544,0.35322527438682805,165.77117300124775,0.0002617499304254588,-0.49999999980369486,-0.4997382498732694,0.14651297548644138,0.14651297548644138,0.14651297548644138,0.14651297548644138,0.14651297548644138,0.525799400741416,0.525799400741416,0.525799400741416,0.525799400741416,1.0
41600,1561.768640626,0.6593880632986177,-0.06402473151683807,1.1706309371318502,-0.00892287142574787,-0.06402473151683807,0.5666384100914001,-0.00892287142574787,-0.06402473151683807,0.5666384100914001,0.2707958450835052,165.7651234056625,0.0009389862480457572,-0.49999999985662197,-0.4990610136085762,0.228265168525071,0.228265168525071,0.228265168525071,0.228265168525071,0.228265168525071,0.6936333601973714,0.6936333601973714,0.6936333601973714,0.6936333601973714,1.0
41650,1561.920978768,0.8759610355227043,0.1895785629749298,1.1706309371318502,-0.005142959989607331,0.1895785629749298,-2.183511734008789,-0.005142959989607331,0.1895785629749298,-2.183511734008789,-0.32804601734263544,165.7695036241599,0.0005412029000600179,0.5,0.50054120290006,-0.17249518555742455,-0.17249518555742455,-0.17249518555742455,-0.17249518555742455,-0.17249518555742455,-0.6209516799015856,-0.6209516799015856,-0.6209516799015856,-0.6209516799015856,1.0
41700,1562.078849829,1.610687846274708,-0.07485378533601761,1.1706309371318502,0.007680441960692407,-0.07485378533601761,-3.952345132827759,0.007680441960692407,-0.07485378533601761,-3.952345132827759,0.008689535618147295,165.7668228778932,-0.0008082353643344517,0.5,0.49919176463566556,-0.5078813002538128,-0.5078813002538128,-0.5078813002538128,-0.5078813002538128,-0.5078813002538128,-0.38393536873280965,-0.38393536873280965,-0.38393536873280965,-0.38393536873280965,1.0
41750,1562.229682823,1.7638662576347626,0.022591624408960342,1.1706309371318502,0.010353909581899644,0.022591624408960342,11.542403221130371,0.010353909581899644,0.022591624408960342,11.542403221130371,-0.19392644507416457,165.76285076094788,-0.0010895895323814195,-0.5,-0.5010895895323815,0.695016034606546,0.695016034606546,0.695016034606546,0.695016034606546,0.695016034606546,-0.0386939870236655,-0.0386939870236655,-0.0386939870236655,-0.0386939870236655,1.0
41800,1562.391283845,0.6440731249930095,-0.07845550775527954,1.1706309371318502,-0.009190167523920535,-0.07845550775527954,0.8765458464622498,-0.009190167523920535,-0.07845550775527954,0.8765458464622498,0.29998816439319875,165.7647245363879,0.0009671163363874336,-0.4999999999999994,-0.499032883663612,0.19904471927041323,0.19904471927041323,0.19904471927041323,0.19904471927041323,0.19904471927041323,-0.03680974216358038,-0.03680974216358038,-0.03680974216358038,-0.03680974216358038,1.0
41850,1562.461055492,0.5043708369479488,0.05243711173534393,1.1706309371318502,-0.011628432422876355,0.05243711173534393,1.120444893836975,-0.011628432422876355,0.05243711173534393,1.120444893836975,0.07732403315464723,165.76054260370896,0.001223724759168327,-0.5,-0.4987762752408317,0.4214522420861845,0.4214522420861845,0.4214522420861845,0.4214522420861845,0.4214522420861845,0.24487908062683525,0.24487908062683525,0.24487908062683525,0.24487908062683525,1.0
41900,1562.516848817,0.7132145429916668,-0.004220873117446899,1.1706309371318502,-0.007983422130346297,-0.004220873117446899,-0.3293227255344391,-0.007983422130346297,-0.004220873117446899,-0.3293227255344391,0.09892193056928329,165.766431891854,0.0008401201705054955,0.49999809858254846,0.5008382187530539,-0.5997601493223372,-0.5997601493223372,-0.5997601493223372,-0.5997601493223372,-0.5997601493223372,0.18182511124126427,0.18182511124126427,0.18182511124126427,0.18182511124126427,1.0
41950,1562.573667389,0.6893181656850251,-0.053557977080345154,1.1706309371318502,-0.008400492593646048,-0.053557977080345154,-9.571576118469238,-0.008400492593646048,-0.053557977080345154,-9.571576118469238,0.21545300271015846,165.76586893535912,0.0008840117790306189,0.5,0.5008840117790306,-0.7163370144891891,-0.7163370144891891,-0.7163370144891891,-0.7163370144891891,-0.7163370144891891,-0.032610801294650854,-0.032610801294650854,-0.032610801294650854,-0.032610801294650854,1.0
42000,1562.652306064,1.1364701600782499,0.17173384130001068,1.1706309371318502,-0.0005962180346250519,0.17173384130001068,-0.8676415681838989,-0.0005962180346250519,0.17173384130001068,-0.8676415681838989,-0.32636557683709405,165.77165344176268,6.274055189298516e-05,0.49999999999999917,0.5000627405518921,-0.1736971637147981,-0.1736971637147981,-0.1736971637147981,-0.1736971637147981,-0.1736971637147981,-0.5095818365757119,-0.5095818365757119,-0.5095818365757119,-0.5095818365757119,1.0
42050,1562.857278776,0.5420983473238662,-0.18715670704841614,1.1706309371318502,-0.010969963148236273,-0.18715670704841614,-11.229729652404785,-0.010969963148236273,-0.18715670704841614,-11.229729652404785,0.5256253570779506,165.7617685076845,0.0011544246925615151,0.5,0.5011544246925616,-1.0267797817705122,-1.0267797817705122,-1.0267797817705122,-1.0267797817705122,-1.0267797817705122,0.125726261177595,0.125726261177595,0.125726261177595,0.125726261177595,1.0
42100,1563.059497945,1.1953490587664044,0.09549397975206375,1.1706309371318502,0.00043141260743141327,0.09549397975206375,-5.844625949859619,0.00043141260743141327,0.09549397975206375,-5.844625949859619,-0.20444965721867406,165.77166739455458,-4.539792827076885e-05,0.5,0.4999546020717292,-0.2955049448530551,-0.2955049448530551,-0.2955049448530551,-0.2955049448530551,-0.2955049448530551,-0.0887237233955733,-0.0887237233955733,-0.0887237233955733,-0.0887237233955733,1.0
42150,1563.261516433,1.7873577327896695,-0.08649636805057526,1.1706309371318502,0.010763913169503217,-0.08649636805057526,-4.1278486251831055,0.010763913169503217,-0.08649636805057526,-4.1278486251831055,-0.03443192443396664,165.76213744603194,-0.00113273933569681,0.5,0.4988672606643032,-0.46443533623033656,-0.46443533623033656,-0.46443533623033656,-0.46443533623033656,-0.46443533623033656,-0.048682389422304906,-0.048682389422304906,-0.048682389422304906,-0.048682389422304906,1.0
42200,1563.461676076,1.1059803023450188,-0.09259244054555893,1.1706309371318502,-0.0011283664405345901,-0.09259244054555893,-5.15824556350708,-0.0011283664405345901,-0.09259244054555893,-5.15824556350708,0.19003748107762924,165.77157783341275,0.00011873903600054928,0.5,0.5001187390360006,-0.6901562201136298,-0.6901562201136298,-0.6901562201136298,-0.6901562201136298,-0.6901562201136298,-0.3341215495194426,-0.3341215495194426,-0.3341215495194426,-0.3341215495194426,1.0
42250,1563.628540209,1.032293340092865,0.030183356255292892,1.1706309371318502,-0.0024144465476274475,0.030183356255292892,-5.438128471374512,-0.0024144465476274475,0.030183356255292892,-5.438128471374512,-0.03653515672447635,165.7712024556228,0.00025407480825392003,0.5,0.5002540748082539,-0.4637189180837775,-0.4637189180837775,-0.4637189180837775,-0.4637189180837775,-0.4637189180837775,-0.22552585329190292,-0.22552585329190292,-0.22552585329190292,-0.22552585329190292,1.0
42300,1563.744025392,1.2811382624541743,0.038880132138729095,1.1706309371318502,0.0019287166744470612,0.038880132138729095,-5.274090766906738,0.0019287166744470612,0.038880132138729095,-5.274090766906738,-0.09172368822334558,165.77137625699496,-0.00020296078960193147,0.5,0.4997970392103981,-0.4080733509870525,-0.4080733509870525,-0.4080733509870525,-0.4080733509870525,-0.4080733509870525,-0.253649969593225,-0.253649969593225,-0.253649969593225,-0.253649969593225,1.0
42350,1563.800794874,1.3372333254470197,0.018511731177568436,1.1706309371318502,0.002907760217785837,0.018511731177568436,-5.403881549835205,0.002907760217785837,0.018511731177568436,-5.403881549835205,-0.08164491016492162,165.77098615042416,-0.0003059870019601822,0.5,0.49969401299803984,-0.41804910283311825,-0.41804910283311825,-0.41804910283311825,-0.41804910283311825,-0.41804910283311825,-0.317426936314014,-0.317426936314014,-0.317426936314014,-0.317426936314014,1.0
42400,1563.863738193,1.4093574550397099,0.013577479869127274,1.1706309371318502,0.004166563749313356,0.013577479869127274,-5.380363464355469,0.004166563749313356,0.013577479869127274,-5.380363464355469,-0.09796229206841532,165.7702524909267,-0.00043845365672281935,0.5,0.4995615463432772,-0.40159925427486187,-0.40159925427486187,-0.40159925427486187,-0.40159925427486187,-0.40159925427486187,-0.4971174884191499,-0.4971174884191499,-0.4971174884191499,-0.4971174884191499,1.0
42450,1564.014660564,1.6264175584898357,0.029505157843232155,1.1706309371318502,0.007954977229237558,0.029505157843232155,-4.428829669952393,0.007954977229237558,0.029505157843232155,-4.428829669952393,-0.1889888799297473,165.76646924241396,-0.0008371267003320148,0.5,0.49916287329966796,-0.3101739933699207,-0.3101739933699207,-0.3101739933699207,-0.3101739933699207,-0.3101739933699207,-0.17615957863393422,-0.17615957863393422,-0.17615957863393422,-0.17615957863393422,1.0
42500,1564.181651493,1.673757172740371,-0.0008860147790983319,1.1706309371318502,0.008781209364533426,-0.0008860147790983319,-3.1562516689300537,0.008781209364533426,-0.0008860147790983319,-3.1562516689300537,-0.13643891589130702,165.765330026372,-0.0009240778679908651,0.5,0.49907592213200913,-0.3626370062407021,-0.3626370062407021,-0.3626370062407021,-0.3626370062407021,-0.3626370062407021,-0.21171821725022175,-0.21171821725022175,-0.21171821725022175,-0.21171821725022175,1.0
42550,1564.356211154,1.4027305707192108,0.007500324863940477,1.1706309371318502,0.004050902798771863,0.007500324863940477,-3.6191723346710205,0.004050902798771863,0.007500324863940477,-3.6191723346710205,-0.06954957021874979,165.77033079350477,-0.0004262823502526906,0.5,0.4995737176497473,-0.4300241474309975,-0.4300241474309975,-0.4300241474309975,-0.4300241474309975,-0.4300241474309975,-0.3449949970893385,-0.3449949970893385,-0.3449949970893385,-0.3449949970893385,1.0
42600,1564.488447965,1.5034627342070876,0.0031689945608377457,1.1706309371318502,0.005809010714292528,0.0031689945608377457,-2.9788053035736084,0.005809010714292528,0.0031689945608377457,-2.9788053035736084,-0.0809312969826534,165.76890265805045,-0.0006112940848660919,0.5,0.4993887059151339,-0.4184574089324805,-0.4184574089324805,-0.4184574089324805,-0.4184574089324805,-0.4184574089324805,-0.2821534728418924,-0.2821534728418924,-0.2821534728418924,-0.2821534728418924,1.0
42650,1564.545460483,1.4590103689847638,0.0024983242619782686,1.1706309371318502,0.005033170580863954,0.0024983242619782686,-2.9521431922912598,0.005033170580863954,0.0024983242619782686,-2.9521431922912598,-0.05921756447736071,165.7695956678082,-0.0005296493682817917,0.5,0.4994703506317182,-0.4402527861543575,-0.4402527861543575,-0.4402527861543575,-0.4402527861543575,-0.4402527861543575,-0.20139312719600558,-0.20139312719600558,-0.20139312719600558,-0.20139312719600558,1.0
42700,1564.663531121,1.4662506896700946,0.011947520077228546,1.1706309371318502,0.00515953801572323,0.011947520077228546,-3.3723056316375732,0.00515953801572323,0.011947520077228546,-3.3723056316375732,-0.0968095056264939,165.76948955312568,-0.0005429474661010508,0.5,0.49945705253389894,-0.402647546907405,-0.402647546907405,-0.402647546907405,-0.402647546907405,-0.402647546907405,-0.22944115264792359,-0.22944115264792359,-0.22944115264792359,-0.22944115264792359,1.0
42750,1564.815941609,1.612520578128093,0.0147453797981143,1.1706309371318502,0.0077124291658401505,0.0147453797981143,-3.036762237548828,0.0077124291658401505,0.0147453797981143,-3.036762237548828,-0.149296134429925,165.76678231357107,-0.0008116016034617948,0.5,0.4991883983965382,-0.3498922639666132,-0.3498922639666132,-0.3498922639666132,-0.3498922639666132,-0.3498922639666132,-0.19698962050809887,-0.19698962050809887,-0.19698962050809887,-0.19698962050809887,1.0
42800,1564.978654239,1.7193999118689813,-0.009649302810430527,1.1706309371318502,0.009577825441956522,-0.009649302810430527,-2.444441318511963,0.009577825441956522,-0.009649302810430527,-2.444441318511963,-0.1410167251449132,165.7641251419679,-0.001007913478153184,0.5,0.4989920865218468,-0.3579753613769336,-0.3579753613769336,-0.3579753613769336,-0.3579753613769336,-0.3579753613769336,-0.4742641392558737,-0.4742641392558737,-0.4742641392558737,-0.4742641392558737,1.0
42850,1565.164441773,1.4940447571152864,0.014513014815747738,1.1706309371318502,0.005644636005163194,0.014513014815747738,-2.764214515686035,0.005644636005163194,0.014513014815747738,-2.764214515686035,-0.10529143528161343,165.7690577641896,-0.0005939962284495831,0.5,0.4994060037715504,-0.394114568489937,-0.394114568489937,-0.394114568489937,-0.394114568489937,-0.394114568489937,-0.3003560200374725,-0.3003560200374725,-0.3003560200374725,-0.3003560200374725,1.0
42900,1565.315352281,1.4420980735478717,-0.01783679611980915,1.1706309371318502,0.004737995341420175,-0.01783679611980915,-2.43245267868042,0.004737995341420175,-0.01783679611980915,-2.43245267868042,-0.03221652341488709,165.76983328461986,-0.0004985870850942385,0.5,0.49950141291490574,-0.4672848895000187,-0.4672848895000187,-0.4672848895000187,-0.4672848895000187,-0.4672848895000187,-0.5096778295624209,-0.5096778295624209,-0.5096778295624209,-0.5096778295624209,1.0
42950,1565.46942931,1.4215014246622868,0.01362224854528904,1.1706309371318502,0.004378516003489499,0.01362224854528904,-2.808928966522217,0.004378516003489499,0.01362224854528904,-2.808928966522217,-0.08505965184143578,165.7701032783537,-0.0004607579811034367,0.5,0.49953924201889655,-0.4144795901774608,-0.4144795901774608,-0.4144795901774608,-0.4144795901774608,-0.4144795901774608,-0.3008862802403347,-0.3008862802403347,-0.3008862802403347,-0.3008862802403347,1.0
43000,1565.598046128,1.472617173028487,0.010793784633278847,1.1706309371318502,0.005270654112100603,0.010793784633278847,-1.4092239141464233,0.005270654112100603,0.010793784633278847,-1.4092239141464233,-0.09762959910354843,165.7693940714798,-0.0005546406251256313,0.5,0.4994453593748744,-0.40181576027132593,-0.40181576027132593,-0.40181576027132593,-0.40181576027132593,-0.40181576027132593,-0.22665126604537417,-0.22665126604537417,-0.22665126604537417,-0.22665126604537417,1.0
43050,1565.654605542,1.4502188483058995,0.013525472953915596,1.1706309371318502,0.004879729598760606,0.013525472953915596,-1.4391591548919678,0.004879729598760606,0.013525472953915596,-1.4391591548919678,-0.0939443296415774,165.76972097987854,-0.0005135022466028088,0.5,0.4994864977533972,-0.4055421681118198,-0.4055421681118198,-0.4055421681118198,-0.4055421681118198,-0.4055421681118198,-0.22185415388626706,-0.22185415388626706,-0.22185415388626706,-0.22185415388626706,1.0
43100,1565.74012209,1.5479708081598296,0.03527398779988289,1.1706309371318502,0.006585823148489,0.03527398779988289,-2.5887393951416016,0.006585823148489,0.03527398779988289,-2.5887393951416016,-0.16759580578638006,165.7681094142824,-0.0006930418511822085,0.5,0.4993069581488178,-0.33171115236243776,-0.33171115236243776,-0.33171115236243776,-0.33171115236243776,-0.33171115236243776,-0.23808019525252275,-0.23808019525252275,-0.23808019525252275,-0.23808019525252275,1.0
43150,1565.896401298,1.6881837062062015,0.005430954042822123,1.1706309371318502,0.009032999873161317,0.005430954042822123,-2.523392915725708,0.009032999873161317,0.005430954042822123,-2.523392915725708,-0.14903041296438005,165.7649604937856,-0.0009505760864678551,0.5,0.49904942391353213,-0.3500190109491521,-0.3500190109491521,-0.3500190109491521,-0.3500190109491521,-0.3500190109491521,-0.4858464455288853,-0.4858464455288853,-0.4858464455288853,-0.4858464455288853,1.0
43200,1566.0473269,1.7955135122671935,-0.00445930939167738,1.1706309371318502,0.010906258374452592,-0.00445930939167738,-2.8795270919799805,0.010906258374452592,-0.00445930939167738,-2.8795270919799805,-0.14921189938321486,165.76188331993015,-0.0011477201887212232,0.5,0.4988522798112788,-0.3496403804280639,-0.3496403804280639,-0.3496403804280639,-0.3496403804280639,-0.3496403804280639,-0.4248493349416302,-0.4248493349416302,-0.4248493349416302,-0.4248493349416302,1.0
43250,1566.198219946,1.904991626265566,-0.010973910801112652,1.1706309371318502,0.012817011922597887,-0.010973910801112652,-2.018435478210449,0.012817011922597887,-0.010973910801112652,-2.018435478210449,-0.16596289535464018,165.75814891366545,-0.0013488185510023582,0.5,0.4986511814489976,-0.3326882860943574,-0.3326882860943574,-0.3326882860943574,-0.3326882860943574,-0.3326882860943574,-0.16666255386516543,-0.16666255386516543,-0.16666255386516543,-0.16666255386516543,1.0
43300,1566.357968156,1.7186913864642983,-0.002580530010163784,1.1706309371318502,0.00956545934081078,-0.002580530010163784,-2.0273256301879883,0.00956545934081078,-0.002580530010163784,-2.0273256301879883,-0.13045823339456303,165.76414464468874,-0.0010066120643806061,0.5,0.49899338793561937,-0.36853515454105634,-0.36853515454105634,-0.36853515454105634,-0.36853515454105634,-0.36853515454105634,-0.11010611137646557,-0.11010611137646557,-0.11010611137646557,-0.11010611137646557,1.0
43350,1566.51057978,1.6647147493312147,-0.034134335815906525,1.1706309371318502,0.008623389303684236,-0.034134335815906525,-2.5617787837982178,0.008623389303684236,-0.034134335815906525,-2.5617787837982178,-0.0611837554923545,165.7655563205179,-0.0009074690787404614,0.5,0.49909253092125955,-0.43790877542890505,-0.43790877542890505,-0.43790877542890505,-0.43790877542890505,-0.43790877542890505,-0.24751998389531865,-0.24751998389531865,-0.24751998389531865,-0.24751998389531865,1.0
43400,1566.661625218,1.1604722985953209,-0.02337738871574402,1.1706309371318502,-0.00017730168998241272,-0.02337738871574402,-2.6701831817626953,-0.00017730168998241272,-0.02337738871574402,-2.6701831817626953,0.05638888981598586,165.77168013807443,1.86576118875408e-05,0.5,0.5000186576118876,-0.5564075474278735,-0.5564075474278735,-0.5564075474278735,-0.5564075474278735,-0.5564075474278735,-0.5007696558225654,-0.5007696558225654,-0.5007696558225654,-0.5007696558225654,1.0
43450,1566.766961359,1.1372827391460698,0.036276910454034805,1.1706309371318502,-0.0005820358544588074,0.036276910454034805,-3.4188578128814697,-0.0005820358544588074,0.036276910454034805,-3.4188578128814697,-0.05040870530505337,165.77165481844722,6.12481481739352e-05,0.5,0.500061248148174,-0.4496525428431206,-0.4496525428431206,-0.4496525428431206,-0.4496525428431206,-0.4496525428431206,-0.2872619788002391,-0.2872619788002391,-0.2872619788002391,-0.2872619788002391,1.0
43500,1566.823647273,1.2163653373991221,0.025296520441770554,1.1706309371318502,0.0007982158660888722,0.025296520441770554,-3.350792169570923,0.0007982158660888722,0.025296520441770554,-3.350792169570923,-0.06248602788510889,165.77163023592848,-8.399697043583006e-05,0.5,0.4999160030295642,-0.4374299751444553,-0.4374299751444553,-0.4374299751444553,-0.4374299751444553,-0.4374299751444553,-0.23049496792661894,-0.23049496792661894,-0.23049496792661894,-0.23049496792661894,1.0
43550,1566.879273273,1.2879306721403405,0.01916264183819294,1.1706309371318502,0.0020472665876150146,0.01916264183819294,-2.952542304992676,0.0020472665876150146,0.01916264183819294,-2.952542304992676,-0.06797114210680874,165.7713374242507,-0.00021543594937870124,0.5,0.49978456405062127,-0.43181342194381256,-0.43181342194381256,-0.43181342194381256,-0.43181342194381256,-0.43181342194381256,-0.050968067657195346,-0.050968067657195346,-0.050968067657195346,-0.050968067657195346,1.0
43600,1566.936374422,1.3399750060685451,0.009028090164065361,1.1706309371318502,0.00295561157166958,0.009028090164065361,-2.9113917350769043,0.00295561157166958,0.009028090164065361,-2.9113917350769043,-0.06311337916623645,165.77096303543883,-0.000311022484611283,0.5,0.4996889775153887,-0.43657559834915227,-0.43657559834915227,-0.43657559834915227,-0.43657559834915227,-0.43657559834915227,-0.03857538932456049,-0.03857538932456049,-0.03857538932456049,-0.03857538932456049,1.0
43650,1566.992671841,1.3856956520423758,0.026973819360136986,1.1706309371318502,0.0037535873800516144,0.026973819360136986,-3.1141910552978516,0.0037535873800516144,0.026973819360136986,-3.1141910552978516,-0.11025608563219783,165.77052196073512,-0.00039499511672078504,0.5,0.4996050048832792,-0.3893489192510814,-0.3893489192510814,-0.3893489192510814,-0.3893489192510814,-0.3893489192510814,-0.21647878777156665,-0.21647878777156665,-0.21647878777156665,-0.21647878777156665,1.0
43700,1567.051512008,1.4201113744444833,-0.0065717692486941814,1.1706309371318502,0.004354255050420763,-0.0065717692486941814,-2.768073797225952,0.004354255050420763,-0.0065717692486941814,-2.768073797225952,-0.06001112964662407,165.77012073300327,-0.00045820493158817426,0.5,0.49954179506841184,-0.43953066542178776,-0.43953066542178776,-0.43953066542178776,-0.43953066542178776,-0.43953066542178776,-0.36499653195520154,-0.36499653195520154,-0.36499653195520154,-0.36499653195520154,1.0
43750,1567.200872261,0.9271005294684409,0.04442775622010231,1.1706309371318502,-0.004250407442450522,0.04442775622010231,-3.418959617614746,-0.004250407442450522,0.04442775622010231,-3.418959617614746,0.003337978413067544,165.7701943505904,0.0004472767566407327,0.5,0.5004472767566407,-0.5037852551697082,-0.5037852551697082,-0.5037852551697082,-0.5037852551697082,-0.5037852551697082,-0.48011205187739003,-0.48011205187739003,-0.48011205187739003,-0.48011205187739003,1.0
43800,1567.358754608,1.461258888603873,0.06787118315696716,1.1706309371318502,0.005072414651513101,0.06787118315696716,-3.593116044998169,0.005072414651513101,0.06787118315696716,-3.593116044998169,-0.21553046438794,165.76956299501595,-0.000533779160594477,0.5,0.4994662208394055,-0.2839357564514655,-0.2839357564514655,-0.2839357564514655,-0.2839357564514655,-0.2839357564514655,-0.07912558908049687,-0.07912558908049687,-0.07912558908049687,-0.07912558908049687,1.0
43850,1567.512633333,1.9000822143562077,0.024717925116419792,1.1706309371318502,0.012731326520442964,0.024717925116419792,-1.9306560754776,0.012731326520442964,0.024717925116419792,-1.9306560754776,-0.23812500024151884,165.75832926122501,-0.0013398003430981434,0.5,0.49866019965690184,-0.260535199415383,-0.260535199415383,-0.260535199415383,-0.260535199415383,-0.260535199415383,0.034118324923333845,0.034118324923333845,0.034118324923333845,0.034118324923333845,1.0
43900,1567.662729045,1.8890634116776848,0.027082521468400955,1.1706309371318502,0.012539012134075166,0.027082521468400955,1.032738447189331,0.012539012134075166,0.027082521468400955,1.032738447189331,-0.23881592964385098,165.75872963337525,-0.0013195597302340723,-0.5,-0.5013195597302341,0.7401354893740851,0.7401354893740851,0.7401354893740851,0.7401354893740851,0.7401354893740851,-0.09314458174728249,-0.09314458174728249,-0.09314458174728249,-0.09314458174728249,1.0
43950,1567.819304018,0.9602989840944053,-0.1697407066822052,1.1706309371318502,-0.003670985102653502,-0.1697407066822052,2.2170538902282715,-0.003670985102653502,-0.1697407066822052,2.2170538902282715,0.4187263955136394,165.77057248675126,0.0003863026882132022,-0.5,-0.4996136973117868,0.0808873017981474,0.0808873017981474,0.0808873017981474,0.0808873017981474,0.0808873017981474,0.31413722711990566,0.31413722711990566,0.31413722711990566,0.31413722711990566,1.0
44000,1567.972307975,0.9153818458434031,0.2100612372159958,1.1706309371318502,-0.004454937055706976,0.2100612372159958,-2.704777956008911,-0.004454937055706976,0.2100612372159958,-2.704777956008911,-0.3909695561977206,165.77004766300203,0.0004687999906377723,0.5,0.5004687999906378,-0.10949924379291714,-0.10949924379291714,-0.10949924379291714,-0.10949924379291714,-0.10949924379291714,-0.6543208240269075,-0.6543208240269075,-0.6543208240269075,-0.6543208240269075,1.0
44050,1568.080664733,1.7378567905536482,-0.20530006289482117,1.1706309371318502,0.00989995874464512,-0.20530006289482117,2.061415672302246,0.00989995874464512,-0.20530006289482117,2.061415672302246,-0.011476869459724204,165.76360822488002,-0.001041815033472794,-0.5,-0.5010418150334728,0.512518684493197,0.512518684493197,0.512518684493197,0.512518684493197,0.512518684493197,1.0434134199060745,1.0434134199060745,1.0434134199060745,1.0434134199060745,1.0
44100,1568.137768495,1.1896318702659863,-0.0930621400475502,1.1706309371318502,0.00033162884414196167,-0.0930621400475502,2.4824838638305664,0.00033162884414196167,-0.0930621400475502,2.4824838638305664,0.18884270368210365,165.77167366734216,-3.489759418453578e-05,-0.5,-0.5000348975941845,0.31119219391208086,0.31119219391208086,0.31119219391208086,0.31119219391208086,0.31119219391208086,0.4401125585850806,0.4401125585850806,0.4401125585850806,0.4401125585850806,1.0
44150,1568.192453748,0.7211857472790419,-0.11523313820362091,1.1706309371318502,-0.007844298370182511,-0.11523313820362091,0.8897121548652649,-0.007844298370182511,-0.11523313820362091,0.8897121548652649,0.36368008064605406,165.76661330457077,0.0008254791470486177,-0.49999999999999967,-0.49917452085295105,0.135494440206897,0.135494440206897,0.135494440206897,0.135494440206897,0.135494440206897,0.06543226455481913,0.06543226455481913,0.06543226455481913,0.06543226455481913,1.0
44200,1568.247986418,0.42334392929811726,-0.025839246809482574,1.1706309371318502,-0.013042618744075297,-0.025839246809482574,-5.121857643127441,-0.013042618744075297,-0.025839246809482574,-5.121857643127441,0.2528275500058477,165.75766827907376,0.0013725632874849237,0.5,0.5013725632874849,-0.7542001132933327,-0.7542001132933327,-0.7542001132933327,-0.7542001132933327,-0.7542001132933327,-0.30508766345921606,-0.30508766345921606,-0.30508766345921606,-0.30508766345921606,1.0
44250,1568.306492426,0.4129379760150442,0.11078573763370514,1.1706309371318502,-0.013224236890673636,0.11078573763370514,-9.480560302734375,-0.013224236890673636,0.11078573763370514,-9.480560302734375,-0.015511897982722123,165.75727526561576,0.0013916783908160773,0.5,0.5013916783908161,-0.485879780408094,-0.485879780408094,-0.485879780408094,-0.485879780408094,-0.485879780408094,-0.5899501478464086,-0.5899501478464086,-0.5899501478464086,-0.5899501478464086,1.0
44300,1568.363482543,0.7938996210178803,0.20354846119880676,1.1706309371318502,-0.006575201861560343,0.20354846119880676,-3.5875539779663086,-0.006575201861560343,0.20354846119880676,-3.5875539779663086,-0.3158840386937968,165.7681209306708,0.0006919241159191615,0.5,0.5006919241159191,-0.18480788542212234,-0.18480788542212234,-0.18480788542212234,-0.18480788542212234,-0.18480788542212234,-0.7867632884049547,-0.7867632884049547,-0.7867632884049547,-0.7867632884049547,1.0
44350,1568.41867868,1.4641909607485126,0.1604519635438919,1.1706309371318502,0.0051235889643430725,0.1604519635438919,-0.3987525701522827,0.0051235889643430725,0.1604519635438919,-0.3987525701522827,-0.4088505709504664,165.7695200084551,-0.0005391644169240061,0.49999988170719933,0.4994607172902753,-0.0906101463398089,-0.0906101463398089,-0.0906101463398089,-0.0906101463398089,-0.0906101463398089,-0.24347210378263226,-0.24347210378263226,-0.24347210378263226,-0.24347210378263226,1.0
44400,1568.473643432,1.9209140778813352,0.07035396248102188,1.1706309371318502,0.013094911128282549,0.07035396248102188,10.557446479797363,0.013094911128282549,0.07035396248102188,10.557446479797363,-0.32600648642118946,165.75755567782562,-0.001378066992183049,-0.5,-0.501378066992183,0.8273845534133725,0.8273845534133725,0.8273845534133725,0.8273845534133725,0.8273845534133725,0.48083391349434546,0.48083391349434546,0.48083391349434546,0.48083391349434546,1.0
44450,1568.531615593,1.913682188210761,-0.025543488562107086,1.1706309371318502,0.012968690842390062,-0.025543488562107086,10.570341110229492,0.012968690842390062,-0.025543488562107086,10.570341110229492,-0.13653795825665616,165.75782669941174,-0.0013647824856995807,-0.5,-0.5013647824856996,0.6379027407423558,0.6379027407423558,0.6379027407423558,0.6379027407423558,0.6379027407423558,0.8443072952289052,0.8443072952289052,0.8443072952289052,0.8443072952289052,1.0
44500,1568.640110279,1.0106828350023562,-0.1562177985906601,1.1706309371318502,-0.002791621014475821,-0.1562177985906601,1.1938661336898804,-0.002791621014475821,-0.1562177985906601,1.1938661336898804,0.3566565379042068,165.77104068331792,0.0002937654737956943,-0.5,-0.49970623452620433,0.1430496966219975,0.1430496966219975,0.1430496966219975,0.1430496966219975,0.1430496966219975,0.20105875765791223,0.20105875765791223,0.20105875765791223,0.20105875765791223,1.0
44550,1568.790393123,0.6131788987165725,0.07378300279378891,1.1706309371318502,-0.009729373492300507,0.07378300279378891,-8.88039493560791,-0.009729373492300507,0.07378300279378891,-8.88039493560791,0.008932193099281838,165.7638840873474,0.0010238624847098312,0.5,0.5010238624847099,-0.5099560555839917,-0.5099560555839917,-0.5099560555839917,-0.5099560555839917,-0.5099560555839917,-0.8265239383170289,-0.8265239383170289,-0.8265239383170289,-0.8265239383170289,1.0
44600,1568.941141721,1.98827873956129,0.06162041425704956,1.1706309371318502,0.014270646274089815,0.06162041425704956,10.572484970092773,0.014270646274089815,0.06162041425704956,10.572484970092773,-0.36319704409760883,165.75490502527364,-0.0015018135992006434,-0.5,-0.5015018135992007,0.8646988576968095,0.8646988576968095,0.8646988576968095,0.8646988576968095,0.8646988576968095,0.5934346881203896,0.5934346881203896,0.5934346881203896,0.5934346881203896,1.0
44650,1569.136980996,0.3961034807016668,-0.13507682085037231,1.1706309371318502,-0.013518054261803625,-0.13507682085037231,-12.080134391784668,-0.013518054261803625,-0.13507682085037231,-12.080134391784668,0.47249713728035875,165.7566279505425,0.001422602528122596,0.5,0.5014226025281225,-0.9739197398084813,-0.9739197398084813,-0.9739197398084813,-0.9739197398084813,-0.9739197398084813,-0.35065216162302426,-0.35065216162302426,-0.35065216162302426,-0.35065216162302426,1.0
44700,1569.302426375,1.5937204824376328,0.18670246005058289,1.1706309371318502,0.007384305596351625,0.18670246005058289,8.271522521972656,0.007384305596351625,0.18670246005058289,8.271522521972656,-0.49701080597207664,165.76719041574424,-0.0007770709237069493,-0.5,-0.5007770709237069,0.9977878768957835,0.9977878768957835,0.9977878768957835,0.9977878768957835,0.9977878768957835,-0.13962286692767295,-0.13962286692767295,-0.13962286692767295,-0.13962286692767295,1.0
44750,1569.481385624,0.9518810961074818,-0.2251562774181366,1.1706309371318502,-0.003817904964089392,-0.2251562774181366,1.1449764966964722,-0.003817904964089392,-0.2251562774181366,1.1449764966964722,0.5124421511482987,165.7704818405661,0.0004017634083910878,-0.5,-0.4995982365916089,-0.012843914556689817,-0.012843914556689817,-0.012843914556689817,-0.012843914556689817,-0.012843914556689817,0.4612138293777392,0.4612138293777392,0.4612138293777392,0.4612138293777392,1.0
44800,1569.638810392,0.8656382718092878,0.2185458093881607,1.1706309371318502,-0.005323126204311846,0.2185458093881607,-3.855201005935669,-0.005323126204311846,0.2185458093881607,-3.855201005935669,-0.37807114157681493,165.7693482752323,0.0005601624627430548,0.5,0.500560162462743,-0.12248902088592811,-0.12248902088592811,-0.12248902088592811,-0.12248902088592811,-0.12248902088592811,-0.6393538849840043,-0.6393538849840043,-0.6393538849840043,-0.6393538849840043,1.0
44850,1569.793911982,2.045114237748847,-0.23090624809265137,1.1706309371318502,0.015262612849473955,-0.23090624809265137,5.7904863357543945,0.015262612849473955,-0.23090624809265137,5.7904863357543945,0.1507698511100926,165.75249153699065,-0.0016062216757133346,-0.5,-0.5016062216757133,0.3508363705656207,0.3508363705656207,0.3508363705656207,0.3508363705656207,0.3508363705656207,0.7912591432025324,0.7912591432025324,0.7912591432025324,0.7912591432025324,1.0
44900,1569.945141579,0.6471063159538769,-0.027160126715898514,1.1706309371318502,-0.009137228354811667,-0.027160126715898514,0.6061423420906067,-0.009137228354811667,-0.027160126715898514,0.6061423420906067,0.2185719115785273,165.76480446906976,0.0009615450377887185,-0.49999999997047234,-0.4990384549326836,0.28046654335415633,0.28046654335415633,0.28046654335415633,0.28046654335415633,0.28046654335415633,0.2988857613623507,0.2988857613623507,0.2988857613623507,0.2988857613623507,1.0
44950,1570.035360732,0.9683554056638468,0.0817553848028183,1.1706309371318502,-0.003530374020338057,0.0817553848028183,5.407309532165527,-0.003530374020338057,0.0817553848028183,5.407309532165527,-0.11334845165587497,165.7706559097242,0.0003715058710834847,-0.5,-0.4996284941289165,0.6129769457847914,0.6129769457847914,0.6129769457847914,0.6129769457847914,0.6129769457847914,0.2192572960392282,0.2192572960392282,0.2192572960392282,0.2192572960392282,1.0
45000,1570.093589707,0.9934509080566488,-0.036442436277866364,1.1706309371318502,-0.0030923748761415466,-0.036442436277866364,3.2565042972564697,-0.0030923748761415466,-0.036442436277866364,3.2565042972564697,0.12159668854627663,165.77089489070272,0.00032541433702899645,-0.5,-0.499674585662971,0.3780778971166944,0.3780778971166944,0.3780778971166944,0.3780778971166944,0.3780778971166944,0.4598513661542537,0.4598513661542537,0.4598513661542537,0.4598513661542537,1.0
45050,1570.154874814,0.9584051007036076,-0.009875169023871422,1.1706309371318502,-0.0037040396034717545,-0.009875169023871422,2.3009727001190186,-0.0037040396034717545,-0.009875169023871422,2.3009727001190186,0.07214079086387966,165.7705524029609,0.000389781089074953,-0.5,-0.49961021891092505,0.4274694280470454,0.4274694280470454,0.4274694280470454,0.4274694280470454,0.4274694280470454,0.5075460226434061,0.5075460226434061,0.5075460226434061,0.5075460226434061,1.0
45100,1570.257661957,1.0445811705748353,0.0752834603190422,1.1706309371318502,-0.0021999834477901443,0.0752834603190422,1.1413899660110474,-0.0021999834477901443,0.0752834603190422,1.1413899660110474,-0.09621512095667077,165.77128398663535,0.00023150654980923707,-0.5,-0.49976849345019075,0.5959836144068615,0.5959836144068615,0.5959836144068615,0.5959836144068615,0.5959836144068615,0.2940018432914068,0.2940018432914068,0.2940018432914068,0.2940018432914068,1.0
45150,1570.44997095,1.9842841461138903,0.043633535504341125,1.1706309371318502,0.0142009274661541,0.043633535504341125,4.505487442016602,0.0142009274661541,0.043633535504341125,4.505487442016602,-0.3076666959893782,165.75506855598962,-0.0014944755545895252,-0.5,-0.5014944755545895,0.8091611715439677,0.8091611715439677,0.8091611715439677,0.8091611715439677,0.8091611715439677,0.7518646940241513,0.7518646940241513,0.7518646940241513,0.7518646940241513,1.0
45200,1570.652460902,1.4429814091066249,-0.0329257994890213,1.1706309371318502,0.004753412455320363,-0.0329257994890213,5.357479095458984,0.004753412455320363,-0.0329257994890213,5.357479095458984,0.016789523096008743,165.7698212291355,-0.0005002094776635906,-0.5,-0.5005002094776636,0.4837106863816549,0.4837106863816549,0.4837106863816549,0.4837106863816549,0.4837106863816549,0.3303548238651443,0.3303548238651443,0.3303548238651443,0.3303548238651443,1.0
45250,1570.837456772,1.3261682055481874,0.023021060973405838,1.1706309371318502,0.0027146374434232727,0.023021060973405838,5.8305134773254395,0.0027146374434232727,0.023021060973405838,5.8305134773254395,-0.09535226169282413,165.77107560592665,-0.0002856643645233274,-0.5,-0.5002856643645234,0.5956379260573474,0.5956379260573474,0.5956379260573474,0.5956379260573474,0.5956379260573474,0.689819577891573,0.689819577891573,0.689819577891573,0.689819577891573,1.0
45300,1571.021124806,1.4009903665847385,0.03371177613735199,1.1706309371318502,0.004020530506968503,0.03371177613735199,6.800983905792236,0.004020530506968503,0.03371177613735199,6.800983905792236,-0.07877587733692239,165.77035099016823,-0.0004230861958740494,-0.5,-0.5004230861958741,0.5791989635327964,0.5791989635327964,0.5791989635327964,0.5791989635327964,0.5791989635327964,0.8650653134095622,0.8650653134095622,0.8650653134095622,0.8650653134095622,1.0
45350,1571.238877162,1.135294727210773,0.010061932727694511,1.1706309371318502,-0.0006167332082986816,0.010061932727694511,6.6929755210876465,-0.0006167332082986816,0.010061932727694511,6.6929755210876465,0.0025486664000620206,165.77165139168133,6.489938232374093e-05,-0.5,-0.49993510061767626,0.49738643421761425,0.49738643421761425,0.49738643421761425,0.49738643421761425,0.49738643421761425,0.6120611337303542,0.6120611337303542,0.6120611337303542,0.6120611337303542,1.0
45400,1571.305343845,1.1300522368576709,-0.035466454923152924,1.1706309371318502,-0.0007082319259643539,-0.035466454923152924,6.2313385009765625,-0.0007082319259643539,-0.035466454923152924,6.2313385009765625,0.05003162640322194,165.7716414038314,7.452787649373804e-05,-0.5,-0.49992547212350624,0.4498938457202843,0.4498938457202843,0.4498938457202843,0.4498938457202843,0.4498938457202843,0.25510003183786384,0.25510003183786384,0.25510003183786384,0.25510003183786384,1.0
45450,1571.373346177,1.0838258367201419,0.021440468728542328,1.1706309371318502,-0.0015150348097085937,0.021440468728542328,6.757545471191406,-0.0015150348097085937,0.021440468728542328,6.757545471191406,-0.003954778462078076,165.77149362525043,0.00015942855714788477,-0.5,-0.4998405714428521,0.5037953499049301,0.5037953499049301,0.5037953499049301,0.5037953499049301,0.5037953499049301,0.5038499039117997,0.5038499039117997,0.5038499039117997,0.5038499039117997,1.0
45500,1571.454898506,1.0813731584778727,-0.029394548386335373,1.1706309371318502,-0.0015578421205282196,-0.029394548386335373,6.628568172454834,-0.0015578421205282196,-0.029394548386335373,6.628568172454834,0.04742515819860743,165.7714827880895,0.00016393321839208906,-0.5,-0.4998360667816079,0.4524109085830005,0.4524109085830005,0.4524109085830005,0.4524109085830005,0.4524109085830005,0.5363017898342023,0.5363017898342023,0.5363017898342023,0.5363017898342023,1.0
45550,1571.560252995,1.0837470761012753,-0.05864563584327698,1.1706309371318502,-0.0015164094418287262,-0.05864563584327698,5.910729885101318,-0.0015164094418287262,-0.05864563584327698,5.910729885101318,0.1366265084838391,165.7714932819388,0.00015957321121582574,-0.5,-0.49984042678878415,0.3632139183049451,0.3632139183049451,0.3632139183049451,0.3632139183049451,0.3632139183049451,0.4548670287270167,0.4548670287270167,0.4548670287270167,0.4548670287270167,1.0
45600,1571.73250042,0.7840797299821061,-0.05313589423894882,1.1706309371318502,-0.006746591292321679,-0.05313589423894882,3.582921266555786,-0.006746591292321679,-0.05313589423894882,3.582921266555786,0.20969566402422204,165.76793282751063,0.00070996036842678,-0.5,-0.4992900396315732,0.28959437560735113,0.28959437560735113,0.28959437560735113,0.28959437560735113,0.28959437560735113,0.1375517131134023,0.1375517131134023,0.1375517131134023,0.1375517131134023,1.0
45650,1571.925546762,0.3570519274829718,-0.03739272058010101,1.1706309371318502,-0.014199632443487643,-0.03739272058010101,-7.985484600067139,-0.014199632443487643,-0.03739272058010101,-7.985484600067139,0.3220009139594234,165.75507158598703,0.001494339250988421,0.5,0.5014943392509884,-0.8234952532104118,-0.8234952532104118,-0.8234952532104118,-0.8234952532104118,-0.8234952532104118,-0.37233673039719806,-0.37233673039719806,-0.37233673039719806,-0.37233673039719806,1.0
45700,1572.09333433,1.6223167769451836,0.0507100448012352,1.1706309371318502,0.007883405089378358,0.0507100448012352,-1.2233383655548096,0.007883405089378358,0.0507100448012352,-1.2233383655548096,-0.22768742989294835,165.76656263294947,-0.0008295946334606184,0.5,0.4991704053665394,-0.271482975473591,-0.271482975473591,-0.271482975473591,-0.271482975473591,-0.271482975473591,-0.12097515105542385,-0.12097515105542385,-0.12097515105542385,-0.12097515105542385,1.0
45750,1572.193703245,1.5382837856477531,-0.09072913974523544,1.1706309371318502,0.006416752710938455,-0.09072913974523544,6.940236568450928,0.006416752710938455,-0.09072913974523544,6.940236568450928,0.06451160472676716,165.76829052601875,-0.0006752496761268164,-0.5,-0.5006752496761269,0.4361636449493597,0.4361636449493597,0.4361636449493597,0.4361636449493597,0.4361636449493597,-0.3265249408519466,-0.3265249408519466,-0.3265249408519466,-0.3265249408519466,1.0
45800,1572.259475085,1.0716196483430944,-0.131021186709404,1.1706309371318502,-0.0017280729860067352,-0.131021186709404,2.91213059425354,-0.0017280729860067352,-0.131021186709404,2.91213059425354,0.3477659979791638,165.77143670442229,0.00018184680900723595,-0.5,-0.49981815319099276,0.15205215521182897,0.15205215521182897,0.15205215521182897,0.15205215521182897,0.15205215521182897,0.6575589912025683,0.6575589912025683,0.6575589912025683,0.6575589912025683,1.0
45850,1572.318639128,0.524402447762274,-0.11812987178564072,1.1706309371318502,-0.011278814859688279,-0.11812987178564072,0.9404326677322388,-0.011278814859688279,-0.11812987178564072,0.9404326677322388,0.45077932473451654,165.7612023990264,0.0011869294141322426,-0.49999999999999994,-0.4988130705858677,0.04803374585135117,0.04803374585135117,0.04803374585135117,0.04803374585135117,0.04803374585135117,0.16602591500743713,0.16602591500743713,0.16602591500743713,0.16602591500743713,1.0
45900,1572.411771812,-0.04749994026809874,0.11989764869213104,1.1706309371318502,-0.02126039453083649,0.11989764869213104,-9.033042907714844,-0.02126039453083649,0.11989764869213104,-9.033042907714844,0.33703230689538716,165.7344453698145,0.0022375839775602554,0.5,0.5022375839775602,-0.8392698908729475,-0.8392698908729475,-0.8392698908729475,-0.8392698908729475,-0.8392698908729475,-0.7286874684991835,-0.7286874684991835,-0.7286874684991835,-0.7286874684991835,1.0
45950,1572.565123749,1.2246047866939789,0.16028521955013275,1.1706309371318502,0.0009420213848352448,0.16028521955013275,-2.1921849250793457,0.0009420213848352448,0.16028521955013275,-2.1921849250793457,-0.3554248180253539,165.77160961840298,-9.912976215389897e-05,0.5,0.4999008702378461,-0.14447605221249216,-0.14447605221249216,-0.14447605221249216,-0.14447605221249216,-0.14447605221249216,-0.048855344692673,-0.048855344692673,-0.048855344692673,-0.048855344692673,1.0
46000,1572.716690892,1.641355502369771,-0.024431759491562843,1.1706309371318502,0.008215693533420564,-0.024431759491562843,-3.9179763793945312,0.008215693533420564,-0.024431759491562843,-3.9179763793945312,-0.08233934217273745,165.76612191099207,-0.0008645638822603057,0.5,0.4991354361177397,-0.4167960939450023,-0.4167960939450023,-0.4167960939450023,-0.4167960939450023,-0.4167960939450023,-0.38259507889036315,-0.38259507889036315,-0.38259507889036315,-0.38259507889036315,1.0
46050,1572.882225175,1.9564579554352584,-0.0027919881977140903,1.1706309371318502,0.013715268820524217,-0.0027919881977140903,-1.38398277759552,0.013715268820524217,-0.0027919881977140903,-1.38398277759552,-0.22225767069088587,165.75618548569776,-0.00144335940199906,0.5,0.4985566405980009,-0.27629896990711506,-0.27629896990711506,-0.27629896990711506,-0.27629896990711506,-0.27629896990711506,-0.3629951866915455,-0.3629951866915455,-0.3629951866915455,-0.3629951866915455,1.0
46100,1573.03397876,1.8162851847502601,-0.0007522020023316145,1.1706309371318502,0.01126879245042801,-0.0007522020023316145,-1.0591505765914917,0.01126879245042801,-0.0007522020023316145,-1.0591505765914917,-0.1659380174571952,165.76122101629554,-0.0011858746144071412,0.5,0.49881412538559283,-0.3328761079283976,-0.3328761079283976,-0.3328761079283976,-0.3328761079283976,-0.3328761079283976,-0.3573779761517727,-0.3573779761517727,-0.3573779761517727,-0.3573779761517727,1.0
46150,1573.109344679,1.8125546208029637,-0.009164959192276001,1.1706309371318502,0.011203681826591493,-0.009164959192276001,-1.5907334089279175,0.011203681826591493,-0.009164959192276001,-1.5907334089279175,-0.14838330011010098,165.76134156045998,-0.0011790221093047535,0.5,0.49882097789069524,-0.35043767778059426,-0.35043767778059426,-0.35043767778059426,-0.35043767778059426,-0.35043767778059426,-0.20755341112094888,-0.20755341112094888,-0.20755341112094888,-0.20755341112094888,1.0
46200,1573.167290551,1.788433167418829,0.0069493502378463745,1.1706309371318502,0.010782683044672014,0.0069493502378463745,-1.3587907552719116,0.010782683044672014,0.0069493502378463745,-1.3587907552719116,-0.17262101160348192,165.7621041276243,-0.0011347147332438278,0.5,0.49886528526675616,-0.32624427366327424,-0.32624427366327424,-0.32624427366327424,-0.32624427366327424,-0.32624427366327424,-0.3730008521331508,-0.3730008521331508,-0.3730008521331508,-0.3730008521331508,1.0
46250,1573.224716318,1.7584561074818779,-0.016761887818574905,1.1706309371318502,0.010259484648704534,-0.016761887818574905,-1.9041826725006104,0.010259484648704534,-0.016761887818574905,-1.9041826725006104,-0.12410446639454825,165.7630111154241,-0.001079652068134002,0.5,0.498920347931866,-0.37481588153731776,-0.37481588153731776,-0.37481588153731776,-0.37481588153731776,-0.37481588153731776,-0.5916584802140742,-0.5916584802140742,-0.5916584802140742,-0.5916584802140742,1.0
46300,1573.293221537,1.6867688965526568,-0.010815932415425777,1.1706309371318502,0.009008306786417963,-0.010815932415425777,-1.641404628753662,0.009008306786417963,-0.010815932415425777,-1.641404628753662,-0.10907885302724737,165.76499719581355,-0.0009479774018409385,0.5,0.49905202259815906,-0.38997316957091166,-0.38997316957091166,-0.38997316957091166,-0.38997316957091166,-0.38997316957091166,-0.4463827315675883,-0.4463827315675883,-0.4463827315675883,-0.4463827315675883,1.0
46350,1573.49918956,1.523953728603949,-0.02867789752781391,1.1706309371318502,0.0061666460335254684,-0.02867789752781391,11.292884826660156,0.0061666460335254684,-0.02867789752781391,11.292884826660156,-0.051770879063720965,165.76854980837246,-0.0006489296994333251,-0.5,-0.5006489296994333,0.5524198087631542,0.5524198087631542,0.5524198087631542,0.5524198087631542,0.5524198087631542,0.10623224953186017,0.10623224953186017,0.10623224953186017,0.10623224953186017,1.0
46400,1573.702799424,-0.17785385711890078,0.10817670077085495,1.1706309371318502,-0.023535499572753905,0.10817670077085495,-5.492516040802002,-0.023535499572753905,0.10817670077085495,-5.492516040802002,0.16718605057311461,165.72604969058548,0.002477114428468025,0.5,0.502477114428468,-0.6696631650015826,-0.6696631650015826,-0.6696631650015826,-0.6696631650015826,-0.6696631650015826,-1.179589735501877,-1.179589735501877,-1.179589735501877,-1.179589735501877,1.0
46450,1573.875215487,1.2288572197825465,0.07351578772068024,1.1706309371318502,0.0010162403434515015,0.07351578772068024,-1.6607983112335205,0.0010162403434515015,0.07351578772068024,-1.6607983112335205,-0.20621639133542735,165.7715976444347,-0.0001069398954159721,0.5,0.499893060104584,-0.29367666876915666,-0.29367666876915666,-0.29367666876915666,-0.29367666876915666,-0.29367666876915666,-0.3078285142789647,-0.3078285142789647,-0.3078285142789647,-0.3078285142789647,1.0
46500,1574.032852196,1.3811323386248668,0.09241732209920883,1.1706309371318502,0.003673942536115648,0.09241732209920883,-2.2968082427978516,0.003673942536115648,0.09241732209920883,-2.2968082427978516,-0.18411720611076088,165.77057069715894,-0.00038661390567886215,0.5,0.49961338609432115,-0.3154961799835603,-0.3154961799835603,-0.3154961799835603,-0.3154961799835603,-0.3154961799835603,-0.343562784942797,-0.343562784942797,-0.343562784942797,-0.343562784942797,1.0
46550,1574.190612793,1.7851140156473202,0.019462380558252335,1.1706309371318502,0.010724752917885782,0.019462380558252335,0.4777775704860687,0.010724752917885782,0.019462380558252335,0.4777775704860687,-0.22141881266026514,165.762206772513,-0.0011286179967684214,-0.49999999498635594,-0.5011286129831244,0.7225474256433895,0.7225474256433895,0.7225474256433895,0.7225474256433895,0.7225474256433895,-0.4950138679225121,-0.4950138679225121,-0.4950138679225121,-0.4950138679225121,1.0
46600,1574.290958956,1.5437522058519946,-0.2817855477333069,1.1706309371318502,0.0065121946483850494,-0.2817855477333069,4.882787227630615,0.0065121946483850494,-0.2817855477333069,4.882787227630615,0.4443555081964305,165.76818886558218,-0.0006852935304949419,-0.5,-0.500685293530495,0.056329785334064464,0.056329785334064464,0.056329785334064464,0.056329785334064464,0.056329785334064464,0.4029488016646787,0.4029488016646787,0.4029488016646787,0.4029488016646787,1.0
46650,1574.457741734,-0.44414308262042257,-0.03345653414726257,1.1706309371318502,-0.02818312332034111,-0.03345653414726257,-7.580644607543945,-0.02818312332034111,-0.03345653414726257,-7.580644607543945,0.6162877382282628,165.70624893780476,0.0029665130388991223,0.5,0.5029665130388992,-1.119254251267162,-1.119254251267162,-1.119254251267162,-1.119254251267162,-1.119254251267162,-0.5201517803756603,-0.5201517803756603,-0.5201517803756603,-0.5201517803756603,1.0
46700,1574.617325296,0.7368273607260472,0.21189481019973755,1.1706309371318502,-0.00757130071520805,0.21189481019973755,-0.6555653214454651,-0.00757130071520805,0.21189481019973755,-0.6555653214454651,-0.3079633917054026,165.76696001555692,0.0007967496738545775,0.49999999999591055,0.5007967496697652,-0.19283335796436257,-0.19283335796436257,-0.19283335796436257,-0.19283335796436257,-0.19283335796436257,-0.658514951123807,-0.658514951123807,-0.658514951123807,-0.658514951123807,1.0
46750,1574.774587866,1.2257459618939,-0.11577492952346802,1.1706309371318502,0.0009619386494159748,-0.11577492952346802,5.963205337524414,0.0009619386494159748,-0.11577492952346802,5.963205337524414,0.23942063246674328,165.77160649419432,-0.00010122567518398967,-0.5,-0.500101225675184,0.2606805932084407,0.2606805932084407,0.2606805932084407,0.2606805932084407,0.2606805932084407,0.476356153873684,0.476356153873684,0.476356153873684,0.476356153873684,1.0
46800,1574.917751406,-0.336380706805472,-0.15902972221374512,1.1706309371318502,-0.026302315052598713,-0.15902972221374512,0.9529703259468079,-0.026302315052598713,-0.15902972221374512,0.9529703259468079,0.7090249566852798,165.71469051839304,0.0027684482530653605,-0.49999999999999994,-0.49723155174693456,-0.2117934049383452,-0.2117934049383452,-0.2117934049383452,-0.2117934049383452,-0.2117934049383452,-0.5217459951360512,-0.5217459951360512,-0.5217459951360512,-0.5217459951360512,1.0
46850,1574.974570535,-0.6407482636102413,-0.04483634978532791,1.1706309371318502,-0.03161453105509281,-0.04483634978532791,4.85634708404541,-0.03161453105509281,-0.04483634978532791,4.85634708404541,0.5568659354130896,165.68934670281652,0.0033279234853710836,-0.5,-0.4966720765146289,-0.060193858898460684,-0.060193858898460684,-0.060193858898460684,-0.060193858898460684,-0.060193858898460684,-0.657168381064362,-0.657168381064362,-0.657168381064362,-0.657168381064362,1.0
46900,1575.030229213,-0.8288428154508126,-0.07401727139949799,1.1706309371318502,-0.034897400289773936,-0.07401727139949799,2.8409438133239746,-0.034897400289773936,-0.07401727139949799,2.8409438133239746,0.6817106440709557,165.67136108030004,0.0036737618747942095,-0.5,-0.49632623812520577,-0.18538440594574995,-0.18538440594574995,-0.18538440594574995,-0.18538440594574995,-0.18538440594574995,-0.16083406811977285,-0.16083406811977285,-0.16083406811977285,-0.16083406811977285,1.0
46950,1575.171997232,-1.377074886092762,-0.08006907999515533,1.1706309371318502,-0.04446585498750209,-0.08006907999515533,5.15882682800293,-0.04446585498750209,-0.08006907999515533,5.15882682800293,0.8194763195851822,165.608815270318,0.004682239163076909,-0.5,-0.4953177608369231,-0.3241585587482591,-0.3241585587482591,-0.3241585587482591,-0.3241585587482591,-0.3241585587482591,-0.5117163827269661,-0.5117163827269661,-0.5117163827269661,-0.5117163827269661,1.0
47000,1575.371052638,-1.8233157972837304,0.0420522503554821,1.1706309371318502,-0.052254228144884105,0.0420522503554821,4.033553123474121,-0.052254228144884105,0.0420522503554821,4.033553123474121,0.7414419419048572,165.5467790110167,0.005503722954753275,-0.5,-0.49449627704524673,-0.2469456648596105,-0.2469456648596105,-0.2469456648596105,-0.2469456648596105,-0.2469456648596105,-1.0039174170996163,-1.0039174170996163,-1.0039174170996163,-1.0039174170996163,1.0
47050,1575.546984598,-1.5310180651964462,0.043715331703424454,1.1706309371318502,-0.04715267032384872,0.043715331703424454,5.166354656219482,-0.04715267032384872,0.043715331703424454,5.166354656219482,0.6492104199655649,165.58854210032254,0.00496556402395981,-0.5,-0.4950344359760402,-0.15417598398952476,-0.15417598398952476,-0.15417598398952476,-0.15417598398952476,-0.15417598398952476,-0.7429341083110083,-0.7429341083110083,-0.7429341083110083,-0.7429341083110083,1.0
47100,1575.700294752,-1.5208237944167906,0.06612354516983032,1.1706309371318502,-0.04697474673390388,0.06612354516983032,5.767333984375,-0.04697474673390388,0.06612354516983032,5.767333984375,0.671187511162398,165.58992134690484,0.004946799812689943,-0.5,-0.4950532001873101,-0.17613431097508797,-0.17613431097508797,-0.17613431097508797,-0.17613431097508797,-0.17613431097508797,-0.24931644462138763,-0.24931644462138763,-0.24931644462138763,-0.24931644462138763,1.0
47150,1575.846999109,-1.572044983828303,0.03852490335702896,1.1706309371318502,-0.04786872513592243,0.03852490335702896,6.949434280395508,-0.04786872513592243,0.03852490335702896,6.949434280395508,0.7437240607613972,165.58293863298164,0.005041083900806462,-0.5,-0.4949589160991935,-0.24876514466220367,-0.24876514466220367,-0.24876514466220367,-0.24876514466220367,-0.24876514466220367,-0.2600665417433944,-0.2600665417433944,-0.2600665417433944,-0.2600665417433944,1.0
47200,1575.903493539,-1.5982254190820793,-0.019337553530931473,1.1706309371318502,-0.04832565993070602,-0.019337553530931473,7.108101844787598,-0.04832565993070602,-0.019337553530931473,7.108101844787598,0.7633347210564705,165.57931879550316,0.00508927794537052,-0.5,-0.4949107220546295,-0.268423999001841,-0.268423999001841,-0.268423999001841,-0.268423999001841,-0.268423999001841,-0.45131884905720354,-0.45131884905720354,-0.45131884905720354,-0.45131884905720354,1.0
47250,1575.958477097,-1.6820323738066647,-0.04040707275271416,1.1706309371318502,-0.04978836722671985,-0.04040707275271416,7.039999008178711,-0.04978836722671985,-0.04040707275271416,7.039999008178711,0.8225779495937998,165.56750017293783,0.005243567599498646,-0.5,-0.4947564324005014,-0.32782151719329844,-0.32782151719329844,-0.32782151719329844,-0.32782151719329844,-0.32782151719329844,-0.2817652846592935,-0.2817652846592935,-0.2817652846592935,-0.2817652846592935,1.0
47300,1576.015422059,-1.8333145538983944,-0.02982318587601185,1.1706309371318502,-0.05242873936891555,-0.02982318587601185,6.394718647003174,-0.05242873936891555,-0.02982318587601185,6.394718647003174,0.8876972906736175,165.54527464452426,0.00552213686905626,-0.5,-0.4944778631309437,-0.39321942754267375,-0.39321942754267375,-0.39321942754267375,-0.39321942754267375,-0.39321942754267375,-0.2607040446904217,-0.2607040446904217,-0.2607040446904217,-0.2607040446904217,1.0
47350,1576.070499356,-1.9606896845129045,0.0014195232652127743,1.1706309371318502,-0.05465185478329658,0.0014195232652127743,5.201412200927734,-0.05465185478329658,0.0014195232652127743,5.201412200927734,0.8305313817731823,165.5256718600305,0.005756743141197116,-0.5,-0.4942432568588029,-0.3362881249143794,-0.3362881249143794,-0.3362881249143794,-0.3362881249143794,-0.3362881249143794,-0.6797712801287007,-0.6797712801287007,-0.6797712801287007,-0.6797712801287007,1.0
47400,1576.12833392,-1.9800131434485166,-0.007444520480930805,1.1706309371318502,-0.054989112764596934,-0.007444520480930805,6.6012067794799805,-0.054989112764596934,-0.007444520480930805,6.6012067794799805,0.8369629065561772,165.52262698043992,0.005792338996242751,-0.5,-0.49420766100375724,-0.34275524555242,-0.34275524555242,-0.34275524555242,-0.34275524555242,-0.34275524555242,-0.7239519173220142,-0.7239519173220142,-0.7239519173220142,-0.7239519173220142,1.0
47450,1576.185983115,-2.024508837683388,-0.02412078157067299,1.1706309371318502,-0.055765709131956095,-0.02412078157067299,6.266754627227783,-0.055765709131956095,-0.02412078157067299,6.266754627227783,0.8808611037551428,165.51554444798376,0.005874309764398276,-0.5,-0.4941256902356017,-0.3867354135195411,-0.3867354135195411,-0.3867354135195411,-0.3867354135195411,-0.3867354135195411,-0.8782177366430189,-0.8782177366430189,-0.8782177366430189,-0.8782177366430189,1.0
47500,1576.244662466,-2.1764077625128286,0.04279056191444397,1.1706309371318502,-0.0584168455004692,0.04279056191444397,5.92995548248291,-0.0584168455004692,0.04279056191444397,5.92995548248291,0.8169075735186355,165.49061869269318,0.006154194357905957,-0.5,-0.493845805642094,-0.3230617678765415,-0.3230617678765415,-0.3230617678765415,-0.3230617678765415,-0.3230617678765415,-0.6783101084125049,-0.6783101084125049,-0.6783101084125049,-0.6783101084125049,1.0
47550,1576.400222711,-1.8760681230080891,0.05389606952667236,1.1706309371318502,-0.05317492991685867,0.05389606952667236,5.462640762329102,-0.05317492991685867,0.05389606952667236,5.462640762329102,0.6896883604017496,165.53878561874185,0.005600876498290491,-0.5,-0.4943991235017095,-0.19528923690004013,-0.19528923690004013,-0.19528923690004013,-0.19528923690004013,-0.19528923690004013,-0.2609628077160796,-0.2609628077160796,-0.2609628077160796,-0.2609628077160796,1.0
47600,1576.55564916,-1.677965529764451,0.007218735292553902,1.1706309371318502,-0.04971738740801811,0.007218735292553902,6.695342540740967,-0.04971738740801811,0.007218735292553902,6.695342540740967,0.731497863792729,165.56808181590074,0.005236079979397045,-0.5,-0.49476392002060293,-0.23673394377212603,-0.23673394377212603,-0.23673394377212603,-0.23673394377212603,-0.23673394377212603,-0.7262553000845435,-0.7262553000845435,-0.7262553000845435,-0.7262553000845435,1.0
47650,1576.710597819,-1.6459316223919738,0.014045070856809616,1.1706309371318502,-0.049158290252089495,0.014045070856809616,6.739617347717285,-0.049158290252089495,0.014045070856809616,6.739617347717285,0.7224211605698014,165.57263434161413,0.005177102969459689,-0.5,-0.49482289703054033,-0.2275982635392611,-0.2275982635392611,-0.2275982635392611,-0.2275982635392611,-0.2275982635392611,-0.5994424513551994,-0.5994424513551994,-0.5994424513551994,-0.5994424513551994,1.0
47700,1576.867455809,-1.4334465717469929,0.04141649603843689,1.1706309371318502,-0.04544972650706768,0.04141649603843689,6.454119682312012,-0.04544972650706768,0.04141649603843689,6.454119682312012,0.6166183762620703,165.60152943080467,0.00478598047727806,-0.5,-0.4952140195227219,-0.12140435673934835,-0.12140435673934835,-0.12140435673934835,-0.12140435673934835,-0.12140435673934835,-0.224268772459621,-0.224268772459621,-0.224268772459621,-0.224268772459621,1.0
47750,1576.930404947,-1.3041275052616736,0.053086552768945694,1.1706309371318502,-0.043192683011293406,0.053086552768945694,6.750870227813721,-0.043192683011293406,0.053086552768945694,6.750870227813721,0.552742080045229,165.61800694806524,0.004548006779940534,-0.5,-0.49545199322005945,-0.057290086825169506,-0.057290086825169506,-0.057290086825169506,-0.057290086825169506,-0.057290086825169506,-0.3504182092775739,-0.3504182092775739,-0.3504182092775739,-0.3504182092775739,1.0
47800,1576.987148931,-1.1734022735809782,0.00913840252906084,1.1706309371318502,-0.04091109730303287,0.00913840252906084,6.707828998565674,-0.04091109730303287,0.00913840252906084,6.707828998565674,0.5339393861829775,165.63381130341952,0.004307492196713906,-0.5,-0.4956925078032861,-0.03824687837969143,-0.03824687837969143,-0.03824687837969143,-0.03824687837969143,-0.03824687837969143,-0.5434137365010916,-0.5434137365010916,-0.5434137365010916,-0.5434137365010916,1.0
47850,1577.045528731,-1.071603746808933,0.056126948446035385,1.1706309371318502,-0.039134377837181086,0.056126948446035385,6.2136430740356445,-0.039134377837181086,0.056126948446035385,6.2136430740356445,0.48080678118388187,165.64552495283996,0.004120229316322538,-0.5,-0.49587977068367745,0.015072989499795575,0.015072989499795575,0.015072989499795575,0.015072989499795575,0.015072989499795575,0.016628884321514006,0.016628884321514006,0.016628884321514006,0.016628884321514006,1.0
47900,1577.114903594,-0.9502112215771196,0.041039787232875824,1.1706309371318502,-0.03701567858457565,0.041039787232875824,5.2707366943359375,-0.03701567858457565,0.041039787232875824,5.2707366943359375,0.48376941712168814,165.65881379381932,0.0038969560615772394,-0.5,-0.49610304393842275,0.01233362681673461,0.01233362681673461,0.01233362681673461,0.01233362681673461,0.01233362681673461,-0.314560458174519,-0.314560458174519,-0.314560458174519,-0.314560458174519,1.0
47950,1577.264159188,-0.5095456657395855,0.04368240758776665,1.1706309371318502,-0.029324613735079764,0.04368240758776665,5.2874555587768555,-0.029324613735079764,0.04368240758776665,5.2874555587768555,0.3694058000150775,165.70084150341492,0.0030867315538283652,-0.5,-0.4969132684461716,0.12750746843109412,0.12750746843109412,0.12750746843109412,0.12750746843109412,0.12750746843109412,-0.5537108506540448,-0.5537108506540448,-0.5537108506540448,-0.5537108506540448,1.0
48000,1577.452295467,-0.06831849359548314,-0.026537762954831123,1.1706309371318502,-0.02162374683190137,-0.026537762954831123,4.921624660491943,-0.02162374683190137,-0.026537762954831123,4.921624660491943,0.39567843801698815,165.7331617277702,0.0022758372836236,-0.5,-0.4977241627163764,0.10204572469938822,0.10204572469938822,0.10204572469938822,0.10204572469938822,0.10204572469938822,0.18166669987137354,0.18166669987137354,0.18166669987137354,0.18166669987137354,1.0
48050,1577.607337314,-0.37638910015777705,-0.0188343096524477,1.1706309371318502,-0.027000593245029448,-0.0188343096524477,4.693005084991455,-0.027000593245029448,-0.0188343096524477,4.693005084991455,0.4505467947259559,165.71162445914692,0.0028419804252833043,-0.5,-0.49715801957471667,0.04661122484876079,0.04661122484876079,0.04661122484876079,0.04661122484876079,0.04661122484876079,0.12801350759573954,0.12801350759573954,0.12801350759573954,0.12801350759573954,1.0
48100,1577.761158619,-0.20071456697199958,0.03017469123005867,1.1706309371318502,-0.023934494229033588,0.03017469123005867,6.298088073730469,-0.023934494229033588,0.03017469123005867,6.298088073730469,0.3274704261127778,165.72448942670363,0.0025191244330254035,-0.5,-0.4974808755669746,0.1700104494541968,0.1700104494541968,0.1700104494541968,0.1700104494541968,0.1700104494541968,0.3691740415071723,0.3691740415071723,0.3691740415071723,0.3691740415071723,1.0
48150,1577.913271258,-0.1937952518374461,0.018798789009451866,1.1706309371318502,-0.023813729397952555,0.018798789009451866,5.6436848640441895,-0.023813729397952555,0.018798789009451866,5.6436848640441895,0.3072706456778403,165.72496444356045,0.002506409063866337,-0.5,-0.49749359093613366,0.19022294525829336,0.19022294525829336,0.19022294525829336,0.19022294525829336,0.19022294525829336,0.19299830487908654,0.19299830487908654,0.19299830487908654,0.19299830487908654,1.0
48200,1578.070132029,-0.3359120651149592,-0.01904388703405857,1.1706309371318502,-0.026294135712087153,-0.01904388703405857,2.971169948577881,-0.026294135712087153,-0.01904388703405857,2.971169948577881,0.42630500753717476,165.71472595704947,0.0027675869437653595,-0.5,-0.49723241305623467,0.0709274055190599,0.0709274055190599,0.0709274055190599,0.0709274055190599,0.0709274055190599,-0.38359970411878397,-0.38359970411878397,-0.38359970411878397,-0.38359970411878397,1.0
48250,1578.17342591,-0.32091537093599126,0.0199268851429224,1.1706309371318502,-0.026032394021749495,0.0199268851429224,4.704854965209961,-0.026032394021749495,0.0199268851429224,4.704854965209961,0.3524343307671274,165.71585418763317,0.0027400249452203297,-0.5,-0.49725997505477965,0.14482564428765227,0.14482564428765227,0.14482564428765227,0.14482564428765227,0.14482564428765227,0.3804748275311233,0.3804748275311233,0.3804748275311233,0.3804748275311233,1.0
48300,1578.297760116,-0.3105906595514443,0.008020746521651745,1.1706309371318502,-0.025852193813771008,0.008020746521651745,3.2951531410217285,-0.025852193813771008,0.008020746521651745,3.2951531410217285,0.3683433112675437,165.7166243770116,0.002721049667844782,-0.5,-0.49727895033215525,0.12893563906461153,0.12893563906461153,0.12893563906461153,0.12893563906461153,0.12893563906461153,0.19999134356295284,0.19999134356295284,0.19999134356295284,0.19999134356295284,1.0
48350,1578.496976001,-0.00047101593580517877,-0.006913188844919205,1.1706309371318502,-0.020439584957566693,-0.006913188844919205,2.230846881866455,-0.020439584957566693,-0.006913188844919205,2.230846881866455,0.29426218559389367,165.73726504678208,0.0021511722446069404,-0.5,-0.4978488277553931,0.2035866421614994,0.2035866421614994,0.2035866421614994,0.2035866421614994,0.2035866421614994,0.189375104415415,0.189375104415415,0.189375104415415,0.189375104415415,1.0
48400,1578.702186134,0.032978848035892544,0.0407494455575943,1.1706309371318502,-0.01985577469691634,0.0407494455575943,1.4098577499389648,-0.01985577469691634,0.0407494455575943,1.4098577499389648,0.2282288460725635,165.73920302973517,0.002089712660067781,-0.5,-0.4979102873399322,0.2696814412673687,0.2696814412673687,0.2696814412673687,0.2696814412673687,0.2696814412673687,0.3377169580091791,0.3377169580091791,0.3377169580091791,0.3377169580091791,1.0
