tick,time_s,euler_roll_deg,gyro_roll_rad_s,roll_offset_deg,roll_rad,rolldot_rad_s,vel_roll_raw_rad_s,roll_f_rad,rolldot_f_rad_s,vel_roll_f_rad_s,tau_fb_roll_nm,denom_roll,tau_ff_roll_g_nm,tau_ff_roll_f_nm,tau_ff_roll_nm,tau_roll_total_nm,tau_motor1_raw_nm,tau_motor1_sat_nm,tau_motor1_ramped_nm,tau_motor1_final_nm,tau_motor2_raw_nm,tau_motor2_sat_nm,tau_motor2_ramped_nm,tau_motor2_final_nm,ramp_scale
50,1583.252921328,-0.9374050437701688,0.00598522974178195,-0.9916961246699498,0.0009475581161677848,0.00598522974178195,0.009334232658147812,0.0009475581161677848,0.00598522974178195,0.009334232658147812,0.0,165.7716087564747,-9.97123977432271e-05,-0.05956804821667551,-0.05966776061441874,0.05966776061441874,0.05966776061441874,0.05966776061441874,0.0019799158600755035,0.0019799158600755035,0.0571614258442599,0.0571614258442599,0.0018967498100847314,0.0018967498100847314,0.033182338999949934
100,1583.35327115,-0.900800779347601,9.655044414103031e-05,-0.9916961246699498,0.0015864230506122123,9.655044414103031e-05,0.01751204952597618,0.0015864230506122123,9.655044414103031e-05,0.01751204952597618,0.0,165.7714753844046,-0.0001669408219942083,-0.0009655032413559501,-0.0011324440633501585,0.0011324440633501585,0.0011324440633501585,0.0011324440633501585,7.543910586863377e-05,7.543910586863377e-05,-0.0019556081746490974,-0.0019556081746490974,-0.00013027516051298505,-0.00013027516051298505,0.06661618733331427
150,1583.452926518,-0.8903521373822154,-0.007984613068401814,-0.9916961246699498,0.001768786255270242,-0.007984613068401814,0.029276849702000618,0.001768786255270242,-0.007984613068401814,0.029276849702000618,0.0,165.77142497527367,-0.00018613111487039688,0.07917424830432164,0.07898811718945124,-0.07898811718945124,-0.07898811718945124,-0.07898811718945124,-0.007886902180259121,-0.007886902180259121,0.02441491234674636,0.02441491234674636,0.0024378100437125634,0.0024378100437125634,0.09984922366667585
200,1583.5529669,-0.9583108654374026,-0.008710218593478203,-0.9916961246699498,0.0005826826952397834,-0.008710218593478203,0.011117000132799149,0.0005826826952397834,-0.008710218593478203,0.011117000132799149,0.0,165.77165475637878,-6.131621581714984e-05,0.08623165030785401,0.08617033409203687,-0.08617033409203687,-0.08617033409203687,-0.08617033409203687,-0.011477635217723816,-0.011477635217723816,0.06702501664454152,0.06702501664454152,0.008927535208187221,0.008927535208187221,0.1331970606666649
250,1583.653179742,-1.0127152431672581,-0.008611185476183891,-0.9916961246699498,-0.00036685282364487537,-0.008611185476183891,-0.00325997406616807,-0.00036685282364487537,-0.008611185476183891,-0.00325997406616807,0.0,165.7716716403783,3.860424476096652e-05,0.08527044805769966,0.08530905230246064,-0.08530905230246064,-0.08530905230246064,-0.08530905230246064,-0.01421237610280057,-0.01421237610280057,0.09157334828598129,0.09157334828598129,0.015255999588634214,0.015255999588634214,0.16659868699995664
300,1583.752909387,-1.0453268351331304,-0.00513334758579731,-0.9916961246699498,-0.0009360324777662743,-0.00513334758579731,-0.013093985617160797,-0.0009360324777662743,-0.00513334758579731,-0.013093985617160797,0.0,165.77161054503682,9.849954368158165e-05,0.051153872844096934,0.051252372387778515,-0.051252372387778515,-0.051252372387778515,-0.051252372387778515,-0.010242564886851489,-0.010242564886851489,0.08963123292409175,0.08963123292409175,0.017912414125290824,0.017912414125290824,0.1998456736666867
350,1583.852972565,-1.0629037933536294,-0.005964616313576698,-0.9916961246699498,-0.0012428082711994672,-0.005964616313576698,0.012252895161509514,-0.0012428082711994672,-0.005964616313576698,0.012252895161509514,0.0,165.77155547706636,0.0001307818665834375,0.059364829713114325,0.059495611579697766,-0.059495611579697766,-0.059495611579697766,-0.059495611579697766,-0.01387438385901675,-0.01387438385901675,0.037932812294061966,0.037932812294061966,0.008845936442133117,0.008845936442133117,0.23320012166664128
400,1583.953232425,-1.0850252819714197,0.0014687845250591636,-0.9916961246699498,-0.001628901083022355,0.0014687845250591636,-0.022324154153466225,-0.001628901083022355,0.0014687845250591636,-0.022324154153466225,0.0,165.7714641320983,0.0001714108338946469,-0.014683621841784728,-0.014512211007890082,0.014512211007890082,0.014512211007890082,0.014512211007890082,0.0038677319834043798,0.0038677319834043798,0.05874627086126203,0.05874627086126203,0.01565680312891719,0.01565680312891719,0.2665156936666335
450,1584.16825251,-1.0738663536932056,-0.005592198111116886,-0.9916961246699498,-0.0014341410435736168,-0.005592198111116886,-0.023877782747149467,-0.0014341410435736168,-0.005592198111116886,-0.023877782747149467,0.0,165.77151328002867,0.00015091601713728109,0.05568996460594339,0.055840880623080666,-0.055840880623080666,-0.055840880623080666,-0.055840880623080666,-0.018883710935352658,-0.018883710935352658,0.020602260795377973,0.020602260795377973,0.006967066656786602,0.006967066656786602,0.3381700060000033
500,1584.347662213,-1.136671330493648,-0.004778652917593718,-0.9916961246699498,-0.0025302946753799904,-0.004778652917593718,-0.003645450808107853,-0.0025302946753799904,-0.004778652917593718,-0.003645450808107853,0.0,165.77115526184687,0.00026626568177737063,0.04764156142989705,0.04790782711167442,-0.04790782711167442,-0.04790782711167442,-0.04790782711167442,-0.0190680535778173,-0.0190680535778173,0.0003372248433120423,0.0003372248433120423,0.00013422068517230073,0.00013422068517230073,0.3980154126666851
550,1584.510430266,-1.1616630993884303,-0.002543545328080654,-0.9916961246699498,-0.0029664833284914482,-0.002543545328080654,-0.018442537635564804,-0.0029664833284914482,-0.002543545328080654,-0.018442537635564804,0.0,165.77095773115153,0.00031216653901720224,0.02541353493049526,0.02572570146951246,-0.02572570146951246,-0.02572570146951246,-0.02572570146951246,-0.011634980745774693,-0.011634980745774693,0.033854566824277496,0.033854566824277496,0.015311428285981596,0.015311428285981596,0.45227068966664774
600,1584.672867415,-1.1866978771306427,-0.0024633361026644707,-0.9916961246699498,-0.003403422627598046,-0.0024633361026644707,-0.02906820923089981,-0.003403422627598046,-0.0024633361026644707,-0.02906820923089981,0.0,165.77072843013934,0.0003581465060093749,0.02461345024487984,0.024971596750889214,-0.024971596750889214,-0.024971596750889214,-0.024971596750889214,-0.012647788607488504,-0.012647788607488504,0.05233255585449724,0.05233255585449724,0.0265057581355384,0.0265057581355384,0.5064869793333552
650,1584.729528315,-1.1933025633363392,-0.002594343386590481,-0.9916961246699498,-0.0035186961479485024,-0.002594343386590481,-0.042517706751823425,-0.0035186961479485024,-0.002594343386590481,-0.042517706751823425,0.0,165.77066269155958,0.0003702769832448779,0.02592017686664834,0.026290453849893217,-0.026290453849893217,-0.026290453849893217,-0.026290453849893217,-0.013813009509264597,-0.013813009509264597,0.061199382668552946,0.061199382668552946,0.032154167424739165,0.032154167424739165,0.5254001923333362
700,1584.855832664,-1.202795992674128,-0.004611811134964228,-0.9916961246699498,-0.003684387747198342,-0.004611811134964228,0.016331220045685768,-0.003684387747198342,-0.004611811134964228,0.016331220045685768,0.0,165.77056436505404,0.0003877130791080452,0.045987771283162386,0.04637548436227043,-0.04637548436227043,-0.04637548436227043,-0.04637548436227043,-0.026310460726222194,-0.026310460726222194,0.05936591848360028,0.05936591848360028,0.033680395756893064,0.033680395756893064,0.5673355456666135
750,1585.05317989,-1.228605463278608,-0.006786192301660776,-0.9916961246699498,-0.004134847987443211,-0.006786192301660776,-0.004998086951673031,-0.004134847987443211,-0.006786192301660776,-0.004998086951673031,0.0,165.77027418186992,0.0004351161224204835,0.06744827667790473,0.06788339280032522,-0.06788339280032522,-0.06788339280032522,-0.06788339280032522,-0.0429828371924125,-0.0429828371924125,0.011713666992354217,0.011713666992354217,0.007416933958199056,0.007416933958199056,0.6331863423332985
800,1585.215847481,-1.2714494256730997,-0.006613502744585276,-0.9916961246699498,-0.0048826161958277214,-0.006613502744585276,-0.0010092463344335556,-0.0048826161958277214,-0.006613502744585276,-0.0010092463344335556,0.0,165.76971865825814,0.0005138060129053069,0.06575202201615583,0.06626582802906114,-0.06626582802906114,-0.06626582802906114,-0.06626582802906114,-0.04555187439660402,-0.04555187439660402,0.026622946876059997,0.026622946876059997,0.018300912676046256,0.018300912676046256,0.6874112306666879
850,1585.401097403,-1.3028442834713576,-0.0028388435021042824,-0.9916961246699498,-0.005430559832602742,-0.0028388435021042824,0.04121365398168564,-0.005430559832602742,-0.0028388435021042824,0.04121365398168564,0.0,165.76925309470982,0.0005714681211833558,0.028357969861133012,0.02892943798231637,-0.02892943798231637,-0.02892943798231637,-0.02892943798231637,-0.02167287797040451,-0.02167287797040451,-0.015412553067427337,-0.015412553067427337,-0.011546521645077266,-0.011546521645077266,0.7491634639999726
900,1585.540600782,-1.3104093583073813,-0.0034070597030222416,-0.9916961246699498,-0.005562595296651124,-0.0034070597030222416,-0.006277897395193577,-0.005562595296651124,-0.0034070597030222416,-0.006277897395193577,0.0,165.7691335133888,0.000585362744392963,0.034017962333614635,0.0346033250780076,-0.0346033250780076,-0.0346033250780076,-0.0346033250780076,-0.027535845939847835,-0.027535845939847835,0.049110835582301074,0.049110835582301074,0.0390803022404026,0.0390803022404026,0.7957572249999885
950,1585.641577818,-1.329674120304814,-0.004771826788783073,-0.9916961246699498,-0.005898828823119401,-0.004771826788783073,-0.037215232849121094,-0.005898828823119401,-0.004771826788783073,-0.037215232849121094,0.0,165.7688160235713,0.0006207460438810159,0.047573918997897785,0.0481946650417788,-0.0481946650417788,-0.0481946650417788,-0.0481946650417788,-0.03996541549552077,-0.03996541549552077,0.0447973014479182,0.0447973014479182,0.03714815247480483,0.03714815247480483,0.8292497823332875
1000,1585.851129661,-1.3807407766863546,-0.00900766346603632,-0.9916961246699498,-0.0067901101149618615,-0.00900766346603632,-0.009992145001888275,-0.0067901101149618615,-0.00900766346603632,-0.009992145001888275,0.0,165.76788429427432,0.0007145401000422569,0.08911463639382479,0.08982917649386704,-0.08982917649386704,-0.08982917649386704,-0.08982917649386704,-0.08076597273043808,-0.08076597273043808,0.04325657080637225,0.04325657080637225,0.038892252545566296,0.038892252545566296,0.899106235666674
1050,1586.056391337,-1.4629537360133884,-0.003739109728485346,-0.9916961246699498,-0.008224996943026783,-0.003739109728485346,0.01465857494622469,-0.008224996943026783,-0.003739109728485346,0.01465857494622469,0.0,165.76610930985066,0.0008655429537385971,0.03732155115250211,0.03818709410624071,-0.03818709410624071,-0.03818709410624071,-0.03818709410624071,-0.03694820192285921,-0.03694820192285921,0.040354530120994485,0.040354530120994485,0.03904532047566662,0.03904532047566662,0.9675573066666251
1100,1586.292513699,-1.5843117901342343,-0.002231643768027425,-0.9916961246699498,-0.010343094561249017,-0.002231643768027425,0.0026249366346746683,-0.010343094561249017,-0.002231643768027425,0.0026249366346746683,0.0,165.7628692017441,0.0010884513375286188,0.022301630668326654,0.023390082005855274,-0.023390082005855274,-0.023390082005855274,-0.023390082005855274,-0.023390082005855274,-0.023390082005855274,0.06922822736355454,0.06922822736355454,0.06922822736355454,0.06922822736355454,1.0
1150,1586.491148167,-1.6112422655362426,-0.0013904687948524952,-0.9916961246699498,-0.010813120026141404,-0.0013904687948524952,-0.0007616017246618867,-0.010813120026141404,-0.0013904687948524952,-0.0007616017246618867,0.0,165.76204997555206,0.0011379180134797298,0.013901104607418408,0.015039022620898138,-0.015039022620898138,-0.015039022620898138,-0.015039022620898138,-0.015039022620898138,-0.015039022620898138,0.06570407488120418,0.06570407488120418,0.06570407488120418,0.06570407488120418,1.0
1200,1586.635371428,-1.6363855792532347,0.004041304346174002,-0.9916961246699498,-0.01125195363536477,0.004041304346174002,0.1587364226579666,-0.01125195363536477,0.004041304346174002,0.1587364226579666,0.0,165.7612522582147,0.0011841024285273118,-0.04032526862054839,-0.03914116619202108,0.03914116619202108,0.03914116619202108,0.03914116619202108,0.03914116619202108,0.03914116619202108,0.040842734172524556,0.040842734172524556,0.040842734172524556,0.040842734172524556,1.0
1250,1586.839513304,-1.5610445372831745,0.01642295904457569,-0.9916961246699498,-0.009937004391103985,0.01642295904457569,1.9643182754516602,-0.009937004391103985,0.01642295904457569,1.9643182754516602,0.0,165.76354768273217,0.0010457137592654053,-0.15856780181077795,-0.15752208805151255,0.15752208805151255,0.15752208805151255,0.15752208805151255,0.15752208805151255,0.15752208805151255,0.06778229687959678,0.06778229687959678,0.06778229687959678,0.06778229687959678,1.0
1300,1587.014570047,-1.4023570447489757,0.01660124957561493,-0.9916961246699498,-0.007167385164648293,0.01660124957561493,0.07501817494630814,-0.007167385164648293,0.01660124957561493,0.07501817494630814,0.0,165.76745046922173,0.000754242999622584,-0.16016957329055895,-0.15941533029093635,0.15941533029093635,0.15941533029093635,0.15941533029093635,0.15941533029093635,0.15941533029093635,0.14771750216319807,0.14771750216319807,0.14771750216319807,0.14771750216319807,1.0
1350,1587.186633181,-1.3073569040786204,-3.988330718129873e-06,-0.9916961246699498,-0.00550931992009282,-3.988330718129873e-06,0.0109384935349226,-0.00550931992009282,-3.988330718129873e-06,0.0109384935349226,0.0,165.76918210929023,0.000579756359723737,3.988330709671006e-05,0.000619639666820447,-0.000619639666820447,-0.000619639666820447,-0.000619639666820447,-0.000619639666820447,-0.000619639666820447,0.1513503991870639,0.1513503991870639,0.1513503991870639,0.1513503991870639,1.0
1400,1587.306094954,-1.322500714129008,-0.0014717892045155168,-0.9916961246699498,-0.005773629266768693,-0.0014717892045155168,0.05691021680831909,-0.005773629266768693,-0.0014717892045155168,0.05691021680831909,0.0,165.76893642045022,0.0006075707404929418,0.014713642669924556,0.015321213410417497,-0.015321213410417497,-0.015321213410417497,-0.015321213410417497,-0.015321213410417497,-0.015321213410417497,0.1262900929505514,0.1262900929505514,0.1262900929505514,0.1262900929505514,1.0
1450,1587.433334829,-1.3529323018108825,-0.0056935641914606094,-0.9916961246699498,-0.0063047606684267544,-0.0056935641914606094,-0.02126595377922058,-0.0063047606684267544,-0.0056935641914606094,-0.02126595377922058,0.0,165.7684079010165,0.0006634641831552424,0.05669082308383703,0.05735428726699227,-0.05735428726699227,-0.05735428726699227,-0.05735428726699227,-0.05735428726699227,-0.05735428726699227,0.14932874840429705,0.14932874840429705,0.14932874840429705,0.14932874840429705,1.0
1500,1587.606049454,-1.4024412481748372,0.0009364778525196016,-0.9916961246699498,-0.0071688547916710366,0.0009364778525196016,-0.07504664361476898,-0.0071688547916710366,0.0009364778525196016,-0.07504664361476898,0.0,165.76744873345544,0.0007543976576323632,-0.009363683635587264,-0.0086092859779549,0.0086092859779549,0.0086092859779549,0.0086092859779549,0.0086092859779549,0.0086092859779549,0.09426851079790265,0.09426851079790265,0.09426851079790265,0.09426851079790265,1.0
1550,1587.766502483,-1.3712143703414794,0.006380031816661358,-0.9916961246699498,-0.006623842958360909,0.006380031816661358,-0.060176145285367966,-0.006623842958360909,0.006380031816661358,-0.060176145285367966,0.0,165.76806803802504,0.0006970428819407791,-0.06345629459604894,-0.06275925171410816,0.06275925171410816,0.06275925171410816,0.06275925171410816,0.06275925171410816,0.06275925171410816,0.2721805953805509,0.2721805953805509,0.2721805953805509,0.2721805953805509,1.0
1600,1587.924714077,-1.3120117847196897,0.00488116592168808,-0.9916961246699498,-0.005590562913566827,0.00488116592168808,-0.05377035215497017,-0.005590562913566827,0.00488116592168808,-0.05377035215497017,0.0,165.76910781513254,0.0005883058918459436,-0.048657184614543124,-0.04806887872269718,0.04806887872269718,0.04806887872269718,0.04806887872269718,0.04806887872269718,0.04806887872269718,0.3825297677857176,0.3825297677857176,0.3825297677857176,0.3825297677857176,1.0
1650,1587.98584551,-1.292996217905257,0.004299032036215067,-0.9916961246699498,-0.005258678663522004,0.004299032036215067,-0.09967168420553207,-0.005258678663522004,0.004299032036215067,-0.09967168420553207,0.0,165.76940445974955,0.0005533804035994003,-0.04288469493391097,-0.04233131453031157,0.04233131453031157,0.04233131453031157,0.04233131453031157,0.04233131453031157,0.04233131453031157,0.3862002887126502,0.3862002887126502,0.3862002887126502,0.3862002887126502,1.0
1700,1588.042926386,-1.2578558551208934,0.0017180045833811164,-0.9916961246699498,-0.0046453636325895775,0.0017180045833811164,-0.48871728777885437,-0.0046453636325895775,0.0017180045833811164,-0.48871728777885437,0.0,165.76990489384838,0.0004888391568347876,-0.017173288013394666,-0.01668444885655988,0.01668444885655988,0.01668444885655988,0.01668444885655988,0.01668444885655988,0.01668444885655988,0.387198743071234,0.387198743071234,0.387198743071234,0.387198743071234,1.0
1750,1588.216561333,-1.1532092461866588,0.0069922832772135735,-0.9916961246699498,-0.0028189357556402707,0.0069922832772135735,-0.7671974301338196,-0.0028189357556402707,0.0069922832772135735,-0.7671974301338196,0.0,165.77102805762965,0.0002966398502809735,-0.0694705480193552,-0.06917390816907423,0.06917390816907423,0.06917390816907423,0.06917390816907423,0.06917390816907423,0.06917390816907423,0.4029703338778871,0.4029703338778871,0.4029703338778871,0.4029703338778871,1.0
1800,1588.397240853,-1.029290724900704,0.02520766109228134,-0.9916961246699498,-0.0006561495549976815,0.02520766109228134,0.0877203717827797,-0.0006561495549976815,0.02520766109228134,0.0877203717827797,0.0,165.7716472581872,6.904720057891734e-05,-0.23268858677637055,-0.23261953957579162,0.23261953957579162,0.23261953957579162,0.23261953957579162,0.23261953957579162,0.23261953957579162,0.44768861935184945,0.44768861935184945,0.44768861935184945,0.44768861935184945,1.0
1850,1588.546231273,-0.8377157647911881,0.021083708852529526,-0.9916961246699498,0.002687464263290168,0.021083708852529526,1.077466607093811,0.002687464263290168,0.021083708852529526,1.077466607093811,0.0,165.77108769951766,-0.0002828048863714313,-0.19916994910065539,-0.1994527539870268,0.1994527539870268,0.1994527539870268,0.1994527539870268,0.1994527539870268,0.1994527539870268,0.14250539128811174,0.14250539128811174,0.14250539128811174,0.14250539128811174,1.0
1900,1588.720417157,-0.7380054616361685,0.009258669801056385,-0.9916961246699498,0.00442773735150695,0.009258669801056385,0.7140132188796997,0.00442773735150695,0.009258669801056385,0.7140132188796997,0.0,165.77006756785977,-0.0004659376860590818,-0.09154277295786264,-0.09200871064392173,0.09200871064392173,0.09200871064392173,0.09200871064392173,0.09200871064392173,0.09200871064392173,0.141676301006201,0.141676301006201,0.141676301006201,0.141676301006201,1.0
1950,1588.883222469,-0.7566191678674813,0.0028613340109586716,-0.9916961246699498,0.004102866891771556,0.0028613340109586716,-0.2791259288787842,0.004102866891771556,0.0028613340109586716,-0.2791259288787842,0.0,165.77029588645303,-0.0004317506672121251,-0.028582145763807416,-0.02901389643101954,0.02901389643101954,0.02901389643101954,0.02901389643101954,0.02901389643101954,0.02901389643101954,0.02667376136902276,0.02667376136902276,0.02667376136902276,0.02667376136902276,1.0
2000,1588.946585873,-0.7326973374340108,0.004959759768098593,-0.9916961246699498,0.004520381595939399,0.004959759768098593,-0.010770740918815136,0.004520381595939399,0.004959759768098593,-0.010770740918815136,0.0,165.7699992709074,-0.00047568691420916856,-0.04943556046716715,-0.04991124738137632,0.04991124738137632,0.04991124738137632,0.04991124738137632,0.04991124738137632,0.04991124738137632,0.09975795765159927,0.09975795765159927,0.09975795765159927,0.09975795765159927,1.0
2050,1589.100297009,-0.6574852152845344,-0.006895034108310938,-0.9916961246699498,0.005833080764859916,-0.006895034108310938,-0.8209558129310608,0.005833080764859916,-0.006895034108310938,-0.8209558129310608,0.0,165.76887957154824,-0.0006138270823623804,0.068516573323401,0.06790274624103862,-0.06790274624103862,-0.06790274624103862,-0.06790274624103862,-0.06790274624103862,-0.06790274624103862,0.3498976776789716,0.3498976776789716,0.3498976776789716,0.3498976776789716,1.0
2100,1589.307709713,-0.7499662968116244,-0.01579556241631508,-0.9916961246699498,0.00421898139640689,-0.01579556241631508,-2.510533571243286,0.00421898139640689,-0.01579556241631508,-2.510533571243286,0.0,165.77021627829126,-0.00044396970760034556,0.15290259284735186,0.1524586231397515,-0.1524586231397515,-0.1524586231397515,-0.1524586231397515,-0.1524586231397515,-0.1524586231397515,0.3440628674140886,0.3440628674140886,0.3440628674140886,0.3440628674140886,1.0
2150,1589.485221553,-0.7620822519864338,0.014405341818928719,-0.9916961246699498,0.004007518086582422,0.014405341818928719,3.1602942943573,0.004007518086582422,0.014405341818928719,3.1602942943573,0.0,165.77035959652792,-0.000421716865648206,-0.14019570792938907,-0.14061742479503728,0.14061742479503728,0.14061742479503728,0.14061742479503728,0.14061742479503728,0.14061742479503728,0.342797213182962,0.342797213182962,0.342797213182962,0.342797213182962,1.0
2200,1589.686886815,-0.9538659063916053,-0.06141490116715431,-0.9916961246699498,0.0006602618657052528,-0.06141490116715431,-5.217411518096924,0.0006602618657052528,-0.06141490116715431,-5.217411518096924,0.0,165.77164681219205,-6.947994281218885e-05,0.42104247083978175,0.42097299089696955,-0.42097299089696955,-0.42097299089696955,-0.42097299089696955,-0.42097299089696955,-0.42097299089696955,0.3668148022638207,0.3668148022638207,0.3668148022638207,0.3668148022638207,1.0
2250,1589.830614435,-1.2822146575786861,0.09038490056991577,-0.9916961246699498,-0.00507050493732095,0.09038490056991577,4.77573299407959,-0.00507050493732095,0.09038490056991577,4.77573299407959,0.0,165.76956459082925,0.0005335781945801018,-0.47379871127452533,-0.4732651330799452,0.4732651330799452,0.4732651330799452,0.4732651330799452,0.4732651330799452,0.4732651330799452,0.008015269767550098,0.008015269767550098,0.008015269767550098,0.008015269767550098,1.0
2300,1589.99855942,-2.3953343218753664,0.03375857695937157,-0.9916961246699498,-0.02449810804799199,0.03375857695937157,0.5603159666061401,-0.02449810804799199,0.03375857695937157,0.5603159666061401,0.0,165.72224073682767,0.002578468488542624,-0.29418571165478186,-0.2916072431662392,0.2916072431662392,0.2916072431662392,0.2916072431662392,0.2916072431662392,0.2916072431662392,-0.034700612529321606,-0.034700612529321606,-0.034700612529321606,-0.034700612529321606,1.0
2350,1590.193309014,-3.439550717659841,-0.03037019446492195,-0.9916961246699498,-0.04272312225773931,-0.03037019446492195,-4.092240333557129,-0.04272312225773931,-0.03037019446492195,-4.092240333557129,0.0,165.62132959237067,0.004498504020993689,0.27114852438330234,0.275647028404296,-0.275647028404296,-0.275647028404296,-0.275647028404296,-0.275647028404296,-0.275647028404296,-0.20374133329950572,-0.20374133329950572,-0.20374133329950572,-0.20374133329950572,1.0
2400,1590.330157243,-4.093594478098041,-0.04775625094771385,-0.9916961246699498,-0.054138339329510926,-0.04775625094771385,-3.5739903450012207,-0.054138339329510926,-0.04775625094771385,-3.5739903450012207,0.0,165.53027211240183,0.005702546708359532,0.3710472357047504,0.3767497824131099,-0.3767497824131099,-0.3767497824131099,-0.3767497824131099,-0.3767497824131099,-0.3767497824131099,-0.27017640523753683,-0.27017640523753683,-0.27017640523753683,-0.27017640523753683,1.0
2450,1590.388045145,-4.25251419706402,-0.030001604929566383,-0.9916961246699498,-0.05691201167181134,-0.030001604929566383,-3.093649387359619,-0.05691201167181134,-0.030001604929566383,-3.093649387359619,0.0,165.50490889452442,0.0059953164048932965,0.2685362036240471,0.27453152002894043,-0.27453152002894043,-0.27453152002894043,-0.27453152002894043,-0.27453152002894043,-0.27453152002894043,-0.26947762394708497,-0.26947762394708497,-0.26947762394708497,-0.26947762394708497,1.0
2500,1590.51819113,-4.679216178195404,-0.006750172004103661,-0.9916961246699498,-0.0643593661673367,-0.006750172004103661,-0.009573861956596375,-0.0643593661673367,-0.006750172004103661,-0.009573861956596375,0.0,165.43054780295563,0.006781873938877117,0.06709459403494202,0.07387646797381914,-0.07387646797381914,-0.07387646797381914,-0.07387646797381914,-0.07387646797381914,-0.07387646797381914,-0.2749297583982129,-0.2749297583982129,-0.2749297583982129,-0.2749297583982129,1.0
2550,1590.675973823,-4.949219105614708,-0.07393217086791992,-0.9916961246699498,-0.06907180624082684,-0.07393217086791992,-2.7230770587921143,-0.06907180624082684,-0.07393217086791992,-2.7230770587921143,0.0,165.37878317437782,0.007279962741946756,0.4506067568066386,0.45788671954858534,-0.45788671954858534,-0.45788671954858534,-0.45788671954858534,-0.45788671954858534,-0.45788671954858534,-0.3876318528345037,-0.3876318528345037,-0.3876318528345037,-0.3876318528345037,1.0
2600,1590.844205064,-5.565682951796086,-0.024518873542547226,-0.9916961246699498,-0.07983113007619977,-0.024518873542547226,-0.3996109366416931,-0.07983113007619977,-0.024518873542547226,-0.3996109366416931,0.0,165.24691577655508,0.008418428813922338,0.22725798759044036,0.2356764164043627,-0.2356764164043627,-0.2356764164043627,-0.2356764164043627,-0.2356764164043627,-0.2356764164043627,-0.12616101665461288,-0.12616101665461288,-0.12616101665461288,-0.12616101665461288,1.0
2650,1591.011019897,-6.007133872666467,-0.030978739261627197,-0.9916961246699498,-0.08753590213134886,-0.030978739261627197,-1.11323881149292,-0.08753590213134886,-0.030978739261627197,-1.11323881149292,0.0,165.1408014042301,0.009234865414737396,0.27541595000976477,0.28465081542450216,-0.28465081542450216,-0.28465081542450216,-0.28465081542450216,-0.28465081542450216,-0.28465081542450216,-0.24201654999308697,-0.24201654999308697,-0.24201654999308697,-0.24201654999308697,1.0
2700,1591.162669246,-6.367527950448543,-0.08989293873310089,-0.9916961246699498,-0.09382596539333463,-0.08989293873310089,-3.0589864253997803,-0.09382596539333463,-0.08989293873310089,-3.0589864253997803,0.0,165.0469463874344,0.0099021996166499,0.47329191045806457,0.48319411007471447,-0.48319411007471447,-0.48319411007471447,-0.48319411007471447,-0.48319411007471447,-0.48319411007471447,-0.2721256329504623,-0.2721256329504623,-0.2721256329504623,-0.2721256329504623,1.0
2750,1591.325755888,-7.625336741297187,-0.05690686032176018,-0.9916961246699498,-0.11577887015417218,-0.05690686032176018,-1.7381510734558105,-0.11577887015417218,-0.05690686032176018,-1.7381510734558105,0.0,164.66855447593966,0.012237746512667683,0.40689294177781005,0.4191306882904777,-0.4191306882904777,-0.4191306882904777,-0.4191306882904777,-0.4191306882904777,-0.4191306882904777,0.024179205526533576,0.024179205526533576,0.024179205526533576,0.024179205526533576,1.0
2800,1591.493034104,-8.082833910962043,0.005902538541704416,-0.9916961246699498,-0.12376370208337903,0.005902538541704416,-0.704649806022644,-0.12376370208337903,0.005902538541704416,-0.704649806022644,0.0,164.51135138490392,0.013090060743946919,-0.058752713014270194,-0.045662652270323276,0.045662652270323276,0.045662652270323276,0.045662652270323276,0.045662652270323276,0.045662652270323276,0.06849020458181408,0.06849020458181408,0.06849020458181408,0.06849020458181408,1.0
2850,1591.567503732,-8.059905819691956,0.010128604248166084,-0.9916961246699498,-0.12336353139951825,0.010128604248166084,2.71842360496521,-0.12336353139951825,0.010128604248166084,2.71842360496521,0.0,164.5194780574343,0.013047306822286843,-0.09992297236498521,-0.08687566554269836,0.08687566554269836,0.08687566554269836,0.08687566554269836,0.08687566554269836,0.08687566554269836,0.13326101314369382,0.13326101314369382,0.13326101314369382,0.13326101314369382,1.0
2900,1591.62410991,-8.038313884178253,-0.020108619704842567,-0.9916961246699498,-0.12298668103292584,-0.020108619704842567,-2.150381088256836,-0.12298668103292584,-0.020108619704842567,-2.150381088256836,0.0,164.52710719967746,0.013007048268979235,0.19090310550523124,0.20391015377421046,-0.20391015377421046,-0.20391015377421046,-0.20391015377421046,-0.20391015377421046,-0.20391015377421046,0.08855359078776333,0.08855359078776333,0.08855359078776333,0.08855359078776333,1.0
2950,1591.781054652,-7.974562606012646,-0.03765878453850746,-0.9916961246699498,-0.12187401132658124,-0.03765878453850746,4.354684829711914,-0.12187401132658124,-0.03765878453850746,4.354684829711914,0.0,164.5494971123537,0.012888204501727786,0.3185198521800561,0.33140805668178386,-0.33140805668178386,-0.33140805668178386,-0.33140805668178386,-0.33140805668178386,-0.33140805668178386,0.20190964178576432,0.20190964178576432,0.20190964178576432,0.20190964178576432,1.0
3000,1591.950216343,-8.567966026008769,-0.1330580860376358,-0.9916961246699498,-0.13223085479810834,-0.1330580860376358,-4.4339447021484375,-0.13223085479810834,-0.1330580860376358,-4.4339447021484375,0.0,164.33326410660996,0.013995695977363866,0.4951423134115332,0.5091380093888971,-0.5091380093888971,-0.5091380093888971,-0.5091380093888971,-0.5091380093888971,-0.5091380093888971,-0.18074257835176882,-0.18074257835176882,-0.18074257835176882,-0.18074257835176882,1.0
3050,1592.108892025,-9.047228447237517,-0.14983950555324554,-0.9916961246699498,-0.14059556202962997,-0.14983950555324554,-7.190872669219971,-0.14059556202962997,-0.14983950555324554,-7.190872669219971,0.0,164.14583341390045,0.014892360293303732,0.49751149171882686,0.5124038520121306,-0.5124038520121306,-0.5124038520121306,-0.5124038520121306,-0.5124038520121306,-0.5124038520121306,-0.07353197630423391,-0.07353197630423391,-0.07353197630423391,-0.07353197630423391,1.0
3100,1592.281369765,-10.233176390941633,-0.21606700122356415,-0.9916961246699498,-0.16129425840452313,-0.21606700122356415,-3.4563403129577637,-0.16129425840452313,-0.21606700122356415,-3.4563403129577637,0.0,163.63298873969646,0.017120515667416403,0.499823617644844,0.5169441333122604,-0.5169441333122604,-0.5169441333122604,-0.5169441333122604,-0.5169441333122604,-0.5169441333122604,-0.36308147118142053,-0.36308147118142053,-0.36308147118142053,-0.36308147118142053,1.0
3150,1592.442852021,-12.713661187095667,-0.2766192555427551,-0.9916961246699498,-0.2045868851430714,-0.2766192555427551,-2.966444969177246,-0.2045868851430714,-0.2766192555427551,-2.966444969177246,0.0,162.33536888756836,0.021831536252446066,0.49998434602807107,0.5218158822805171,-0.5218158822805171,-0.5218158822805171,-0.5218158822805171,-0.5218158822805171,-0.5218158822805171,-0.38140888229923664,-0.38140888229923664,-0.38140888229923664,-0.38140888229923664,1.0
3200,1592.638904543,-15.759445736132161,-0.27096477150917053,-0.9916961246699498,-0.25774585383012893,-0.27096477150917053,-2.537055492401123,-0.25774585383012893,-0.27096477150917053,-2.537055492401123,0.0,160.3287829599285,0.027734123431817633,0.4999803731197004,0.527714496551518,-0.527714496551518,-0.527714496551518,-0.527714496551518,-0.527714496551518,-0.527714496551518,-0.39130848941013374,-0.39130848941013374,-0.39130848941013374,-0.39130848941013374,1.0
3250,1592.812918263,-18.02999869173033,-0.07083454728126526,-0.9916961246699498,-0.2973744787462056,-0.07083454728126526,-2.27539324760437,-0.2973744787462056,-0.07083454728126526,-2.27539324760437,0.0,158.53970364389113,0.032240317260458284,0.4444532873076376,0.4766936045680959,-0.4766936045680959,-0.4766936045680959,-0.4766936045680959,-0.4766936045680959,-0.4766936045680959,-0.3449662294698742,-0.3449662294698742,-0.3449662294698742,-0.3449662294698742,1.0
3300,1592.996321359,-18.68100792718634,0.01119594369083643,-0.9916961246699498,-0.308736733365804,0.01119594369083643,0.13187147676944733,-0.308736733365804,0.01119594369083643,0.13187147676944733,0.0,157.98097773238047,0.03355178265600614,-0.11012501625956256,-0.07657323360355642,0.07657323360355642,0.07657323360355642,0.07657323360355642,0.07657323360355642,0.07657323360355642,0.1362501063880685,0.1362501063880685,0.1362501063880685,0.1362501063880685,1.0
3350,1593.160249249,-18.950445229565002,-0.0326211079955101,-0.9916961246699498,-0.3134393014200032,-0.0326211079955101,-7.074386119842529,-0.3134393014200032,-0.0326211079955101,-7.074386119842529,0.0,157.74380052571613,0.034097307454570916,0.28664914519256907,0.32074645264713997,-0.32074645264713997,-0.32074645264713997,-0.32074645264713997,-0.32074645264713997,-0.32074645264713997,0.04549212627411292,0.04549212627411292,0.04549212627411292,0.04549212627411292,1.0
3400,1593.305523997,-18.97296777835312,-0.02240743115544319,-0.9916961246699498,-0.3138323940522969,-0.02240743115544319,0.054104458540678024,-0.3138323940522969,-0.02240743115544319,0.054104458540678024,0.0,157.72381757544787,0.034142982749483554,0.21018799164307359,0.24433097439255713,-0.24433097439255713,-0.24433097439255713,-0.24433097439255713,-0.24433097439255713,-0.24433097439255713,0.14790550118103998,0.14790550118103998,0.14790550118103998,0.14790550118103998,1.0
3450,1593.426190755,-18.922417548305855,0.08384066820144653,-0.9916961246699498,-0.31295012610033157,0.08384066820144653,7.701386451721191,-0.31295012610033157,0.08384066820144653,7.701386451721191,0.0,157.76863403610687,0.034040483957370415,-0.46622339715036343,-0.432182913192993,0.432182913192993,0.432182913192993,0.432182913192993,0.432182913192993,0.432182913192993,-0.2679198302218592,-0.2679198302218592,-0.2679198302218592,-0.2679198302218592,1.0
3500,1593.590190497,-19.43425655678098,0.05586323142051697,-0.9916961246699498,-0.32188340203836563,0.05586323142051697,3.2947933673858643,-0.32188340203836563,0.05586323142051697,3.2947933673858643,0.0,157.30921993932475,0.035081034374237575,-0.4033076807824324,-0.3682266464081948,0.3682266464081948,0.3682266464081948,0.3682266464081948,0.3682266464081948,0.3682266464081948,-0.32983546254904206,-0.32983546254904206,-0.32983546254904206,-0.32983546254904206,1.0
3550,1593.7677608,-19.957338056629943,-0.0038518591318279505,-0.9916961246699498,-0.3310128964670003,-0.0038518591318279505,1.9583231210708618,-0.3310128964670003,-0.0038518591318279505,1.9583231210708618,0.0,156.8268272229341,0.03615080747017516,0.03844257265869692,0.07459338012887208,-0.07459338012887208,-0.07459338012887208,-0.07459338012887208,-0.07459338012887208,-0.07459338012887208,-0.388133945767862,-0.388133945767862,-0.388133945767862,-0.388133945767862,1.0
3600,1593.929303092,-20.231857019751097,0.10686701536178589,-0.9916961246699498,-0.3358041562326253,0.10686701536178589,6.301901817321777,-0.3358041562326253,0.10686701536178589,6.301901817321777,0.0,156.56846296358617,0.036714890446676654,-0.48627451783720066,-0.449559627390524,0.449559627390524,0.449559627390524,0.449559627390524,0.449559627390524,0.449559627390524,0.21420289922296948,0.21420289922296948,0.21420289922296948,0.21420289922296948,1.0
3650,1594.041109004,-20.13047993699518,0.012395686469972134,-0.9916961246699498,-0.3340347923524678,0.012395686469972134,-0.19867002964019775,-0.3340347923524678,0.012395686469972134,-0.19867002964019775,0.0,156.66429049283886,0.036506364114938475,-0.12147826866345009,-0.08497190454851161,0.08497190454851161,0.08497190454851161,0.08497190454851161,0.08497190454851161,0.08497190454851161,0.31315011305480134,0.31315011305480134,0.31315011305480134,0.31315011305480134,1.0
3700,1594.120774174,-19.745976145216606,0.10370718687772751,-0.9916961246699498,-0.32732393519952896,0.10370718687772751,7.772581577301025,-0.32732393519952896,0.10370718687772751,7.772581577301025,0.0,157.02331398362804,0.035717753715436645,-0.4844540562150472,-0.4487363024996106,0.4487363024996106,0.4487363024996106,0.4487363024996106,0.4487363024996106,0.4487363024996106,0.13205449034013864,0.13205449034013864,0.13205449034013864,0.13205449034013864,1.0
3750,1594.327119634,-19.04571270810834,0.12586259841918945,-0.9916961246699498,-0.3151020325906575,0.12586259841918945,5.404932498931885,-0.3151020325906575,0.12586259841918945,5.404932498931885,0.0,157.6591098100147,0.03429058704780713,-0.4935326721913026,-0.45924208514349546,0.45924208514349546,0.45924208514349546,0.45924208514349546,0.45924208514349546,0.45924208514349546,0.4571676774168707,0.4571676774168707,0.4571676774168707,0.4571676774168707,1.0
3800,1594.547021563,-17.183652876201123,0.16704894602298737,-0.9916961246699498,-0.2826029576547444,0.16704894602298737,6.164132595062256,-0.2826029576547444,0.16704894602298737,6.164132595062256,0.0,159.2356582418955,0.030548764331254197,-0.498748247084893,-0.4681994827536388,0.4681994827536388,0.4681994827536388,0.4681994827536388,0.4681994827536388,0.4681994827536388,0.4827167940418584,0.4827167940418584,0.4827167940418584,0.4827167940418584,1.0
3850,1594.762180962,-14.863867917065503,0.10332487523555756,-0.9916961246699498,-0.2421150721795857,0.10332487523555756,8.20724105834961,-0.2421150721795857,0.10332487523555756,8.20724105834961,0.0,160.96579436718744,0.025983065734935383,-0.48421827403410095,-0.4582352082991656,0.4582352082991656,0.4582352082991656,0.4582352082991656,0.4582352082991656,0.4582352082991656,0.2968638376219962,0.2968638376219962,0.2968638376219962,0.2968638376219962,1.0
3900,1594.957890915,-13.058686485471569,0.04792694002389908,-0.9916961246699498,-0.21060871260240674,0.04792694002389908,9.089279174804688,-0.21060871260240674,0.04792694002389908,9.089279174804688,0.0,162.1308614884033,0.022493073747503155,-0.3718121936708184,-0.34931911992331527,0.34931911992331527,0.34931911992331527,0.34931911992331527,0.34931911992331527,0.34931911992331527,0.31755737572793563,0.31755737572793563,0.31755737572793563,0.31755737572793563,1.0
3950,1595.03907662,-12.609256622990145,0.034358177334070206,-0.9916961246699498,-0.20276468174532056,0.034358177334070206,6.196404457092285,-0.20276468174532056,0.034358177334070206,6.196404457092285,0.0,162.39610009309376,0.021631680075353845,-0.2980783610625427,-0.2764466809871889,0.2764466809871889,0.2764466809871889,0.2764466809871889,0.2764466809871889,0.2764466809871889,0.160948808979117,0.160948808979117,0.160948808979117,0.160948808979117,1.0
4000,1595.254121206,-11.096469613348932,0.05568164587020874,-0.9916961246699498,-0.1763615675456822,0.05568164587020874,4.747723579406738,-0.1763615675456822,0.05568164587020874,4.747723579406738,0.0,163.21583768135923,0.018751736638079882,-0.4026714112469789,-0.38391967460889903,0.38391967460889903,0.38391967460889903,0.38391967460889903,0.38391967460889903,0.38391967460889903,0.38119402106875455,0.38119402106875455,0.38119402106875455,0.38119402106875455,1.0
4050,1595.411113114,-10.288179904327745,0.07500176876783371,-0.9916961246699498,-0.16225425081327557,0.07500176876783371,5.3747735023498535,-0.16225425081327557,0.07500176876783371,5.3747735023498535,0.0,163.60751082978348,0.01722420242433665,-0.45257732300099307,-0.4353531205766564,0.4353531205766564,0.4353531205766564,0.4353531205766564,0.4353531205766564,0.4353531205766564,0.3474911468742827,0.3474911468742827,0.3474911468742827,0.3474911468742827,1.0
4100,1595.578319443,-9.194952632380199,0.10762938857078552,-0.9916961246699498,-0.14317383544519544,0.10762938857078552,6.656011581420898,-0.14317383544519544,0.10762938857078552,6.656011581420898,0.0,164.08575909427373,0.015169159778373267,-0.48668126735644174,-0.4715121075780685,0.4715121075780685,0.4715121075780685,0.4715121075780685,0.4715121075780685,0.4715121075780685,0.30296213042136855,0.30296213042136855,0.30296213042136855,0.30296213042136855,1.0
4150,1595.748200848,-7.904660742499443,0.06680889427661896,-0.9916961246699498,-0.12065399365499616,0.06680889427661896,6.551260471343994,-0.12065399365499616,0.06680889427661896,6.551260471343994,0.0,164.57381442997755,0.012757931821801443,-0.43537557942729355,-0.4226176476054921,0.4226176476054921,0.4226176476054921,0.4226176476054921,0.4226176476054921,0.4226176476054921,0.29551756666314305,0.29551756666314305,0.29551756666314305,0.29551756666314305,1.0
4200,1595.90546516,-7.146464067737953,0.12225961685180664,-0.9916961246699498,-0.10742096530273557,0.12225961685180664,7.070272445678711,-0.10742096530273557,0.12225961685180664,7.070272445678711,0.0,164.82192459181877,0.011347286740733584,-0.49253757671615894,-0.48119028997542534,0.48119028997542534,0.48119028997542534,0.48119028997542534,0.48119028997542534,0.48119028997542534,0.1673804802667712,0.1673804802667712,0.1673804802667712,0.1673804802667712,1.0
4250,1595.975633215,-6.658256660017428,0.09212533384561539,-0.9916961246699498,-0.09890013860538602,0.09212533384561539,4.920141696929932,-0.09890013860538602,0.09212533384561539,4.920141696929932,0.0,164.96650387872344,0.010441104205013077,-0.4755175914964225,-0.4650764872914094,0.4650764872914094,0.4650764872914094,0.4650764872914094,0.4650764872914094,0.4650764872914094,0.4618341945569028,0.4618341945569028,0.4618341945569028,0.4618341945569028,1.0
4300,1596.031978897,-6.305171738420912,0.11367473751306534,-0.9916961246699498,-0.09273764418438077,0.11367473751306534,6.853989124298096,-0.09273764418438077,0.11367473751306534,6.853989124298096,0.0,165.06364985239185,0.009786681381141759,-0.48951209708241994,-0.4797254157012782,0.4797254157012782,0.4797254157012782,0.4797254157012782,0.4797254157012782,0.4797254157012782,0.17565743562884556,0.17565743562884556,0.17565743562884556,0.17565743562884556,1.0
4350,1596.171868475,-5.264665842903047,0.12786492705345154,-0.9916961246699498,-0.07457739042118193,0.12786492705345154,5.975707530975342,-0.07457739042118193,0.12786492705345154,5.975707530975342,0.0,165.31368254712007,0.007862293517854462,-0.4940274869988407,-0.48616519348098625,0.48616519348098625,0.48616519348098625,0.48616519348098625,0.48616519348098625,0.48616519348098625,0.14463738025170486,0.14463738025170486,0.14463738025170486,0.14463738025170486,1.0
4400,1596.347011236,-3.6526703355673984,0.09587712585926056,-0.9916961246699498,-0.04644276129081845,0.09587712585926056,6.96301794052124,-0.04644276129081845,0.09587712585926056,6.96301794052124,0.0,165.59401416717893,0.004890697314029182,-0.47885717283898466,-0.47396647552495547,0.47396647552495547,0.47396647552495547,0.47396647552495547,0.47396647552495547,0.47396647552495547,0.28690722630291504,0.28690722630291504,0.28690722630291504,0.28690722630291504,1.0
4450,1596.531638095,-2.3387203779490116,0.04234232008457184,-0.9916961246699498,-0.023510008323937653,0.04234232008457184,5.754764556884766,-0.023510008323937653,0.04234232008457184,5.754764556884766,0.0,165.72614848259136,0.0024744304907205307,-0.34470918235525383,-0.3422347518645333,0.3422347518645333,0.3422347518645333,0.3422347518645333,0.3422347518645333,0.3422347518645333,0.28635813772224517,0.28635813772224517,0.28635813772224517,0.28635813772224517,1.0
4500,1596.707246072,-1.85810942124601,0.029369069263339043,-0.9916961246699498,-0.015121764708310365,0.029369069263339043,3.755082607269287,-0.015121764708310365,0.029369069263339043,3.755082607269287,0.0,165.7528441004822,0.0015913967123551435,-0.2640048296595868,-0.2624134329472317,0.2624134329472317,0.2624134329472317,0.2624134329472317,0.2624134329472317,0.2624134329472317,0.06140292449211525,0.06140292449211525,0.06140292449211525,0.06140292449211525,1.0
4550,1596.762301289,-1.8046104704680042,0.10534413158893585,-0.9916961246699498,-0.014188031870871781,0.10534413158893585,6.564904689788818,-0.014188031870871781,0.10534413158893585,6.564904689788818,0.0,165.75509871581792,0.0014931182688569852,-0.4854249996495245,-0.4839318813806675,0.4839318813806675,0.4839318813806675,0.4839318813806675,0.4839318813806675,0.4839318813806675,0.13319480074392026,0.13319480074392026,0.13319480074392026,0.13319480074392026,1.0
4600,1596.914782498,-1.0865498015385076,0.13380232453346252,-0.9916961246699498,-0.0016555089689791191,0.13380232453346252,4.965762138366699,-0.0016555089689791191,0.13380232453346252,4.965762138366699,0.0,165.7714569323033,0.0001742108124563708,-0.4952841212872823,-0.4951099104748259,0.4951099104748259,0.4951099104748259,0.4951099104748259,0.4951099104748259,0.4951099104748259,0.2513936517889682,0.2513936517889682,0.2513936517889682,0.2513936517889682,1.0
4650,1597.068498505,-0.04323286296046591,0.1282069832086563,-0.9916961246699498,0.016553806751035155,0.1282069832086563,5.219752788543701,0.016553806751035155,0.1282069832086563,5.219752788543701,0.0,165.7491071734734,-0.0017421292366548342,-0.49410816970817134,-0.4958502989448262,0.4958502989448262,0.4958502989448262,0.4958502989448262,0.4958502989448262,0.4958502989448262,0.21423653690746267,0.21423653690746267,0.21423653690746267,0.21423653690746267,1.0
4700,1597.234269446,0.7775804314608686,0.05138020217418671,-0.9916961246699498,0.030879701282829047,0.05138020217418671,4.255627632141113,0.030879701282829047,0.05138020217418671,4.255627632141113,0.0,165.6931294609853,-0.0032505218375035055,-0.38647281008105483,-0.38972333191855835,0.38972333191855835,0.38972333191855835,0.38972333191855835,0.38972333191855835,0.38972333191855835,0.0983364344714927,0.0983364344714927,0.0983364344714927,0.0983364344714927,1.0
4750,1597.38966069,0.8052008093299011,0.11893419921398163,-0.9916961246699498,0.03136176781728864,0.11893419921398163,6.618589401245117,0.03136176781728864,0.11893419921398163,6.618589401245117,0.0,165.69065791161182,-0.0033012988379333683,-0.49148494481479327,-0.4947862436527266,0.4947862436527266,0.4947862436527266,0.4947862436527266,0.4947862436527266,0.4947862436527266,0.0960348905105774,0.0960348905105774,0.0960348905105774,0.0960348905105774,1.0
4800,1597.558052578,1.002822994814964,0.08346033841371536,-0.9916961246699498,0.034810925628989936,0.08346033841371536,4.197938919067383,0.034810925628989936,0.08346033841371536,4.197938919067383,0.0,165.67185760192345,-0.0036646511073697547,-0.4657233663803942,-0.46938801748776393,0.46938801748776393,0.46938801748776393,0.46938801748776393,0.46938801748776393,0.46938801748776393,0.3226528402402863,0.3226528402402863,0.3226528402402863,0.3226528402402863,1.0
4850,1597.617084335,1.0250578218842945,0.07308128476142883,-0.9916961246699498,0.03519899656996131,0.07308128476142883,4.120029449462891,0.03519899656996131,0.07308128476142883,4.120029449462891,0.0,165.66961973323382,-0.003705537778931762,-0.4489839400087744,-0.4526894777877062,0.4526894777877062,0.4526894777877062,0.4526894777877062,0.4526894777877062,0.4526894777877062,0.4038047904051311,0.4038047904051311,0.4038047904051311,0.4038047904051311,1.0
4900,1597.674609576,0.9815846283125153,0.06195284053683281,-0.9916961246699498,0.03444024620577693,0.06195284053683281,3.741020679473877,0.03444024620577693,0.06195284053683281,3.741020679473877,0.0,165.67397202261,-0.0036255978072515,-0.42259318949380403,-0.42621878730105556,0.42621878730105556,0.42621878730105556,0.42621878730105556,0.42621878730105556,0.42621878730105556,0.12989382235200972,0.12989382235200972,0.12989382235200972,0.12989382235200972,1.0
4950,1597.838639391,1.1627397079563537,0.04523247852921486,-0.9916961246699498,0.03760199880227447,0.04523247852921486,4.490470886230469,0.03760199880227447,0.04523247852921486,4.490470886230469,0.0,165.6552102615593,-0.003958740235117708,-0.35927714780209324,-0.36323588803721096,0.36323588803721096,0.36323588803721096,0.36323588803721096,0.36323588803721096,0.36323588803721096,0.2063844799089678,0.2063844799089678,0.2063844799089678,0.2063844799089678,1.0
5000,1598.002673003,1.179331091223961,0.030839037150144577,-0.9916961246699498,0.03789157306775451,0.030839037150144577,3.0083019733428955,0.03789157306775451,0.030839037150144577,3.0083019733428955,0.0,165.65340965270977,-0.0039892554532427425,-0.2744413096674357,-0.27843056512067843,0.27843056512067843,0.27843056512067843,0.27843056512067843,0.27843056512067843,0.27843056512067843,0.21650845439447317,0.21650845439447317,0.21650845439447317,0.21650845439447317,1.0
5050,1598.166931186,1.269098026329617,0.07497505098581314,-0.9916961246699498,0.03945830164477229,0.07497505098581314,3.298250198364258,0.03945830164477229,0.07497505098581314,3.298250198364258,0.0,165.6434281105607,-0.004154368315732258,-0.45252902192951905,-0.4566833902452513,0.4566833902452513,0.4566833902452513,0.4566833902452513,0.4566833902452513,0.4566833902452513,0.0360508385720954,0.0360508385720954,0.0360508385720954,0.0360508385720954,1.0
5100,1598.358128569,1.647048251599565,0.029885748401284218,-0.9916961246699498,0.04605477748438716,0.029885748401284218,0.957325279712677,0.04605477748438716,0.029885748401284218,0.957325279712677,0.0,165.59696973903021,-0.004849782777600287,-0.267710797041681,-0.2725605798192813,0.2725605798192813,0.2725605798192813,0.2725605798192813,0.2725605798192813,0.2725605798192813,0.4019368663113496,0.4019368663113496,0.4019368663113496,0.4019368663113496,1.0
5150,1598.529498047,1.6136290964860447,0.027066588401794434,-0.9916961246699498,0.04547150319442153,0.027066588401794434,1.436316967010498,0.04547150319442153,0.027066588401794434,1.436316967010498,0.0,165.60136636605145,-0.004788276756610672,-0.24699770179950495,-0.2517859785561156,0.2517859785561156,0.2517859785561156,0.2517859785561156,0.2517859785561156,0.2517859785561156,0.3269723488520815,0.3269723488520815,0.3269723488520815,0.3269723488520815,1.0
5200,1598.717837005,1.6938921435267456,0.06005966663360596,-0.9916961246699498,0.04687235763296485,0.06005966663360596,1.0966541767120361,0.04687235763296485,0.06005966663360596,1.0966541767120361,0.0,165.59071269544043,-0.004936001775053242,-0.41700911770960636,-0.4219451194846596,0.4219451194846596,0.4219451194846596,0.4219451194846596,0.4219451194846596,0.4219451194846596,0.35488814218685233,0.35488814218685233,0.35488814218685233,0.35488814218685233,1.0
5250,1598.886870162,1.8184533429249161,0.0452551431953907,-0.9916961246699498,0.049046360682696105,0.0452551431953907,0.5869303345680237,0.049046360682696105,0.0452551431953907,0.5869303345680237,0.0,165.57353956327913,-0.005165296336842369,-0.35938673649467734,-0.3645520328315197,0.3645520328315197,0.3645520328315197,0.3645520328315197,0.3645520328315197,0.3645520328315197,0.29120357656765206,0.29120357656765206,0.29120357656765206,0.29120357656765206,1.0
5300,1599.118567713,2.0685276993368276,0.015408135019242764,-0.9916961246699498,0.053410981576889754,0.015408135019242764,-0.00287543423473835,0.053410981576889754,0.015408135019242764,-0.00287543423473835,0.0,165.53671379003083,-0.00562578646276074,-0.149382357717407,-0.15500814418016773,0.15500814418016773,0.15500814418016773,0.15500814418016773,0.15500814418016773,0.15500814418016773,0.09394878798367823,0.09394878798367823,0.09394878798367823,0.09394878798367823,1.0
5350,1599.282668473,2.2602794973128235,-0.009849786758422852,-0.9916961246699498,0.05675768179818988,-0.009849786758422852,-1.1119877099990845,0.05675768179818988,-0.009849786758422852,-1.1119877099990845,0.0,165.5063533808517,-0.005979024041578355,0.0972431941187879,0.09126417007720955,-0.09126417007720955,-0.09126417007720955,-0.09126417007720955,-0.09126417007720955,-0.09126417007720955,0.2081847284322371,0.2081847284322371,0.2081847284322371,0.2081847284322371,1.0
5400,1599.443144798,2.189067731582859,0.05186357721686363,-0.9916961246699498,0.055514802020043136,0.05186357721686363,2.119133234024048,0.055514802020043136,0.05186357721686363,2.119133234024048,0.0,165.51784356224917,-0.005847825423266418,-0.38840416866072597,-0.39425199408399236,0.39425199408399236,0.39425199408399236,0.39425199408399236,0.39425199408399236,0.39425199408399236,0.013988150810188366,0.013988150810188366,0.013988150810188366,0.013988150810188366,1.0
5450,1599.630684267,1.6254064770492624,0.07855378091335297,-0.9916961246699498,0.04567705726251006,0.07855378091335297,7.6867475509643555,0.04567705726251006,0.07855378091335297,7.6867475509643555,0.0,165.59982332272332,-0.004809951972658983,-0.458598342307749,-0.463408294280408,0.463408294280408,0.463408294280408,0.463408294280408,0.463408294280408,0.463408294280408,0.02603257853585697,0.02603257853585697,0.02603257853585697,0.02603257853585697,1.0
5500,1599.790085199,0.8737756417925646,0.07664349675178528,-0.9916961246699498,0.03255862442776561,0.07664349675178528,6.331614971160889,0.03255862442776561,0.07664349675178528,6.331614971160889,0.0,165.68435617609816,-0.003427372689782035,-0.4554572181040658,-0.45888459079384786,0.45888459079384786,0.45888459079384786,0.45888459079384786,0.45888459079384786,0.45888459079384786,0.008754037302363363,0.008754037302363363,0.008754037302363363,0.008754037302363363,1.0
5550,1599.947692026,-0.01589607968175451,0.0534990169107914,-0.9916961246699498,0.0170309236261528,0.0534990169107914,1.7609423398971558,0.0170309236261528,0.0534990169107914,1.7609423398971558,0.0,165.74778709785502,-0.0017923506952636854,-0.39472690662176496,-0.39651925731702864,0.39651925731702864,0.39651925731702864,0.39651925731702864,0.39651925731702864,0.39651925731702864,-0.009739010410406784,-0.009739010410406784,-0.009739010410406784,-0.009739010410406784,1.0
5600,1600.078257042,-0.3943686660133365,-0.17996925115585327,-0.9916961246699498,0.010425330866128207,-0.17996925115585327,-10.816508293151855,0.010425330866128207,-0.17996925115585327,-10.816508293151855,0.0,165.76272849596498,-0.0010971060604993354,0.49925305370647255,0.4981559476459732,-0.4981559476459732,-0.4981559476459732,-0.4981559476459732,-0.4981559476459732,-0.4981559476459732,0.0705727686661073,0.0705727686661073,0.0705727686661073,0.0705727686661073,1.0
5650,1600.277601503,-1.6690486110812934,-0.05712417513132095,-0.9916961246699498,-0.011822031084448098,-0.05712417513132095,0.6863853335380554,-0.011822031084448098,-0.05712417513132095,0.6863853335380554,0.0,165.76016858234382,0.0012441000912288458,0.40762433654220165,0.4088684366334305,-0.4088684366334305,-0.4088684366334305,-0.4088684366334305,-0.4088684366334305,-0.4088684366334305,0.16540849233587923,0.16540849233587923,0.16540849233587923,0.16540849233587923,1.0
5700,1600.457551276,-2.2542971053735386,0.05200384929776192,-0.9916961246699498,-0.022036544252187013,0.05200384929776192,2.36310076713562,-0.022036544252187013,0.05200384929776192,2.36310076713562,0.0,165.73167701759522,0.0023192968375649087,-0.3889592328762452,-0.38663993603868024,0.38663993603868024,0.38663993603868024,0.38663993603868024,0.38663993603868024,0.38663993603868024,-0.00270235124173622,-0.00270235124173622,-0.00270235124173622,-0.00270235124173622,1.0
5750,1600.651881562,-2.8000343426994347,0.005767581518739462,-0.9916961246699498,-0.0315614558942616,0.005767581518739462,0.36835792660713196,-0.0315614558942616,0.005767581518739462,0.36835792660713196,0.0,165.68962290283912,0.0033223328137536178,-0.05742135798521477,-0.05409902517146115,0.05409902517146115,0.05409902517146115,0.05409902517146115,0.05409902517146115,0.05409902517146115,-0.14122428336188877,-0.14122428336188877,-0.14122428336188877,-0.14122428336188877,1.0
5800,1600.801514512,-3.45786586991923,-0.08215347677469254,-0.9916961246699498,-0.043042781967669724,-0.08215347677469254,-4.999329090118408,-0.043042781967669724,-0.08215347677469254,-4.999329090118408,0.0,165.61907160225974,0.004532203465296396,0.4639502261782973,0.46848242964359366,-0.46848242964359366,-0.46848242964359366,-0.46848242964359366,-0.46848242964359366,-0.46848242964359366,-0.18105246003023084,-0.18105246003023084,-0.18105246003023084,-0.18105246003023084,1.0
5850,1600.856563785,-3.6043100349227695,-0.09055320173501968,-0.9916961246699498,-0.04559871481731534,-0.09055320173501968,-6.221484184265137,-0.04559871481731534,-0.09055320173501968,-6.221484184265137,0.0,165.6004122402088,0.004801690889794764,0.473969931194924,0.47877162208471874,-0.47877162208471874,-0.47877162208471874,-0.47877162208471874,-0.47877162208471874,-0.47877162208471874,-0.1659778915601149,-0.1659778915601149,-0.1659778915601149,-0.1659778915601149,1.0
5900,1600.993332906,-4.344320477245454,-0.17641481757164001,-0.9916961246699498,-0.05851433353498578,-0.17641481757164001,-5.914045810699463,-0.05851433353498578,-0.17641481757164001,-5.914045810699463,0.0,165.4896800792353,0.006164487937061272,0.49913903270658844,0.5053035206436497,-0.5053035206436497,-0.5053035206436497,-0.5053035206436497,-0.5053035206436497,-0.5053035206436497,-0.03503382042338657,-0.03503382042338657,-0.03503382042338657,-0.03503382042338657,1.0
5950,1601.155263249,-6.248783831067402,-0.3061752915382385,-0.9916961246699498,-0.0917534895427525,-0.3061752915382385,-6.825209140777588,-0.0917534895427525,-0.3061752915382385,-6.825209140777588,0.0,165.07858726282083,0.009682239709051271,0.49999520058470476,0.5096774402937561,-0.5096774402937561,-0.5096774402937561,-0.5096774402937561,-0.5096774402937561,-0.5096774402937561,-0.23106747322042778,-0.23106747322042778,-0.23106747322042778,-0.23106747322042778,1.0
6000,1601.31169274,-9.48457741262448,-0.38673046231269836,-0.9916961246699498,-0.14822874145582318,-0.38673046231269836,-5.911279201507568,-0.14822874145582318,-0.38673046231269836,-5.911279201507568,0.0,163.96483275487495,0.01571244232083989,0.49999980866091787,0.5157122509817578,-0.5157122509817578,-0.5157122509817578,-0.5157122509817578,-0.5157122509817578,-0.5157122509817578,-0.2183439976953748,-0.2183439976953748,-0.2183439976953748,-0.2183439976953748,1.0
6050,1601.471738108,-12.493204025028811,-0.1096847727894783,-0.9916961246699498,-0.20073918180540204,-0.1096847727894783,-6.247496604919434,-0.20073918180540204,-0.1096847727894783,-6.247496604919434,0.0,162.46297792555583,0.021409700682317647,0.48771955821661717,0.5091292588989348,-0.5091292588989348,-0.5091292588989348,-0.5091292588989348,-0.5091292588989348,-0.5091292588989348,-0.3213379960661331,-0.3213379960661331,-0.3213379960661331,-0.3213379960661331,1.0
6100,1601.626684766,-13.26009168862232,0.016326358541846275,-0.9916961246699498,-0.2141238965280354,0.016326358541846275,-0.3224138021469116,-0.2141238965280354,0.016326358541846275,-0.3224138021469116,0.0,162.0087808790237,0.02288001757836601,-0.1576984211346761,-0.13481840355631008,0.13481840355631008,0.13481840355631008,0.13481840355631008,0.13481840355631008,0.13481840355631008,-0.2202213150124669,-0.2202213150124669,-0.2202213150124669,-0.2202213150124669,1.0
6150,1601.798355722,-13.307096196716701,0.10711491852998734,-0.9916961246699498,-0.21494427995756268,0.10711491852998734,4.1024627685546875,-0.21494427995756268,0.10711491852998734,4.1024627685546875,0.0,161.9800029699559,0.0229704076393827,-0.48640810810835083,-0.46343770046896815,0.46343770046896815,0.46343770046896815,0.46343770046896815,0.46343770046896815,0.46343770046896815,0.13287871841371757,0.13287871841371757,0.13287871841371757,0.13287871841371757,1.0
6200,1601.963485894,-12.82196066657539,0.019553503021597862,-0.9916961246699498,-0.2064770676381886,0.019553503021597862,0.3880069851875305,-0.2064770676381886,0.019553503021597862,0.3880069851875305,0.0,162.27180599512053,0.02203900657404762,-0.18614117559142934,-0.16410216901738173,0.16410216901738173,0.16410216901738173,0.16410216901738173,0.16410216901738173,0.16410216901738173,0.3986741245647193,0.3986741245647193,0.3986741245647193,0.3986741245647193,1.0
6250,1602.116875221,-11.94729261787908,0.08453486114740372,-0.9916961246699498,-0.1912112303264439,0.08453486114740372,2.490802526473999,-0.1912112303264439,0.08453486114740372,2.490802526473999,0.0,162.76867979450796,0.020367907621670355,-0.4671179785850001,-0.44675007096332975,0.44675007096332975,0.44675007096332975,0.44675007096332975,0.44675007096332975,0.44675007096332975,0.3205823045561283,0.3205823045561283,0.3205823045561283,0.3205823045561283,1.0
6300,1602.246150292,-11.460272809300491,0.058351919054985046,-0.9916961246699498,-0.182711131144315,0.058351919054985046,3.037783145904541,-0.182711131144315,0.058351919054985046,3.037783145904541,0.0,163.02900946012878,0.01944171510822672,-0.41166021380853274,-0.392218498700306,0.392218498700306,0.392218498700306,0.392218498700306,0.392218498700306,0.392218498700306,0.35081050420627835,0.35081050420627835,0.35081050420627835,0.35081050420627835,1.0
6350,1602.36020512,-11.076497286442168,0.02823299914598465,-0.9916961246699498,-0.1760129846818745,0.02823299914598465,0.6166437864303589,-0.1760129846818745,0.02823299914598465,0.6166437864303589,0.0,163.2259050026363,0.018713903013591666,-0.25571337936635036,-0.2369994763527587,0.2369994763527587,0.2369994763527587,0.2369994763527587,0.2369994763527587,0.2369994763527587,0.40658302337341096,0.40658302337341096,0.40658302337341096,0.40658302337341096,1.0
6400,1602.572721815,-10.047662476668563,0.1438775360584259,-0.9916961246699498,-0.15805642979219559,0.1438775360584259,1.8211171627044678,-0.15805642979219559,0.1438775360584259,1.8211171627044678,0.0,163.71781436229642,0.016771040083822356,-0.4968434102419953,-0.48007237015817295,0.48007237015817295,0.48007237015817295,0.48007237015817295,0.48007237015817295,0.48007237015817295,0.18338458503386942,0.18338458503386942,0.18338458503386942,0.18338458503386942,1.0
6450,1602.791146561,-7.740987211871135,0.20037531852722168,-0.9916961246699498,-0.1177973516471684,0.20037531852722168,2.3651695251464844,-0.1177973516471684,0.20037531852722168,2.3651695251464844,0.0,164.62980032716638,0.012453050153544927,-0.49966964514085893,-0.487216594987314,0.487216594987314,0.487216594987314,0.487216594987314,0.487216594987314,0.487216594987314,0.1585168304643294,0.1585168304643294,0.1585168304643294,0.1585168304643294,1.0
6500,1603.018253674,-4.955939157984354,0.14682957530021667,-0.9916961246699498,-0.06918909328058362,0.14682957530021667,2.8018689155578613,-0.06918909328058362,0.14682957530021667,2.8018689155578613,0.0,165.37744825200363,0.00729236359481358,-0.4971939934493122,-0.48990162985449864,0.48990162985449864,0.48990162985449864,0.48990162985449864,0.48990162985449864,0.48990162985449864,0.2497015403494971,0.2497015403494971,0.2497015403494971,0.2497015403494971,1.0
6550,1603.280582174,-3.212423022094822,0.11258698999881744,-0.9916961246699498,-0.0387589961476624,0.11258698999881744,1.4200975894927979,-0.0387589961476624,0.11258698999881744,1.4200975894927979,0.0,165.6479332849764,0.004080668137366915,-0.48905080323652195,-0.48497013509915504,0.48497013509915504,0.48497013509915504,0.48497013509915504,0.48497013509915504,0.48497013509915504,0.29177618862664506,0.29177618862664506,0.29177618862664506,0.29177618862664506,1.0
6600,1603.604908689,-1.5092568690573742,0.09939336776733398,-0.9916961246699498,-0.00903313906863332,0.09939336776733398,0.01590585522353649,-0.00903313906863332,0.09939336776733398,0.01590585522353649,0.0,165.7649602866107,0.0009505907353133933,-0.4815801486811867,-0.4806295579458733,0.4806295579458733,0.4806295579458733,0.4806295579458733,0.4806295579458733,0.4806295579458733,0.3656512816100486,0.3656512816100486,0.3656512816100486,0.3656512816100486,1.0
6650,1603.78786633,-0.5850849432781349,0.05743321403861046,-0.9916961246699498,0.00709670389071107,0.05743321403861046,-0.024270793423056602,0.00709670389071107,0.05743321403861046,-0.024270793423056602,0.0,165.76753353025123,-0.0007468047725059637,-0.4086555498103566,-0.40940235458286256,0.40940235458286256,0.40940235458286256,0.40940235458286256,0.40940235458286256,0.40940235458286256,0.336305772882054,0.336305772882054,0.336305772882054,0.336305772882054,1.0
6700,1603.883953635,-0.27618291459684396,0.03312736377120018,-0.9916961246699498,0.012488061357289554,0.03312736377120018,-0.001994336023926735,0.012488061357289554,0.03312736377120018,-0.001994336023926735,0.0,165.75883468484318,-0.0013141973034369683,-0.29002805830340955,-0.2913422556068465,0.2913422556068465,0.2913422556068465,0.2913422556068465,0.2913422556068465,0.2913422556068465,0.42430564405743937,0.42430564405743937,0.42430564405743937,0.42430564405743937,1.0
6750,1604.172924358,0.9445608408645207,0.1517496556043625,-0.9916961246699498,0.03379405921325088,0.1517496556043625,8.056829452514648,0.03379405921325088,0.1517496556043625,8.056829452514648,0.0,165.6776038843356,-0.003557520489779739,-0.49769412430241466,-0.5012516447921944,0.5012516447921944,0.5012516447921944,0.5012516447921944,0.5012516447921944,0.5012516447921944,-0.041482636212219814,-0.041482636212219814,-0.041482636212219814,-0.041482636212219814,1.0
6800,1604.430151444,3.376198578673857,0.13571564853191376,-0.9916961246699498,0.0762341439537704,0.13571564853191376,20.069889068603516,0.0762341439537704,0.13571564853191376,20.069889068603516,0.0,165.29311732763938,-0.008037621227296867,-0.4956300576393469,-0.5036676788666438,0.5036676788666438,0.5036676788666438,0.5036676788666438,0.5036676788666438,0.5036676788666438,-0.12666733209803652,-0.12666733209803652,-0.12666733209803652,-0.12666733209803652,1.0
6850,1604.685071283,3.9737528326946436,-0.045622341334819794,-0.9916961246699498,0.08666343314573169,-0.045622341334819794,17.16618537902832,0.08666343314573169,-0.045622341334819794,17.16618537902832,0.0,165.1533068679685,-0.009142361051789802,0.36115229118118636,0.3520099301293966,-0.3520099301293966,-0.3520099301293966,-0.3520099301293966,-0.3520099301293966,-0.3520099301293966,-0.39999826753960693,-0.39999826753960693,-0.39999826753960693,-0.39999826753960693,1.0
6900,1604.913436417,2.4450514822873006,-0.1714620292186737,-0.9916961246699498,0.05998256130144,-0.1714620292186737,-4.161684036254883,0.05998256130144,-0.1714620292186737,-4.161684036254883,0.0,165.47535494085778,-0.006319529561466628,0.4989505941431815,0.49263106458171485,-0.49263106458171485,-0.49263106458171485,-0.49263106458171485,-0.49263106458171485,-0.49263106458171485,-0.3911575645523283,-0.3911575645523283,-0.3911575645523283,-0.3911575645523283,1.0
6950,1605.076740632,0.8491151370725278,-0.13213865458965302,-0.9916961246699498,0.032128217425197364,-0.13213865458965302,-12.331058502197266,0.032128217425197364,-0.13213865458965302,-12.331058502197266,0.0,165.68664953556944,-0.0033820336005732565,0.49496125214250325,0.49157921854193,-0.49157921854193,-0.49157921854193,-0.49157921854193,-0.49157921854193,-0.49157921854193,-0.2838468078809183,-0.2838468078809183,-0.2838468078809183,-0.2838468078809183,1.0
7000,1605.246783535,-0.15679410273129038,-0.06171286106109619,-0.9916961246699498,0.014571789214387537,-0.06171286106109619,-18.13439178466797,0.014571789214387537,-0.06171286106109619,-18.13439178466797,0.0,165.75418947172076,-0.0015335096658509763,0.4219048772739398,0.42037136760808885,-0.42037136760808885,-0.42037136760808885,-0.42037136760808885,-0.42037136760808885,-0.42037136760808885,0.0894746164497751,0.0894746164497751,0.0894746164497751,0.0894746164497751,1.0
7050,1605.395368074,-0.35702530041737934,0.02387227676808834,-0.9916961246699498,0.011077095549553634,0.02387227676808834,-4.141505241394043,0.011077095549553634,0.02387227676808834,-4.141505241394043,0.0,165.7615739200301,-0.0011656996863982194,-0.22209774725809506,-0.22326344694449327,0.22326344694449327,0.22326344694449327,0.22326344694449327,0.22326344694449327,0.22326344694449327,0.265550770955532,0.265550770955532,0.265550770955532,0.265550770955532,1.0
7100,1605.627180755,0.2366788079847827,0.0576091893017292,-0.9916961246699498,0.02143918702378869,0.0576091893017292,3.9192895889282227,0.02143918702378869,0.0576091893017292,3.9192895889282227,0.0,165.73381645404226,-0.0022564069686651055,-0.4092381140309405,-0.4114945209996056,0.4114945209996056,0.4114945209996056,0.4114945209996056,0.4114945209996056,0.4114945209996056,0.2961410059066856,0.2961410059066856,0.2961410059066856,0.2961410059066856,1.0
7150,1605.864198201,0.7207328737205583,0.014870837330818176,-0.9916961246699498,0.029887524228543044,0.014870837330818176,-0.05651039257645607,0.029887524228543044,0.014870837330818176,-0.05651039257645607,0.0,165.6980958910875,-0.0031460185994065704,-0.14447340335550413,-0.1476194219549107,0.1476194219549107,0.1476194219549107,0.1476194219549107,0.1476194219549107,0.1476194219549107,0.140766876189629,0.140766876189629,0.140766876189629,0.140766876189629,1.0
7200,1606.100712209,0.7602383677147947,-0.001094980165362358,-0.9916961246699498,0.030577025171369315,-0.001094980165362358,0.059018731117248535,0.030577025171369315,-0.001094980165362358,0.059018731117248535,0.0,165.6946617186448,-0.003218641144581978,0.010948051507992771,0.007729410363410794,-0.007729410363410794,-0.007729410363410794,-0.007729410363410794,-0.007729410363410794,-0.007729410363410794,0.06490612383160714,0.06490612383160714,0.06490612383160714,0.06490612383160714,1.0
7250,1606.335330057,0.8052494744277374,0.007913974113762379,-0.9916961246699498,0.03136261718347669,0.007913974113762379,0.05426696315407753,0.03136261718347669,0.007913974113762379,0.05426696315407753,0.0,165.69065352314553,-0.00330138830465297,-0.07848541730236298,-0.08178680560701596,0.08178680560701596,0.08178680560701596,0.08178680560701596,0.08178680560701596,0.08178680560701596,-0.06814958351991329,-0.06814958351991329,-0.06814958351991329,-0.06814958351991329,1.0
7300,1606.572570148,0.8324901364675994,-0.0035873204469680786,-0.9916961246699498,0.031838056426495315,-0.0035873204469680786,0.44069385528564453,0.031838056426495315,-0.0035873204469680786,0.44069385528564453,0.0,165.6881783987656,-0.00335146873294278,0.03581177794060807,0.03246030920766529,-0.03246030920766529,-0.03246030920766529,-0.03246030920766529,-0.03246030920766529,-0.03246030920766529,-0.15898830963903457,-0.15898830963903457,-0.15898830963903457,-0.15898830963903457,1.0
7350,1606.791704478,0.6909133883821934,-0.02016865275800228,-0.9916961246699498,0.0293670760281384,-0.02016865275800228,-0.27771538496017456,0.0293670760281384,-0.02016865275800228,-0.27771538496017456,0.0,165.7006362122298,-0.0030912037134105965,0.1914156870397392,0.18832448332632862,-0.18832448332632862,-0.18832448332632862,-0.18832448332632862,-0.18832448332632862,-0.18832448332632862,-0.0467630803125514,-0.0467630803125514,-0.0467630803125514,-0.0467630803125514,1.0
7400,1606.957091536,0.42611439809977725,-0.009905549697577953,-0.9916961246699498,0.02474546179175377,-0.009905549697577953,-1.5891300439834595,0.02474546179175377,-0.009905549697577953,-1.5891300439834595,0.0,165.72123733077694,-0.0026045133824309378,0.09777961463014773,0.09517510124771679,-0.09517510124771679,-0.09517510124771679,-0.09517510124771679,-0.09517510124771679,-0.09517510124771679,-0.08049793061884282,-0.08049793061884282,-0.08049793061884282,-0.08049793061884282,1.0
7450,1607.026286086,0.3871487291738099,-0.012883668765425682,-0.9916961246699498,0.024065382573753596,-0.012883668765425682,-0.8656054735183716,0.024065382573753596,-0.012883668765425682,-0.8656054735183716,0.0,165.72397187709288,-0.002532905792580243,0.1260590387956724,0.12352613300309216,-0.12352613300309216,-0.12352613300309216,-0.12352613300309216,-0.12352613300309216,-0.12352613300309216,-0.06493284154745418,-0.06493284154745418,-0.06493284154745418,-0.06493284154745418,1.0
7500,1607.308987873,0.22448881462658757,0.006403111852705479,-0.9916961246699498,0.021226431503891946,0.006403111852705479,1.8009223937988281,0.021226431503891946,0.006403111852705479,1.8009223937988281,0.0,165.73456424209485,-0.0022340084198224203,-0.06368336418149026,-0.06591737260131268,0.06591737260131268,0.06591737260131268,0.06591737260131268,0.06591737260131268,0.06591737260131268,0.03665665689929917,0.03665665689929917,0.03665665689929917,0.03665665689929917,1.0
7550,1607.541620377,0.2706194853940306,0.0335700698196888,-0.9916961246699498,0.022031563594937326,0.0335700698196888,2.136172294616699,0.022031563594937326,0.0335700698196888,2.136172294616699,0.0,165.7316950988472,-0.0023187724664143925,-0.29295048184159,-0.2952692543080044,0.2952692543080044,0.2952692543080044,0.2952692543080044,0.2952692543080044,0.2952692543080044,0.058587808319028226,0.058587808319028226,0.058587808319028226,0.058587808319028226,1.0
7600,1607.761534068,0.4697552781517655,0.04332679510116577,-0.9916961246699498,0.02550713883712888,0.04332679510116577,1.9288643598556519,0.02550713883712888,0.04332679510116577,1.9288643598556519,0.0,165.71808424139573,-0.002684715492488562,-0.3498049160756571,-0.35248963156814567,0.35248963156814567,0.35248963156814567,0.35248963156814567,0.35248963156814567,0.35248963156814567,0.14109047115027368,0.14109047115027368,0.14109047115027368,0.14109047115027368,1.0
7650,1607.978496112,1.282601950648967,0.12963256239891052,-0.9916961246699498,0.03969398958608508,0.12963256239891052,2.683882474899292,0.03969398958608508,0.12963256239891052,2.683882474899292,0.0,165.64189158405023,-0.004179208498282078,-0.494432922936411,-0.4986121314346931,0.4986121314346931,0.4986121314346931,0.4986121314346931,0.4986121314346931,0.4986121314346931,0.38446952082592967,0.38446952082592967,0.38446952082592967,0.38446952082592967,1.0
7700,1608.179861695,2.8960674427600486,0.15913228690624237,-0.9916961246699498,0.06785427479073405,0.15913228690624237,2.100579261779785,0.06785427479073405,0.15913228690624237,2.100579261779785,0.0,165.39250713926177,-0.007151243880923207,-0.4982827141665234,-0.5054339580474466,0.5054339580474466,0.5054339580474466,0.5054339580474466,0.5054339580474466,0.5054339580474466,0.30751683634218996,0.30751683634218996,0.30751683634218996,0.30751683634218996,1.0
7750,1608.410628076,5.177726072505247,0.18852071464061737,-0.9916961246699498,0.10767673028632999,0.18852071464061737,2.879589319229126,0.10767673028632999,0.18852071464061737,2.879589319229126,0.0,164.81740091187217,-0.011374511983963793,-0.49946932427052226,-0.510843836254486,0.510843836254486,0.510843836254486,0.510843836254486,0.510843836254486,0.510843836254486,0.41496499966134043,0.41496499966134043,0.41496499966134043,0.41496499966134043,1.0
7800,1608.602645616,7.005904751034614,0.1223517581820488,-0.9916961246699498,0.13958446754142642,0.1223517581820488,1.878035306930542,0.13958446754142642,0.1223517581820488,1.878035306930542,0.0,164.16909610917898,-0.014783865574210645,-0.4925648258778431,-0.5073486914520537,0.5073486914520537,0.5073486914520537,0.5073486914520537,0.5073486914520537,0.5073486914520537,0.19084696086402492,0.19084696086402492,0.19084696086402492,0.19084696086402492,1.0
7850,1608.861283518,8.766432540269122,0.10922922939062119,-0.9916961246699498,0.17031147403642535,0.10922922939062119,1.3175872564315796,0.17031147403642535,0.10922922939062119,1.3175872564315796,0.0,163.3877698437017,-0.018095739095266385,-0.48749655961535837,-0.5055922987106247,0.5055922987106247,0.5055922987106247,0.5055922987106247,0.5055922987106247,0.5055922987106247,0.4945227048704729,0.4945227048704729,0.4945227048704729,0.4945227048704729,1.0
7900,1609.097020259,9.715452320722898,-0.050841279327869415,-0.9916961246699498,0.1868749938718975,-0.050841279327869415,-5.2499542236328125,0.1868749938718975,-0.050841279327869415,-5.2499542236328125,0.0,162.9029458439642,-0.019895051502930618,0.3842852083006512,0.3643901567977206,-0.3643901567977206,-0.3643901567977206,-0.3643901567977206,-0.3643901567977206,-0.3643901567977206,-0.18465747647787936,-0.18465747647787936,-0.18465747647787936,-0.18465747647787936,1.0
7950,1609.321788663,9.059568037746791,-0.31424015760421753,-0.9916961246699498,0.17542765362188223,-0.31424015760421753,-9.875688552856445,0.17542765362188223,-0.31424015760421753,-9.875688552856445,0.0,163.24276543944808,-0.018650384249581382,0.49999652393544897,0.4813461396858676,-0.4813461396858676,-0.4813461396858676,-0.4813461396858676,-0.4813461396858676,-0.4813461396858676,0.21992696774661308,0.21992696774661308,0.21992696774661308,0.21992696774661308,1.0
8000,1609.527786056,7.418710712299607,-0.13282410800457,-0.9916961246699498,0.14678929073736072,-0.13282410800457,-5.662668228149414,0.14678929073736072,-0.13282410800457,-5.662668228149414,0.0,163.99969230677354,-0.015557653952171253,0.4950968602792622,0.47953920632709096,-0.47953920632709096,-0.47953920632709096,-0.47953920632709096,-0.47953920632709096,-0.47953920632709096,-0.3670634248418955,-0.3670634248418955,-0.3670634248418955,-0.3670634248418955,1.0
8050,1609.608073496,6.647304451683313,-0.13390175998210907,-0.9916961246699498,0.13332571161910894,-0.13390175998210907,-7.214075565338135,0.13332571161910894,-0.13390175998210907,-7.214075565338135,0.0,164.30938104083532,-0.014112945263457565,0.4953027531236852,0.48118980786022764,-0.48118980786022764,-0.48118980786022764,-0.48118980786022764,-0.48118980786022764,-0.48118980786022764,-0.1435051719721968,-0.1435051719721968,-0.1435051719721968,-0.1435051719721968,1.0
8100,1609.796088497,5.063364800137138,-0.1290920078754425,-0.9916961246699498,0.10568074954673648,-0.1290920078754425,-7.438338756561279,0.10568074954673648,-0.1290920078754425,-7.438338756561279,0.0,164.8524190198949,-0.011162086484970003,0.4943119319441432,0.48314984545917317,-0.48314984545917317,-0.48314984545917317,-0.48314984545917317,-0.48314984545917317,-0.48314984545917317,-0.3331052747968708,-0.3331052747968708,-0.3331052747968708,-0.3331052747968708,1.0
8150,1609.987929002,2.998039819190812,-0.20442630350589752,-0.9916961246699498,0.06963402850553393,-0.20442630350589752,-5.006869316101074,0.06963402850553393,-0.20442630350589752,-5.006869316101074,0.0,165.37236358657273,-0.007339408772539514,0.4997190498003859,0.49237964102784637,-0.49237964102784637,-0.49237964102784637,-0.49237964102784637,-0.49237964102784637,-0.49237964102784637,-0.3617986376608471,-0.3617986376608471,-0.3617986376608471,-0.3617986376608471,1.0
8200,1610.183685789,0.17733871144509372,-0.2822684943675995,-0.9916961246699498,0.020403506960719825,-0.2822684943675995,-1.9742845296859741,0.020403506960719825,-0.2822684943675995,-1.9742845296859741,0.0,165.73738643692494,-0.0021473741560826495,0.4999875121234796,0.49784013796739696,-0.49784013796739696,-0.49784013796739696,-0.49784013796739696,-0.49784013796739696,-0.49784013796739696,-0.3605316388908552,-0.3605316388908552,-0.3605316388908552,-0.3605316388908552,1.0
8250,1610.41401862,-3.765240817712494,-0.30480706691741943,-0.9916961246699498,-0.04840748684480786,-0.30480706691741943,-1.4893604516983032,-0.04840748684480786,-0.30480706691741943,-1.4893604516983032,0.0,165.57866693490487,0.005097908654941404,0.49999493059825384,0.5050928392531953,-0.5050928392531953,-0.5050928392531953,-0.5050928392531953,-0.5050928392531953,-0.5050928392531953,-0.35841720547456374,-0.35841720547456374,-0.35841720547456374,-0.35841720547456374,1.0
8300,1610.630785649,-7.755432208192066,-0.3628809452056885,-0.9916961246699498,-0.1180494643934071,-0.3628809452056885,-1.6670184135437012,-0.1180494643934071,-0.3628809452056885,-1.6670184135437012,0.0,164.62491301151593,0.012479949173722322,0.49999950327948095,0.5124794524532033,-0.5124794524532033,-0.5124794524532033,-0.5124794524532033,-0.5124794524532033,-0.5124794524532033,-0.4620767522152237,-0.4620767522152237,-0.4620767522152237,-0.4620767522152237,1.0
8350,1610.835191507,-12.061505333632741,-0.3647715747356415,-0.9916961246699498,-0.19320461826398969,-0.3647715747356415,-1.344960331916809,-0.19320461826398969,-0.3647715747356415,-1.344960331916809,0.0,162.7059363681805,0.02058554471633216,0.499999539458769,0.5205850841751012,-0.5205850841751012,-0.5205850841751012,-0.5205850841751012,-0.5205850841751012,-0.5205850841751012,-0.39902074526824466,-0.39902074526824466,-0.39902074526824466,-0.39902074526824466,1.0
8400,1611.023998868,-15.30818367540588,-0.15843193233013153,-0.9916961246699498,-0.24986984508112073,-0.15843193233013153,-1.6293500661849976,-0.24986984508112073,-0.15843193233013153,-1.6293500661849976,0.0,160.65463457596613,0.026850073300328972,0.4982340117718141,0.5250840850721431,-0.5250840850721431,-0.5250840850721431,-0.5250840850721431,-0.5250840850721431,-0.5250840850721431,-0.3937256494896887,-0.3937256494896887,-0.3937256494896887,-0.3937256494896887,1.0
8450,1611.214031249,-16.831433681081908,-0.11663153022527695,-0.9916961246699498,-0.2764555730111897,-0.11663153022527695,-0.8525155186653137,-0.2764555730111897,-0.11663153022527695,-0.8525155186653137,0.0,159.5151242834779,0.029849071156406913,0.49067106049470016,0.5205201316511071,-0.5205201316511071,-0.5205201316511071,-0.5205201316511071,-0.5205201316511071,-0.5205201316511071,-0.21536100784983542,-0.21536100784983542,-0.21536100784983542,-0.21536100784983542,1.0
8500,1611.398376965,-17.937961892664408,-0.06877488642930984,-0.9916961246699498,-0.2957681335695088,-0.06877488642930984,-1.0320932865142822,-0.2957681335695088,-0.06877488642930984,-1.0320932865142822,0.0,158.6170545493643,0.032055645603744166,0.43996954489549533,0.4720251904992395,-0.4720251904992395,-0.4720251904992395,-0.4720251904992395,-0.4720251904992395,-0.4720251904992395,-0.38767792637874654,-0.38767792637874654,-0.38767792637874654,-0.38767792637874654,1.0
8550,1611.591938245,-18.60339990274207,-0.019487952813506126,-0.9916961246699498,-0.30738221781328323,-0.019487952813506126,0.0063378275372087955,-0.30738221781328323,-0.019487952813506126,0.0063378275372087955,0.0,158.0486499038979,0.03339495278201216,0.18557624686602894,0.2189711996480411,-0.2189711996480411,-0.2189711996480411,-0.2189711996480411,-0.2189711996480411,-0.2189711996480411,-0.019548886929534208,-0.019548886929534208,-0.019548886929534208,-0.019548886929534208,1.0
8600,1611.801711588,-18.640670537495538,0.0063477773219347,-0.9916961246699498,-0.30803271310403946,0.0063477773219347,0.1912398636341095,-0.30803271310403946,0.0063477773219347,0.1912398636341095,0.0,158.01618683677358,0.0334702523623147,-0.06313891887791218,-0.029668666515597478,0.029668666515597478,0.029668666515597478,0.029668666515597478,0.029668666515597478,0.029668666515597478,-0.11276322512025108,-0.11276322512025108,-0.11276322512025108,-0.11276322512025108,1.0
8650,1611.993191247,-18.56244950357326,-0.014706751331686974,-0.9916961246699498,-0.3066674985177815,-0.014706751331686974,1.6297467947006226,-0.3066674985177815,-0.014706751331686974,1.6297467947006226,0.0,158.08424145956508,0.033312254318936516,0.14296811721425354,0.17628037153319004,-0.17628037153319004,-0.17628037153319004,-0.17628037153319004,-0.17628037153319004,-0.17628037153319004,0.02232850529725279,0.02232850529725279,0.02232850529725279,0.02232850529725279,1.0
8700,1612.059983162,-18.70417422130373,-0.0703197568655014,-0.9916961246699498,-0.30914106147363785,-0.0703197568655014,-8.075037002563477,-0.30914106147363785,-0.0703197568655014,-8.075037002563477,0.0,157.96072150448117,0.03359862297383204,0.4433630858213746,0.47696170879520666,-0.47696170879520666,-0.47696170879520666,-0.47696170879520666,-0.47696170879520666,-0.47696170879520666,-0.1348250232653926,-0.1348250232653926,-0.1348250232653926,-0.1348250232653926,1.0
8750,1612.223756464,-18.512001726363543,-0.12778715789318085,-0.9916961246699498,-0.30578701870515945,-0.12778715789318085,-8.023670196533203,-0.30578701870515945,-0.12778715789318085,-8.023670196533203,0.0,158.12797723163618,0.033210427067542334,0.4940089904592395,0.5272194175267818,-0.5272194175267818,-0.5272194175267818,-0.5272194175267818,-0.5272194175267818,-0.5272194175267818,0.07640444888161738,0.07640444888161738,0.07640444888161738,0.07640444888161738,1.0
8800,1612.435463967,-18.46390011913373,-0.05907026678323746,-0.9916961246699498,-0.3049474872834981,-0.05907026678323746,-5.508274555206299,-0.3049474872834981,-0.05907026678323746,-5.508274555206299,0.0,158.16956554213556,0.0331133877094677,0.4139471159213114,0.4470605036307791,-0.4470605036307791,-0.4470605036307791,-0.4470605036307791,-0.4470605036307791,-0.4470605036307791,0.1330708579967108,0.1330708579967108,0.1330708579967108,0.1330708579967108,1.0
8850,1612.641182104,-17.691287903242106,0.09884283691644669,-0.9916961246699498,-0.29146286027505997,0.09884283691644669,0.15252763032913208,-0.29146286027505997,0.09884283691644669,0.15252763032913208,0.0,158.82236157798982,0.03156157434302748,-0.48117774116349654,-0.44961616682046907,0.44961616682046907,0.44961616682046907,0.44961616682046907,0.44961616682046907,0.44961616682046907,0.17183402838421752,0.17183402838421752,0.17183402838421752,0.17183402838421752,1.0
8900,1612.824670239,-15.848180138734381,0.15778161585330963,-0.9916961246699498,-0.2592945613153279,0.15778161585330963,4.656824111938477,-0.2592945613153279,0.15778161585330963,4.656824111938477,0.0,160.26354534241602,0.027908384263361147,-0.4981875553746312,-0.47027917111127004,0.47027917111127004,0.47027917111127004,0.47027917111127004,0.47027917111127004,0.47027917111127004,0.1672320014151596,0.1672320014151596,0.1672320014151596,0.1672320014151596,1.0
8950,1613.006933205,-14.677193724407177,0.08729754388332367,-0.9916961246699498,-0.23885699288919568,0.08729754388332367,7.133111953735352,-0.23885699288919568,0.08729754388332367,7.133111953735352,0.0,161.09365582784557,0.02561978922428193,-0.47045646930750235,-0.4448366800832204,0.4448366800832204,0.4448366800832204,0.4448366800832204,0.4448366800832204,0.4448366800832204,0.10738958675028493,0.10738958675028493,0.10738958675028493,0.10738958675028493,1.0
9000,1613.188105926,-13.769270338415723,0.0991840660572052,-0.9916961246699498,-0.22301074044778943,0.0991840660572052,9.302515029907227,-0.22301074044778943,0.0991840660572052,9.302515029907227,0.0,161.69127587621523,0.02386090294098324,-0.4814281651097764,-0.4575672621687931,0.4575672621687931,0.4575672621687931,0.4575672621687931,0.4575672621687931,0.4575672621687931,0.3081167730931006,0.3081167730931006,0.3081167730931006,0.3081167730931006,1.0
9050,1613.371838631,-12.535441061082524,0.14557722210884094,-0.9916961246699498,-0.20147635715082288,0.14557722210884094,9.360040664672852,-0.20147635715082288,0.14557722210884094,9.360040664672852,0.0,162.43871457332634,0.02149046841145746,-0.4970502739266783,-0.4755598055152208,0.4755598055152208,0.4755598055152208,0.4755598055152208,0.4755598055152208,0.4755598055152208,0.37973991258322926,0.37973991258322926,0.37973991258322926,0.37973991258322926,1.0
9100,1613.559297565,-9.786721929617395,0.2302282154560089,-0.9916961246699498,-0.1535021580941975,0.2302282154560089,6.57908296585083,-0.1535021580941975,0.2302282154560089,6.57908296585083,0.0,163.8342411534821,0.016280076849322568,-0.4998998887744403,-0.4836198119251177,0.4836198119251177,0.4836198119251177,0.4836198119251177,0.4836198119251177,0.4836198119251177,0.2422057556978247,0.2422057556978247,0.2422057556978247,0.2422057556978247,1.0
9150,1613.767827851,-6.049180090310242,0.2153511792421341,-0.9916961246699498,-0.08826974706724286,0.2153511792421341,5.832117080688477,-0.08826974706724286,0.2153511792421341,5.832117080688477,0.0,165.13018615334022,0.009312682893571934,-0.499818495242216,-0.49050581234864404,0.49050581234864404,0.49050581234864404,0.49050581234864404,0.49050581234864404,0.49050581234864404,0.11900079262036443,0.11900079262036443,0.11900079262036443,0.11900079262036443,1.0
9200,1613.998202016,-3.564078940050925,0.09714138507843018,-0.9916961246699498,-0.04489654975011945,0.09714138507843018,4.113185882568359,-0.04489654975011945,0.09714138507843018,4.113185882568359,0.0,165.6056454656466,0.004727651331666672,-0.47987880982248576,-0.47515115849081907,0.47515115849081907,0.47515115849081907,0.47515115849081907,0.47515115849081907,0.47515115849081907,0.17748543110822113,0.17748543110822113,0.17748543110822113,0.17748543110822113,1.0
9250,1614.328314309,-1.5774145797329908,0.12467561662197113,-0.9916961246699498,-0.010222715530544518,0.12467561662197113,3.011748790740967,-0.010222715530544518,0.12467561662197113,3.011748790740967,0.0,165.76307316014143,0.001075782419552114,-0.493220333841344,-0.49214455142179186,0.49214455142179186,0.49214455142179186,0.49214455142179186,0.49214455142179186,0.49214455142179186,-0.0029213154097141175,-0.0029213154097141175,-0.0029213154097141175,-0.0029213154097141175,1.0
9300,1614.411419342,-0.9536668704103228,0.08007769286632538,-0.9916961246699498,0.0006637356989085685,0.08007769286632538,3.93627667427063,0.0006637356989085685,0.08007769286632538,3.93627667427063,0.0,165.77164643327103,-6.984549747300447e-05,-0.46095105866148084,-0.46102090415895386,0.46102090415895386,0.46102090415895386,0.46102090415895386,0.46102090415895386,0.46102090415895386,-0.038210871303048385,-0.038210871303048385,-0.038210871303048385,-0.038210871303048385,1.0
9350,1614.613240383,-0.49137506803067726,0.1026325672864914,-0.9916961246699498,0.008732249755412341,0.1026325672864914,9.299981117248535,0.008732249755412341,0.1026325672864914,9.299981117248535,0.0,165.76540066738292,-0.0009189254140533918,-0.4837823206949381,-0.4847012461089915,0.4847012461089915,0.4847012461089915,0.4847012461089915,0.4847012461089915,0.4847012461089915,-0.17773478912183882,-0.17773478912183882,-0.17773478912183882,-0.17773478912183882,1.0
9400,1614.870526452,0.5301577892725088,-0.00769107136875391,-0.9916961246699498,0.02656136153265834,-0.00769107136875391,1.7941932678222656,0.02656136153265834,-0.00769107136875391,1.7941932678222656,0.0,165.71356244574474,-0.002795726821727267,0.07630980469118068,0.07351407786945341,-0.07351407786945341,-0.07351407786945341,-0.07351407786945341,-0.07351407786945341,-0.07351407786945341,-0.4454095264168226,-0.4454095264168226,-0.4454095264168226,-0.4454095264168226,1.0
9450,1615.110809949,0.8549434762295173,0.14506879448890686,-0.9916961246699498,0.03222994113340974,0.14506879448890686,9.511208534240723,0.03222994113340974,0.14506879448890686,9.511208534240723,0.0,165.68611026909707,-0.003392749066882868,-0.49698985330597995,-0.5003826023728628,0.5003826023728628,0.5003826023728628,0.5003826023728628,0.5003826023728628,0.5003826023728628,0.2467008164572715,0.2467008164572715,0.2467008164572715,0.2467008164572715,1.0
9500,1615.333981653,1.0478798317788343,0.10073182731866837,-0.9916961246699498,0.035597315784543754,0.10073182731866837,3.2404913902282715,0.035597315784543754,0.10073182731866837,3.2404913902282715,0.0,165.6672969762692,-0.003747505347578664,-0.4825236022029616,-0.48627110755054026,0.48627110755054026,0.48627110755054026,0.48627110755054026,0.48627110755054026,0.48627110755054026,0.385336397171276,0.385336397171276,0.385336397171276,0.385336397171276,1.0
9550,1615.549291202,0.6166420180691805,-0.15717186033725739,-0.9916961246699498,0.028070796076208354,-0.15717186033725739,-11.968317985534668,0.028070796076208354,-0.15717186033725739,-11.968317985534668,0.0,165.70676945275332,-0.0029546834733042977,0.4981428890491029,0.4951882055757986,-0.4951882055757986,-0.4951882055757986,-0.4951882055757986,-0.4951882055757986,-0.4951882055757986,0.21291258674908964,0.21291258674908964,0.21291258674908964,0.21291258674908964,1.0
9600,1615.756284767,-0.1032999344197249,-0.16742657124996185,-0.9916961246699498,0.01550543858204037,-0.16742657124996185,-12.520731925964355,0.01550543858204037,-0.16742657124996185,-12.520731925964355,0.0,165.75187603402483,-0.0016317804335065265,0.49876698960130267,0.49713520916779613,-0.49713520916779613,-0.49713520916779613,-0.49713520916779613,-0.49713520916779613,-0.49713520916779613,0.29988937276257865,0.29988937276257865,0.29988937276257865,0.29988937276257865,1.0
9650,1615.961144472,-0.048039615258969,0.03682931512594223,-0.9916961246699498,0.01646991309709847,0.03682931512594223,-8.40696907043457,0.01646991309709847,0.03682931512594223,-8.40696907043457,0.0,165.74933541147084,-0.0017332986485871155,-0.31353912749313767,-0.3152724261417248,0.3152724261417248,0.3152724261417248,0.3152724261417248,0.3152724261417248,0.3152724261417248,0.5694251111059532,0.5694251111059532,0.5694251111059532,0.5694251111059532,1.0
9700,1616.182068836,0.11325678275454983,0.12013938277959824,-0.9916961246699498,0.019285066314041616,0.12013938277959824,-1.2212085723876953,0.019285066314041616,0.12013938277959824,-1.2212085723876953,0.0,165.74104324766236,-0.002029633717631042,-0.4918824427004637,-0.49391207641809476,0.49391207641809476,0.49391207641809476,0.49391207641809476,0.49391207641809476,0.49391207641809476,0.19062473554228312,0.19062473554228312,0.19062473554228312,0.19062473554228312,1.0
9750,1616.374039174,-0.4872585450344223,0.12092679738998413,-0.9916961246699498,0.008804096635431052,0.12092679738998413,1.5770248174667358,0.008804096635431052,0.12092679738998413,1.5770248174667358,0.0,165.76529686817366,-0.000926486500020956,-0.4921321532569594,-0.4930586397569804,0.4930586397569804,0.4930586397569804,0.4930586397569804,0.4930586397569804,0.4930586397569804,0.09139048610980746,0.09139048610980746,0.09139048610980746,0.09139048610980746,1.0
9800,1616.57393313,-1.4632494618601086,0.17150746285915375,-0.9916961246699498,-0.008230158332735299,0.17150746285915375,4.4048566818237305,-0.008230158332735299,0.17150746285915375,4.4048566818237305,0.0,165.76610231277908,0.0008660861277212046,-0.49895249754849497,-0.49808641142077376,0.49808641142077376,0.49808641142077376,0.49808641142077376,0.49808641142077376,0.49808641142077376,0.009447012710595129,0.009447012710595129,0.009447012710595129,0.009447012710595129,1.0
9850,1616.773997546,-1.329171994679112,0.14871491491794586,-0.9916961246699498,-0.005890065077692269,0.14871491491794586,8.092511177062988,-0.005890065077692269,0.14871491491794586,8.092511177062988,0.0,165.7688245352041,0.000619823795542622,-0.4973972916369139,-0.4967774678413713,0.4967774678413713,0.4967774678413713,0.4967774678413713,0.4967774678413713,0.4967774678413713,-0.07823935137586834,-0.07823935137586834,-0.07823935137586834,-0.07823935137586834,1.0
9900,1616.852735933,-1.4964823875970403,-0.03252185136079788,-0.9916961246699498,-0.00881018230691552,-0.03252185136079788,-10.178576469421387,-0.00881018230691552,-0.03252185136079788,-10.178576469421387,0.0,165.76528803696104,0.0009271269497727234,0.2859820482207181,0.2869091751704908,-0.2869091751704908,-0.2869091751704908,-0.2869091751704908,-0.2869091751704908,-0.2869091751704908,0.24701283160719045,0.24701283160719045,0.24701283160719045,0.24701283160719045,1.0
9950,1616.989274781,-1.0709124035988808,-0.11911538988351822,-0.9916961246699498,-0.0013825848884880532,-0.11911538988351822,-9.584118843078613,-0.0013825848884880532,-0.11911538988351822,-9.584118843078613,0.0,165.77152524406026,0.00014549070724315986,0.49154591580754703,0.4916914065147902,-0.4916914065147902,-0.4916914065147902,-0.4916914065147902,-0.4916914065147902,-0.4916914065147902,-0.1690955968230307,-0.1690955968230307,-0.1690955968230307,-0.1690955968230307,1.0
10000,1617.200128073,-1.0100024841279995,-0.08336575329303741,-0.9916961246699498,-0.0003195062465965737,-0.08336575329303741,-0.9303631782531738,-0.0003195062465965737,-0.08336575329303741,-0.9303631782531738,0.0,165.77167431765054,3.362192252283871e-05,0.4655979081645268,0.4656315300870496,-0.4656315300870496,-0.4656315300870496,-0.4656315300870496,-0.4656315300870496,-0.4656315300870496,0.17671951773373615,0.17671951773373615,0.17671951773373615,0.17671951773373615,1.0
10050,1617.39909269,-1.0367840827504426,0.181446373462677,-0.9916961246699498,-0.0007869333215057839,0.181446373462677,7.9360456466674805,-0.0007869333215057839,0.181446373462677,7.9360456466674805,0.0,165.77163170935924,8.280969767599351e-05,-0.4992958782724101,-0.49921306857473413,0.49921306857473413,0.49921306857473413,0.49921306857473413,0.49921306857473413,0.49921306857473413,-0.19661077011410796,-0.19661077011410796,-0.19661077011410796,-0.19661077011410796,1.0
10100,1617.607569755,-1.0368077749691262,0.07726278901100159,-0.9916961246699498,-0.0007873468287289132,0.07726278901100159,11.11637020111084,-0.0007873468287289132,0.07726278901100159,11.11637020111084,0.0,165.77163165572804,8.285321142896117e-05,-0.45649965505606716,-0.4564168018446382,0.4564168018446382,0.4564168018446382,0.4564168018446382,0.4564168018446382,0.4564168018446382,-0.27323261624499856,-0.27323261624499856,-0.27323261624499856,-0.27323261624499856,1.0
10150,1617.803670131,-1.3291166061138115,0.04398211091756821,-0.9916961246699498,-0.005889098364859818,0.04398211091756821,10.917198181152344,-0.005889098364859818,0.04398211091756821,10.917198181152344,0.0,165.7688254733319,0.0006197220640101185,-0.35312001829779877,-0.35250029623378865,0.35250029623378865,0.35250029623378865,0.35250029623378865,0.35250029623378865,0.35250029623378865,-0.3471873929260747,-0.3471873929260747,-0.3471873929260747,-0.3471873929260747,1.0
10200,1617.997008414,-2.145015145870392,-0.07063539326190948,-0.9916961246699498,-0.020129214245826005,-0.07063539326190948,1.6581714153289795,-0.020129214245826005,-0.07063539326190948,1.6581714153289795,0.0,165.73830232601296,0.002118498342823167,0.4440338896576791,0.4461523880005023,-0.4461523880005023,-0.4461523880005023,-0.4461523880005023,-0.4461523880005023,-0.4461523880005023,-0.5873234387774138,-0.5873234387774138,-0.5873234387774138,-0.5873234387774138,1.0
10250,1618.267411033,-4.206049700800893,-0.00833205133676529,-0.9916961246699498,-0.05610105322673917,-0.00833205133676529,1.5320719480514526,-0.05610105322673917,-0.00833205133676529,1.5320719480514526,0.0,165.5124554484971,0.005909707946265742,0.08255773606168268,0.08846744400794843,-0.08846744400794843,-0.08846744400794843,-0.08846744400794843,-0.08846744400794843,-0.08846744400794843,-0.5280891285815448,-0.5280891285815448,-0.5280891285815448,-0.5280891285815448,1.0
10300,1618.529343189,-6.009286236028666,-0.006289131008088589,-0.9916961246699498,-0.08757346795871854,-0.006289131008088589,6.481199741363525,-0.08757346795871854,-0.006289131008088589,6.481199741363525,0.0,165.14026015173323,0.009238848681915305,0.06256172230825062,0.07180057099016593,-0.07180057099016593,-0.07180057099016593,-0.07180057099016593,-0.07180057099016593,-0.07180057099016593,0.040181569982870084,0.040181569982870084,0.040181569982870084,0.040181569982870084,1.0
10350,1618.783101027,-6.440742028822379,0.08143080770969391,-0.9916961246699498,-0.09510379211977125,0.08143080770969391,2.9055731296539307,-0.09510379211977125,0.08143080770969391,2.9055731296539307,0.0,165.02708640859655,0.010037862583399422,-0.46293212762269853,-0.4528942650392991,0.4528942650392991,0.4528942650392991,0.4528942650392991,0.4528942650392991,0.4528942650392991,0.2777268513341119,0.2777268513341119,0.2777268513341119,0.2777268513341119,1.0
10400,1619.029763959,-4.8412466214415,0.1469847410917282,-0.9916961246699498,-0.0671873308904469,0.1469847410917282,7.6003851890563965,-0.0671873308904469,0.1469847410917282,7.6003851890563965,0.0,165.39992159753695,0.007080742757063572,-0.4972113069461234,-0.49013056418905987,0.49013056418905987,0.49013056418905987,0.49013056418905987,0.49013056418905987,0.49013056418905987,0.3858583622682714,0.3858583622682714,0.3858583622682714,0.3858583622682714,1.0
10450,1619.269513241,-4.886198657690293,-0.1548672467470169,-0.9916961246699498,-0.06797189192846417,-0.1548672467470169,-10.806670188903809,-0.06797189192846417,-0.1548672467470169,-10.806670188903809,0.0,165.39119199698428,0.00716367757636379,0.4979639182467945,0.5051275958231582,-0.5051275958231582,-0.5051275958231582,-0.5051275958231582,-0.5051275958231582,-0.5051275958231582,0.20569823624715938,0.20569823624715938,0.20569823624715938,0.20569823624715938,1.0
10500,1619.492718316,-5.008697246680826,0.01930309645831585,-0.9916961246699498,-0.07010989563539624,0.01930309645831585,1.4508562088012695,-0.07010989563539624,0.01930309645831585,1.4508562088012695,0.0,165.36688942282925,0.007389727734619838,-0.18398014776688879,-0.17659042003226894,0.17659042003226894,0.17659042003226894,0.17659042003226894,0.17659042003226894,0.17659042003226894,0.09031905704188418,0.09031905704188418,0.09031905704188418,0.09031905704188418,1.0
10550,1619.689349186,-5.179484846216525,-0.039641402661800385,-0.9916961246699498,-0.07309070156887174,-0.039641402661800385,-9.199007034301758,-0.07309070156887174,-0.039641402661800385,-9.199007034301758,0.0,165.33175281653575,0.007704999725139067,0.3300040696706977,0.3377090693958367,-0.3377090693958367,-0.3377090693958367,-0.3377090693958367,-0.3377090693958367,-0.3377090693958367,-0.2902283930551513,-0.2902283930551513,-0.2902283930551513,-0.2902283930551513,1.0
10600,1619.883841028,-4.9000127152866435,0.08134040236473083,-0.9916961246699498,-0.06821299271658063,0.08134040236473083,12.015484809875488,-0.06821299271658063,0.08134040236473083,12.015484809875488,0.0,165.38848900686125,0.0071891657528030655,-0.46280283474377065,-0.4556136689909676,0.4556136689909676,0.4556136689909676,0.4556136689909676,0.4556136689909676,0.4556136689909676,-0.1907550535425233,-0.1907550535425233,-0.1907550535425233,-0.1907550535425233,1.0
10650,1620.08951176,-3.6500471160392904,0.1384982466697693,-0.9916961246699498,-0.046396977473050355,0.1384982466697693,18.040311813354492,-0.046396977473050355,0.1384982466697693,18.040311813354492,0.0,165.59436422719966,0.004885869140586572,-0.4960885572342759,-0.49120268809368933,0.49120268809368933,0.49120268809368933,0.49120268809368933,0.49120268809368933,0.49120268809368933,-0.06897020467876493,-0.06897020467876493,-0.06897020467876493,-0.06897020467876493,1.0
10700,1620.293529588,-3.1305508251743484,-0.04768892750144005,-0.9916961246699498,-0.037330056745558976,-0.04768892750144005,-3.0710408687591553,-0.037330056745558976,-0.04768892750144005,-3.0710408687591553,0.0,165.6568886597241,0.0039300836919339,0.3707444519305236,0.37467453562245745,-0.37467453562245745,-0.37467453562245745,-0.37467453562245745,-0.37467453562245745,-0.37467453562245745,0.26061104749080666,0.26061104749080666,0.26061104749080666,0.26061104749080666,1.0
10750,1620.498407663,-3.160014980593314,-0.11598089337348938,-0.9916961246699498,-0.037844303268939256,-0.11598089337348938,-7.394890785217285,-0.037844303268939256,-0.11598089337348938,-7.394890785217285,0.0,165.65370452515432,0.00398427413589316,0.49042743810116385,0.494411712237057,-0.494411712237057,-0.494411712237057,-0.494411712237057,-0.494411712237057,-0.494411712237057,0.25421624829895906,0.25421624829895906,0.25421624829895906,0.25421624829895906,1.0
10800,1620.734998562,-3.095849835652687,0.049196235835552216,-0.9916961246699498,-0.03672441022470593,0.049196235835552216,2.538443088531494,-0.03672441022470593,0.049196235835552216,2.538443088531494,0.0,165.6605828887794,0.003866264311133426,-0.37737993350262167,-0.37351366919148826,0.37351366919148826,0.37351366919148826,0.37351366919148826,0.37351366919148826,0.37351366919148826,0.05600253747836452,0.05600253747836452,0.05600253747836452,0.05600253747836452,1.0
10850,1620.940603628,-2.150964240637473,0.19553609192371368,-0.9916961246699498,-0.020233045537024735,0.19553609192371368,9.744291305541992,-0.020233045537024735,0.19553609192371368,9.744291305541992,0.0,165.737957081465,0.0021294290112389737,-0.49959911848127486,-0.4974696894700359,0.4974696894700359,0.4974696894700359,0.4974696894700359,0.4974696894700359,0.4974696894700359,-0.10619537848711186,-0.10619537848711186,-0.10619537848711186,-0.10619537848711186,1.0
10900,1621.12851078,-1.4994063488920406,0.19753290712833405,-0.9916961246699498,-0.00886121505871415,0.19753290712833405,5.806760311126709,-0.00886121505871415,0.19753290712833405,5.806760311126709,0.0,165.76521374072536,0.0009324975862968091,-0.4996298811813765,-0.4986973835950797,0.4986973835950797,0.4986973835950797,0.4986973835950797,0.4986973835950797,0.4986973835950797,-0.11169951622191264,-0.11169951622191264,-0.11169951622191264,-0.11169951622191264,1.0
10950,1621.387833915,-1.125214968821421,-0.09797673672437668,-0.9916961246699498,-0.002330343443900349,-0.09797673672437668,-8.342765808105469,-0.002330343443900349,-0.09797673672437668,-8.342765808105469,0.0,165.77123533179088,0.0002452245158261986,0.48052715613831126,0.48077238065413747,-0.48077238065413747,-0.48077238065413747,-0.48077238065413747,-0.48077238065413747,-0.48077238065413747,0.02305796893828292,0.02305796893828292,0.02305796893828292,0.02305796893828292,1.0
11000,1621.709110049,-0.07186589641523207,-0.1187276691198349,-0.9916961246699498,0.0160540660424158,-0.1187276691198349,-6.435380458831787,0.0160540660424158,-0.1187276691198349,-6.435380458831787,0.0,165.75044963093282,-0.0016895272294813004,0.4914149152572899,0.48972538802780863,-0.48972538802780863,-0.48972538802780863,-0.48972538802780863,-0.48972538802780863,-0.48972538802780863,0.1951390454373282,0.1951390454373282,0.1951390454373282,0.1951390454373282,1.0
11050,1621.977015423,0.16398119596586275,0.14187122881412506,-0.9916961246699498,0.020170374335721136,0.14187122881412506,9.877461433410645,0.020170374335721136,0.14187122881412506,9.877461433410645,0.0,165.73816567900724,-0.0021228313981628004,-0.4965805462606389,-0.49870337765880174,0.49870337765880174,0.49870337765880174,0.49870337765880174,0.49870337765880174,0.49870337765880174,-0.15710951870703965,-0.15710951870703965,-0.15710951870703965,-0.15710951870703965,1.0
11100,1622.304525123,0.4623679483167207,0.002726413309574127,-0.9916961246699498,0.025378205608576537,0.002726413309574127,1.231194019317627,0.025378205608576537,0.002726413309574127,1.231194019317627,0.0,165.71862470107737,-0.0026711390291525067,-0.027237143423550367,-0.029908282452702873,0.029908282452702873,0.029908282452702873,0.029908282452702873,0.029908282452702873,0.029908282452702873,0.23617268382854736,0.23617268382854736,0.23617268382854736,0.23617268382854736,1.0
11150,1622.619575542,1.1241568231085979,-0.011190297082066536,-0.9916961246699498,0.0369286004267633,-0.011190297082066536,-1.5913317203521729,0.0369286004267633,-0.011190297082066536,-1.5913317203521729,0.0,165.65934414976962,-0.00388778032739195,0.11007128800994458,0.10618350768255262,-0.10618350768255262,-0.10618350768255262,-0.10618350768255262,-0.10618350768255262,-0.10618350768255262,0.37274127581125843,0.37274127581125843,0.37274127581125843,0.37274127581125843,1.0
11200,1622.847328354,1.276953597648778,0.08696915209293365,-0.9916961246699498,0.039595407228916885,0.08696915209293365,2.8543894290924072,0.039595407228916885,0.08696915209293365,2.8543894290924072,0.0,165.64253538723952,-0.004168818416757966,-0.47007752392618535,-0.47424634234294333,0.47424634234294333,0.47424634234294333,0.47424634234294333,0.47424634234294333,0.47424634234294333,0.6252855954119189,0.6252855954119189,0.6252855954119189,0.6252855954119189,1.0
