tick,time_s,euler_roll_deg,gyro_roll_rad_s,roll_offset_deg,roll_rad,rolldot_rad_s,vel_roll_raw_rad_s,roll_f_rad,rolldot_f_rad_s,vel_roll_f_rad_s,tau_fb_roll_nm,denom_roll,tau_ff_roll_g_nm,tau_ff_roll_f_nm,tau_ff_roll_nm,tau_roll_total_nm,tau_motor1_raw_nm,tau_motor1_sat_nm,tau_motor1_ramped_nm,tau_motor1_final_nm,tau_motor2_raw_nm,tau_motor2_sat_nm,tau_motor2_ramped_nm,tau_motor2_final_nm,ramp_scale
50,1016.695685766,-2.9016122757056295,0.07030174881219864,1.2248177989498505,-0.07201979115605354,0.07030174881219864,-0.0016049090772867203,-0.07201979115605354,0.07030174881219864,-0.0016049090772867203,0.5793052552523534,165.3445443735727,0.007591716946469735,0.01604358128673429,0.023635298233204025,-0.6029405534855574,-0.6029405534855574,-0.6029405534855574,-0.02006631684009571,-0.02006631684009571,-0.11241404683428621,-0.11241404683428621,-0.0037412243512463922,-0.0037412243512463922,0.0332807549999643
100,1016.795570753,-2.549712605373522,0.05764924734830856,1.2248177989498505,-0.06587798327207565,0.05764924734830856,-0.05637152120471001,-0.06587798327207565,0.05764924734830856,-0.05637152120471001,0.5507149447897934,165.41426499131822,0.0069423527757188075,0.4050689979565751,0.4120113507322939,-0.9627262955220873,-0.9627262955220873,-0.9627262955220873,-0.06410772194994589,-0.06410772194994589,-0.18598987789472884,-0.18598987789472884,-0.012385023067343976,-0.012385023067343976,0.06658976933332876
150,1016.89532998,-2.207998241197784,0.056290384382009506,1.2248177989498505,-0.05991394251585007,0.056290384382009506,-0.5162152051925659,-0.05991394251585007,0.056290384382009506,-0.5162152051925659,0.47925952265635025,165.47603233583106,0.00631228297017696,0.4999999989224848,0.5063122818926618,-0.985571804549012,-0.985571804549012,-0.985571804549012,-0.09841448476967245,-0.09841448476967245,-0.5973687410314058,-0.5973687410314058,-0.05965038426907443,-0.05965038426907443,0.09985521533330181
200,1016.995763636,-1.9256670357700179,0.009354356676340103,1.2248177989498505,-0.054986333400011064,0.009354356676340103,0.36147305369377136,-0.054986333400011064,0.009354356676340103,0.36147305369377136,0.5262345306242987,165.522652149961,0.005792045643184585,-0.4999994745036925,-0.4942074288605079,-0.03202710176379081,-0.03202710176379081,-0.03202710176379081,-0.004269417734644886,-0.004269417734644886,-0.587774311277531,-0.587774311277531,-0.07835407921219123,-0.07835407921219123,0.13330640299996807
250,1017.095464233,-1.7095645461858686,0.02975468896329403,1.2248177989498505,-0.05121463343501091,0.02975468896329403,-0.3737308382987976,-0.05121463343501091,0.02975468896329403,-0.3737308382987976,0.458244398154115,165.5556369472198,0.005394034823614544,0.49999967816725566,0.5053937129908702,-0.9636381111449852,-0.9636381111449852,-0.9636381111449852,-0.16048786933957498,-0.16048786933957498,-0.6984323076455452,-0.6984323076455452,-0.11631951002723624,-0.11631951002723624,0.16654371333330195
300,1017.195494591,-1.5563916843545147,0.03333894908428192,1.2248177989498505,-0.048541262671351434,0.03333894908428192,-0.6323542594909668,-0.048541262671351434,0.03333894908428192,-0.6323542594909668,0.4214834502023137,165.57759885845175,0.005112018832184302,0.4999999999896514,0.5051120188218357,-0.9265954690241494,-0.9265954690241494,-0.9265954690241494,-0.18521955861066913,-0.18521955861066913,-0.732949296882397,-0.732949296882397,-0.14651112571868158,-0.14651112571868158,0.19989257966665264
350,1017.295364133,-1.3838939762053735,0.019537286832928658,1.2248177989498505,-0.04553060971200466,0.019537286832928658,-1.1273927688598633,-0.04553060971200466,0.019537286832928658,-1.1273927688598633,0.41586594317212444,165.60092338049867,0.0047945093652569494,0.5,0.5047945093652569,-0.9206604525373814,-0.9206604525373814,-0.9206604525373814,-0.21465837880279937,-0.21465837880279937,-0.7374356553643358,-0.7374356553643358,-0.1719382447846166,-0.1719382447846166,0.23315694533331074
400,1017.395511213,-1.330934396928387,0.037332646548748016,1.2248177989498505,-0.04460629068315029,0.037332646548748016,0.5196232795715332,-0.04460629068315029,0.037332646548748016,0.5196232795715332,0.36469606688006356,165.60778505399233,0.0046970464188646035,-0.4999999990598025,-0.49530295264093793,0.13060688576087437,0.13060688576087437,0.13060688576087437,0.03481450895125249,0.03481450895125249,-0.5913223250045218,-0.5913223250045218,-0.15762259590690308,-0.15762259590690308,0.2665595213333063
450,1017.583067716,-0.611548617939055,0.08668122440576553,1.2248177989498505,-0.032050640247762205,0.08668122440576553,1.1927260160446167,-0.032050640247762205,0.08668122440576553,1.1927260160446167,0.13931301399517865,165.68705964900866,0.003373861750591815,-0.5,-0.4966261382494082,0.35731312425422956,0.35731312425422956,0.35731312425422956,0.11755598167191136,0.11755598167191136,-0.46416544994550235,-0.46416544994550235,-0.15271038599663772,-0.15271038599663772,0.328999898666666
500,1017.74764773,0.18595759642464324,0.0350390188395977,1.2248177989498505,-0.018131531001999976,0.0350390188395977,0.8273136019706726,-0.018131531001999976,0.0350390188395977,0.8273136019706726,0.10217611398064386,165.74459892551576,0.001908204064878977,-0.4999999999999957,-0.49809179593511677,0.3959156819544729,0.3959156819544729,0.3959156819544729,0.15194205043450548,0.15194205043450548,-0.10841073583437844,-0.10841073583437844,-0.041605195860069874,-0.041605195860069874,0.38377376133329716
550,1017.910763091,0.15010097091192745,-0.04636223241686821,1.2248177989498505,-0.018757347175851466,-0.04636223241686821,0.7633628249168396,-0.018757347175851466,-0.04636223241686821,0.7633628249168396,0.276223035282946,165.74269710214125,0.0019740814556111277,-0.49999999999994515,-0.49802591854433403,0.22180288326138803,0.22180288326138803,0.22180288326138803,0.0972036031855974,0.0972036031855974,-0.14818294174956814,-0.14818294174956814,-0.06494016514530578,-0.06494016514530578,0.43824319033330994
600,1018.06895023,-0.3606388440142863,-0.06296060979366302,1.2248177989498505,-0.027671438567340376,-0.06296060979366302,0.2909165024757385,-0.027671438567340376,-0.06296060979366302,0.2909165024757385,0.39947695368717506,165.70860321311167,0.002912626367267207,-0.4999911639351676,-0.49707853756790044,0.09760158388072537,0.09760158388072537,0.09760158388072537,0.04791571930538212,0.04791571930538212,-0.47764476853362,-0.47764476853362,-0.23449099642388974,-0.23449099642388974,0.4909317799999826
650,1018.226225625,-0.6100273533839934,0.12380331009626389,1.2248177989498505,-0.03202408917248249,0.12380331009626389,-0.9472566843032837,-0.03202408917248249,0.12380331009626389,-0.9472566843032837,0.09174616534127186,165.68719978419037,0.0033710649140347606,0.49999999999999994,0.5033710649140347,-0.5951172302553066,-0.5951172302553066,-0.5951172302553066,-0.3233826975833955,-0.3233826975833955,-1.1013249153738696,-1.1013249153738696,-0.5984525467303607,-0.5984525467303607,0.5433932696666565
700,1018.377706758,0.07952622037366582,0.07072386890649796,1.2248177989498505,-0.019989108941517772,0.07072386890649796,0.051090434193611145,-0.019989108941517772,0.07072386890649796,0.051090434193611145,0.05278593177992816,165.73876536846197,0.002103749059069033,-0.385301098828751,-0.383197349769682,0.3304114179897538,0.3304114179897538,0.3304114179897538,0.19626035809510678,0.19626035809510678,-0.6951102491766039,-0.6951102491766039,-0.4128870220314532,-0.4128870220314532,0.5939878206666359
750,1018.433681014,0.3263489465032951,0.04408090189099312,1.2248177989498505,-0.0156812397018075,0.04408090189099312,6.54553747177124,-0.0156812397018075,0.04408090189099312,6.54553747177124,0.049167873882590196,165.75142435935288,0.0016502845971919377,-0.5,-0.49834971540280804,0.44918184152021784,0.44918184152021784,0.44918184152021784,0.275192945778077,0.275192945778077,-0.3605630192147961,-0.3605630192147961,-0.22090029076095458,-0.22090029076095458,0.6126537636666475
800,1018.489039693,0.4792271497049864,-0.08913009613752365,1.2248177989498505,-0.01301301170140505,-0.08913009613752365,1.5190422534942627,-0.01301301170140505,-0.08913009613752365,1.5190422534942627,0.25151013147853524,165.7577318321989,0.001369447188463648,-0.5,-0.49863055281153634,0.2471204213330011,0.2471204213330011,0.2471204213330011,0.15595948170082416,0.15595948170082416,0.16385863676178408,0.16385863676178408,0.10341236844661665,0.10341236844661665,0.631107218333303
850,1018.552953976,0.19634137827334022,-0.10995568335056305,1.2248177989498505,-0.01795029981993139,-0.10995568335056305,2.2644591331481934,-0.01795029981993139,-0.10995568335056305,2.2644591331481934,0.4046736473487963,165.7451376299009,0.0018891267969265836,-0.5,-0.4981108732030734,0.0934372258542771,0.0934372258542771,0.0934372258542771,0.06095041381620793,0.06095041381620793,0.006761681323237997,0.006761681323237997,0.004410739627345381,0.004410739627345381,0.6523140349999798
900,1018.7237829,-0.6935859133383724,-0.04302236810326576,1.2248177989498505,-0.03348246116191149,-0.04302236810326576,0.78950035572052,-0.03348246116191149,-0.04302236810326576,0.78950035572052,0.4328814698454664,165.67933063219996,0.003524693959961591,-0.49999999999998074,-0.49647530604001916,0.06359383619455278,0.06359383619455278,0.06359383619455278,0.04510464769445949,0.04510464769445949,-0.4351760940018847,-0.4351760940018847,-0.30865356738279764,-0.30865356738279764,0.7092613119999669
950,1018.882593967,-0.8590505009939576,-0.06631872802972794,1.2248177989498505,-0.03637036301195622,-0.06631872802972794,0.28385454416275024,-0.03637036301195622,-0.06631872802972794,0.28385454416275024,0.4819186825019907,165.66271447741195,0.003828958255820043,-0.499988279762234,-0.49615932150641395,0.014240639004423239,0.014240639004423239,0.014240639004423239,0.010852698340420124,0.010852698340420124,-0.12297715166337413,-0.12297715166337413,-0.09372008723429812,-0.09372008723429812,0.7620934943333092
1000,1019.053663892,-1.1805769604172536,0.17551720142364502,1.2248177989498505,-0.04198205836117268,0.17551720142364502,-8.217737197875977,-0.04198205836117268,0.17551720142364502,-8.217737197875977,0.11817719066362076,165.6264995663434,0.004420382436438706,0.5,0.5044203824364387,-0.6225975731000595,-0.6225975731000595,-0.6225975731000595,-0.5100365440863736,-0.5100365440863736,-0.7635308293796239,-0.7635308293796239,-0.6254901116641516,-0.6254901116641516,0.8192074079999733
1050,1019.218007571,0.5706505657669294,0.04859021306037903,1.2248177989498505,-0.011417372077703478,0.04859021306037903,-3.4890432357788086,-0.011417372077703478,0.04859021306037903,-3.4890432357788086,-0.010205662440748275,165.76094332414124,0.0012015117720576658,0.5,0.5012015117720576,-0.49099584933130935,-0.49099584933130935,-0.49099584933130935,-0.42915490328652317,-0.42915490328652317,-0.6150268109857975,-0.6150268109857975,-0.5375641605661082,-0.5375641605661082,0.8740499616666663
1100,1019.283457693,0.643852157701189,-0.0446937270462513,1.2248177989498505,-0.010139763280749323,-0.0446937270462513,-3.288616180419922,-0.010139763280749323,-0.0446937270462513,-3.288616180419922,0.18612182577969671,165.76321231676823,0.0010670523851342222,0.5,0.5010670523851343,-0.687188878164831,-0.687188878164831,-0.687188878164831,-0.6156242326280085,-0.6156242326280085,-0.8281598543081771,-0.8281598543081771,-0.7419143280713928,-0.7419143280713928,0.8958588419999766
1150,1019.34008771,0.7544228351624991,0.0382855162024498,1.2248177989498505,-0.008209940902888777,0.0382855162024498,-3.3894548416137695,-0.008209940902888777,0.0382855162024498,-3.3894548416137695,0.008839678371482904,165.76612969559267,0.0008639584874613319,0.5,0.5008639584874613,-0.5097036368589443,-0.5097036368589443,-0.5097036368589443,-0.46626723185246327,-0.46626723185246327,-0.9455569210316908,-0.9455569210316908,-0.8649775599902081,-0.8649775599902081,0.9147810573333194
1200,1019.460080397,0.8802293701454333,0.07176775485277176,1.2248177989498505,-0.006014202646911146,0.07176775485277176,-2.2278196811676025,-0.006014202646911146,0.07176775485277176,-2.2278196811676025,-0.08857264430906225,165.76870278885707,0.0006328873590124772,0.5,0.5006328873590125,-0.4120602430499502,-0.4120602430499502,-0.4120602430499502,-0.3933809654587014,-0.3933809654587014,-0.6668610319296321,-0.6668610319296321,-0.6366312717421387,-0.6366312717421387,0.9546685759999795
1250,1019.633434699,1.2820076174694701,0.06591293215751648,1.2248177989498505,0.0009981506317853946,0.06591293215751648,-0.9531187415122986,0.0009981506317853946,0.06591293215751648,-0.9531187415122986,-0.1289017568107634,165.7716006465538,-0.00010503629734395592,0.5,0.49989496370265607,-0.37099320689189264,-0.37099320689189264,-0.37099320689189264,-0.37099320689189264,-0.37099320689189264,-0.7188298379458695,-0.7188298379458695,-0.7188298379458695,-0.7188298379458695,1.0
1300,1019.789962979,1.4356896485591073,-0.1711665838956833,1.2248177989498505,0.0036804080754518492,-0.1711665838956833,3.9912500381469727,0.0036804080754518492,-0.1711665838956833,3.9912500381469727,0.2380176439229479,165.7705667797339,-0.00038729428914687446,-0.5,-0.5003872942891469,0.26236965036619897,0.26236965036619897,0.26236965036619897,0.26236965036619897,0.26236965036619897,0.3491817911178449,0.3491817911178449,0.3491817911178449,0.3491817911178449,1.0
1350,1019.957347316,0.2865353736248941,-0.06960583478212357,1.2248177989498505,-0.016376117635518314,-0.06960583478212357,2.5336406230926514,-0.016376117635518314,-0.06960583478212357,2.5336406230926514,0.3074390820205284,165.74958921507096,0.0017234258317145369,-0.5,-0.49827657416828547,0.19083749214775708,0.19083749214775708,0.19083749214775708,0.19083749214775708,0.19083749214775708,0.07427534039502962,0.07427534039502962,0.07427534039502962,0.07427534039502962,1.0
1400,1020.024207406,-0.0070830187273522895,-0.045653652399778366,1.2248177989498505,-0.02150072532647755,-0.045653652399778366,1.3739829063415527,-0.02150072532647755,-0.045653652399778366,1.3739829063415527,0.31456081129021096,165.73359877035628,0.0022628856569446502,-0.5,-0.49773711434305534,0.18317630305284438,0.18317630305284438,0.18317630305284438,0.18317630305284438,0.18317630305284438,0.03896562229194786,0.03896562229194786,0.03896562229194786,0.03896562229194786,1.0
1450,1020.080866071,-0.1192577309304275,-0.004258675966411829,1.2248177989498505,-0.023458543391898276,-0.004258675966411829,1.479233741760254,-0.023458543391898276,-0.004258675966411829,1.479233741760254,0.24200318575624633,165.72634761008769,0.002469011830098299,-0.5,-0.4975309881699017,0.25552780241365536,0.25552780241365536,0.25552780241365536,0.25552780241365536,0.25552780241365536,0.074329838295852,0.074329838295852,0.074329838295852,0.074329838295852,1.0
1500,1020.231294255,-0.20999927533370633,-0.02071533352136612,1.2248177989498505,-0.025042282110080125,-0.02071533352136612,1.318172574043274,-0.025042282110080125,-0.02071533352136612,1.318172574043274,0.306637862176682,165.72001995740933,0.002635767232990754,-0.5,-0.49736423276700925,0.19072637059032727,0.19072637059032727,0.19072637059032727,0.19072637059032727,0.19072637059032727,-0.002576752931015877,-0.002576752931015877,-0.002576752931015877,-0.002576752931015877,1.0
1550,1020.397679477,-0.36540922422143773,-0.008922504261136055,1.2248177989498505,-0.027754697408527138,-0.008922504261136055,0.8122172951698303,-0.027754697408527138,-0.008922504261136055,0.8122172951698303,0.30256949151501283,165.70822307452661,0.0029213944392305,-0.49999999999999223,-0.4970786055607617,0.1945091140457489,0.1945091140457489,0.1945091140457489,0.1945091140457489,0.1945091140457489,0.11272249676469029,0.11272249676469029,0.11272249676469029,0.11272249676469029,1.0
1600,1020.568607307,-0.5394668035027073,0.004403712227940559,1.2248177989498505,-0.030792575255036356,0.004403712227940559,0.42156413197517395,-0.030792575255036356,0.004403712227940559,0.42156413197517395,0.3033201611330283,165.6935720714189,0.003241344845061646,-0.499999952501387,-0.49675860765632535,0.19343844652329706,0.19343844652329706,0.19343844652329706,0.19343844652329706,0.19343844652329706,0.0848673246447664,0.0848673246447664,0.0848673246447664,0.0848673246447664,1.0
1650,1020.780439505,-0.4542092339922876,0.030170364305377007,1.2248177989498505,-0.029304549954831602,0.030170364305377007,0.22851964831352234,-0.029304549954831602,0.030170364305377007,0.22851964831352234,0.23741047623096503,165.7009384018671,0.0030846184257444062,-0.4998928084492256,-0.4968081900234812,0.2593977137925162,0.2593977137925162,0.2593977137925162,0.2593977137925162,0.2593977137925162,0.1539993822512597,0.1539993822512597,0.1539993822512597,0.1539993822512597,1.0
1700,1020.883203241,-0.2599568397281266,0.13072367012500763,1.2248177989498505,-0.025914206095039846,0.13072367012500763,-6.954909324645996,-0.025914206095039846,0.13072367012500763,-6.954909324645996,0.037772244743959627,165.71635993542176,0.0027275796084939453,0.5,0.5027275796084939,-0.5404998243524535,-0.5404998243524535,-0.5404998243524535,-0.5404998243524535,-0.5404998243524535,-0.7197967079552234,-0.7197967079552234,-0.7197967079552234,-0.7197967079552234,1.0
1750,1020.942955361,0.41479466689137695,0.2763822674751282,1.2248177989498505,-0.014137570671737196,0.2763822674751282,6.122143745422363,-0.014137570671737196,0.2763822674751282,6.122143745422363,-0.41103213184822196,165.75521646957856,0.0014878071371741707,-0.5,-0.49851219286282583,0.9095443247110477,0.9095443247110477,0.9095443247110477,0.9095443247110477,0.9095443247110477,-0.22082870570832736,-0.22082870570832736,-0.22082870570832736,-0.22082870570832736,1.0
1800,1020.999020283,1.2237122730685286,0.1999671906232834,1.2248177989498505,-1.929506659507918e-05,0.1999671906232834,7.328914642333984,-1.929506659507918e-05,0.1999671906232834,7.328914642333984,-0.38397528745640697,165.7716826972744,2.0304367105415124e-06,-0.5,-0.49999796956328946,0.8839732570196964,0.8839732570196964,0.8839732570196964,0.8839732570196964,0.8839732570196964,0.7108158077117674,0.7108158077117674,0.7108158077117674,0.7108158077117674,1.0
1850,1021.141748995,1.0379159731619607,-0.023349981755018234,1.2248177989498505,-0.00326205223798752,-0.023349981755018234,4.292550086975098,-0.00326205223798752,-0.023349981755018234,4.292550086975098,0.059619859850218136,165.77080606223802,0.00034326981267015377,-0.5,-0.49965673018732987,0.44003687033711175,0.44003687033711175,0.44003687033711175,0.44003687033711175,0.44003687033711175,0.17889702370810384,0.17889702370810384,0.17889702370810384,0.17889702370810384,1.0
1900,1021.303115902,0.7806564178257545,0.009881457313895226,1.2248177989498505,-0.007752078510820867,0.009881457313895226,4.089201927185059,-0.007752078510820867,0.009881457313895226,4.089201927185059,0.060809353044487695,165.76673179856968,0.0008157741858718611,-0.5,-0.49918422581412814,0.43837487276964043,0.43837487276964043,0.43837487276964043,0.43837487276964043,0.43837487276964043,0.09126063986112953,0.09126063986112953,0.09126063986112953,0.09126063986112953,1.0
1950,1021.459794903,0.993714510669929,0.016391253098845482,1.2248177989498505,-0.004033513292670252,0.016391253098845482,3.852311372756958,-0.004033513292670252,0.016391253098845482,3.852311372756958,0.0185691099609435,165.77034237560457,0.00042445240770788256,-0.5,-0.4995755475922921,0.4810064376313486,0.4810064376313486,0.4810064376313486,0.4810064376313486,0.4810064376313486,0.10999042716729641,0.10999042716729641,0.10999042716729641,0.10999042716729641,1.0
2000,1021.624162968,1.3346454308035254,-0.0051372419111430645,1.2248177989498505,0.0019168537855148299,-0.0051372419111430645,4.3439226150512695,0.0019168537855148299,-0.0051372419111430645,4.3439226150512695,-0.024389822527364623,165.77138001539973,-0.0002017124428649208,-0.5,-0.5002017124428649,0.5245915349702296,0.5245915349702296,0.5245915349702296,0.5245915349702296,0.5245915349702296,0.21877060426705203,0.21877060426705203,0.21877060426705203,0.21877060426705203,1.0
2050,1021.750278157,1.3120224568902679,0.03007652424275875,1.2248177989498505,0.0015220084041357024,0.03007652424275875,5.936144828796387,0.0015220084041357024,0.03007652424275875,5.936144828796387,-0.07284261112556949,165.7714918803925,-0.00016016239625710736,-0.5,-0.5001601623962572,0.5730027735218266,0.5730027735218266,0.5730027735218266,0.5730027735218266,0.5730027735218266,0.32559612426280427,0.32559612426280427,0.32559612426280427,0.32559612426280427,1.0
2100,1021.808171752,1.4191029610465544,0.0014069308526813984,1.2248177989498505,0.003390915766358374,0.0014069308526813984,5.645995140075684,0.003390915766358374,0.0014069308526813984,5.645995140075684,-0.04093777073927106,165.77073543093255,-0.0003568303830259369,-0.5,-0.5003568303830259,0.541294601122297,0.541294601122297,0.541294601122297,0.541294601122297,0.541294601122297,0.6305213433685881,0.6305213433685881,0.6305213433685881,0.6305213433685881,1.0
2150,1021.918605829,1.3881010525689839,-0.016105782240629196,1.2248177989498505,0.0028498303890228255,-0.016105782240629196,4.778263092041016,0.0028498303890228255,-0.016105782240629196,4.778263092041016,-0.009115712734784662,165.7710136290498,-0.0002998909454177465,-0.5,-0.5002998909454177,0.5094156036802023,0.5094156036802023,0.5094156036802023,0.5094156036802023,0.5094156036802023,0.5390270078785537,0.5390270078785537,0.5390270078785537,0.5390270078785537,1.0
2200,1022.083793342,1.3207253985533336,0.03198770433664322,1.2248177989498505,0.0016739033907651885,0.03198770433664322,6.038333892822266,0.0016739033907651885,0.03198770433664322,6.038333892822266,-0.061424130274271106,165.77145188678125,-0.0001761464788424986,-0.5,-0.5001761464788425,0.5616002767531135,0.5616002767531135,0.5616002767531135,0.5616002767531135,0.5616002767531135,0.45765742358095685,0.45765742358095685,0.45765742358095685,0.45765742358095685,1.0
2250,1022.269508872,1.1181901192600627,-0.03052966669201851,1.2248177989498505,-0.0018610040843486803,-0.03052966669201851,6.408941745758057,-0.0018610040843486803,-0.03052966669201851,6.408941745758057,0.07850371776713434,165.77139739816204,0.0001958353092498929,-0.5,-0.4998041646907501,0.4213004469236158,0.4213004469236158,0.4213004469236158,0.4213004469236158,0.4213004469236158,0.2949373519388744,0.2949373519388744,0.2949373519388744,0.2949373519388744,1.0
2300,1022.469437396,1.1432888233040384,0.027526358142495155,1.2248177989498505,-0.0014229490607976895,0.027526358142495155,6.785450458526611,-0.0014229490607976895,0.027526358142495155,6.785450458526611,-0.01869870045249026,165.77151591443888,0.00014973827263285383,-0.5,-0.49985026172736713,0.5185489621798574,0.5185489621798574,0.5185489621798574,0.5185489621798574,0.5185489621798574,0.36955981753172773,0.36955981753172773,0.36955981753172773,0.36955981753172773,1.0
2350,1022.684435733,1.1860006642267726,-0.00477403961122036,1.2248177989498505,-0.0006774868071079236,-0.00477403961122036,8.189889907836914,-0.0006774868071079236,-0.00477403961122036,8.189889907836914,0.012080016004301274,165.77164491380472,7.129253924406595e-05,-0.5,-0.49992870746075596,0.4878486914564547,0.4878486914564547,0.4878486914564547,0.4878486914564547,0.4878486914564547,0.254320781769249,0.254320781769249,0.254320781769249,0.254320781769249,1.0
2400,1022.77874003,1.0806231183296406,-0.01302666962146759,1.2248177989498505,-0.00251667194068432,-0.01302666962146759,9.767401695251465,-0.00251667194068432,-0.01302666962146759,9.767401695251465,0.0015320661657901163,165.77116092615475,0.0002648321404609754,-0.5,-0.49973516785953903,0.49820310169374893,0.49820310169374893,0.49820310169374893,0.49820310169374893,0.49820310169374893,0.19955648249633084,0.19955648249633084,0.19955648249633084,0.19955648249633084,1.0
2450,1022.837183571,1.1036469389698131,-0.00041824381332844496,1.2248177989498505,-0.0021148304641246812,-0.00041824381332844496,6.7383270263671875,-0.0021148304641246812,-0.00041824381332844496,6.7383270263671875,0.024386686929379,165.77131425675825,0.00022254578562977203,-0.5,-0.49977745421437025,0.47539076728499124,0.47539076728499124,0.47539076728499124,0.47539076728499124,0.47539076728499124,0.5472669308228015,0.5472669308228015,0.5472669308228015,0.5472669308228015,1.0
2500,1022.951684107,1.0766925579057098,0.045965321362018585,1.2248177989498505,-0.0025852731615304964,0.045965321362018585,9.033625602722168,-0.0025852731615304964,0.045965321362018585,9.033625602722168,-0.04708156051954954,165.77113209116933,0.00027205115340263737,-0.5,-0.4997279488465974,0.5468095093661469,0.5468095093661469,0.5468095093661469,0.5468095093661469,0.5468095093661469,0.14702301918004557,0.14702301918004557,0.14702301918004557,0.14702301918004557,1.0
2550,1023.136634134,1.09061920690166,-0.009658761322498322,1.2248177989498505,-0.0023422072827816026,-0.009658761322498322,8.634050369262695,-0.0023422072827816026,-0.009658761322498322,8.634050369262695,0.030961229538331553,165.77123076478622,0.00024647296470626563,-0.5,-0.49975352703529374,0.46879229749696216,0.46879229749696216,0.46879229749696216,0.46879229749696216,0.46879229749696216,0.10399861646194332,0.10399861646194332,0.10399861646194332,0.10399861646194332,1.0
2600,1023.293990858,1.1960884267440581,-0.0009539080783724785,1.2248177989498505,-0.0005014221370220201,-0.0009539080783724785,9.036748886108398,-0.0005014221370220201,-0.0009539080783724785,9.036748886108398,0.009371929122338182,165.77166201415614,5.276509380773724e-05,-0.5,-0.49994723490619225,0.49057530578385405,0.49057530578385405,0.49057530578385405,0.49057530578385405,0.49057530578385405,0.5298985413101576,0.5298985413101576,0.5298985413101576,0.5298985413101576,1.0
2650,1023.485608759,1.2749280196730461,-0.01997961290180683,1.2248177989498505,0.0008745883405208606,-0.01997961290180683,9.971528053283691,0.0008745883405208606,-0.01997961290180683,9.971528053283691,0.014850526060425556,165.77161971062796,-9.203371819999335e-05,-0.5,-0.5000920337182,0.4852415076577744,0.4852415076577744,0.4852415076577744,0.4852415076577744,0.4852415076577744,0.5432197799338739,0.5432197799338739,0.5432197799338739,0.5432197799338739,1.0
2700,1023.662255552,1.3181829673565022,0.01258920319378376,1.2248177989498505,0.0016295295953750628,0.01258920319378376,11.262024879455566,0.0016295295953750628,0.01258920319378376,11.262024879455566,-0.04238705270050519,165.7714639633751,-0.00017147697297243802,-0.5,-0.5001714769729725,0.5425585296734776,0.5425585296734776,0.5425585296734776,0.5425585296734776,0.5425585296734776,0.6926871412105258,0.6926871412105258,0.6926871412105258,0.6926871412105258,1.0
2750,1023.818197382,1.1854670556978653,-0.017443982884287834,1.2248177989498505,-0.0006868000328540819,-0.017443982884287834,9.996851921081543,-0.0006868000328540819,-0.017443982884287834,9.996851921081543,0.04372349192611626,165.7716438670176,7.227257857550473e-05,-0.5,-0.4999277274214245,0.45620423549530825,0.45620423549530825,0.45620423549530825,0.45620423549530825,0.45620423549530825,0.4791567455414753,0.4791567455414753,0.4791567455414753,0.4791567455414753,1.0
2800,1023.884854563,1.137417421938766,0.0021628313697874546,1.2248177989498505,-0.0015254243463277833,0.0021628313697874546,12.891069412231445,-0.0015254243463277833,0.0021628313697874546,12.891069412231445,0.005658355507060906,165.77149102276823,0.0001605218596645143,-0.5,-0.49983947814033547,0.49418112263327457,0.49418112263327457,0.49418112263327457,0.49418112263327457,0.49418112263327457,0.0841904393002645,0.0841904393002645,0.0841904393002645,0.0841904393002645,1.0
2850,1024.08301108,1.255280233473564,0.005204589106142521,1.2248177989498505,0.0005316697806119937,0.005204589106142521,11.735320091247559,0.0005316697806119937,0.005204589106142521,11.735320091247559,-0.01948830961196666,165.77165943971437,-5.594808060312425e-05,-0.5,-0.5000559480806032,0.5195442576925698,0.5195442576925698,0.5195442576925698,0.5195442576925698,0.5195442576925698,0.33522773872866185,0.33522773872866185,0.33522773872866185,0.33522773872866185,1.0
2900,1024.268441514,1.266201385791297,0.002793098334223032,1.2248177989498505,0.0007222798466682452,0.002793098334223032,13.193321228027344,0.0007222798466682452,0.002793098334223032,13.193321228027344,-0.010327823890830383,165.7716397482291,-7.600615220844713e-05,-0.5,-0.5000760061522085,0.5104038300430389,0.5104038300430389,0.5104038300430389,0.5104038300430389,0.5104038300430389,0.563886469633309,0.563886469633309,0.563886469633309,0.563886469633309,1.0
2950,1024.48929574,1.2982799028367906,-0.008012722246348858,1.2248177989498505,0.001282155588269232,-0.008012722246348858,14.350114822387695,0.001282155588269232,-0.008012722246348858,14.350114822387695,0.009766838312410216,165.77154729198958,-0.0001349224256652877,-0.5,-0.5001349224256653,0.49036808411325505,0.49036808411325505,0.49036808411325505,0.49036808411325505,0.49036808411325505,0.5527249233835355,0.5527249233835355,0.5527249233835355,0.5527249233835355,1.0
3000,1024.658249486,1.240339621550984,0.022593121975660324,1.2248177989498505,0.00027090691030025316,0.022593121975660324,15.504424095153809,0.00027090691030025316,0.022593121975660324,15.504424095153809,-0.06913162087761847,165.7716766816041,-2.850777147461482e-05,-0.5,-0.5000285077714746,0.569160128649093,0.569160128649093,0.569160128649093,0.569160128649093,0.569160128649093,0.5272684628715579,0.5272684628715579,0.5272684628715579,0.5272684628715579,1.0
3050,1024.824678501,1.258427349855353,-0.005231895949691534,1.2248177989498505,0.0005865973234176619,-0.005231895949691534,14.964919090270996,0.0005865973234176619,-0.005231895949691534,14.964919090270996,0.0013543421422633553,165.77165437927437,-6.172815569890998e-05,-0.5,-0.5000617281556989,0.49870738601343556,0.49870738601343556,0.49870738601343556,0.49870738601343556,0.49870738601343556,0.321539808900131,0.321539808900131,0.321539808900131,0.321539808900131,1.0
3100,1025.024295282,0.6220237802483274,-0.015295339748263359,1.2248177989498505,-0.010520740337669851,-0.015295339748263359,10.055177688598633,-0.010520740337669851,-0.015295339748263359,10.055177688598633,0.18082198648229467,165.76256385469486,0.0011071471738778294,-0.5,-0.49889285282612217,0.31807086634382753,0.31807086634382753,0.31807086634382753,0.31807086634382753,0.31807086634382753,0.15342408199360189,0.15342408199360189,0.15342408199360189,0.15342408199360189,1.0
3150,1025.186234669,0.9983529561683081,-0.12110217660665512,1.2248177989498505,-0.0039525571465492265,-0.12110217660665512,8.071486473083496,-0.0039525571465492265,-0.12110217660665512,8.071486473083496,0.21740194606281396,165.77039563967955,0.0004159331871356415,-0.5,-0.4995840668128644,0.28218212075005045,0.28218212075005045,0.28218212075005045,0.28218212075005045,0.28218212075005045,0.2821787692977206,0.2821787692977206,0.2821787692977206,0.2821787692977206,1.0
3200,1025.388720126,0.5171453717691353,0.07031724601984024,1.2248177989498505,-0.012351213879883291,0.07031724601984024,6.187664985656738,-0.012351213879883291,0.07031724601984024,6.187664985656738,0.012625571494942145,165.75911472294942,0.0012997945224660435,-0.5,-0.49870020547753396,0.4860746339825918,0.4860746339825918,0.4860746339825918,0.4860746339825918,0.4860746339825918,0.11548113282001789,0.11548113282001789,0.11548113282001789,0.11548113282001789,1.0
3250,1025.607437954,0.2465701225221512,-0.04855244606733322,1.2248177989498505,-0.017073642853647472,-0.04855244606733322,1.291110873222351,-0.017073642853647472,-0.04855244606733322,1.291110873222351,0.2746935251561516,165.74766707403154,0.0017968473724748275,-0.5,-0.4982031526275252,0.2235096274713736,0.2235096274713736,0.2235096274713736,0.2235096274713736,0.2235096274713736,0.18523038249629759,0.18523038249629759,0.18523038249629759,0.18523038249629759,1.0
3300,1025.79437217,-0.335874552435377,-0.11143322288990021,1.2248177989498505,-0.027239220142364504,-0.11143322288990021,0.8169097900390625,-0.027239220142364504,-0.11143322288990021,0.8169097900390625,0.4950415878515976,165.7105582634544,0.002867109652828577,-0.49999999999999356,-0.49713289034716496,0.002091302495567382,0.002091302495567382,0.002091302495567382,0.002091302495567382,0.002091302495567382,0.1100094291722164,0.1100094291722164,0.1100094291722164,0.1100094291722164,1.0
3350,1025.948382511,-0.9971363287223997,0.11509861797094345,1.2248177989498505,-0.03878041535615921,0.11509861797094345,-9.811881065368652,-0.03878041535615921,0.11509861797094345,-9.811881065368652,0.22645058354696418,165.6477964901422,0.00408292545997737,0.5,0.5040829254599773,-0.7305335090069416,-0.7305335090069416,-0.7305335090069416,-0.7305335090069416,-0.7305335090069416,-0.9186648397430126,-0.9186648397430126,-0.9186648397430126,-0.9186648397430126,1.0
3400,1026.005200619,-0.456850329406114,0.2071346640586853,1.2248177989498505,-0.029350645765662195,0.2071346640586853,-5.077725410461426,-0.029350645765662195,0.2071346640586853,-5.077725410461426,-0.12007294119062906,165.70071568235335,0.003089473264908585,0.5,0.5030894732649086,-0.38301653207427955,-0.38301653207427955,-0.38301653207427955,-0.38301653207427955,-0.38301653207427955,-0.7965629578411471,-0.7965629578411471,-0.7965629578411471,-0.7965629578411471,1.0
3450,1026.079433456,0.12400636659002598,0.10239719599485397,1.2248177989498505,-0.01921278393827379,0.10239719599485397,-6.692934513092041,-0.01921278393827379,0.10239719599485397,-6.692934513092041,-0.04028214808532596,165.74127248991059,0.002022024586602092,0.5,0.5020220245866021,-0.4617398765012761,-0.4617398765012761,-0.4617398765012761,-0.4617398765012761,-0.4617398765012761,-0.6993972374980354,-0.6993972374980354,-0.6993972374980354,-0.6993972374980354,1.0
3500,1026.245020226,1.1672977920102794,0.1273936778306961,1.2248177989498505,-0.001003913506865503,0.1273936778306961,-2.5680766105651855,-0.001003913506865503,0.1273936778306961,-2.5680766105651855,-0.20289600738065508,165.77159969601533,0.00010564273032417288,0.5,0.5001056427303242,-0.29720963534966915,-0.29720963534966915,-0.29720963534966915,-0.29720963534966915,-0.29720963534966915,-0.17232653153999944,-0.17232653153999944,-0.17232653153999944,-0.17232653153999944,1.0
3550,1026.401689519,1.5778509647879313,0.015066757798194885,1.2248177989498505,0.006161591112613676,0.015066757798194885,-1.023829460144043,0.006161591112613676,0.015066757798194885,-1.023829460144043,-0.06389206449854629,165.76855494248252,-0.0006483977456615988,0.5,0.4993516022543384,-0.4354595377557921,-0.4354595377557921,-0.4354595377557921,-0.4354595377557921,-0.4354595377557921,-0.3577075015821666,-0.3577075015821666,-0.3577075015821666,-0.3577075015821666,1.0
3600,1026.566598453,1.0959778104706523,-0.17018301784992218,1.2248177989498505,-0.002248682007193567,-0.17018301784992218,4.454953193664551,-0.002248682007193567,-0.17018301784992218,4.454953193664551,0.38156516886146497,165.77126613828491,0.00023663116687541638,-0.5,-0.4997633688331246,0.11819819997165965,0.11819819997165965,0.11819819997165965,0.11819819997165965,0.11819819997165965,0.49273013195846116,0.49273013195846116,0.49273013195846116,0.49273013195846116,1.0
3650,1026.720224458,-0.020345692794439936,-0.10954394936561584,1.2248177989498505,-0.0217322026565671,-0.10954394936561584,2.0676236152648926,-0.0217322026565671,-0.10954394936561584,2.0676236152648926,0.426208515734235,165.73277436297514,0.002287255501229486,-0.5,-0.4977127444987705,0.0715042287645355,0.0715042287645355,0.0715042287645355,0.0715042287645355,0.0715042287645355,-0.2183783402821039,-0.2183783402821039,-0.2183783402821039,-0.2183783402821039,1.0
3700,1026.89596993,-1.1760473710587716,0.11091433465480804,1.2248177989498505,-0.04190300211310387,0.11091433465480804,-4.383740425109863,-0.04190300211310387,0.11091433465480804,-4.383740425109863,0.3500400020130146,165.6270457592574,0.004412048759074448,0.5,0.5044120487590744,-0.854452050772089,-0.854452050772089,-0.854452050772089,-0.854452050772089,-0.854452050772089,-1.002622700629344,-1.002622700629344,-1.002622700629344,-1.002622700629344,1.0
3750,1026.96056014,-0.7242951375378374,0.15826712548732758,1.2248177989498505,-0.03401843823492527,0.15826712548732758,-4.144941806793213,-0.03401843823492527,0.15826712548732758,-4.144941806793213,0.052086825778887236,165.67635056611564,0.003581159009840302,0.5,0.5035811590098404,-0.5556679847887276,-0.5556679847887276,-0.5556679847887276,-0.5556679847887276,-0.5556679847887276,-1.0103099414681105,-1.0103099414681105,-1.0103099414681105,-1.0103099414681105,1.0
3800,1027.026101056,-0.23379166567827717,0.1567939817905426,1.2248177989498505,-0.025457537658512594,0.1567939817905426,-2.5950610637664795,-0.025457537658512594,0.1567939817905426,-2.5950610637664795,-0.042006028047168464,165.7182924826864,0.0026794925570362794,0.5,0.5026794925570363,-0.4606734645098678,-0.4606734645098678,-0.4606734645098678,-0.4606734645098678,-0.4606734645098678,-0.7293443637223531,-0.7293443637223531,-0.7293443637223531,-0.7293443637223531,1.0
3850,1027.173232057,0.9332927362812922,0.08405378460884094,1.2248177989498505,-0.005088072195649149,0.08405378460884094,-2.0561728477478027,-0.005088072195649149,0.08405378460884094,-2.0561728477478027,-0.13487741387302593,165.76954988845125,0.0005354268597794994,0.5,0.5005354268597795,-0.36565801298675354,-0.36565801298675354,-0.36565801298675354,-0.36565801298675354,-0.36565801298675354,-0.6419576358472512,-0.6419576358472512,-0.6419576358472512,-0.6419576358472512,1.0
3900,1027.333272269,1.6434035986254227,-0.07114499807357788,1.2248177989498505,0.00730570040643215,-0.07114499807357788,10.09884262084961,0.00730570040643215,-0.07114499807357788,10.09884262084961,-0.09836859295431202,165.76728554670237,-0.0007687987886850229,-0.5,-0.5007687987886851,0.5991373917429971,0.5991373917429971,0.5991373917429971,0.5991373917429971,0.5991373917429971,0.24101028972832012,0.24101028972832012,0.24101028972832012,0.24101028972832012,1.0
3950,1027.508315849,0.19558432117295307,-0.1753358542919159,1.2248177989498505,-0.017963512958958747,-0.1753358542919159,3.089963912963867,-0.017963512958958747,-0.1753358542919159,3.089963912963867,0.5080749494396694,165.74509853710248,0.0018905176714696932,-0.5,-0.4981094823285303,-0.009965467111139048,-0.009965467111139048,-0.009965467111139048,-0.009965467111139048,-0.009965467111139048,-0.09879537201996937,-0.09879537201996937,-0.09879537201996937,-0.09879537201996937,1.0
4000,1027.697353497,-1.2158597966788354,-0.13442416489124298,1.2248177989498505,-0.04259786002337933,-0.13442416489124298,1.7568116188049316,-0.04259786002337933,-0.13442416489124298,1.7568116188049316,0.6641870698467705,165.62220982374436,0.004485298765915171,-0.5,-0.4955147012340848,-0.16867236861268564,-0.16867236861268564,-0.16867236861268564,-0.16867236861268564,-0.16867236861268564,-0.1742902941785765,-0.1742902941785765,-0.1742902941785765,-0.1742902941785765,1.0
4050,1027.87692987,-2.4774054480554164,-0.1913721114397049,1.2248177989498505,-0.0646159853041172,-0.1913721114397049,2.9838364124298096,-0.0646159853041172,-0.1913721114397049,2.9838364124298096,1.003336492985248,165.4278229235643,0.0068089897870858285,-0.5,-0.49319101021291417,-0.5101454827723337,-0.5101454827723337,-0.5101454827723337,-0.5101454827723337,-0.5101454827723337,-0.556203556846024,-0.556203556846024,-0.556203556846024,-0.556203556846024,1.0
4100,1027.946361967,-3.2452305551125087,-0.13915026187896729,1.2248177989498505,-0.07801706150174141,-0.13915026187896729,2.3306472301483154,-0.07801706150174141,-0.13915026187896729,2.3306472301483154,1.0537007399125156,165.27048226462193,0.00822634953454762,-0.5,-0.4917736504654524,-0.5619270894470632,-0.5619270894470632,-0.5619270894470632,-0.5619270894470632,-0.5619270894470632,-0.9836949249866911,-0.9836949249866911,-0.9836949249866911,-0.9836949249866911,1.0
4150,1028.00859826,-3.591519225041451,-0.09856440126895905,1.2248177989498505,-0.08406093895435333,-0.09856440126895905,-3.598115921020508,-0.08406093895435333,-0.09856440126895905,-3.598115921020508,1.0510584486838628,165.18986720531822,0.008866511088533865,0.5,0.5088665110885339,-1.5599249597723968,-1.5599249597723968,-1.5599249597723968,-1.5599249597723968,-1.5599249597723968,-1.1667987168323655,-1.1667987168323655,-1.1667987168323655,-1.1667987168323655,1.0
4200,1028.169905866,-2.3485204187475106,0.33513060212135315,1.2248177989498505,-0.06236651718616486,0.33513060212135315,-8.106939315795898,-0.06236651718616486,0.33513060212135315,-8.106939315795898,-0.04074071077420238,165.4513400574023,0.006571328074414271,0.5,0.5065713280744143,-0.4658306173002119,-0.4658306173002119,-0.4658306173002119,-0.4658306173002119,-0.4658306173002119,-1.309923057687586,-1.309923057687586,-1.309923057687586,-1.309923057687586,1.0
4250,1028.325473377,0.8076234987728458,0.23117199540138245,1.2248177989498505,-0.007281414158642294,0.23117199540138245,14.997429847717285,-0.007281414158642294,0.23117199540138245,14.997429847717285,-0.4819621783125678,165.76731473296903,0.0007662429908925648,-0.5,-0.49923375700910744,0.9811959353216753,0.9811959353216753,0.9811959353216753,0.9811959353216753,0.9811959353216753,-0.6672335056199695,-0.6672335056199695,-0.6672335056199695,-0.6672335056199695,1.0
4300,1028.484718863,0.5332234236319338,-0.3082127571105957,1.2248177989498505,-0.01207059893757105,-0.3082127571105957,6.099660873413086,-0.01207059893757105,-0.3082127571105957,6.099660873413086,0.6433801080660434,165.7596793094349,0.0012702608032023753,-0.5,-0.49872973919679764,-0.14465036886924576,-0.14465036886924576,-0.14465036886924576,-0.14465036886924576,-0.14465036886924576,0.33879235173291683,0.33879235173291683,0.33879235173291683,0.33879235173291683,1.0
4350,1028.675720498,-2.234469279656403,-0.14975130558013916,1.2248177989498505,-0.060375949293375024,-0.14975130558013916,3.018303155899048,-0.060375949293375024,-0.14975130558013916,3.018303155899048,0.9549018091541905,165.47145652365597,0.0063610750434130265,-0.5,-0.49363892495658696,-0.4612628841976036,-0.4612628841976036,-0.4612628841976036,-0.4612628841976036,-0.4612628841976036,-0.8735248654817258,-0.8735248654817258,-0.8735248654817258,-0.8735248654817258,1.0
4400,1028.841086988,-3.402607718543123,0.03932034969329834,1.2248177989498505,-0.08076381117105486,0.03932034969329834,2.0528931617736816,-0.08076381117105486,0.03932034969329834,2.0528931617736816,0.7803229958930079,165.23458896374603,0.008517205444991852,-0.5,-0.49148279455500815,-0.28884020133799976,-0.28884020133799976,-0.28884020133799976,-0.28884020133799976,-0.28884020133799976,-0.08953301641588086,-0.08953301641588086,-0.08953301641588086,-0.08953301641588086,1.0
4450,1028.905604382,-3.532977033335037,-0.011633215472102165,1.2248177989498505,-0.08303918495774269,-0.011633215472102165,-2.009418487548828,-0.08303918495774269,-0.011633215472102165,-2.009418487548828,0.8542092206159361,165.20391701004715,0.008758243801655978,0.5,0.508758243801656,-1.3629674644175922,-1.3629674644175922,-1.3629674644175922,-1.3629674644175922,-1.3629674644175922,-0.2369376257407249,-0.2369376257407249,-0.2369376257407249,-0.2369376257407249,1.0
4500,1028.97195706,-3.7720932049973093,0.1854126900434494,1.2248177989498505,-0.08721254944801331,0.1854126900434494,-11.044804573059082,-0.08721254944801331,0.1854126900434494,-11.044804573059082,0.6466907506312451,165.14545072658382,0.009200580005928964,0.5,0.5092005800059289,-1.155891330637174,-1.155891330637174,-1.155891330637174,-1.155891330637174,-1.155891330637174,-1.0152550327413672,-1.0152550327413672,-1.0152550327413672,-1.0152550327413672,1.0
4550,1029.065725741,-2.1252154946835833,0.3979141414165497,1.2248177989498505,-0.05846911102533341,0.3979141414165497,-8.60262680053711,-0.05846911102533341,0.3979141414165497,-8.60262680053711,-0.23812478399568904,165.49011567533003,0.006159712962406952,0.5,0.5061597129624069,-0.2680349289667179,-0.2680349289667179,-0.2680349289667179,-0.2680349289667179,-0.2680349289667179,-0.48230912798228914,-0.48230912798228914,-0.48230912798228914,-0.48230912798228914,1.0
4600,1029.250187613,0.8752841531037855,0.10936115682125092,1.2248177989498505,-0.006100512966513634,0.10936115682125092,-4.167125701904297,-0.006100512966513634,0.10936115682125092,-4.167125701904297,-0.24638887607154325,165.76861664469044,0.0006419701995783185,0.5,0.5006419701995783,-0.2542530941280351,-0.2542530941280351,-0.2542530941280351,-0.2542530941280351,-0.2542530941280351,0.16119340901086238,0.16119340901086238,0.16119340901086238,0.16119340901086238,1.0
4650,1029.437548216,1.7215728725203974,0.10609753429889679,1.2248177989498505,0.008670011609792708,0.10609753429889679,-2.2884490489959717,0.008670011609792708,0.10609753429889679,-2.2884490489959717,-0.3041536369459974,165.7654898970829,-0.0009123755482395009,0.5,0.4990876244517605,-0.19493398750576313,-0.19493398750576313,-0.19493398750576313,-0.19493398750576313,-0.19493398750576313,-0.5744174259451955,-0.5744174259451955,-0.5744174259451955,-0.5744174259451955,1.0
4700,1029.597319648,2.163864760432335,0.021253276616334915,1.2248177989498505,0.016389461308717733,0.021253276616334915,-0.9566628932952881,0.016389461308717733,0.021253276616334915,-0.9566628932952881,-0.20474010009021604,165.74955319650672,-0.0017248303716283098,0.5,0.4982751696283717,-0.29353506953815567,-0.29353506953815567,-0.29353506953815567,-0.29353506953815567,-0.29353506953815567,-0.4914719490512679,-0.4914719490512679,-0.4914719490512679,-0.4914719490512679,1.0
4750,1029.772914135,1.8189782002739492,-0.08493461459875107,1.2248177989498505,0.010370055288076399,-0.08493461459875107,4.831287384033203,0.010370055288076399,-0.08493461459875107,4.831287384033203,0.08848618244992301,165.7628231948876,-0.0010912887399320487,-0.5,-0.501091288739932,0.412605106290009,0.412605106290009,0.412605106290009,0.412605106290009,0.412605106290009,0.3666247426300191,0.3666247426300191,0.3666247426300191,0.3666247426300191,1.0
4800,1029.841257116,1.553995461894604,-0.03732897341251373,1.2248177989498505,0.0057452340424060805,-0.03732897341251373,4.056183815002441,0.0057452340424060805,-0.03732897341251373,4.056183815002441,0.011465212399871735,165.7689633671206,-0.0006045825880102178,-0.5,-0.5006045825880102,0.48913937018813847,0.48913937018813847,0.48913937018813847,0.48913937018813847,0.48913937018813847,0.3034670613354761,0.3034670613354761,0.3034670613354761,0.3034670613354761,1.0
4850,1029.910283118,1.3846289685930901,0.012731721624732018,1.2248177989498505,0.0027892310917377455,0.012731721624732018,3.4681830406188965,0.0027892310917377455,0.012731721624732018,3.4681830406188965,-0.03723703073700353,165.7710417821628,-0.00029351397819804537,-0.5,-0.500293513978198,0.5375305447152016,0.5375305447152016,0.5375305447152016,0.5375305447152016,0.5375305447152016,0.42850777771035886,0.42850777771035886,0.42850777771035886,0.42850777771035886,1.0
4900,1030.065325756,1.570698155901341,0.009172969497740269,1.2248177989498505,0.00603675104677677,0.009172969497740269,4.109130859375,0.00603675104677677,0.009172969497740269,4.109130859375,-0.0744211150754761,165.7686804023107,-0.0006352602321942732,-0.5,-0.5006352602321943,0.5750563753076704,0.5750563753076704,0.5750563753076704,0.5750563753076704,0.5750563753076704,0.5128079222989705,0.5128079222989705,0.5128079222989705,0.5128079222989705,1.0
4950,1030.224259759,1.4587326791063204,-0.013602723367512226,1.2248177989498505,0.00408258482813835,-0.013602723367512226,4.619269847869873,0.00408258482813835,-0.013602723367512226,4.619269847869873,-0.010820792776691034,165.77030956393529,-0.0004296163325141072,-0.5,-0.5004296163325141,0.5112504091092052,0.5112504091092052,0.5112504091092052,0.5112504091092052,0.5112504091092052,0.5004650417134255,0.5004650417134255,0.5004650417134255,0.5004650417134255,1.0
5000,1030.387026052,1.3274216519825905,0.0018395902588963509,1.2248177989498505,0.0017907750606536849,0.0018395902588963509,5.920467853546143,0.0017907750606536849,0.0018395902588963509,5.920467853546143,-0.023308313147002338,165.771418526896,-0.00018844502332946813,-0.5,-0.5001884450233295,0.5234967581703318,0.5234967581703318,0.5234967581703318,0.5234967581703318,0.5234967581703318,0.5458157480247379,0.5458157480247379,0.5458157480247379,0.5458157480247379,1.0
5050,1030.549723475,1.2969663720820326,0.04283161461353302,1.2248177989498505,0.0012592301517724974,0.04283161461353302,6.287906646728516,0.0012592301517724974,0.04283161461353302,6.287906646728516,-0.07584376938114841,165.77155209198327,-0.00013250995809927437,-0.5,-0.5001325099580993,0.5759762793392478,0.5759762793392478,0.5759762793392478,0.5759762793392478,0.5759762793392478,0.7640876868828705,0.7640876868828705,0.7640876868828705,0.7640876868828705,1.0
5100,1030.709814482,1.4188576078449628,-0.011604517698287964,1.2248177989498505,0.003386633545160292,-0.011604517698287964,6.089738845825195,0.003386633545160292,-0.011604517698287964,6.089738845825195,-0.06428164474804039,165.7707378220094,-0.00035637975602106746,-0.5,-0.5003563797560211,0.5646380245040615,0.5646380245040615,0.5646380245040615,0.5646380245040615,0.5646380245040615,0.804710053120532,0.804710053120532,0.804710053120532,0.804710053120532,1.0
5150,1030.862402369,1.1265102501644904,-0.03672683238983154,1.2248177989498505,-0.0017157904058694856,-0.03672683238983154,4.761996746063232,-0.0017157904058694856,-0.03672683238983154,4.761996746063232,0.04303620525247126,165.77144018930278,0.00018055429857398135,-0.5,-0.499819445701426,0.45678324044895474,0.45678324044895474,0.45678324044895474,0.45678324044895474,0.45678324044895474,0.4332935277317213,0.4332935277317213,0.4332935277317213,0.4332935277317213,1.0
5200,1030.918150695,1.0348096244717802,0.00925397127866745,1.2248177989498505,-0.0033162682503461854,0.00925397127866745,5.549710750579834,-0.0033162682503461854,0.00925397127866745,5.549710750579834,0.014509151563117256,165.77077667935555,0.0003489750721688696,-0.5,-0.49965102492783114,0.48514187336471387,0.48514187336471387,0.48514187336471387,0.48514187336471387,0.48514187336471387,0.4271143038315579,0.4271143038315579,0.4271143038315579,0.4271143038315579,1.0
5250,1030.973528371,1.0270820124778512,-0.0019854591228067875,1.2248177989498505,-0.0034511405229568463,-0.0019854591228067875,5.180594444274902,-0.0034511405229568463,-0.0019854591228067875,5.180594444274902,0.03093261694292785,165.7707014829922,0.00036316796026554206,-0.5,-0.49963683203973447,0.4687042150968066,0.4687042150968066,0.4687042150968066,0.4687042150968066,0.4687042150968066,0.8849900210524801,0.8849900210524801,0.8849900210524801,0.8849900210524801,1.0
5300,1031.138981026,1.227424267439019,0.0756709948182106,1.2248177989498505,4.549145698547544e-05,0.0756709948182106,4.82538366317749,4.549145698547544e-05,0.0756709948182106,4.82538366317749,-0.15716208652273742,165.77168255745138,-4.787105754517979e-06,-0.5,-0.5000047871057545,0.6571668736284919,0.6571668736284919,0.6571668736284919,0.6571668736284919,0.6571668736284919,0.9917690642710992,0.9917690642710992,0.9917690642710992,0.9917690642710992,1.0
5350,1031.297866546,1.3532532139801672,-0.07517067342996597,1.2248177989498505,0.002241620868444441,-0.07517067342996597,4.84723424911499,0.002241620868444441,-0.07517067342996597,4.84723424911499,0.1203640889396688,165.77126875046187,-0.00023588811336596247,-0.5,-0.500235888113366,0.3798717991736972,0.3798717991736972,0.3798717991736972,0.3798717991736972,0.3798717991736972,0.3603394883884079,0.3603394883884079,0.3603394883884079,0.3603394883884079,1.0
5400,1031.462376789,0.9368122046945528,-0.008800860494375229,1.2248177989498505,-0.00502664588391781,-0.008800860494375229,4.6460065841674805,-0.00502664588391781,-0.008800860494375229,4.6460065841674805,0.08473578906066587,165.76960107536578,0.0005289627515093568,-0.5,-0.4994710372484906,0.41473524818782476,0.41473524818782476,0.41473524818782476,0.41473524818782476,0.41473524818782476,0.4041126351587886,0.4041126351587886,0.4041126351587886,0.4041126351587886,1.0
5450,1031.623180223,0.9660288724778112,-0.11426326632499695,1.2248177989498505,-0.004516718834638597,-0.11426326632499695,2.664113759994507,-0.004516718834638597,-0.11426326632499695,2.664113759994507,0.2532368180315081,165.77000199793056,0.0004753014708399458,-0.5,-0.49952469852916004,0.24628788049765193,0.24628788049765193,0.24628788049765193,0.24628788049765193,0.24628788049765193,0.24036287133140155,0.24036287133140155,0.24036287133140155,0.24036287133140155,1.0
5500,1031.784682993,0.8123223487566972,-0.03996266797184944,1.2248177989498505,-0.007199403755366804,-0.03996266797184944,2.383848190307617,-0.007199403755366804,-0.03996266797184944,2.383848190307617,0.15317307064529645,165.76741257170355,0.0007576125161842473,-0.5,-0.4992423874838158,0.3460693168385193,0.3460693168385193,0.3460693168385193,0.3460693168385193,0.3460693168385193,-0.03213686304794812,-0.03213686304794812,-0.03213686304794812,-0.03213686304794812,1.0
5550,1031.841126636,0.8145732696141866,-0.04262838512659073,1.2248177989498505,-0.007160117775201799,-0.04262838512659073,3.2903871536254883,-0.007160117775201799,-0.04262838512659073,3.2903871536254883,0.15501450113725174,165.7674590474541,0.0007534782069908734,-0.5,-0.4992465217930091,0.34423202065575736,0.34423202065575736,0.34423202065575736,0.34423202065575736,0.34423202065575736,0.0017174938724224958,0.0017174938724224958,0.0017174938724224958,0.0017174938724224958,1.0
5600,1031.895187825,0.6975539330810324,-0.09583447873592377,1.2248177989498505,-0.009202490486204626,-0.09583447873592377,0.5642815828323364,-0.009202490486204626,-0.09583447873592377,0.5642815828323364,0.2743378264760229,165.76470586373284,0.000968413201155178,-0.49999999984244764,-0.49903158664129244,0.22469376016526954,0.22469376016526954,0.22469376016526954,0.22469376016526954,0.22469376016526954,0.07490308432431914,0.07490308432431914,0.07490308432431914,0.07490308432431914,1.0
5650,1032.003530613,0.367632157311586,-0.02852633036673069,1.2248177989498505,-0.014960711747407915,-0.02852633036673069,0.604707658290863,-0.014960711747407915,-0.02852633036673069,0.604707658290863,0.209357533143531,165.75324323427964,0.001574445168465717,-0.49999999996872824,-0.4984255548002625,0.2890680216567315,0.2890680216567315,0.2890680216567315,0.2890680216567315,0.2890680216567315,-0.09033797931842324,-0.09033797931842324,-0.09033797931842324,-0.09033797931842324,1.0
5700,1032.195682934,-0.042270503313635,-0.03991251438856125,1.2248177989498505,-0.02211486278800294,-0.03991251438856125,0.7172818779945374,-0.02211486278800294,-0.03991251438856125,0.7172818779945374,0.29853681829469403,165.7313921609114,0.002327542346836497,-0.4999999999996536,-0.4976724576528171,0.19913563935812306,0.19913563935812306,0.19913563935812306,0.19913563935812306,0.19913563935812306,0.14132244410449096,0.14132244410449096,0.14132244410449096,0.14132244410449096,1.0
5750,1032.348411025,-0.41920659556923495,-0.04606053605675697,1.2248177989498505,-0.028693638667464258,-0.04606053605675697,0.7652671337127686,-0.028693638667464258,-0.04606053605675697,0.7652671337127686,0.3891786443472717,165.7038570670838,0.003020278093021625,-0.4999999999999492,-0.4969797219069276,0.1078010775596559,0.1078010775596559,0.1078010775596559,0.1078010775596559,0.1078010775596559,0.05324412762651309,0.05324412762651309,0.05324412762651309,0.05324412762651309,1.0
5800,1032.544068154,-1.0729508949010123,-0.07145695388317108,1.2248177989498505,-0.04010362915694714,-0.07145695388317108,-13.170783042907715,-0.04010362915694714,-0.07145695388317108,-13.170783042907715,0.4561794887200556,165.63919924853784,0.004222383301683495,0.5,0.5042223833016835,-0.9604018720217391,-0.9604018720217391,-0.9604018720217391,-0.9604018720217391,-0.9604018720217391,-0.7886056049885517,-0.7886056049885517,-0.7886056049885517,-0.7886056049885517,1.0
5850,1032.742219218,1.1310335429423313,0.12302012741565704,1.2248177989498505,-0.0016368440538644807,0.12302012741565704,10.62003231048584,-0.0016368440538644807,0.12302012741565704,10.62003231048584,-0.25412529932810746,165.77146199503372,0.00017224668186226427,-0.5,-0.4998277533181377,0.7539530526462452,0.7539530526462452,0.7539530526462452,0.7539530526462452,0.7539530526462452,0.11136183051639022,0.11136183051639022,0.11136183051639022,0.11136183051639022,1.0
5900,1032.807182502,1.1375494366888177,-0.119371198117733,1.2248177989498505,-0.0015231202542781846,-0.119371198117733,1.140747308731079,-0.0015231202542781846,-0.119371198117733,1.140747308731079,0.28109361224156704,165.77149160145666,0.0001602793974874791,-0.5,-0.4998397206025125,0.2187461083609455,0.2187461083609455,0.2187461083609455,0.2187461083609455,0.2187461083609455,0.4910082032148162,0.4910082032148162,0.4910082032148162,0.4910082032148162,1.0
5950,1032.991958871,0.6140518289090118,0.0049711973406374454,1.2248177989498505,-0.01065987713634968,0.0049711973406374454,0.9402315020561218,-0.01065987713634968,0.0049711973406374454,0.9402315020561218,0.10156588548752433,165.76232106788626,0.001121790288122307,-0.49999999999999994,-0.49887820971187763,0.3973123242243533,0.3973123242243533,0.3973123242243533,0.3973123242243533,0.3973123242243533,0.2894248038258818,0.2894248038258818,0.2894248038258818,0.2894248038258818,1.0
6000,1033.16234519,0.7061367061033882,0.023929793387651443,1.2248177989498505,-0.009052692838013174,0.023929793387651443,0.3700653314590454,-0.009052692838013174,0.023929793387651443,0.3700653314590454,0.050776131787227625,165.7649311515692,0.0009526485622939985,-0.4999996273453178,-0.4990469787830238,0.44827084699579617,0.44827084699579617,0.44827084699579617,0.44827084699579617,0.44827084699579617,0.12172108706796761,0.12172108706796761,0.12172108706796761,0.12172108706796761,1.0
6050,1033.321035393,0.8576347842059138,-0.01276103314012289,1.2248177989498505,-0.006408552564680578,-0.01276103314012289,1.185787320137024,-0.006408552564680578,-0.01276103314012289,1.185787320137024,0.08502533503764641,165.76829919042714,0.0006743867324095163,-0.5,-0.4993256132675905,0.4143002782299441,0.4143002782299441,0.4143002782299441,0.4143002782299441,0.4143002782299441,0.23413934219435403,0.23413934219435403,0.23413934219435403,0.23413934219435403,1.0
6100,1033.483244627,0.974721995743945,-0.007776543032377958,1.2248177989498505,-0.00436499521136284,-0.007776543032377958,1.764919400215149,-0.00436499521136284,-0.007776543032377958,1.764919400215149,0.03749853285612446,165.77011301791077,0.00045933514939146204,-0.5,-0.49954066485060855,0.4620421319944841,0.4620421319944841,0.4620421319944841,0.4620421319944841,0.4620421319944841,0.45241265217543036,0.45241265217543036,0.45241265217543036,0.45241265217543036,1.0
6150,1033.594027903,0.9274974274922422,-0.0037490595132112503,1.2248177989498505,-0.005189219415187837,-0.0037490595132112503,1.7066272497177124,-0.005189219415187837,-0.0037490595132112503,1.7066272497177124,0.05853566617568649,165.76946424714197,0.0005460709485622259,-0.5,-0.49945392905143776,0.44091826287575125,0.44091826287575125,0.44091826287575125,0.44091826287575125,0.44091826287575125,0.2902110074863457,0.2902110074863457,0.2902110074863457,0.2902110074863457,1.0
6200,1033.6660826,0.8815211830330649,0.00931187067180872,1.2248177989498505,-0.005991656258702278,0.00931187067180872,2.209827423095703,-0.005991656258702278,0.00931187067180872,2.209827423095703,0.046304484520154635,165.768725089644,0.0006305146981643678,-0.5,-0.4993694853018356,0.453065000781681,0.453065000781681,0.453065000781681,0.453065000781681,0.453065000781681,0.19158538561510788,0.19158538561510788,0.19158538561510788,0.19158538561510788,1.0
6250,1033.739662838,0.9532388096484334,0.021645206958055496,1.2248177989498505,-0.004739947542548181,0.021645206958055496,1.4225316047668457,-0.004739947542548181,0.021645206958055496,1.4225316047668457,-0.004279521961204041,165.76983176025266,0.0004987925214958884,-0.5,-0.49950120747850413,0.5037807294397082,0.5037807294397082,0.5037807294397082,0.5037807294397082,0.5037807294397082,0.35617535972892767,0.35617535972892767,0.35617535972892767,0.35617535972892767,1.0
6300,1033.927757348,1.1469976160233553,0.004289598204195499,1.2248177989498505,-0.0013582184165716188,0.004289598204195499,3.1205389499664307,-0.0013582184165716188,0.004289598204195499,3.1205389499664307,0.005549955873656694,165.7715307460904,0.00014292659734953868,-0.5,-0.49985707340265045,0.49430711752899376,0.49430711752899376,0.49430711752899376,0.49430711752899376,0.49430711752899376,0.5260574940453132,0.5260574940453132,0.5260574940453132,0.5260574940453132,1.0
6350,1034.130403149,0.9570133429385118,0.03417405113577843,1.2248177989498505,-0.004674069508910181,0.03417405113577843,3.676053047180176,-0.004674069508910181,0.03417405113577843,3.676053047180176,-0.009809811612695826,165.7698828538623,0.0004918599662689325,-0.5,-0.49950814003373106,0.5093179516464269,0.5093179516464269,0.5093179516464269,0.5093179516464269,0.5093179516464269,0.5162314568639679,0.5162314568639679,0.5162314568639679,0.5162314568639679,1.0
6400,1034.325797665,1.0331730471136216,0.05955379083752632,1.2248177989498505,-0.003344831913709642,0.05955379083752632,3.264493703842163,-0.003344831913709642,0.05955379083752632,3.264493703842163,-0.06812567511546463,165.77076100420763,0.0003519808844529236,-0.5,-0.49964801911554707,0.5677736942310116,0.5677736942310116,0.5677736942310116,0.5677736942310116,0.5677736942310116,0.6150529187239286,0.6150529187239286,0.6150529187239286,0.6150529187239286,1.0
6450,1034.516299423,1.014306783965577,-0.02068924903869629,1.2248177989498505,-0.0036741103231906908,-0.02068924903869629,2.691554069519043,-0.0036741103231906908,-0.02068924903869629,2.691554069519043,0.08571662126657711,165.77057059558499,0.00038663156229549534,-0.5,-0.4996133684377045,0.41389674717112734,0.41389674717112734,0.41389674717112734,0.41389674717112734,0.41389674717112734,0.25876854192736787,0.25876854192736787,0.25876854192736787,0.25876854192736787,1.0
6500,1034.635035171,1.0342182795000452,-0.011129780672490597,1.2248177989498505,-0.003326589167118074,-0.011129780672490597,3.3881912231445312,-0.003326589167118074,-0.011129780672490597,3.3881912231445312,0.056201847102909874,165.7707710309615,0.00035006116312834464,-0.5,-0.49964993883687164,0.44344809173396177,0.44344809173396177,0.44344809173396177,0.44344809173396177,0.44344809173396177,0.6320546477495794,0.6320546477495794,0.6320546477495794,0.6320546477495794,1.0
6550,1034.691233719,1.0092730412689834,-0.006673300638794899,1.2248177989498505,-0.0037619657069444673,-0.006673300638794899,4.2206010818481445,-0.0037619657069444673,-0.006673300638794899,4.2206010818481445,0.046022529705518074,165.7705167730954,0.00039587678771469623,-0.5,-0.4996041232122853,0.45358159350676724,0.45358159350676724,0.45358159350676724,0.45358159350676724,0.45358159350676724,0.41225907436408465,0.41225907436408465,0.41225907436408465,0.41225907436408465,1.0
6600,1034.74583228,1.0436411657903124,-0.013441177085042,1.2248177989498505,-0.003162128776311876,-0.013441177085042,4.186240196228027,-0.003162128776311876,-0.013441177085042,4.186240196228027,0.06362220771274203,165.77085894779407,0.0003327546720070876,-0.5,-0.4996672453279929,0.4360450376152509,0.4360450376152509,0.4360450376152509,0.4360450376152509,0.4360450376152509,0.4383151532057925,0.4383151532057925,0.4383151532057925,0.4383151532057925,1.0
6650,1034.805209877,0.9931826096883143,-0.0306986253708601,1.2248177989498505,-0.004042796716094019,-0.0306986253708601,3.628014326095581,-0.004042796716094019,-0.0306986253708601,3.628014326095581,0.09577810036601081,165.77033619867655,0.0004254293262490832,-0.5,-0.49957457067375094,0.40379647030774013,0.40379647030774013,0.40379647030774013,0.40379647030774013,0.40379647030774013,0.43324204109026454,0.43324204109026454,0.43324204109026454,0.43324204109026454,1.0
6700,1034.865635069,0.99070602578395,-0.013351796194911003,1.2248177989498505,-0.004086021259427072,-0.013351796194911003,3.6251327991485596,-0.004086021259427072,-0.013351796194911003,3.6251327991485596,0.06747928788391033,165.77030725130084,0.0004299779571578658,-0.5,-0.4995700220428421,0.4320907341589318,0.4320907341589318,0.4320907341589318,0.4320907341589318,0.4320907341589318,0.36852930114725724,0.36852930114725724,0.36852930114725724,0.36852930114725724,1.0
6750,1035.052119239,1.0226468718289856,0.016609331592917442,1.2248177989498505,-0.00352854833006859,0.016609331592917442,1.9985846281051636,-0.00352854833006859,0.016609331592917442,1.9985846281051636,0.010086038927768382,165.7706569714618,0.00037131374973024497,-0.5,-0.49962868625026974,0.48954264732250136,0.48954264732250136,0.48954264732250136,0.48954264732250136,0.48954264732250136,0.2478442156885592,0.2478442156885592,0.2478442156885592,0.2478442156885592,1.0
6800,1035.243615223,0.9259991614647763,-0.049359891563653946,1.2248177989498505,-0.005215369090437891,-0.049359891563653946,-7.320215225219727,-0.005215369090437891,-0.049359891563653946,-7.320215225219727,0.15049811396484936,165.7694418319826,0.0005488227755288376,0.5,0.5005488227755288,-0.6510469367403782,-0.6510469367403782,-0.6510469367403782,-0.6510469367403782,-0.6510469367403782,-0.16629933237462302,-0.16629933237462302,-0.16629933237462302,-0.16629933237462302,1.0
6850,1035.436550562,1.7068907405692202,0.1306460052728653,1.2248177989498505,0.008413760066032408,0.1306460052728653,-1.7995189428329468,0.008413760066032408,0.1306460052728653,-1.7995189428329468,-0.3670486761079199,165.76585055672524,-0.0008854080245288553,0.5,0.49911459197547114,-0.13206591586755123,-0.13206591586755123,-0.13206591586755123,-0.13206591586755123,-0.13206591586755123,0.08839518227332155,0.08839518227332155,0.08839518227332155,0.08839518227332155,1.0
6900,1035.517077658,1.9195681037280194,-0.03142983466386795,1.2248177989498505,0.012125680297613142,-0.03142983466386795,-3.3585991859436035,0.012125680297613142,-0.03142983466386795,-3.3585991859436035,-0.058642137271465694,165.7595695112325,-0.0012760579036039115,0.5,0.4987239420963961,-0.4400818048249304,-0.4400818048249304,-0.4400818048249304,-0.4400818048249304,-0.4400818048249304,-0.3102309006459495,-0.3102309006459495,-0.3102309006459495,-0.3102309006459495,1.0
6950,1035.591877974,1.7996901729446564,0.0461520291864872,1.2248177989498505,0.01003341570496559,0.0461520291864872,-1.1256306171417236,0.01003341570496559,0.0461520291864872,-1.1256306171417236,-0.1893065979213037,165.76338906177494,-0.0010558602084963188,0.5,0.4989441397915037,-0.3096375418702,-0.3096375418702,-0.3096375418702,-0.3096375418702,-0.3096375418702,-0.26257611146285814,-0.26257611146285814,-0.26257611146285814,-0.26257611146285814,1.0
7000,1035.783972682,1.3388120596406448,-0.20763589441776276,1.2248177989498505,0.0019895751774311084,-0.20763589441776276,2.389467477798462,0.0019895751774311084,-0.20763589441776276,2.389467477798462,0.3186083246220702,165.7713566111664,-0.00020936500738583954,-0.5,-0.5002093650073859,0.18160104038531566,0.18160104038531566,0.18160104038531566,0.18160104038531566,0.18160104038531566,0.34788403268751333,0.34788403268751333,0.34788403268751333,0.34788403268751333,1.0
7050,1035.939721466,0.42263617762580113,-0.01863390952348709,1.2248177989498505,-0.014000710491091015,-0.01863390952348709,1.2845615148544312,-0.014000710491091015,-0.01863390952348709,1.2845615148544312,0.1926718931702462,165.75553372783068,0.0014734023955070541,-0.5,-0.49852659760449297,0.3058547044342468,0.3058547044342468,0.3058547044342468,0.3058547044342468,0.3058547044342468,0.24334724663108068,0.24334724663108068,0.24334724663108068,0.24334724663108068,1.0
7100,1036.09713883,0.07360212516616402,-0.026736170053482056,1.2248177989498505,-0.020092503908090295,-0.026736170053482056,-10.937797546386719,-0.020092503908090295,-0.026736170053482056,-10.937797546386719,0.284674652180311,165.73842396486265,0.0021146337332408915,0.5,0.502114633733241,-0.7867892859135519,-0.7867892859135519,-0.7867892859135519,-0.7867892859135519,-0.7867892859135519,0.2302975486696623,0.2302975486696623,0.2302975486696623,0.2302975486696623,1.0
7150,1036.285411838,1.246056383164579,0.1538584679365158,1.2248177989498505,0.00037068322300910783,0.1538584679365158,11.113645553588867,0.00037068322300910783,0.1538584679365158,11.113645553588867,-0.3221047853031792,165.77167140763353,-3.9007321085890116e-05,-0.5,-0.5000390073210859,0.8221437926242651,0.8221437926242651,0.8221437926242651,0.8221437926242651,0.8221437926242651,-0.3132994174457068,-0.3132994174457068,-0.3132994174457068,-0.3132994174457068,1.0
7200,1036.447139512,0.9746719432639335,-0.14983977377414703,1.2248177989498505,-0.00436586879193783,-0.14983977377414703,2.008528232574463,-0.00436586879193783,-0.14983977377414703,2.008528232574463,0.3782191167749187,165.7701123895466,0.0004594270787743965,-0.5,-0.4995405729212256,0.1213214561463069,0.1213214561463069,0.1213214561463069,0.1213214561463069,0.1213214561463069,0.4139112692692903,0.4139112692692903,0.4139112692692903,0.4139112692692903,1.0
7250,1036.601381494,0.5873014463855097,0.041604090481996536,1.2248177989498505,-0.01112675938755274,0.041604090481996536,1.9202250242233276,-0.01112675938755274,0.041604090481996536,1.9202250242233276,0.038049049593819495,165.7614830726683,0.001170926493812205,-0.5,-0.49882907350618777,0.4607800239123683,0.4607800239123683,0.4607800239123683,0.4607800239123683,0.4607800239123683,0.5343380875806335,0.5343380875806335,0.5343380875806335,0.5343380875806335,1.0
7300,1036.762139313,0.8655181565294308,0.05710194632411003,1.2248177989498505,-0.006270961761474611,0.05710194632411003,1.2015703916549683,-0.006270961761474611,0.05710194632411003,1.2015703916549683,-0.05007941063999788,165.76844291853106,0.000659907355303334,-0.5,-0.49934009264469664,0.5494195032846945,0.5494195032846945,0.5494195032846945,0.5494195032846945,0.5494195032846945,0.44882521487714105,0.44882521487714105,0.44882521487714105,0.44882521487714105,1.0
7350,1036.842014647,1.0395808317721513,0.007225161883980036,1.2248177989498505,-0.003232994973659517,0.007225161883980036,0.9246233105659485,-0.003232994973659517,0.007225161883980036,0.9246233105659485,0.014923318863640907,165.77082161075077,0.00034021205940941305,-0.4999999999999999,-0.49965978794059046,0.48473646907694956,0.48473646907694956,0.48473646907694956,0.48473646907694956,0.48473646907694956,0.3316372048890991,0.3316372048890991,0.3316372048890991,0.3316372048890991,1.0
7400,1037.004125157,1.2522132650928166,0.01032597478479147,1.2248177989498505,0.000478141084313391,0.01032597478479147,0.811199426651001,0.000478141084313391,0.01032597478479147,0.811199426651001,-0.03239233222153834,165.77166389298682,-5.031520771483377e-05,-0.4999999999999919,-0.5000503152077067,0.5324426474292451,0.5324426474292451,0.5324426474292451,0.5324426474292451,0.5324426474292451,0.3995167041505534,0.3995167041505534,0.3995167041505534,0.3995167041505534,1.0
7450,1037.163380804,1.2219596892161857,-0.02387543022632599,1.2248177989498505,-4.988342523574649e-05,-0.02387543022632599,0.632170557975769,-4.988342523574649e-05,-0.02387543022632599,0.632170557975769,0.04664856508984355,165.7716825229413,5.249276410522395e-06,-0.49999999998957506,-0.4999947507131645,0.45334618562332096,0.45334618562332096,0.45334618562332096,0.45334618562332096,0.45334618562332096,0.47404291381605757,0.47404291381605757,0.47404291381605757,0.47404291381605757,1.0
7500,1037.327002151,0.9114545937923515,-0.06564617156982422,1.2248177989498505,-0.005469219684600832,-0.06564617156982422,-8.253374099731445,-0.005469219684600832,-0.06564617156982422,-8.253374099731445,0.1309792756240786,165.7692183788176,0.000575536450915613,0.5,0.5005755364509156,-0.6315548120749942,-0.6315548120749942,-0.6315548120749942,-0.6315548120749942,-0.6315548120749942,-0.31261631926741473,-0.31261631926741473,-0.31261631926741473,-0.31261631926741473,1.0
7550,1037.479587478,2.0929919428399324,0.09351463615894318,1.2248177989498505,0.01515249729156494,0.09351463615894318,9.293171882629395,0.01515249729156494,0.09351463615894318,9.293171882629395,-0.35519168176905935,165.75276745110548,-0.0015946314633585818,-0.5,-0.5015946314633586,0.8567863132324179,0.8567863132324179,0.8567863132324179,0.8567863132324179,0.8567863132324179,0.5251585688553867,0.5251585688553867,0.5251585688553867,0.5251585688553867,1.0
7600,1037.557451749,1.5748976550238412,-0.18932335078716278,1.2248177989498505,0.006110046133399008,-0.18932335078716278,0.7942366600036621,0.006110046133399008,-0.18932335078716278,0.7942366600036621,0.3577203976130662,165.76860705460163,-0.0006429734201116905,-0.49999999999998407,-0.5006429734200958,0.1429225758070296,0.1429225758070296,0.1429225758070296,0.1429225758070296,0.1429225758070296,0.5526636162498524,0.5526636162498524,0.5526636162498524,0.5526636162498524,1.0
7650,1037.728173529,1.544351661673369,0.19549551606178284,1.2248177989498505,0.005576917976140974,0.19549551606178284,-0.24834059178829193,0.005576917976140974,0.19549551606178284,-0.24834059178829193,-0.45315905343322826,165.76912036898705,-0.0005868699787994133,0.49995148668133294,0.4993646167025335,-0.04620556326930525,-0.04620556326930525,-0.04620556326930525,-0.04620556326930525,-0.04620556326930525,-0.23060221264258385,-0.23060221264258385,-0.23060221264258385,-0.23060221264258385,1.0
7700,1037.891674301,1.4487624171871,-0.18537281453609467,1.2248177989498505,0.003908570930361746,-0.18537281453609467,-9.592618942260742,0.003908570930361746,-0.18537281453609467,-9.592618942260742,0.3135594921857867,165.7704241270878,-0.0004113044083234118,0.5,0.49958869559167657,-0.8131481877774633,-0.8131481877774633,-0.8131481877774633,-0.8131481877774633,-0.8131481877774633,0.34320738956439756,0.34320738956439756,0.34320738956439756,0.34320738956439756,1.0
7750,1038.04630921,1.810042178405457,0.13665156066417694,1.2248177989498505,0.010214092284440993,0.13665156066417694,7.110501289367676,0.010214092284440993,0.13665156066417694,7.110501289367676,-0.39150646221678076,165.76308767887932,-0.0010748748939336924,-0.5,-0.5010748748939337,0.8925813371107144,0.8925813371107144,0.8925813371107144,0.8925813371107144,0.8925813371107144,-0.09336802241944694,-0.09336802241944694,-0.09336802241944694,-0.09336802241944694,1.0
7800,1038.250847477,0.8678695558729135,-0.03472423925995827,1.2248177989498505,-0.006229922100901605,-0.03472423925995827,-8.148970603942871,-0.006229922100901605,-0.03472423925995827,-8.148970603942871,0.2142625458828695,165.76848518483132,0.0006555885487778705,0.5,0.5006555885487779,-0.7149181344316474,-0.7149181344316474,-0.7149181344316474,-0.7149181344316474,-0.7149181344316474,0.006996858085521279,0.006996858085521279,0.006996858085521279,0.006996858085521279,1.0
7850,1038.440850378,1.9567834566378919,0.05320712924003601,1.2248177989498505,0.012775210738182066,0.05320712924003601,-2.7599754333496094,0.012775210738182066,0.05320712924003601,-2.7599754333496094,-0.24806249061215008,165.75823704641562,-0.0013444190620386248,0.5,0.49865558093796136,-0.2505930903258113,-0.2505930903258113,-0.2505930903258113,-0.2505930903258113,-0.2505930903258113,-0.0731448564683958,-0.0731448564683958,-0.0731448564683958,-0.0731448564683958,1.0
7900,1038.596263362,2.0931494640776656,0.035190384835004807,1.2248177989498505,0.015155246555805205,0.035190384835004807,-0.3413110077381134,0.015155246555805205,0.035190384835004807,-0.3413110077381134,-0.22491341498188247,165.75276058665065,-0.0015949208366811834,0.49999882288200803,0.49840390204532686,-0.27349048706344437,-0.27349048706344437,-0.27349048706344437,-0.27349048706344437,-0.27349048706344437,0.08650462631252778,0.08650462631252778,0.08650462631252778,0.08650462631252778,1.0
7950,1038.661401089,2.135190345636152,-0.006501549389213324,1.2248177989498505,0.015888998359441756,-0.006501549389213324,-0.7301317453384399,0.015888998359441756,-0.006501549389213324,-0.7301317453384399,-0.14667327788231507,165.75088401386137,-0.0016721526213784995,0.49999999999979283,0.49832784737841435,-0.3516545694960993,-0.3516545694960993,-0.3516545694960993,-0.3516545694960993,-0.3516545694960993,-0.07899742754725558,-0.07899742754725558,-0.07899742754725558,-0.07899742754725558,1.0
8000,1038.83335276,2.0564694272439934,-0.01933080516755581,1.2248177989498505,0.01451505914330483,-0.01933080516755581,-0.9725038409233093,0.01451505914330483,-0.01933080516755581,-0.9725038409233093,-0.10939402483364624,165.75432541172086,-0.0015275386595011555,0.5,0.49847246134049883,-0.3890784365068526,-0.3890784365068526,-0.3890784365068526,-0.3890784365068526,-0.3890784365068526,-0.17416552268614172,-0.17416552268614172,-0.17416552268614172,-0.17416552268614172,1.0
8050,1038.988733017,1.8300305135680877,-0.04123697429895401,1.2248177989498505,0.010562954545021055,-0.04123697429895401,-1.9578955173492432,0.010562954545021055,-0.04123697429895401,-1.9578955173492432,-0.030349120409928362,165.76249053006168,-0.0011115899010256214,0.5,0.4988884100989744,-0.468539289689046,-0.468539289689046,-0.468539289689046,-0.468539289689046,-0.468539289689046,-0.5640855979697315,-0.5640855979697315,-0.5640855979697315,-0.5640855979697315,1.0
8100,1039.155661658,1.6415906102876077,-0.03596944361925125,1.2248177989498505,0.007274057790637018,-0.03596944361925125,-1.0722754001617432,0.007274057790637018,-0.03596944361925125,-1.0722754001617432,-0.010643175821807849,165.76732355438875,-0.0007654688332303776,0.5,0.49923453116676964,-0.4885913553449618,-0.4885913553449618,-0.4885913553449618,-0.4885913553449618,-0.4885913553449618,-0.28593552981923454,-0.28593552981923454,-0.28593552981923454,-0.28593552981923454,1.0
8150,1039.347704081,1.2626154297553345,-0.0009068888612091541,1.2248177989498505,0.0006596931070089324,-0.0009068888612091541,-0.8002203106880188,0.0006596931070089324,-0.0009068888612091541,-0.8002203106880188,-0.0006045788579725955,165.77164687404206,-6.942009181198246e-05,0.49999999999998745,0.49993057990817547,-0.49932600105020286,-0.49932600105020286,-0.49932600105020286,-0.49932600105020286,-0.49932600105020286,-0.42589966123605916,-0.42589966123605916,-0.42589966123605916,-0.42589966123605916,1.0
8200,1039.544918432,1.4025861762512883,0.043177466839551926,1.2248177989498505,0.003102643489837645,0.043177466839551926,-0.40549468994140625,0.003102643489837645,0.043177466839551926,-0.40549468994140625,-0.1124556880303687,165.77088964979757,-0.000326494922490849,0.4999999096692306,0.4996734147467397,-0.387217726716371,-0.387217726716371,-0.387217726716371,-0.387217726716371,-0.387217726716371,-0.23387001873851834,-0.23387001873851834,-0.23387001873851834,-0.23387001873851834,1.0
8250,1039.625264205,1.5935250749943468,0.05942053347826004,1.2248177989498505,0.006435155943036078,0.05942053347826004,-0.3340950310230255,0.006435155943036078,0.05942053347826004,-0.3340950310230255,-0.18382348535928716,165.768271040529,-0.0006771863435599523,0.49999842900724734,0.4993212426636874,-0.3154977573044002,-0.3154977573044002,-0.3154977573044002,-0.3154977573044002,-0.3154977573044002,-0.26832771288247137,-0.26832771288247137,-0.26832771288247137,-0.26832771288247137,1.0
8300,1039.69541719,1.8245337053901083,0.08216731250286102,1.2248177989498505,0.010467017143964766,0.08216731250286102,-0.17014537751674652,0.010467017143964766,0.08216731250286102,-0.17014537751674652,-0.26189255780945564,165.76265674544499,-0.0011014932183147817,0.4988939075670458,0.49779241434873106,-0.23589985653927542,-0.23589985653927542,-0.23589985653927542,-0.23589985653927542,-0.23589985653927542,-0.11953465102403413,-0.11953465102403413,-0.11953465102403413,-0.11953465102403413,1.0
8350,1039.762230859,2.0641358877005094,0.048059526830911636,1.2248177989498505,0.014648864120244978,0.048059526830911636,10.54425048828125,0.014648864120244978,0.048059526830911636,10.54425048828125,-0.33322989267462233,165.7540039306515,-0.001541622041407325,-0.5,-0.5015416220414073,0.8347715147160296,0.8347715147160296,0.8347715147160296,0.8347715147160296,0.8347715147160296,0.13916331756380204,0.13916331756380204,0.13916331756380204,0.13916331756380204,1.0
8400,1039.88959591,1.557997098974585,-0.092875175178051,1.2248177989498505,0.0058150757849216445,-0.092875175178051,3.9162886142730713,0.0058150757849216445,-0.092875175178051,3.9162886142730713,0.12999771690732959,165.76889684980674,-0.0006119323389104824,-0.5,-0.5006119323389104,0.37061421543158085,0.37061421543158085,0.37061421543158085,0.37061421543158085,0.37061421543158085,0.5141836796280103,0.5141836796280103,0.5141836796280103,0.5141836796280103,1.0
8450,1040.057428468,1.2170317077300215,-0.038153890520334244,1.2248177989498505,-0.00013589292764663863,-0.038153890520334244,4.22182035446167,-0.00013589292764663863,-0.038153890520334244,4.22182035446167,0.08928018171741481,165.77168120653653,1.4300131553639608e-05,-0.5,-0.4999856998684464,0.41070551815103157,0.41070551815103157,0.41070551815103157,0.41070551815103157,0.41070551815103157,0.6693793184053993,0.6693793184053993,0.6693793184053993,0.6693793184053993,1.0
8500,1040.21314719,0.8535412597372548,-0.02047479897737503,1.2248177989498505,-0.006479998044669628,-0.02047479897737503,3.4361355304718018,-0.006479998044669628,-0.02047479897737503,3.4361355304718018,0.09308629783660208,165.7682233277063,0.0006819053120802681,-0.5,-0.4993180946879197,0.4062317968513176,0.4062317968513176,0.4062317968513176,0.4062317968513176,0.4062317968513176,0.31132122120828754,0.31132122120828754,0.31132122120828754,0.31132122120828754,1.0
8550,1040.374029928,0.8110229052671023,0.011762859299778938,1.2248177989498505,-0.007222083322703838,0.011762859299778938,3.2046773433685303,-0.007222083322703838,0.011762859299778938,3.2046773433685303,0.044238271510204125,165.76738562574556,0.0007599992298355156,-0.5,-0.4992400007701645,0.4550017292599604,0.4550017292599604,0.4550017292599604,0.4550017292599604,0.4550017292599604,0.4383479621774858,0.4383479621774858,0.4383479621774858,0.4383479621774858,1.0
8600,1040.505248256,0.8660799395886644,0.05297081917524338,1.2248177989498505,-0.006261156797409059,0.05297081917524338,3.882075071334839,-0.006261156797409059,0.05297081917524338,3.882075071334839,-0.03626305699224951,165.76845304178755,0.0006588755302250033,-0.5,-0.499341124469775,0.5356041814620245,0.5356041814620245,0.5356041814620245,0.5356041814620245,0.5356041814620245,0.6829572935446608,0.6829572935446608,0.6829572935446608,0.6829572935446608,1.0
8650,1040.561603145,0.9968091199724737,0.026529833674430847,1.2248177989498505,-0.0039795021712780015,0.026529833674430847,3.927042007446289,-0.0039795021712780015,0.026529833674430847,3.927042007446289,-0.02924024646242679,165.7703780314382,0.0004187686798188294,-0.5,-0.4995812313201812,0.5288214777826079,0.5288214777826079,0.5288214777826079,0.5288214777826079,0.5288214777826079,0.6622417579962739,0.6622417579962739,0.6622417579962739,0.6622417579962739,1.0
8700,1040.616069798,1.066686437493347,0.020669328048825264,1.2248177989498505,-0.0027599129080772417,0.020669328048825264,3.8142147064208984,-0.0027599129080772417,0.020669328048825264,3.8142147064208984,-0.014924896741760292,165.77105518556593,0.0002904287765887727,-0.5,-0.49970957122341125,0.5146344679651715,0.5146344679651715,0.5146344679651715,0.5146344679651715,0.5146344679651715,0.7060952907253639,0.7060952907253639,0.7060952907253639,0.7060952907253639,1.0
8750,1040.67638243,1.077082198853518,0.0017035113414749503,1.2248177989498505,-0.002578472644090654,0.0017035113414749503,4.2622528076171875,-0.002578472644090654,0.0017035113414749503,4.2622528076171875,0.019888002020367456,165.77113498423915,0.0002713355242855484,-0.5,-0.49972866447571446,0.479840662455347,0.479840662455347,0.479840662455347,0.479840662455347,0.479840662455347,0.4627654251415547,0.4627654251415547,0.4627654251415547,0.4627654251415547,1.0
8800,1040.769066309,0.9935104587684749,0.05002147704362869,1.2248177989498505,-0.004037074670195581,0.05002147704362869,6.020552635192871,-0.004037074670195581,0.05002147704362869,6.020552635192871,-0.02320416300136402,165.77034000764334,0.00042482718062281224,-0.5,-0.4995751728193772,0.5227793358207412,0.5227793358207412,0.5227793358207412,0.5227793358207412,0.5227793358207412,0.7440643781503492,0.7440643781503492,0.7440643781503492,0.7440643781503492,1.0
8850,1040.932163765,0.9912458241717925,0.022267688065767288,1.2248177989498505,-0.004076600000262262,0.022267688065767288,4.324551582336426,-0.004076600000262262,0.022267688065767288,4.324551582336426,0.007637514523241545,165.77031358693324,0.00042898653346261,-0.5,-0.4995710134665374,0.49193349894329585,0.49193349894329585,0.49193349894329585,0.49193349894329585,0.49193349894329585,0.8256991329993886,0.8256991329993886,0.8256991329993886,0.8256991329993886,1.0
8900,1041.093505253,1.0726336112697241,0.05906549468636513,1.2248177989498505,-0.002656115144491194,0.05906549468636513,3.5297787189483643,-0.002656115144491194,0.05906549468636513,3.5297787189483643,-0.06074959327872013,165.7711015004895,0.0002795059678832775,-0.5,-0.4997204940321167,0.5604700873108368,0.5604700873108368,0.5604700873108368,0.5604700873108368,0.5604700873108368,0.678133995064794,0.678133995064794,0.678133995064794,0.678133995064794,1.0
8950,1041.262993799,1.1158510996344508,0.008280368521809578,1.2248177989498505,-0.0019018276780843751,0.008280368521809578,4.048511505126953,-0.0019018276780843751,0.008280368521809578,4.048511505126953,0.021654596820179246,165.7713847426897,0.00020013122674375576,-0.5,-0.4997998687732562,0.478145271953077,0.478145271953077,0.478145271953077,0.478145271953077,0.478145271953077,0.4516367286211544,0.4516367286211544,0.4516367286211544,0.4516367286211544,1.0
9000,1041.417286913,1.1405433007011048,0.03767829015851021,1.2248177989498505,-0.0014708674699068086,0.03767829015851021,4.814161777496338,-0.0014708674699068086,0.03767829015851021,4.814161777496338,-0.035004902011361014,165.77150449023847,0.0001547807791379256,-0.5,-0.49984521922086206,0.5348501212322231,0.5348501212322231,0.5348501212322231,0.5348501212322231,0.5348501212322231,0.5492380688279883,0.5492380688279883,0.5492380688279883,0.5492380688279883,1.0
9050,1041.547982709,1.4923279250343802,0.0032565025612711906,1.2248177989498505,0.00466893248260021,0.0032565025612711906,5.493411540985107,0.00466893248260021,0.0032565025612711906,5.493411540985107,-0.06700443863485123,165.76988680797672,-0.000491319380813284,-0.5,-0.5004913193808133,0.5674957580156645,0.5674957580156645,0.5674957580156645,0.5674957580156645,0.5674957580156645,0.963433963446565,0.963433963446565,0.963433963446565,0.963433963446565,1.0
9100,1041.65140485,1.4309909052969616,-0.037781111896038055,1.2248177989498505,0.0035983995348215086,-0.037781111896038055,6.393503665924072,0.0035983995348215086,-0.037781111896038055,6.393503665924072,0.01700658154524351,165.77061595774342,-0.00037866434551347766,-0.5,-0.5003786643455135,0.48337208280027,0.48337208280027,0.48337208280027,0.48337208280027,0.48337208280027,0.801213077540357,0.801213077540357,0.801213077540357,0.801213077540357,1.0
9150,1041.825134535,1.3662975946344222,-0.0762556865811348,1.2248177989498505,0.0024692882597446425,-0.0762556865811348,6.5380706787109375,0.0024692882597446425,-0.0762556865811348,6.5380706787109375,0.10394032593393746,165.7711803900489,-0.00025984588362055534,-0.5,-0.5002598458836206,0.3963195199496832,0.3963195199496832,0.3963195199496832,0.3963195199496832,0.3963195199496832,0.5714884636818427,0.5714884636818427,0.5714884636818427,0.5714884636818427,1.0
9200,1041.978301884,0.7212547428618296,-0.14848536252975464,1.2248177989498505,-0.00878883332014084,-0.14848536252975464,-2.89782452583313,-0.00878883332014084,-0.14848536252975464,-2.89782452583313,0.4205384135857986,165.76531899066478,0.0009248802048580386,0.5,0.500924880204858,-0.9214632937906566,-0.9214632937906566,-0.9214632937906566,-0.9214632937906566,-0.9214632937906566,-0.19476624152653296,-0.19476624152653296,-0.19476624152653296,-0.19476624152653296,1.0
9250,1042.161457428,1.7059165848388471,0.10621784627437592,1.2248177989498505,0.008396757841110228,0.10621784627437592,-2.974994421005249,0.008396757841110228,0.10621784627437592,-2.974994421005249,-0.2948296144213799,165.7658741036566,-0.0008836187402870688,0.5,0.4991163812597129,-0.20428676683833302,-0.20428676683833302,-0.20428676683833302,-0.20428676683833302,-0.20428676683833302,-0.38902211958780286,-0.38902211958780286,-0.38902211958780286,-0.38902211958780286,1.0
9300,1042.318093852,2.3478890531361074,-0.0737907662987709,1.2248177989498505,0.019601291120052336,-0.0737907662987709,-2.9205663204193115,0.019601291120052336,-0.0737907662987709,-2.9205663204193115,-0.06881144865586089,165.74003022674148,-0.0020629227995219174,0.5,0.4979370772004781,-0.4291256285446172,-0.4291256285446172,-0.4291256285446172,-0.4291256285446172,-0.4291256285446172,-0.37488335330526473,-0.37488335330526473,-0.37488335330526473,-0.37488335330526473,1.0
9350,1042.404332974,1.9575860038653683,-0.14323976635932922,1.2248177989498505,0.012789217829704283,-0.14323976635932922,-3.6660966873168945,0.012789217829704283,-0.14323976635932922,-3.6660966873168945,0.1468906596152145,165.75820754622578,-0.0013458932791860874,0.5,0.4986541067208139,-0.6455447663360284,-0.6455447663360284,-0.6455447663360284,-0.6455447663360284,-0.6455447663360284,-0.3986293971179128,-0.3986293971179128,-0.3986293971179128,-0.3986293971179128,1.0
9400,1042.604110782,1.0253002935998299,0.03341393172740936,1.2248177989498505,-0.0034822373837232606,0.03341393172740936,-6.302884101867676,-0.0034822373837232606,0.03341393172740936,-6.302884101867676,0.0247249656520526,165.7706837201224,0.0003664403490558778,0.5,0.5003664403490559,-0.5250914060011085,-0.5250914060011085,-0.5250914060011085,-0.5250914060011085,-0.5250914060011085,-0.13070508217734272,-0.13070508217734272,-0.13070508217734272,-0.13070508217734272,1.0
9450,1042.816588383,0.9820272032263909,0.03350834921002388,1.2248177989498505,-0.004237495288252832,0.03350834921002388,-6.6137800216674805,-0.004237495288252832,0.03350834921002388,-6.6137800216674805,0.010330539451982777,165.7702033798133,0.0004459179751253053,0.5,0.5004459179751253,-0.5107764574271081,-0.5107764574271081,-0.5107764574271081,-0.5107764574271081,-0.5107764574271081,-0.17552713279301768,-0.17552713279301768,-0.17552713279301768,-0.17552713279301768,1.0
9500,1042.997322593,1.1128924537850717,0.053999219089746475,1.2248177989498505,-0.001953465789556505,0.053999219089746475,-5.947155475616455,-0.001953465789556505,0.053999219089746475,-5.947155475616455,-0.07862712334852795,165.77136834132045,0.0002055651703252111,0.5,0.5002055651703252,-0.42157844182179727,-0.42157844182179727,-0.42157844182179727,-0.42157844182179727,-0.42157844182179727,-0.324716105284512,-0.324716105284512,-0.324716105284512,-0.324716105284512,1.0
9550,1043.159228359,1.4048142053028878,0.062153395265340805,1.2248177989498505,0.0031415299326181395,0.062153395265340805,-5.90132999420166,0.0031415299326181395,0.062153395265340805,-5.90132999420166,-0.15904586393200137,165.7708696454197,-0.00033058701635526255,0.5,0.49966941298364476,-0.3406235490516434,-0.3406235490516434,-0.3406235490516434,-0.3406235490516434,-0.3406235490516434,-0.33247569070593463,-0.33247569070593463,-0.33247569070593463,-0.33247569070593463,1.0
9600,1043.320377307,1.8644544535415404,0.03374391421675682,1.2248177989498505,0.011163765639066695,0.03374391421675682,-2.776691198348999,0.011163765639066695,0.03374391421675682,-2.776691198348999,-0.19690568207047832,165.76141511491943,-0.0011748211733687978,0.5,0.4988251788266312,-0.30191949675615287,-0.30191949675615287,-0.30191949675615287,-0.30191949675615287,-0.30191949675615287,0.02825965345515226,0.02825965345515226,0.02825965345515226,0.02825965345515226,1.0
9650,1043.417698062,1.8868875695402125,-0.008402697741985321,1.2248177989498505,0.01155529737472534,-0.008402697741985321,-3.175945520401001,0.01155529737472534,-0.008402697741985321,-3.175945520401001,-0.09810796185959758,165.7606822893333,-0.0012160276693069995,0.5,0.498783972330693,-0.4006760104710954,-0.4006760104710954,-0.4006760104710954,-0.4006760104710954,-0.4006760104710954,-0.11573771690947439,-0.11573771690947439,-0.11573771690947439,-0.11573771690947439,1.0
9700,1043.476143123,1.8168055597876505,0.019576432183384895,1.2248177989498505,0.010332135558128355,0.019576432183384895,-2.9652469158172607,0.010332135558128355,0.019576432183384895,-2.9652469158172607,-0.13882446441476842,165.7628878683883,-0.0010872979899241265,0.5,0.49891270201007587,-0.36008823759530745,-0.36008823759530745,-0.36008823759530745,-0.36008823759530745,-0.36008823759530745,-0.13029489341038333,-0.13029489341038333,-0.13029489341038333,-0.13029489341038333,1.0
9750,1043.534659995,1.9086131206295538,0.04834435507655144,1.2248177989498505,0.011934479773044585,0.04834435507655144,-2.7939672470092773,0.011934479773044585,0.04834435507655144,-2.7939672470092773,-0.23478622839308116,165.75994850293083,-0.0012559348195664622,0.5,0.4987440651804335,-0.26395783678735235,-0.26395783678735235,-0.26395783678735235,-0.26395783678735235,-0.26395783678735235,-0.08686312623914717,-0.08686312623914717,-0.08686312623914717,-0.08686312623914717,1.0
9800,1043.592234164,2.0162880646870427,0.0728367418050766,1.2248177989498505,0.013813762068748472,0.0728367418050766,-2.947252035140991,0.013813762068748472,0.0728367418050766,-2.947252035140991,-0.27638788470074815,165.75596210983096,-0.0014537258787017254,0.5,0.49854627412129826,-0.2221583894205501,-0.2221583894205501,-0.2221583894205501,-0.2221583894205501,-0.2221583894205501,0.03630805422495968,0.03630805422495968,0.03630805422495968,0.03630805422495968,1.0
9850,1043.766817337,2.5684465336063975,0.09480500966310501,1.2248177989498505,0.023450745344161986,0.09480500966310501,-2.1766538619995117,0.023450745344161986,0.09480500966310501,-2.1766538619995117,-0.42223621605707273,165.7263777441373,-0.0024681907872198677,0.5,0.4975318092127801,-0.07529559315570739,-0.07529559315570739,-0.07529559315570739,-0.07529559315570739,-0.07529559315570739,0.014491173879898893,0.014491173879898893,0.014491173879898893,0.014491173879898893,1.0
9900,1043.956370226,3.668522350857352,0.015681162476539612,1.2248177989498505,0.042650690376758574,0.015681162476539612,10.633942604064941,0.042650690376758574,0.015681162476539612,10.633942604064941,-0.44513575507497666,165.62183889406398,-0.004490868171239266,-0.5,-0.5044908681712392,0.9496266232462158,0.9496266232462158,0.9496266232462158,0.9496266232462158,0.9496266232462158,0.867129969573899,0.867129969573899,0.867129969573899,0.867129969573899,1.0
9950,1044.124843393,1.9699706309344824,-0.14992550015449524,1.2248177989498505,0.013005370348691939,-0.14992550015449524,4.242156028747559,0.013005370348691939,-0.14992550015449524,4.242156028747559,0.15260597685744323,165.75774821133024,-0.0013686429473737326,-0.5,-0.5013686429473737,0.34876266608993045,0.34876266608993045,0.34876266608993045,0.34876266608993045,0.34876266608993045,0.7087120077879115,0.7087120077879115,0.7087120077879115,0.7087120077879115,1.0
10000,1044.291720916,0.9139268021067788,-0.030580995604395866,1.2248177989498505,-0.005426071509718897,-0.030580995604395866,3.8728740215301514,-0.005426071509718897,-0.030580995604395866,3.8728740215301514,0.12672188757193004,165.7692571091929,0.0005709957972544295,-0.5,-0.49942900420274555,0.3727071166308155,0.3727071166308155,0.3727071166308155,0.3727071166308155,0.3727071166308155,0.22690602632567397,0.22690602632567397,0.22690602632567397,0.22690602632567397,1.0
10050,1044.365240111,0.797005436099532,-0.04678957909345627,1.2248177989498505,-0.007466734312474729,-0.04678957909345627,2.88331937789917,-0.007466734312474729,-0.04678957909345627,2.88331937789917,0.15078669899547553,165.767089563866,0.0007857454434655984,-0.5,-0.4992142545565344,0.34842755556105887,0.34842755556105887,0.34842755556105887,0.34842755556105887,0.34842755556105887,0.5816306981662989,0.5816306981662989,0.5816306981662989,0.5816306981662989,1.0
10100,1044.434758858,0.6326606793027115,-0.0452299565076828,1.2248177989498505,-0.010335091426968576,-0.0452299565076828,2.7544548511505127,-0.010335091426968576,-0.0452299565076828,2.7544548511505127,0.1821096435264191,165.76288283555877,0.0010876090715005293,-0.5,-0.4989123909284995,0.31680274740208036,0.31680274740208036,0.31680274740208036,0.31680274740208036,0.31680274740208036,0.5690712429264052,0.5690712429264052,0.5690712429264052,0.5690712429264052,1.0
10150,1044.592409893,0.4866040208128647,0.03140724450349808,1.2248177989498505,-0.012884261012077333,0.03140724450349808,1.8375383615493774,-0.012884261012077333,0.03140724450349808,1.8375383615493774,0.08896530057746503,165.75800652295067,0.0013558963896138263,-0.5,-0.4986441036103862,0.40967880303292115,0.40967880303292115,0.40967880303292115,0.40967880303292115,0.40967880303292115,0.3923295542791224,0.3923295542791224,0.3923295542791224,0.3923295542791224,1.0
10200,1044.747838671,0.7994747629279032,0.025383776053786278,1.2248177989498505,-0.007423636429011823,0.025383776053786278,1.7893133163452148,-0.007423636429011823,0.025383776053786278,1.7893133163452148,0.03609789750329925,165.76714243395267,0.000781209966420365,-0.5,-0.49921879003357966,0.46312089253028044,0.46312089253028044,0.46312089253028044,0.46312089253028044,0.46312089253028044,0.7670349771460444,0.7670349771460444,0.7670349771460444,0.7670349771460444,1.0
10250,1044.915745168,1.0560039149097413,0.027153175324201584,1.2248177989498505,-0.0029463580995798128,0.027153175324201584,1.8812764883041382,-0.0029463580995798128,0.027153175324201584,1.8812764883041382,-0.003143131108215097,165.77096753482888,0.0003100487252581554,-0.5,-0.49968995127474186,0.502833082382957,0.502833082382957,0.502833082382957,0.502833082382957,0.502833082382957,0.8456873150257702,0.8456873150257702,0.8456873150257702,0.8456873150257702,1.0
10300,1045.067276215,1.1664361209577998,0.010999798774719238,1.2248177989498505,-0.0010189525038003938,0.010999798774719238,3.1023151874542236,-0.0010189525038003938,0.010999798774719238,3.1023151874542236,-0.0017034972294907857,165.77159718968392,0.00010722529871117399,-0.5,-0.49989277470128884,0.5015962719307796,0.5015962719307796,0.5015962719307796,0.5015962719307796,0.5015962719307796,0.6581767835482013,0.6581767835482013,0.6581767835482013,0.6581767835482013,1.0
10350,1045.137342263,1.168537364622931,-0.027230948209762573,1.2248177989498505,-0.0009822788834571855,-0.027230948209762573,2.6074492931365967,-0.0009822788834571855,-0.027230948209762573,2.6074492931365967,0.05755456324590372,165.77160323617755,0.00010336609778195659,-0.5,-0.49989663390221806,0.44234207065631437,0.44234207065631437,0.44234207065631437,0.44234207065631437,0.44234207065631437,0.41243618612338157,0.41243618612338157,0.41243618612338157,0.41243618612338157,1.0
10400,1045.326462431,1.3259595646133848,0.023646676912903786,1.2248177989498505,0.0017652568221092207,0.023646676912903786,3.427375316619873,0.0017652568221092207,0.023646676912903786,3.427375316619873,-0.08963104316359913,165.77142600288565,-0.00018575970838705019,-0.5,-0.5001857597083871,0.5898168028719862,0.5898168028719862,0.5898168028719862,0.5898168028719862,0.5898168028719862,0.6801712356085908,0.6801712356085908,0.6801712356085908,0.6801712356085908,1.0
10450,1045.526461671,1.1629902905215286,-0.014811665751039982,1.2248177989498505,-0.0010790935903787595,-0.014811665751039982,2.542872190475464,-0.0010790935903787595,-0.014811665751039982,2.542872190475464,0.03561955333604805,165.77158679434154,0.00011355400468289295,-0.5,-0.4998864459953171,0.46426689265926907,0.46426689265926907,0.46426689265926907,0.46426689265926907,0.46426689265926907,0.7286357631311957,0.7286357631311957,0.7286357631311957,0.7286357631311957,1.0
10500,1045.710763009,1.1378680009805753,-0.023258330300450325,1.2248177989498505,-0.0015175602585077302,-0.023258330300450325,1.143939733505249,-0.0015175602585077302,-0.023258330300450325,1.143939733505249,0.06391386231892833,165.7714929942852,0.000159694312936254,-0.5,-0.4998403056870637,0.4359264433681354,0.4359264433681354,0.4359264433681354,0.4359264433681354,0.4359264433681354,0.7424996747627335,0.7424996747627335,0.7424996747627335,0.7424996747627335,1.0
10550,1045.929118882,1.1212098099251488,-0.16171948611736298,1.2248177989498505,-0.0018083005398511903,-0.16171948611736298,-3.8723719120025635,-0.0018083005398511903,-0.16171948611736298,-3.8723719120025635,0.2932948048099544,165.77141333036866,0.00019028925073056783,0.5,0.5001902892507306,-0.793485094060685,-0.793485094060685,-0.793485094060685,-0.793485094060685,-0.793485094060685,0.5585967320897286,0.5585967320897286,0.5585967320897286,0.5585967320897286,1.0
10600,1046.054126888,0.10097871730865855,-0.06851769983768463,1.2248177989498505,-0.019614692237228157,-0.06851769983768463,-20.74146270751953,-0.019614692237228157,-0.06851769983768463,-20.74146270751953,0.3444464301672048,165.73998693262652,0.002064333548206253,0.5,0.5020643335482062,-0.846510763715411,-0.846510763715411,-0.846510763715411,-0.846510763715411,-0.846510763715411,-1.0280185456367628,-1.0280185456367628,-1.0280185456367628,-1.0280185456367628,1.0
10650,1046.188959867,-0.03889194757264555,0.04671888053417206,1.2248177989498505,-0.022055895866360517,0.04671888053417206,-29.303497314453125,-0.022055895866360517,0.04671888053417206,-29.303497314453125,0.1404750411510205,165.73160672675564,0.0023213342059429463,0.5,0.5023213342059429,-0.6427963753569634,-0.6427963753569634,-0.6427963753569634,-0.6427963753569634,-0.6427963753569634,-1.3171609048436492,-1.3171609048436492,-1.3171609048436492,-1.3171609048436492,1.0
10700,1046.348520112,0.6497680086569192,-0.0042061395943164825,1.2248177989498505,-0.010036512203514578,-0.0042061395943164825,-25.05159568786621,-0.010036512203514578,-0.0042061395943164825,-25.05159568786621,0.12066201553507125,165.76338394186897,0.0010561860882613756,0.5,0.5010561860882614,-0.6217182016233327,-0.6217182016233327,-0.6217182016233327,-0.6217182016233327,-0.6217182016233327,-0.9168383519992044,-0.9168383519992044,-0.9168383519992044,-0.9168383519992044,1.0
10750,1046.510875362,0.7660034742611086,-0.05943613499403,1.2248177989498505,-0.008007820621132852,-0.05943613499403,-29.972135543823242,-0.008007820621132852,-0.05943613499403,-29.972135543823242,0.2039838680475382,165.7663997483563,0.0008426878076611611,0.5,0.5008426878076612,-0.7048265558551994,-0.7048265558551994,-0.7048265558551994,-0.7048265558551994,-0.7048265558551994,-1.080018587354274,-1.080018587354274,-1.080018587354274,-1.080018587354274,1.0
10800,1046.67207144,0.44774424649945893,-0.06873016804456711,1.2248177989498505,-0.013562492020428182,-0.06873016804456711,-31.84415054321289,-0.013562492020428182,-0.06873016804456711,-31.84415054321289,0.2714130508858209,165.75652881055103,0.0014272796019553823,0.5,0.5014272796019554,-0.7728403304877763,-0.7728403304877763,-0.7728403304877763,-0.7728403304877763,-0.7728403304877763,-1.2334967224931341,-1.2334967224931341,-1.2334967224931341,-1.2334967224931341,1.0
10850,1046.730827632,0.3523373894083705,-0.10160171240568161,1.2248177989498505,-0.015227655805647375,-0.10160171240568161,-31.6109676361084,-0.015227655805647375,-0.10160171240568161,-31.6109676361084,0.35652084013130564,165.75257934451008,0.0016025422681157759,0.5,0.5016025422681157,-0.8581233823994214,-0.8581233823994214,-0.8581233823994214,-0.8581233823994214,-0.8581233823994214,-1.375793894627643,-1.375793894627643,-1.375793894627643,-1.375793894627643,1.0
10900,1046.795330114,0.018001420459871482,-0.1250447779893875,1.2248177989498505,-0.021062919271644207,-0.1250447779893875,-33.42770004272461,-0.021062919271644207,-0.1250447779893875,-33.42770004272461,0.4678168031421365,165.73513388341436,0.002216794259132451,0.5,0.5022167942591325,-0.9700335974012689,-0.9700335974012689,-0.9700335974012689,-0.9700335974012689,-0.9700335974012689,-1.5685587723521823,-1.5685587723521823,-1.5685587723521823,-1.5685587723521823,1.0
10950,1046.865991102,-0.4744664544926347,-0.1297113299369812,1.2248177989498505,-0.029658105149865152,-0.1297113299369812,-32.14930725097656,-0.029658105149865152,-0.1297113299369812,-32.14930725097656,0.5415590960763089,165.69922118984283,0.003121855410538741,0.5,0.5031218554105388,-1.0446809514868476,-1.0446809514868476,-1.0446809514868476,-1.0446809514868476,-1.0446809514868476,-1.442573661898546,-1.442573661898546,-1.442573661898546,-1.442573661898546,1.0
11000,1047.041786483,-1.6529454796176364,-0.13890059292316437,1.2248177989498505,-0.05022644430398941,-0.13890059292316437,-32.588035583496094,-0.05022644430398941,-0.13890059292316437,-32.588035583496094,0.777137505072396,165.56389200782567,0.005289781261995103,0.5,0.5052897812619951,-1.282427286334391,-1.282427286334391,-1.282427286334391,-1.282427286334391,-1.282427286334391,-1.1599737383757847,-1.1599737383757847,-1.1599737383757847,-1.1599737383757847,1.0
11050,1047.237113605,-3.017867218021124,-0.1401752233505249,1.2248177989498505,-0.074048822671175,-0.1401752233505249,-34.98113250732422,-0.074048822671175,-0.1401752233505249,-34.98113250732422,1.0107783218055306,165.3201487428911,0.0078063663676751814,0.5,0.5078063663676752,-1.5185846881732057,-1.5185846881732057,-1.5185846881732057,-1.5185846881732057,-1.5185846881732057,-0.6054085896025048,-0.6054085896025048,-0.6054085896025048,-0.6054085896025048,1.0
11100,1047.452945924,-4.5941645282162895,-0.12177993357181549,1.2248177989498505,-0.10156040072441103,-0.12177993357181549,-32.70793533325195,-0.10156040072441103,-0.12177993357181549,-32.70793533325195,1.2481878312528087,164.92264289449537,0.010723851580409402,0.5,0.5107238515804094,-1.7589116828332183,-1.7589116828332183,-1.7589116828332183,-1.7589116828332183,-1.7589116828332183,0.06991233507035388,0.06991233507035388,0.06991233507035388,0.06991233507035388,1.0
11150,1047.645414842,-5.97088349742027,-0.21101899445056915,1.2248177989498505,-0.1255886796116829,-0.21101899445056915,-35.17351150512695,-0.1255886796116829,-0.21101899445056915,-35.17351150512695,1.6532544142193162,164.47395773513261,0.01328509360853258,0.5,0.5132850936085326,-2.166539507827849,-2.166539507827849,-2.166539507827849,-2.166539507827849,-2.166539507827849,0.45551525817188354,0.45551525817188354,0.45551525817188354,0.45551525817188354,1.0
11200,1047.735323766,-7.149826655243715,-0.2496420294046402,1.2248177989498505,-0.14616511940956117,-0.2496420294046402,-35.81422424316406,-0.14616511940956117,-0.2496420294046402,-35.81422424316406,1.9615022677954195,164.01470305397893,0.015490555302114944,0.5,0.515490555302115,-2.476992823097534,-2.476992823097534,-2.476992823097534,-2.476992823097534,-2.476992823097534,0.2154762361223389,0.2154762361223389,0.2154762361223389,0.2154762361223389,1.0
11250,1047.911354505,-10.027888225247729,-0.2811233103275299,1.2248177989498505,-0.1963967698812485,-0.2811233103275299,-33.68578338623047,-0.1963967698812485,-0.2811233103275299,-33.68578338623047,2.5304740490185367,162.60412267234173,0.020934413522189672,0.5,0.5209344135221897,-3.0514084625407265,-3.0514084625407265,-3.0514084625407265,-3.0514084625407265,-3.0514084625407265,0.48810666953396187,0.48810666953396187,0.48810666953396187,0.48810666953396187,1.0
11300,1048.098231178,-13.109962423118146,-0.2072780430316925,1.2248177989498505,-0.2501891124248505,-0.2072780430316925,-37.08489990234375,-0.2501891124248505,-0.2072780430316925,-37.08489990234375,2.9215943917854728,160.6416180869883,0.02688584055104009,0.5,0.52688584055104,-3.4484802323365127,-3.4484802323365127,-3.4484802323365127,-3.4484802323365127,-3.4484802323365127,0.34403970787334703,0.34403970787334703,0.34403970787334703,0.34403970787334703,1.0
11350,1048.302148221,-15.249546501381321,-0.088849738240242,1.2248177989498505,-0.2875318992137909,-0.088849738240242,-33.160911560058594,-0.2875318992137909,-0.088849738240242,-33.160911560058594,3.066261710381997,159.00726389802364,0.03111156259709556,0.5,0.5311115625970956,-3.597373272979093,-3.597373272979093,-3.597373272979093,-3.597373272979093,-3.597373272979093,0.2335168380400423,0.2335168380400423,0.2335168380400423,0.2335168380400423,1.0
11400,1048.488663641,-15.80961006049132,0.055724550038576126,1.2248177989498505,-0.29730685234069826,0.055724550038576126,-36.88621139526367,-0.29730685234069826,0.055724550038576126,-36.88621139526367,2.8878403676235225,158.54296828006602,0.0322325390414399,0.5,0.5322325390414399,-3.4200729066649624,-3.4200729066649624,-3.4200729066649624,-3.4200729066649624,-3.4200729066649624,-0.2746024882222903,-0.2746024882222903,-0.2746024882222903,-0.2746024882222903,1.0
11450,1048.643076316,-15.048433288817588,0.11659712344408035,1.2248177989498505,-0.28402181148529054,0.11659712344408035,-35.7616081237793,-0.28402181148529054,0.11659712344408035,-35.7616081237793,2.613172972094778,159.17030602976013,0.030710607564946816,0.5,0.5307106075649468,-3.143883579659725,-3.143883579659725,-3.143883579659725,-3.143883579659725,-3.143883579659725,-0.30127947585668374,-0.30127947585668374,-0.30127947585668374,-0.30127947585668374,1.0
11500,1048.721720458,-14.43801245250438,0.13117706775665283,1.2248177989498505,-0.27336795806884767,0.13117706775665283,-33.67558670043945,-0.27336795806884767,0.13117706775665283,-33.67558670043945,2.459812483507408,159.6532309394986,0.029498554752624646,0.5,0.5294985547526246,-2.9893110382600327,-2.9893110382600327,-2.9893110382600327,-2.9893110382600327,-2.9893110382600327,-0.30979337198656903,-0.30979337198656903,-0.30979337198656903,-0.30979337198656903,1.0
