tick,time_s,euler_roll_deg,euler_pitch_deg,gyro_roll_rad_s,gyro_pitch_rad_s,roll_offset_deg,pitch_offset_deg,roll_rad,pitch_rad,rolldot_rad_s,pitchdot_rad_s,vel_roll_raw_rad_s,vel_pitch_raw_rad_s,roll_f_rad,pitch_f_rad,roll_f_deg,pitch_f_deg,rolldot_f_rad_s,pitchdot_f_rad_s,vel_roll_f_rad_s,vel_pitch_f_rad_s,tau_fb_roll_nm,tau_fb_pitch_nm,denom_roll,denom_pitch,tau_ff_roll_g_nm,tau_ff_pitch_g_nm,tau_ff_roll_f_nm,tau_ff_pitch_f_nm,tau_ff_roll_nm,tau_ff_pitch_nm,tau_roll_total_nm,tau_pitch_total_nm,tau_motor1_raw_nm,tau_motor1_sat_nm,tau_motor1_ramped_nm,tau_motor1_final_nm,tau_motor2_raw_nm,tau_motor2_sat_nm,tau_motor2_ramped_nm,tau_motor2_final_nm,ramp_scale
50,11.748255489000258,1.1349586605592672,1.1270539972554467,0.007157954387366772,0.00535880122333765,0.2683290398860007,-2.834457484394528,0.015125540276058018,0.029799812510609626,0.007157954387366772,-0.00535880122333765,0.017802270129323006,-0.0033367439173161983,0.015125540276058018,0.029799812510609626,0.8666296206732665,1.7074034871390813,0.007157954387366772,-0.00535880122333765,0.017802270129323006,-0.0033367439173161983,-0.23881119219153696,-0.43680750981647254,165.75283469231607,5.607680740502326,-0.0015917941087120178,-0.08161211370061729,-0.17086298661627503,0.03203026048644343,-0.17245478072498704,-0.049581853214173854,0.411265972916524,-0.4863893630306464,0.411265972916524,0.411265972916524,0.01364124966237261,0.01364124966237261,-0.3835728698015154,-0.3835728698015154,-0.012722699239057287,-0.012722699239057287,0.033168923666683746
100,11.848372264999853,1.1659390112522698,1.1650950560029503,0.01074619498103857,0.006576152052730322,0.2683290398860007,-2.834457484394528,0.01566624939907342,0.029135870784521102,0.01074619498103857,-0.006576152052730322,0.11681470274925232,-0.011173570528626442,0.01566624939907342,0.029135870784521102,0.8976099713662691,1.669362428391578,0.01074619498103857,-0.006576152052730322,0.11681470274925232,-0.011173570528626442,-0.2542611781146906,-0.430654660081721,165.75146307156268,5.607770916440355,-0.0016487067704622277,-0.07979302787821095,-0.49073853218761315,0.0392309629665387,-0.4923872389580754,-0.04056206491167225,0.7466484170727661,-0.47121672499339323,0.7466484170727661,0.7466484170727661,0.04967539724642704,0.04967539724642704,-0.2845546207252017,-0.2845546207252017,-0.01893175355309591,-0.01893175355309591,0.06653117600005014
150,11.94847044800008,1.2109817609509768,1.1735569133326555,0.01128818467259407,0.004922410938888788,0.2683290398860007,-2.834457484394528,0.01645239368546754,0.02898818351328373,0.01128818467259407,-0.004922410938888788,0.28619709610939026,0.019861243665218353,0.01645239368546754,0.02898818351328373,0.942652721064976,1.6609005710618727,0.01128818467259407,-0.004922410938888788,0.28619709610939026,0.019861243665218353,-0.26879691171874426,-0.4388896886994931,165.74938292778464,5.607790699026947,-0.0017314545704761734,-0.07938839727914154,-0.4999893280794801,0.02943941757719683,-0.5017207826499562,-0.049948979701944715,0.7705176943687004,-0.4888386684014378,0.7705176943687004,0.7705176943687004,0.07697882914994268,0.07697882914994268,-0.2962092448092627,-0.2962092448092627,-0.02959288412901115,-0.02959288412901115,0.09990533600011986
200,12.048378968999714,1.2520335457402807,1.1968045293898517,0.00016386760398745537,0.016787700355052948,0.2683290398860007,-2.834457484394528,0.017168882493861018,0.028582436069846152,0.00016386760398745537,-0.016787700355052948,-0.5114405155181885,0.8661879301071167,0.017168882493861018,0.028582436069846152,0.9837045058542798,1.6376529550046763,0.00016386760398745537,-0.016787700355052948,-0.5114405155181885,0.8661879301071167,-0.26430851106914227,-0.40541932599875524,165.7473984066795,5.607844531206138,-0.0018068724348556631,-0.0782767516688537,0.49999999869572775,0.0971044479169087,0.4981931262608721,0.018827696248054998,-0.23388461519172982,-0.38659162975070027,-0.23388461519172982,-0.23388461519172982,-0.031153626504962253,-0.031153626504962253,-0.4450627835486327,-0.4450627835486327,-0.05928273528622947,-0.05928273528622947,0.13320083700000396
250,12.148498837000261,1.3318165585483766,1.3694404421479802,-0.00041287345811724663,0.040035780519247055,0.2683290398860007,-2.834457484394528,0.018561358754523104,0.025569370985031124,-0.00041287345811724663,-0.040035780519247055,2.163219928741455,-0.013197964057326317,0.018561358754523104,0.025569370985031124,1.063487518662376,1.4650170422465478,-0.00041287345811724663,-0.040035780519247055,2.163219928741455,-0.013197964057326317,-0.2835533019938115,-0.3070736748297828,165.74329964004082,5.6082205534033935,-0.0019534503054279683,-0.07002228674150045,-0.5,0.19933099375975377,-0.5019534503054279,0.1293087070182533,0.7855067522992394,-0.1777649678115295,0.7855067522992394,0.7855067522992394,0.13084368027346896,0.13084368027346896,0.01861172026328034,0.01861172026328034,0.0031001973800222596,0.0031001973800222596,0.16657231766688105
300,12.248330305000309,1.3926561484151476,1.7032985946743224,0.013761513866484165,0.07901003211736679,0.2683290398860007,-2.834457484394528,0.019623209913261233,0.01974244698882103,0.013761513866484165,-0.07901003211736679,-0.28533947467803955,0.6473991274833679,0.019623209913261233,0.01974244698882103,1.1243271085291469,1.1311588897202056,0.013761513866484165,-0.07901003211736679,-0.28533947467803955,0.6473991274833679,-0.3393216893970419,-0.14837626509004753,165.739959399748,5.608829050230345,-0.0020652302126573777,-0.0540616403040449,0.49998895563297585,0.2755899664532044,0.4979237254203185,0.2215283261491595,-0.1586020360232766,0.07315206105911196,-0.1586020360232766,-0.1586020360232766,-0.03169748006442578,-0.03169748006442578,0.033501552053292805,0.033501552053292805,0.006695467504469636,0.006695467504469636,0.19985544233350083
350,12.348403877000237,1.442273737475588,2.1807769491475213,-0.027092278003692627,0.13194593787193298,0.2683290398860007,-2.834457484394528,0.020489200209267443,0.011408877596259116,-0.027092278003692627,-0.13194593787193298,0.2816815972328186,0.4727134108543396,0.020489200209267443,0.011408877596259116,1.1739446975895875,0.653680535247007,-0.027092278003692627,-0.13194593787193298,0.2816815972328186,0.4727134108543396,-0.2832886951173475,0.05477255444000406,165.737097758192,5.609427370895335,-0.002156395468227425,-0.031239467609546392,-0.4999872154950854,0.29695347479587575,-0.5021436109633128,0.26571400718632937,0.7854323060806603,0.32048656162633343,0.7854323060806603,0.7854323060806603,0.18315448269763887,0.18315448269763887,0.5168446381464985,0.5168446381464985,0.1205226874447521,0.1205226874447521,0.23318939300012667
400,12.448374526999942,1.2914361600101438,2.7537781672059927,-0.008124412037432194,0.07035304605960846,0.2683290398860007,-2.834457484394528,0.017856587846763437,0.0014081197232007972,-0.008124412037432194,-0.07035304605960846,1.4865134954452515,0.8010726571083069,0.017856587846763437,0.0014081197232007972,1.0231071201241433,0.08067931718853538,-0.008124412037432194,-0.07035304605960846,1.4865134954452515,0.8010726571083069,-0.24886450586594216,0.11169970653527128,165.7454140636323,5.609722804347632,-0.0018792622711668384,-0.0038555531136802075,-0.5,0.2660605130400762,-0.5018792622711669,0.26220495992639603,0.750743768137109,0.3739046664616673,0.750743768137109,0.750743768137109,0.20008827888337716,0.20008827888337716,0.5615906084959446,0.5615906084959446,0.1496751662286196,0.1496751662286196,0.2665200663335175
450,12.599166310000328,1.2832747242822131,3.202424692366981,-0.003854844719171524,0.037584707140922546,0.2683290398860007,-2.834457484394528,0.017714143921621142,-0.006422239318490029,-0.003854844719171524,-0.037584707140922546,0.45723456144332886,0.3554137945175171,0.017714143921621142,-0.006422239318490029,1.0149456843962124,-0.3679672079724528,-0.003854844719171524,-0.037584707140922546,0.45723456144332886,0.3554137945175171,-0.273420874255199,0.16913893734547192,165.7458314770611,5.609632310293368,-0.001864268072940726,0.0175848131423254,-0.49999998859692146,0.19084756998174576,-0.5018642566698622,0.20843238312407117,0.7752851309250612,0.3775713204695431,0.7752851309250612,0.7752851309250612,0.24550179162621863,0.24550179162621863,0.5713926032008084,0.5713926032008084,0.18093718325332708,0.18093718325332708,0.31666000266674627
500,12.769241830999817,1.3374746232237915,3.5916396071255727,0.002383406274020672,0.018895553424954414,0.2683290398860007,-2.834457484394528,0.018660110612399874,-0.013215321078896523,0.002383406274020672,-0.018895553424954414,0.18621891736984253,0.2747511863708496,0.018660110612399874,-0.013215321078896523,1.0691455833377908,-0.7571821227310443,0.002383406274020672,-0.018895553424954414,0.18621891736984253,0.2747511863708496,-0.296601116895481,0.24011684979921843,165.74299683277002,5.609324848038515,-0.0019638456172191075,0.03618621342231478,-0.49941817374770126,0.10826759283660359,-0.5013820193649203,0.14445380625891838,0.7979831362604013,0.3845706560581368,0.7979831362604013,0.7979831362604013,0.29788279858310684,0.29788279858310684,0.5840664401232372,0.5840664401232372,0.21802885028087549,0.21802885028087549,0.37329460366678785
550,12.916991607000455,1.406569137032758,3.6453099529630633,0.0065699550323188305,-0.021776854991912842,0.2683290398860007,-2.834457484394528,0.019866037373431032,-0.014152045324444772,0.0065699550323188305,0.021776854991912842,-1.093532681465149,-0.004152292385697365,0.019866037373431032,-0.014152045324444772,1.1382400971467574,-0.8108524685685352,0.0065699550323188305,0.021776854991912842,-1.093532681465149,-0.004152292385697365,-0.3326240229044122,0.17042490559152573,165.73916944718118,5.609265763146694,-0.0020907930327289485,0.0387513958683032,0.5,-0.12298150046139117,0.49790920696727103,-0.08423010459308797,-0.16528518406285886,0.08619480099843776,-0.16528518406285886,-0.16528518406285886,-0.06986107574543904,-0.06986107574543904,0.04487350498272305,0.04487350498272305,0.018966680821005274,0.018966680821005274,0.4226699213334844
600,13.06757128299978,1.3900470161522027,3.5987122680111208,-0.059423886239528656,0.059709105640649796,0.2683290398860007,-2.834457484394528,0.019577671964652835,-0.013338762298226357,-0.059423886239528656,-0.059709105640649796,0.8166379332542419,0.40924888849258423,0.019577671964652835,-0.013338762298226357,1.121717976266202,-0.7642547836165926,-0.059423886239528656,-0.059709105640649796,0.8166379332542419,0.40924888849258423,-0.20786023465480144,0.2214716656695069,165.74010645958256,5.609317293220569,-0.0020604363897690063,0.036524249605718984,-0.4999999999999935,0.24956142194627873,-0.5020604363897625,0.2860856715519977,0.7099206710445639,0.5075573372215046,0.7099206710445639,0.7099206710445639,0.3356961856574527,0.3356961856574527,0.6850375049826456,0.6850375049826456,0.3239298231964523,0.3239298231964523,0.472864362666769
650,13.221621400000004,1.1700791731063556,3.935846136574719,0.010038590058684349,0.011285556480288506,0.2683290398860007,-2.834457484394528,0.015738508854992693,-0.01922285832464695,0.010038590058684349,-0.011285556480288506,-0.64168381690979,0.20970773696899414,0.015738508854992693,-0.01922285832464695,0.901750133220355,-1.1013886521801908,0.010038590058684349,-0.011285556480288506,-0.64168381690979,0.20970773696899414,-0.2638124594575824,0.29971789729298204,165.75127612181817,5.608875711388828,-0.0016563125543218866,0.05263856675118023,0.4999999999928746,0.06658640133612417,0.49834368743855273,0.1192249680873044,-0.2345312279809703,0.41894286538028647,-0.2345312279809703,-0.2345312279809703,-0.12294226013304663,-0.12294226013304663,0.3603100583850439,0.3603100583850439,0.18887605419488757,0.18887605419488757,0.5242042230001971
700,13.290087010000207,1.1562666096138856,3.925843324535235,0.0026357220485806465,-0.047599099576473236,0.2683290398860007,-2.834457484394528,0.015497434143908322,-0.01904827632009983,0.0026357220485806465,0.047599099576473236,-2.5029659271240234,0.034934401512145996,0.015497434143908322,-0.01904827632009983,0.887937569727885,-1.091385840140707,0.0026357220485806465,0.047599099576473236,-2.5029659271240234,0.034934401512145996,-0.2503450067019182,0.19930903169268485,165.75189647812394,5.608891110283716,-0.0016309379188868705,0.052160418155799054,0.5,-0.22220370769338435,0.49836906208111315,-0.1700432895375853,-0.24802405537919492,0.029265742155099556,-0.24802405537919492,-0.24802405537919492,-0.13570150046395346,-0.13570150046395346,-0.032740271689699174,-0.032740271689699174,-0.01791319792387509,-0.01791319792387509,0.5471303993335823
750,13.354018869000356,1.1632594426635092,3.8360361553464997,0.053297724574804306,-0.054271016269922256,0.2683290398860007,-2.834457484394528,0.015619482104666531,-0.017480845525860787,0.053297724574804306,0.054271016269922256,1.8363006114959717,-0.1639384925365448,0.015619482104666531,-0.017480845525860787,0.8949304027775086,-1.0015786709519712,0.053297724574804306,0.054271016269922256,1.8363006114959717,-0.1639384925365448,-0.3161489389093175,0.15841733850542283,165.75158360940932,5.60902307221455,-0.0016437842136736603,0.04786760998261344,-0.5,-0.23856015599486374,-0.5016437842136736,-0.1906925460122503,0.8177927231229911,-0.03227520750682747,0.8177927231229911,0.8177927231229911,0.46477964393746074,0.46477964393746074,0.1721729732739203,0.1721729732739203,0.09785180394894726,0.09785180394894726,0.5683342866668681
800,13.534264648000317,0.6927609011918289,4.127819702255328,-0.05282874032855034,0.06508985906839371,0.2683290398860007,-2.834457484394528,0.007407733430154622,-0.022573429122567178,-0.05282874032855034,-0.06508985906839371,1.3653502464294434,-0.23616842925548553,0.007407733430154622,-0.022573429122567178,0.4244318613058282,-1.2933622178608004,-0.05282874032855034,-0.06508985906839371,1.3653502464294434,-0.23616842925548553,0.0013822572734433491,0.4680744651341678,165.76716186556752,5.608552958649688,-0.0007795363887611663,0.06181565605688467,-0.5,0.2586555292708038,-0.5007795363887612,0.3204711853276885,0.49939727911531784,0.7885456504618562,0.49939727911531784,0.49939727911531784,0.3138358389224132,0.3138358389224132,0.9133949702406856,0.9133949702406856,0.5740040820022274,0.5740040820022274,0.6284292126668637
850,13.698678871999618,0.33698886044586757,4.553293103109756,-0.04327366128563881,-0.006079898681491613,0.2683290398860007,-2.834457484394528,0.0011983399325981737,-0.029999340847134605,-0.04327366128563881,0.006079898681491613,-6.499366760253906,-0.6036944389343262,0.0011983399325981737,-0.029999340847134605,0.06865982055986689,-1.7188356187152285,-0.04327366128563881,0.006079898681491613,-6.499366760253906,-0.6036944389343262,0.05620688976155129,0.4571908122114651,165.77156442036068,5.60765324382917,-0.00012610241756423314,0.08215879718531201,0.5,-0.036300653569631705,0.4998738975824358,0.0458581436156803,-0.556080787343987,0.5030489558271454,-0.556080787343987,-0.556080787343987,-0.37993057382550127,-0.37993057382550127,0.3640287589911486,0.3640287589911486,0.24871504004495923,0.24871504004495923,0.683229096333586
900,13.896498447999875,0.6734844531676133,3.4333922349060164,0.009143762290477753,-0.04665357992053032,0.2683290398860007,-2.834457484394528,0.007071295944042504,-0.010453383401036263,0.009143762290477753,0.04665357992053032,-1.0091958045959473,-0.9913002848625183,0.007071295944042504,-0.010453383401036263,0.40515541328161264,-0.5989347505114884,0.009143762290477753,0.04665357992053032,-1.0091958045959473,-0.9913002848625183,-0.15548376605372588,0.03194145251731098,165.76756318724054,5.609475516839509,-0.0007441309391215716,0.02862301427126925,0.5,-0.21960682928374436,0.49925586906087843,-0.1909838150124751,-0.34377210300715255,-0.15904236249516412,-0.34377210300715255,-0.34377210300715255,-0.2575068737578943,-0.2575068737578943,-0.24498538824695226,-0.24498538824695226,-0.18350942642522708,-0.18350942642522708,0.7490627410000646
950,14.096295868999732,1.0055485604589165,3.131633410157795,0.03638380765914917,-0.027775289490818977,0.2683290398860007,-2.834457484394528,0.012866907943971455,-0.005186698362231255,0.03638380765914917,0.027775289490818977,-0.6874179840087891,-0.5800750851631165,0.012866907943971455,-0.005186698362231255,0.7372195205729158,-0.2971759257632672,0.03638380765914917,0.027775289490818977,-0.6874179840087891,-0.5800750851631165,-0.2846318444732677,0.021422879974143313,165.7580433370179,5.609665369498354,-0.0013540700110785087,0.014201713379114802,0.49999999999885625,-0.15139059182931353,0.49864592998777774,-0.13718887845019873,-0.21401408551451,-0.11576599847605541,-0.21401408551451,-0.21401408551451,-0.17456776188869857,-0.17456776188869857,-0.16926951985468291,-0.16926951985468291,-0.13807035721956357,-0.13807035721956357,0.815683516666771
1000,14.251734995999868,1.0919315637176545,2.9101784001418833,0.020343223586678505,-0.005943987984210253,0.2683290398860007,-2.834457484394528,0.014374575768597424,-0.0013215792924165734,0.020343223586678505,0.005943987984210253,-0.5257846117019653,-0.48536956310272217,0.014374575768597424,-0.0013215792924165734,0.8236025238316539,-0.07572091574735534,0.020343223586678505,0.005943987984210253,-0.5257846117019653,-0.48536956310272217,-0.2685989989920419,-0.008508886724023144,165.75465976413474,5.609723348823863,-0.0015127524141931815,0.003618597749860361,0.49999999926517186,-0.035496866633218466,0.49848724685097867,-0.0318782688833581,-0.22988824785893675,-0.04038715560738125,-0.22988824785893675,-0.22988824785893675,-0.19941662267511093,-0.19941662267511093,-0.09785921757211544,-0.09785921757211544,-0.08488800470494128,-0.08488800470494128,0.8674502700002146
1050,14.315343326000402,1.2357805770017063,2.9205526037174865,0.02172396518290043,0.015366414561867714,0.2683290398860007,-2.834457484394528,0.016885214676149188,-0.0015026433020830163,0.02172396518290043,-0.015366414561867714,7.329916477203369,-3.7352383136749268,0.016885214676149188,-0.0015026433020830163,0.9674515371157056,-0.08609511932295845,0.02172396518290043,-0.015366414561867714,7.329916477203369,-3.7352383136749268,-0.3179378848623504,0.05411941975766469,165.74819421968635,5.609722170197482,-0.0017770132448047089,0.0041143670924428085,-0.5,0.0894013789887161,-0.5017770132448047,0.09351574608115891,0.8197148981071551,0.1476351658388236,0.8197148981071551,0.8197148981071551,0.7286302014128238,0.7286302014128238,0.3525638903656124,0.3525638903656124,0.31338786087843407,0.31338786087843407,0.8888824676669174
1100,14.369313739999598,1.3158662525673983,3.053091357344526,-0.19725745916366577,0.1458151489496231,0.2683290398860007,-2.834457484394528,0.018282973398454486,-0.003815880939364434,-0.19725745916366577,-0.1458151489496231,0.7629563808441162,2.838966131210327,0.018282973398454486,-0.003815880939364434,1.0475372126813975,-0.2186338729499981,-0.19725745916366577,-0.1458151489496231,0.7629563808441162,2.838966131210327,0.054328324535622474,0.3155495029360325,165.7441446174341,5.6096938134751975,-0.001924145716889831,0.010448242848674016,-0.49999999999994427,0.2982468791331608,-0.5019241457168341,0.3086951219818348,0.4475958211812116,0.6242446249178673,0.4475958211812116,0.4475958211812116,0.4059120736819914,0.4059120736819914,0.7361435802131702,0.7361435802131702,0.6675879287332278,0.6675879287332278,0.9068719020002997
1150,14.52634851899984,-0.42337020951816595,3.4340417432074024,-0.02535608410835266,0.02465641498565674,0.2683290398860007,-2.834457484394528,-0.012072429335676134,-0.010464719459414483,-0.02535608410835266,-0.02465641498565674,0.5451602935791016,-1.5235536098480225,-0.012072429335676134,-0.010464719459414483,-0.6916992494041666,-0.5995842588128742,-0.02535608410835266,-0.02465641498565674,0.5451602935791016,-1.5235536098480225,0.2583668628422748,0.18352881350778344,165.75967566878148,5.609474970299832,0.001270453445410414,0.028654055848345825,-0.49999999966147113,0.1370087381323804,-0.4987295462160607,0.16566279398072623,0.2403626833737859,0.34919160748850964,0.2403626833737859,0.2403626833737859,0.23053091277022136,0.23053091277022136,0.40928227833195613,0.40928227833195613,0.39254103790235745,0.39254103790235745,0.9590961023335088
1200,14.68110914600038,-0.5455535692702465,3.6558843664587126,-0.09941993653774261,0.07459930330514908,0.2683290398860007,-2.834457484394528,-0.01420493125449866,-0.014336603656411172,-0.09941993653774261,-0.07459930330514908,-4.140307426452637,0.034873273223638535,-0.01420493125449866,-0.014336603656411172,-0.8138826091562471,-0.8214268820641843,-0.09941993653774261,-0.07459930330514908,-4.140307426452637,0.034873273223638535,0.3318033192590965,0.31676255899993655,165.7550591864767,5.609253645003806,0.0014948969609666165,0.03925680736183508,0.5,0.2711068597634802,0.5014948969609666,0.31036366712531527,-0.8332982162200631,0.6271262261252518,-0.8332982162200631,-0.8332982162200631,-0.8332982162200631,-0.8332982162200631,0.41880167207023605,0.41880167207023605,0.41880167207023605,0.41880167207023605,1.0
1250,14.833571989999655,0.09445288510332127,2.770599642471265,0.18667353689670563,-0.10049661993980408,0.2683290398860007,-2.834457484394528,-0.0030347113916650414,0.0011145295947790138,0.18667353689670563,0.10049661993980408,-4.848775386810303,-0.5391793251037598,-0.0030347113916650414,0.0011145295947790138,-0.17387615478267943,0.06385784192326335,0.18667353689670563,0.10049661993980408,-4.848775386810303,-0.5391793251037598,-0.3659288845434512,-0.24605497835300108,165.77092399832827,5.6097245113866965,0.00031934630175722514,-0.0030516774969118437,0.5,-0.28941679025115064,0.5003193463017572,-0.29246846774806246,-0.13439046175830605,-0.5385234461010635,-0.13439046175830605,-0.13439046175830605,-0.13439046175830605,-0.13439046175830605,-0.57212106154064,-0.57212106154064,-0.57212106154064,-0.57212106154064,1.0
1300,14.987246511000194,1.038744026877119,2.8628718696201405,-0.2240733951330185,0.12475884705781937,0.2683290398860007,-2.834457484394528,0.013446278129704297,-0.0004959245771169671,-0.2240733951330185,-0.12475884705781937,5.799961090087891,1.8449146747589111,0.013446278129704297,-0.0004959245771169671,0.7704149869911183,-0.028414385225612338,-0.2240733951330185,-0.12475884705781937,5.799961090087891,1.8449146747589111,0.0006365024542440145,0.15250532940384887,165.75678739489734,5.609726807572359,-0.0014150481023963487,0.0013578836408273212,-0.5,0.2959456290173765,-0.5014150481023963,0.2973035126582038,0.5007785456481524,0.4498088420620527,0.5007785456481524,0.5007785456481524,0.5007785456481524,0.5007785456481524,0.5750034784740907,0.5750034784740907,0.5750034784740907,0.5750034784740907,1.0
1350,15.138194111000303,-0.9784703822161068,3.434589439001473,-0.07042601704597473,-0.047642748802900314,0.2683290398860007,-2.834457484394528,-0.021760755027644338,-0.010474278554320336,-0.07042601704597473,0.047642748802900314,-7.464619159698486,0.7533390522003174,-0.021760755027644338,-0.010474278554320336,-1.2467994221021077,-0.6001319546069447,-0.07042601704597473,0.047642748802900314,-7.464619159698486,0.7533390522003174,0.549576962902401,0.09445119805269911,165.73267206207103,5.609474508971655,0.0022902615006585667,0.02868023156294918,0.5,-0.22232184941841218,0.5022902615006586,-0.193641617855463,-1.0518672244030596,-0.09919041980276389,-1.0518672244030596,-1.0518672244030596,-1.0518672244030596,-1.0518672244030596,-0.3621572259035288,-0.3621572259035288,-0.3621572259035288,-0.3621572259035288,1.0
1400,15.228573794000113,0.038752272205150776,2.7045702827740477,0.25051504373550415,-0.027783390134572983,0.2683290398860007,-2.834457484394528,-0.004006870482116938,0.0022669593244790953,0.25051504373550415,0.027783390134572983,-2.6025383472442627,-0.7802309393882751,-0.004006870482116938,0.0022669593244790953,-0.22957676768084992,0.12988720162048029,0.25051504373550415,0.027783390134572983,-2.6025383472442627,-0.7802309393882751,-0.4451333086544346,-0.11497656772420559,165.77036002412197,5.609715529502801,0.0004216487165802761,-0.006207134716578542,0.5,-0.15142681542625588,0.5004216487165802,-0.15763395014283443,-0.05528834006214561,-0.27261051786704005,-0.05528834006214561,-0.05528834006214561,-0.05528834006214561,-0.05528834006214561,-0.28643260288257644,-0.28643260288257644,-0.28643260288257644,-0.28643260288257644,1.0
1450,15.295680287999858,0.749737005226753,2.62061893358154,0.031029649078845978,0.007742183282971382,0.2683290398860007,-2.834457484394528,0.008402154040522873,0.003732186779379837,0.031029649078845978,-0.007742183282971382,4.468260288238525,-3.1530442237854004,0.008402154040522873,0.003732186779379837,0.4814079653407523,0.21383855081298794,0.031029649078845978,-0.007742183282971382,4.468260288238525,-3.1530442237854004,-0.21868624136764292,-0.03239154658283684,165.76586663544498,5.609695269521404,-0.0008841866267657795,-0.010219078747859388,-0.5,0.04608536425175984,-0.5008841866267658,0.03586628550390045,0.7195704279944087,0.0034747389210636054,0.7195704279944087,0.7195704279944087,0.7195704279944087,0.7195704279944087,0.1833673459196658,0.1833673459196658,0.1833673459196658,0.1833673459196658,1.0
1500,15.350066582999716,0.45558717129648474,3.0832075823858167,-0.2045886218547821,0.04507533460855484,0.2683290398860007,-2.834457484394528,0.0032682709442451597,-0.004341508224606522,-0.2045886218547821,-0.04507533460855484,0.6849714517593384,2.1024255752563477,0.0032682709442451597,-0.004341508224606522,0.18725813141048403,-0.24875009799128875,-0.2045886218547821,-0.04507533460855484,0.6849714517593384,2.1024255752563477,0.33540945061571864,0.18083074407584454,165.77080271654162,5.609683930831917,-0.0003439242194747832,0.011887472507128008,-0.4999999999987387,0.215109213991982,-0.5003439242182135,0.22699668649911,0.16493447360249486,0.4078274305749545,0.16493447360249486,0.16493447360249486,0.16493447360249486,0.16493447360249486,0.44906104897557825,0.44906104897557825,0.44906104897557825,0.44906104897557825,1.0
1550,15.42376767299993,-0.2829180680878583,3.3134141991626302,-0.14633582532405853,0.01545763947069645,0.2683290398860007,-2.834457484394528,-0.009621077026240528,-0.008359371647238732,-0.14633582532405853,-0.01545763947069645,0.48382335901260376,-0.705359160900116,-0.009621077026240528,-0.008359371647238732,-0.551247107973859,-0.4789567147681022,-0.14633582532405853,-0.01545763947069645,0.48382335901260376,-0.705359160900116,0.41743498334703943,0.15861123884438355,165.76405673122073,5.609566313584128,0.0010124652957839543,0.022889059254654717,-0.4999999960633446,0.08989984854593465,-0.49898753076756064,0.11278890780058937,0.0815525474205212,0.2714001466449729,0.0815525474205212,0.0815525474205212,0.0815525474205212,0.0815525474205212,0.2917882835001032,0.2917882835001032,0.2917882835001032,0.2917882835001032,1.0
1600,15.579576537999856,0.0024942607290885216,2.430914057922432,0.2114507257938385,-0.0752183124423027,0.2683290398860007,-2.834457484394528,-0.004639692162600113,0.007043161466717719,0.2114507257938385,0.0752183124423027,-4.451428413391113,-1.1172988414764404,-0.004639692162600113,0.007043161466717719,-0.26583477915691217,0.40354342647209596,0.2114507257938385,0.0752183124423027,-4.451428413391113,-1.1172988414764404,-0.3270317653385245,-0.2882642527758349,165.76990923226424,5.609613039553306,0.000488242330347326,-0.019285007154715393,0.5,-0.2717802458550474,0.5004882423303473,-0.29106525300976277,-0.17345647699182276,-0.5793295057855976,-0.17345647699182276,-0.17345647699182276,-0.17345647699182276,-0.17345647699182276,-0.6226936250335533,-0.6226936250335533,-0.6226936250335533,-0.6226936250335533,1.0
1650,15.737350860999868,0.7888738290883675,2.4951001203173924,-0.041086550801992416,0.02719108946621418,0.2683290398860007,-2.834457484394528,0.009085220475681128,0.005922903344035148,-0.041086550801992416,-0.02719108946621418,-1.1081058979034424,-0.6393864154815674,0.009085220475681128,0.005922903344035148,0.5205447892023668,0.3393573640771358,-0.041086550801992416,-0.02719108946621418,-1.1081058979034424,-0.6393864154815674,-0.0715800729785047,-0.055563914126523395,165.7648825459507,5.6096465182444195,-0.000956071753004561,-0.016217550703148495,0.5,0.14876263946639445,0.49904392824699545,0.13254508876324594,-0.42746385526849073,0.07698117463672255,-0.42746385526849073,-0.42746385526849073,-0.42746385526849073,-0.42746385526849073,-0.029884789180400134,-0.029884789180400134,-0.029884789180400134,-0.029884789180400134,1.0
1700,15.89177546100018,0.7996972776844575,2.3960418867846975,0.07208183407783508,0.01448179129511118,0.2683290398860007,-2.834457484394528,0.009274125290103257,0.007651795670390128,0.07208183407783508,-0.01448179129511118,-0.43238621950149536,-0.6972528100013733,0.009274125290103257,0.007651795670390128,0.5313682377984569,0.43841559760983073,0.07208183407783508,-0.01448179129511118,-0.43238621950149536,-0.6972528100013733,-0.2924606417497223,-0.11636294484477959,165.764596821959,5.609592425375866,-0.0009759520317107737,-0.020951565181645735,0.4999999691906866,0.08453987772641486,0.4990240171589759,0.06358831254476913,-0.20656337540925357,-0.05277463230001046,-0.20656337540925357,-0.20656337540925357,-0.20656337540925357,-0.20656337540925357,-0.10441547615232386,-0.10441547615232386,-0.10441547615232386,-0.10441547615232386,1.0
1750,16.02141088799999,0.8901729516382083,2.7155318826182717,0.003483660751953721,0.0009707929566502571,0.2683290398860007,-2.834457484394528,0.010853223693557084,0.002075643315911292,0.003483660751953721,-0.0009707929566502571,-0.9243937730789185,0.6058472394943237,0.010853223693557084,0.002075643315911292,0.6218439117522077,0.11892560177625648,0.003483660751953721,-0.0009707929566502571,-0.9243937730789185,0.6058472394943237,-0.18200921369953338,-0.031994477409960975,165.76197839190766,5.60971744440372,-0.0011421386482520163,-0.0056832934461430035,0.4999999999999999,0.005824025919765485,0.49885786135174787,0.0001407324736224817,-0.3168486476522145,-0.031853744936338496,-0.3168486476522145,-0.3168486476522145,-0.3168486476522145,-0.3168486476522145,-0.11106590684939212,-0.11106590684939212,-0.11106590684939212,-0.11106590684939212,1.0
1800,16.07651437200002,0.8985162945136433,2.699927675129143,0.01080222986638546,-0.009755708277225494,0.2683290398860007,-2.834457484394528,0.010998842497356236,0.0023479881137609473,0.01080222986638546,0.009755708277225494,-0.8507898449897766,1.4983782768249512,0.010998842497356236,0.0023479881137609473,0.6301872546276427,0.1345298092653853,0.01080222986638546,0.009755708277225494,-0.8507898449897766,1.4983782768249512,-0.19384136191363577,-0.058612434680144265,165.76171623946632,5.609714667614534,-0.0011574640550810402,-0.006428999280471871,0.49999999999999833,-0.05780259848967516,0.4988425359449173,-0.06423159777014703,-0.3050011740312815,-0.1228440324502913,-0.3050011740312815,-0.3050011740312815,-0.3050011740312815,-0.3050011740312815,-0.19909432595811166,-0.19909432595811166,-0.19909432595811166,-0.19909432595811166,1.0
1850,16.16407726699981,0.9269843095308449,2.7425523244182535,-0.00041382317431271076,0.015584487468004227,0.2683290398860007,-2.834457484394528,0.011495703090913594,0.0016040476411581031,-0.00041382317431271076,-0.015584487468004227,-0.756419837474823,-2.3764450550079346,0.011495703090913594,0.0016040476411581031,0.6586552696448442,0.09190515997627446,-0.00041382317431271076,-0.015584487468004227,-0.756419837474823,-2.3764450550079346,-0.1949001566034192,0.021144593825492775,165.76079546090583,5.609721444092092,-0.001209755685191914,-0.004392021265501901,0.4999999999999276,0.09059206323945582,0.4987902443147357,0.08620004197395392,-0.3038900877113165,0.1073446357994467,-0.3038900877113165,-0.3038900877113165,-0.3038900877113165,-0.3038900877113165,0.03137211387161758,0.03137211387161758,0.03137211387161758,0.03137211387161758,1.0
1900,16.325547655000264,0.9982538117036371,2.686470494916925,0.051710955798625946,-0.005689628422260284,0.2683290398860007,-2.834457484394528,0.012739590560086072,0.002582860216498374,0.051710955798625946,0.005689628422260284,-1.1383509635925293,-1.9771497249603271,0.012739590560086072,0.002582860216498374,0.7299247718176365,0.14798698947760291,0.051710955798625946,0.005689628422260284,-1.1383509635925293,-1.9771497249603271,-0.30657361407981387,-0.03014021167180097,165.7583119200782,5.609711998311471,-0.0013406701149936856,-0.007072101886857172,0.5,-0.03399118260236799,0.49865932988500633,-0.041063284489225166,-0.19208571580519246,-0.07120349616102614,-0.19208571580519246,-0.19208571580519246,-0.19208571580519246,-0.19208571580519246,-0.11922492511232426,-0.11922492511232426,-0.11922492511232426,-0.11922492511232426,1.0
1950,16.47692238000036,1.564789188495634,2.911107305869005,-0.17197178304195404,0.044799115508794785,0.2683290398860007,-2.834457484394528,0.02262749821413309,-0.0013377917557954797,-0.17197178304195404,-0.044799115508794785,4.775052070617676,1.3953415155410767,0.02262749821413309,-0.0013377917557954797,1.2964601486096334,-0.07664982147447708,-0.17197178304195404,-0.044799115508794785,4.775052070617676,1.3953415155410767,-0.2152046251437325,0.14665106528192692,165.7295026741061,5.609723249449797,-0.0023815141840828127,0.003662988907325033,-0.5,0.21430078550887735,-0.5023815141840828,0.21796377441620238,0.7175861393278153,0.3646148396981293,0.7175861393278153,0.7175861393278153,0.7175861393278153,0.7175861393278153,0.5440113745300832,0.5440113745300832,0.5440113745300832,0.5440113745300832,1.0
2000,16.62900621999961,-0.4979004066481253,3.772804398444637,0.05001816153526306,-0.004638552665710449,0.2683290398860007,-2.834457484394528,-0.013373226667754352,-0.01637724317610264,0.05001816153526306,0.004638552665710449,-7.834117889404297,-2.2998013496398926,-0.013373226667754352,-0.01637724317610264,-0.766229446534126,-0.9383469140501088,0.05001816153526306,0.004638552665710449,-7.834117889404297,-2.2998013496398926,0.22468796830812848,0.21422829243624752,165.75694880073257,5.609109191324787,0.0014073594632574393,0.044845218370472666,0.5,-0.027751746793705626,0.5014073594632574,0.01709347157676704,-0.726095327771386,0.23132176401301457,-0.726095327771386,-0.726095327771386,-0.726095327771386,-0.726095327771386,0.04979793207016808,0.04979793207016808,0.04979793207016808,0.04979793207016808,1.0
2050,16.785213283999838,0.6919942658183479,2.8048974373884836,0.14195506274700165,0.005786441732198,0.2683290398860007,-2.834457484394528,0.007394353118725121,0.0005159201472997657,0.14195506274700165,-0.005786441732198,-1.1601656675338745,-1.7093381881713867,0.007394353118725121,0.0005159201472997657,0.4236652259323472,0.02956004700604433,0.14195506274700165,-0.005786441732198,-1.1601656675338745,-1.7093381881713867,-0.41839035467923713,-0.019312298349130765,165.76717818247226,5.609726760939409,-0.0007781282904730147,-0.0014126332183929452,0.5,0.03456447876230335,0.499221871709527,0.0331518455439104,-0.08083151703028985,0.013839547194779638,-0.08083151703028985,-0.08083151703028985,-0.08083151703028985,-0.08083151703028985,-0.006368332062792824,-0.006368332062792824,-0.006368332062792824,-0.006368332062792824,1.0
2100,16.9824263849996,0.9898630310299823,2.9837615221743117,0.02325405739247799,-0.014092233031988144,0.2683290398860007,-2.834457484394528,0.012593143810518086,-0.002605847045779229,0.02325405739247799,0.014092233031988144,-3.4404208660125732,-0.6927417516708374,0.012593143810518086,-0.002605847045779229,0.7215339911439816,-0.14930403777978365,0.02325405739247799,0.014092233031988144,-3.4404208660125732,-0.6927417516708374,-0.23965521636028053,0.006585140524557616,165.75861755485855,5.609711723406243,-0.001325256945266146,0.0071350420856568396,0.5,-0.08238344853024453,0.49867474305473386,-0.07524840644458769,-0.25901952669445333,-0.06866326592003008,-0.25901952669445333,-0.25901952669445333,-0.25901952669445333,-0.25901952669445333,-0.1334181475936434,-0.1334181475936434,-0.1334181475936434,-0.1334181475936434,1.0
2150,17.14646905399968,1.3381557211500887,3.089187199560751,0.060446519404649734,0.02811230719089508,0.2683290398860007,-2.834457484394528,0.018671998013742266,-0.004445872232317925,0.060446519404649734,-0.02811230719089508,-4.028777122497559,-0.6332166790962219,0.018671998013742266,-0.004445872232317925,1.069826681264088,-0.25472971516622295,0.060446519404649734,-0.02811230719089508,-4.028777122497559,-0.6332166790962219,-0.4083297360947823,0.09250685576246254,165.74296027355956,5.609681817079942,-0.001965096970848781,0.012173234054579034,0.5,0.15289262316414315,0.4980349030291512,0.1650658572187222,-0.08970516693436892,0.2575727129811847,-0.08970516693436892,-0.08970516693436892,-0.08970516693436892,-0.08970516693436892,0.2351464212475925,0.2351464212475925,0.2351464212475925,0.2351464212475925,1.0
2200,17.201496800000314,1.4738821454071145,3.2147171118822997,0.06086181849241257,0.07655631005764008,0.2683290398860007,-2.834457484394528,0.021040870998986064,-0.006636782512068749,0.06086181849241257,-0.07655631005764008,-2.4499051570892334,-9.571353912353516,0.021040870998986064,-0.006636782512068749,1.2055531055211137,-0.3802596274877717,0.06086181849241257,-0.07655631005764008,-2.4499051570892334,-9.571353912353516,-0.4629125120639649,0.2512517565812762,165.73521035784756,5.609625852746785,-0.0022144730808955023,0.018172268955390404,0.5,0.27318513597268435,0.4977855269191045,0.29135740492807477,-0.034873014855139606,0.5426091615093509,-0.034873014855139606,-0.034873014855139606,-0.034873014855139606,-0.034873014855139606,0.533890907795566,0.533890907795566,0.533890907795566,0.533890907795566,1.0
2250,17.275016452000273,1.69016712910815,3.2092418614888882,0.10757853835821152,0.03545048087835312,0.2683290398860007,-2.834457484394528,0.024815756087191408,-0.006541221365332604,0.10757853835821152,-0.03545048087835312,-3.252814769744873,-3.02378249168396,0.024815756087191408,-0.006541221365332604,1.4218380892221494,-0.3747843770943602,0.10757853835821152,-0.03545048087835312,-3.252814769744873,-3.02378249168396,-0.5934587101495488,0.0931583165939863,165.72095033851713,5.609628755252521,-0.0026119150156840285,0.017910606107048404,0.5,0.18301662429071383,0.49738808498431597,0.20092723039776222,0.09607062516523279,0.2940855469917485,0.09607062516523279,0.09607062516523279,0.09607062516523279,0.09607062516523279,0.3181032032830567,0.3181032032830567,0.3181032032830567,0.3181032032830567,1.0
2300,17.427756295999643,2.1480577817022213,3.7569459798523366,-0.01552913524210453,0.1403031349182129,0.2683290398860007,-2.834457484394528,0.032807455589063464,-0.016100461557507516,-0.01552913524210453,-0.1403031349182129,16.94284439086914,-4.54811429977417,0.032807455589063464,-0.016100461557507516,1.8797287418162205,-0.9224884954578086,-0.01552913524210453,-0.1403031349182129,16.94284439086914,-4.54811429977417,-0.48270979934666086,0.5059451517533843,165.68301639925372,5.6091299093678195,-0.0034535851468788627,0.044087220388990836,-0.5,0.2978160009581478,-0.5034535851468789,0.34190322134713863,0.9861633844935398,0.8478483731005229,0.9861633844935398,0.9861633844935398,0.9861633844935398,0.9861633844935398,1.0943892192239077,1.0943892192239077,1.0943892192239077,1.0943892192239077,1.0
2350,17.637442422000277,-1.4741221625234169,4.505560752981945,0.15107427537441254,-0.31020885705947876,0.2683290398860007,-2.834457484394528,-0.03041151053737849,-0.029166254177689553,0.15107427537441254,0.31020885705947876,-26.986536026000977,-6.101802349090576,-0.03041151053737849,-0.029166254177689553,-1.7424512024094179,-1.6711032685874168,0.15107427537441254,0.31020885705947876,-26.986536026000977,-6.101802349090576,0.3095575985082859,-0.11873661218412457,165.69549323323625,5.6077668341452895,0.003201207835416368,0.07987627200043,0.5,-0.29999754941550005,0.5032012078354163,-0.22012127741507004,-0.8127588063437022,-0.3388578895991946,-0.8127588063437022,-0.8127588063437022,-0.8127588063437022,-0.8127588063437022,-0.5420475911851201,-0.5420475911851201,-0.5420475911851201,-0.5420475911851201,1.0
2400,17.815717112999664,1.2292528371458782,1.9688780141106919,0.34499794244766235,0.09580554068088531,0.2683290398860007,-2.834457484394528,0.016771284122951327,0.01510721169412136,0.34499794244766235,-0.09580554068088531,0.29809480905532837,-7.381707191467285,0.016771284122951327,0.01510721169412136,0.9609237972598775,0.8655794702838363,0.34499794244766235,-0.09580554068088531,0.29809480905532837,-7.381707191467285,-0.9590034439560037,-0.15989158279074525,165.74851011357532,5.60920135036507,-0.001765020868094115,-0.04136713267690013,-0.49999336929213795,0.2872786985926956,-0.501758390160232,0.2459115659157955,1.4607618341162358,0.08601998312505024,1.4607618341162358,1.4607618341162358,1.4607618341162358,1.4607618341162358,0.4512104416541092,0.4512104416541092,0.4512104416541092,0.4512104416541092,1.0
2450,17.966683313999965,1.5437326757798366,4.418217574536292,-0.2765805721282959,0.42950350046157837,0.2683290398860007,-2.834457484394528,0.022259992738254367,-0.027641828134655967,-0.2765805721282959,-0.42950350046157837,4.412235260009766,-5.617351531982422,0.022259992738254367,-0.027641828134655967,1.2754036358938359,-1.5837600901417639,-0.2765805721282959,-0.42950350046157837,4.412235260009766,-5.617351531982422,0.21874437986201856,1.2539596816017218,165.73086162969082,5.607966407838029,-0.0023428219508876327,0.07569979549027983,-0.5,0.29999997925510563,-0.5023428219508876,0.37569977474538546,0.2835984420888691,1.6296594563471072,0.2835984420888691,0.2835984420888691,0.2835984420888691,0.2835984420888691,1.7005590668693245,1.7005590668693245,1.7005590668693245,1.7005590668693245,1.0
2500,18.0338455709998,-0.08503612197092321,5.516580294966042,-0.25738725066185,0.042218346148729324,0.2683290398860007,-2.834457484394528,-0.006167385536246002,-0.046811873987317086,-0.25738725066185,-0.042218346148729324,-14.192383766174316,-8.579584121704102,-0.006167385536246002,-0.046811873987317086,-0.3533651618569239,-2.6821228105715136,-0.25738725066185,-0.042218346148729324,-14.192383766174316,-8.579584121704102,0.6215367561966154,0.889509733230429,165.76854905693185,5.604677530094882,0.0006490075208833894,0.12824351832788147,0.5,0.20643454543188586,0.5006490075208834,0.33467806375976733,-1.1221857637174988,1.2241877969901964,-1.1221857637174988,-1.1221857637174988,-1.1221857637174988,-1.1221857637174988,0.9436413560608217,0.9436413560608217,0.9436413560608217,0.9436413560608217,1.0
2550,18.132959491999827,-1.1742656521807502,5.117980700287853,0.16031208634376526,-0.16319264471530914,0.2683290398860007,-2.834457484394528,-0.025178027148358526,-0.03985499866306782,0.16031208634376526,0.16319264471530914,-17.439661026000977,-10.030085563659668,-0.025178027148358526,-0.03985499866306782,-1.442594692066751,-2.2835232158933243,0.16031208634376526,0.16319264471530914,-17.439661026000977,-10.030085563659668,0.25765981627757106,0.07970966087931097,165.71945837914717,5.606066765325838,0.0026500607308813594,0.10916871727948765,0.5,-0.2991238670429897,0.5026500607308814,-0.18995514976350206,-0.7603098770084524,-0.11024548888419108,-0.7603098770084524,-0.7603098770084524,-0.7603098770084524,-0.7603098770084524,-0.30032295813630416,-0.30032295813630416,-0.30032295813630416,-0.30032295813630416,1.0
2600,18.282809921999615,1.1730548944286596,2.6323064544684893,0.33768147230148315,-0.18374769389629364,0.2683290398860007,-2.834457484394528,0.015790444989688693,0.003528201058506965,0.33768147230148315,0.18374769389629364,-2.138023853302002,-4.674808979034424,0.015790444989688693,0.003528201058506965,0.9047258545426589,0.20215102992603873,0.33768147230148315,0.18374769389629364,-2.138023853302002,-4.674808979034424,-0.8582813227376256,-0.4372495457885335,165.75114122125026,5.609698683052624,-0.0016617791852955577,-0.009660543147088176,0.5,-0.2996146566584451,0.49833822081470447,-0.3092751998055333,0.3599431019229211,-0.7465247455940668,0.3599431019229211,0.3599431019229211,0.3599431019229211,0.3599431019229211,-0.6565389701133365,-0.6565389701133365,-0.6565389701133365,-0.6565389701133365,1.0
2650,18.43956273599997,2.3832914177081648,3.3024972089914226,-0.28725507855415344,0.13375458121299744,0.2683290398860007,-2.834457484394528,0.03691305704880506,-0.0081688342243433,-0.28725507855415344,-0.13375458121299744,17.45199203491211,-3.465909719467163,0.03691305704880506,-0.0081688342243433,2.114962377822164,-0.46803972459689464,-0.28725507855415344,-0.13375458121299744,17.45199203491211,-3.465909719467163,-0.019908415589546702,0.4566693404574639,165.65943868653812,5.609573572074451,-0.0038861424727119473,0.022367325523275795,-0.5,0.29716508952411225,-0.5038861424727119,0.31953241504738805,0.5237945580622586,0.7762017555048519,0.5237945580622586,0.5237945580622586,0.5237945580622586,0.5237945580622586,0.9071503950204166,0.9071503950204166,0.9071503950204166,0.9071503950204166,1.0
2700,18.59317969699987,-1.1394010582841259,4.160319876760365,-0.17225201427936554,-0.2887939214706421,0.2683290398860007,-2.834457484394528,-0.024569525192491712,-0.02314066417515278,-0.17225201427936554,0.2887939214706421,-9.8412446975708,-10.238834381103516,-0.024569525192491712,-0.02314066417515278,-1.4077300981701266,-1.3258623923658366,-0.17225201427936554,0.2887939214706421,-9.8412446975708,-10.238834381103516,0.8545360163934016,-0.05659029814576216,165.72195206353572,5.608493197272905,0.00258598826140503,0.0633693883936749,0.5,-0.29999422857823665,0.502585988261405,-0.23662484018456176,-1.3571220046548067,-0.2932151383303239,-1.3571220046548067,-1.3571220046548067,-1.3571220046548067,-1.3571220046548067,-0.6324956394940255,-0.6324956394940255,-0.6324956394940255,-0.6324956394940255,1.0
2750,18.758300014999804,0.8591173621426297,1.604967776288234,0.2375507801771164,-0.05653991922736168,0.2683290398860007,-2.834457484394528,0.010311201405711472,0.02145864352583885,0.2375507801771164,0.05653991922736168,-0.31930461525917053,-1.320776343345642,0.010311201405711472,0.02145864352583885,0.590788322256629,1.2294897081062943,0.2375507801771164,0.05653991922736168,-0.31930461525917053,-1.320776343345642,-0.6835175541237858,-0.546561702805703,165.76292347086027,5.6086660867817235,-0.0010850948381963326,-0.058762194135370274,0.49999716136555034,-0.24338769916455785,0.498912066527354,-0.30214989329992814,0.1846054875964318,-0.8487115961056312,0.1846054875964318,0.1846054875964318,0.1846054875964318,0.1846054875964318,-0.8025602242065233,-0.8025602242065233,-0.8025602242065233,-0.8025602242065233,1.0
2800,18.858472378000442,2.0816999325946086,2.1419522329144645,0.0007380852475762367,0.23583941161632538,0.2683290398860007,-2.834457484394528,0.03164929263759404,0.012086496725678443,0.0007380852475762367,-0.23583941161632538,23.41149139404297,4.034107208251953,0.03164929263759404,0.012086496725678443,1.8133708927086079,0.6925052514800635,0.0007380852475762367,-0.23583941161632538,23.41149139404297,4.034107208251953,-0.5233012501796863,0.2940633416577966,165.68916555415433,5.609390676201012,-0.003331585106447374,-0.03309503392008231,-0.5,0.29995200828076213,-0.5033315851064474,0.2668569743606798,1.0266328352861338,0.5609203160184764,1.0266328352861338,1.0266328352861338,1.0266328352861338,1.0266328352861338,0.8175785248400098,0.8175785248400098,0.8175785248400098,0.8175785248400098,1.0
2850,18.91471578399978,1.964744895889188,2.675980605012255,-0.18892943859100342,0.16099554300308228,0.2683290398860007,-2.834457484394528,0.029608042170293628,0.0027659433335065833,-0.18892943859100342,-0.16099554300308228,16.196426391601562,2.6124634742736816,0.029608042170293628,0.0027659433335065833,1.696415856003187,0.15847687938227312,-0.18892943859100342,-0.16099554300308228,16.196426391601562,2.6124634742736816,-0.1591538002354898,0.2532665082402483,165.69946559614988,5.609709741217333,-0.0031165826525862595,-0.007573401619162621,-0.5,0.29904351242749627,-0.5031165826525863,0.2914701108083336,0.662270382888076,0.544736619048582,0.662270382888076,0.662270382888076,0.662270382888076,0.662270382888076,0.7103042147706009,0.7103042147706009,0.7103042147706009,0.7103042147706009,1.0
2900,18.969285654000487,0.9179534120659129,3.3703935582095808,-0.47703817486763,0.09015855193138123,0.2683290398860007,-2.834457484394528,0.011338084195740521,-0.009353849068284036,-0.47703817486763,-0.09015855193138123,4.560938358306885,0.8479499220848083,0.011338084195740521,-0.009353849068284036,0.6496243721799122,-0.5359360738150526,-0.47703817486763,-0.09015855193138123,4.560938358306885,0.8479499220848083,0.6962570421579045,0.45796410308601837,165.76109196409982,5.609525713025272,-0.0011931671685724017,0.02561217943751077,-0.5,0.28414002491112705,-0.5011931671685724,0.3097522043486378,-0.1950638749893321,0.7677163074346562,-0.1950638749893321,-0.1950638749893321,-0.1950638749893321,-0.1950638749893321,0.7189503386873233,0.7189503386873233,0.7189503386873233,0.7189503386873233,1.0
2950,19.08574878699983,-0.5900892307839328,2.847628381496553,0.11159724742174149,-0.35742881894111633,0.2683290398860007,-2.834457484394528,-0.01498222518246621,-0.00022987551987171256,0.11159724742174149,0.35742881894111633,5.461163520812988,-0.2166004329919815,-0.01498222518246621,-0.00022987551987171256,-0.8584182706699336,-0.013170897102024817,0.11159724742174149,0.35742881894111633,5.461163520812988,-0.2166004329919815,-0.01317451535906769,-0.6957971873158793,165.75319016532748,5.609727252637911,0.00157670954894653,0.0006294186808726331,-0.5,-0.29999962933939306,-0.4984232904510535,-0.29937021065852043,0.5115978058101212,-0.9951673979743997,0.5115978058101212,0.5115978058101212,0.5115978058101212,0.5115978058101212,-0.8672679465218693,-0.8672679465218693,-0.8672679465218693,-0.8672679465218693,1.0
3000,19.2377430610004,-0.4943437990812527,2.3679505993889043,-0.06188295781612396,0.06450112164020538,0.2683290398860007,-2.834457484394528,-0.013311152155511081,0.0081420811265707,-0.06188295781612396,-0.06450112164020538,2.7406532764434814,4.18791389465332,-0.013311152155511081,0.0081420811265707,-0.7626728389672534,0.4665068850056238,-0.06188295781612396,-0.06450112164020538,2.7406532764434814,4.18791389465332,0.32355357447103483,0.042158976129197195,165.7570852622227,5.609574577830938,0.0014008261556865134,-0.02229406970275342,-0.5,0.2577397239864692,-0.49859917384431346,0.2354456542837158,0.17504559937327863,0.277604630412913,0.17504559937327863,0.17504559937327863,0.17504559937327863,0.17504559937327863,0.32136603025623267,0.32136603025623267,0.32136603025623267,0.32136603025623267,1.0
3050,19.389820499999587,-0.8199051927567336,2.4403012991629685,0.03909417986869812,0.03978685662150383,0.2683290398860007,-2.834457484394528,-0.018993270392529668,0.006879323199391364,0.03909417986869812,-0.03978685662150383,2.9639055728912354,0.2860306203365326,-0.018993270392529668,0.006879323199391364,-1.0882342326427343,0.39415618523155965,0.03909417986869812,-0.03978685662150383,2.9639055728912354,0.2860306203365326,0.18524390112951378,-0.02281241497236214,165.74196339704878,5.609618296987342,0.0019989166289887264,-0.018836388153949234,-0.5,0.1984940524279862,-0.4980010833710113,0.17965766427403698,0.3127571822414975,0.15684524930167484,0.3127571822414975,0.3127571822414975,0.3127571822414975,0.3127571822414975,0.23503454486204922,0.23503454486204922,0.23503454486204922,0.23503454486204922,1.0
3100,19.54057210100018,-0.7816498368240211,2.751982467784514,-0.041154615581035614,0.004309543874114752,0.2683290398860007,-2.834457484394528,-0.01832558847498149,0.0014394605904817573,-0.041154615581035614,-0.004309543874114752,1.4526197910308838,1.6488268375396729,-0.01832558847498149,0.0014394605904817573,-1.049978876710022,0.08247501661001405,-0.041154615581035614,-0.004309543874114752,1.4526197910308838,1.6488268375396729,0.34019513744207613,0.004286374891531967,165.74401609638244,5.609722598648673,0.001928631627839122,-0.003941367194254876,-0.5,0.02579342288295579,-0.49807136837216087,0.021852055688700914,0.15787623093008474,0.02613843058023288,0.15787623093008474,0.15787623093008474,0.15787623093008474,0.15787623093008474,0.06560748831275406,0.06560748831275406,0.06560748831275406,0.06560748831275406,1.0
3150,19.695336669000426,-1.0901149468418427,2.794215448413407,-0.053947169333696365,0.0335686020553112,0.2683290398860007,-2.834457484394528,-0.02370932027231902,0.0007023560255765837,-0.053947169333696365,-0.0335686020553112,1.452484130859375,1.175520420074463,-0.02370932027231902,0.0007023560255765837,-1.3584439867278435,0.04024203598112075,-0.053947169333696365,-0.0335686020553112,1.452484130859375,1.175520420074463,0.43024091702109296,0.06611053190267707,165.7253731904623,5.609726237434859,0.002495415850803308,-0.0019231106075084767,-0.5,0.1757645055436152,-0.4975045841491967,0.17384139493610673,0.06726366712810372,0.2399519268387838,0.06726366712810372,0.06726366712810372,0.06726366712810372,0.06726366712810372,0.25676784362080973,0.25676784362080973,0.25676784362080973,0.25676784362080973,1.0
3200,19.8458235170001,-1.4230147384502676,2.562940974248544,0.0814739391207695,-0.09013546258211136,0.2683290398860007,-2.834457484394528,-0.029519517715089025,0.004738857075572013,0.0814739391207695,0.09013546258211136,-15.584328651428223,-0.7534418106079102,-0.029519517715089025,0.004738857075572013,-1.6913437783362684,0.27151651014598416,0.0814739391207695,0.09013546258211136,-15.584328651428223,-0.7534418106079102,0.2939919480898705,-0.1427275261845167,165.69989676019244,5.609675614744752,0.0031072590739363508,-0.012975463807077878,0.5,-0.28412575800316103,0.5031072590739364,-0.2971012218102389,-0.7970992071638069,-0.4398287479947556,-0.7970992071638069,-0.7970992071638069,-0.7970992071638069,-0.7970992071638069,-0.6391035497857073,-0.6391035497857073,-0.6391035497857073,-0.6391035497857073,1.0
3250,19.999042026000097,0.48098229487826816,1.920053687489325,0.26049256324768066,-0.006414833478629589,0.2683290398860007,-2.834457484394528,0.003711499464698136,0.01595935694873333,0.26049256324768066,0.006414833478629589,0.974420428276062,1.0732775926589966,0.003711499464698136,0.01595935694873333,0.21265325499226748,0.9144037969052031,0.26049256324768066,0.006414833478629589,0.974420428276062,1.0732775926589966,-0.6493461307034497,-0.2380971622005185,165.77054784547784,5.609140335636308,-0.00039056610748170346,-0.04370079125958944,-0.5,-0.03827920528809753,-0.5003905661074817,-0.08197999654768698,1.1497366968109315,-0.32007715874820547,1.1497366968109315,1.1497366968109315,1.1497366968109315,1.1497366968109315,-0.0326429845454726,-0.0326429845454726,-0.0326429845454726,-0.0326429845454726,1.0
3300,20.072903471000245,1.2452830776844865,2.363774579041676,0.0021164454519748688,0.21486800909042358,0.2683290398860007,-2.834457484394528,0.017051064600236712,0.008214966431260108,0.0021164454519748688,-0.21486800909042358,15.799009323120117,5.431173801422119,0.017051064600236712,0.008214966431260108,0.9769540377984859,0.4706829053528519,0.0021164454519748688,-0.21486800909042358,15.799009323120117,5.431173801422119,-0.307843441834159,0.21718935480090953,165.74773054728925,5.6095718300298305,-0.0017944707575852285,-0.022493645629238335,-0.5,0.29988897232358214,-0.5017944707575852,0.2773953266943438,0.8096379125917442,0.49458468149525336,0.8096379125917442,0.8096379125917442,0.8096379125917442,0.8096379125917442,0.6969941596431894,0.6969941596431894,0.6969941596431894,0.6969941596431894,1.0
3350,20.141728435000005,0.854670161941011,2.9101882185388153,-0.31978943943977356,0.21057699620723724,0.2683290398860007,-2.834457484394528,0.01023358311969787,-0.0013217506557703027,-0.31978943943977356,-0.21057699620723724,4.274198532104492,2.401013135910034,0.01023358311969787,-0.0013217506557703027,0.5863411220550103,-0.07573073414428723,-0.31978943943977356,-0.21057699620723724,4.274198532104492,2.401013135910034,0.30521046022648957,0.42667607627674564,165.76305484521086,5.6097233477798305,-0.0010769261440146066,0.0036190669578593333,-0.5,0.2998681868521459,-0.5010769261440146,0.30348725381000524,0.195866465917525,0.7301633300867509,0.195866465917525,0.195866465917525,0.195866465917525,0.195866465917525,0.7791299465661322,0.7791299465661322,0.7791299465661322,0.7791299465661322,1.0
3400,20.29424171899973,-0.4099126024191252,2.625619272384224,0.19232907891273499,-0.19062553346157074,0.2683290398860007,-2.834457484394528,-0.01183754978235811,0.0036449144035577696,0.19232907891273499,0.19062553346157074,-5.17446231842041,-0.3674791753292084,-0.01183754978235811,0.0036449144035577696,-0.6782416423051258,0.20883821201030392,0.19232907891273499,0.19062553346157074,-5.17446231842041,-0.3674791753292084,-0.24869379096589486,-0.507996220720112,165.7601383337787,5.609696753428802,0.001245733363852082,-0.009980117197988178,0.5,-0.2997072919692895,0.501245733363852,-0.3096874091672777,-0.2525519423979572,-0.8176836298873897,-0.2525519423979572,-0.2525519423979572,-0.2525519423979572,-0.2525519423979572,-0.8808216154868791,-0.8808216154868791,-0.8808216154868791,-0.8808216154868791,1.0
3450,20.442502376000448,1.019964315032463,2.2015970732850128,-0.09738266468048096,0.1562667191028595,0.2683290398860007,-2.834457484394528,0.013118510325439274,0.01104549787938594,-0.09738266468048096,-0.1562667191028595,11.117544174194336,0.5639105439186096,0.013118510325439274,0.01104549787938594,0.7516352751464624,0.6328604111095152,-0.09738266468048096,-0.1562667191028595,11.117544174194336,0.5639105439186096,-0.3278600261870044,-0.05642392354716379,165.7575047141098,5.6094461769538135,-0.0013805507791064277,-0.030244411226955415,-0.5,0.29884473057404176,-0.5013805507791065,0.26860031934708634,0.8292405769661109,0.21217639579992253,0.8292405769661109,0.8292405769661109,0.8292405769661109,0.8292405769661109,0.41948654004145025,0.41948654004145025,0.41948654004145025,0.41948654004145025,1.0
3500,20.59314644599999,-0.5660152151980179,3.123987440268789,-0.10082942992448807,-0.0897425040602684,0.2683290398860007,-2.834457484394528,-0.014562054346315563,-0.005053251013159753,-0.10082942992448807,0.0897425040602684,0.3463055193424225,2.8026046752929688,-0.014562054346315563,-0.005053251013159753,-0.8343442550840187,-0.28952995587426106,-0.10082942992448807,0.0897425040602684,0.3463055193424225,2.8026046752929688,0.4108412347694197,-0.0679966460910967,165.7542128366826,5.609668519067219,0.0015324850417433161,0.013836316199909375,-0.4999990360454952,-0.2838810261623451,-0.4984665510037519,-0.27004470996243574,0.08762531623433223,-0.3380413560535324,0.08762531623433223,0.08762531623433223,0.08762531623433223,0.08762531623433223,-0.31613502699494933,-0.31613502699494933,-0.31613502699494933,-0.31613502699494933,1.0
3550,20.747263567999653,0.15355441860994903,2.9580215274002954,-0.04494659975171089,0.16786977648735046,0.2683290398860007,-2.834457484394528,-0.002003195038996637,-0.002156599387526513,-0.04494659975171089,-0.16786977648735046,4.153695583343506,3.540177822113037,-0.002003195038996637,-0.002156599387526513,-0.11477462127605165,-0.12356404300576747,-0.04494659975171089,-0.16786977648735046,4.153695583343506,3.540177822113037,0.005606318268259004,0.25013715693969074,165.77135213094678,5.609716654698675,0.0002107982429746585,0.0059049587646590445,-0.5,0.299273177880464,-0.49978920175702535,0.305178136645123,0.4941828834887663,0.5553152935848138,0.4941828834887663,0.4941828834887663,0.4941828834887663,0.4941828834887663,0.6788610144570054,0.6788610144570054,0.6788610144570054,0.6788610144570054,1.0
3600,20.904481567000403,-0.8580818947922852,3.1483479502738745,-0.011432897299528122,0.014813673682510853,0.2683290398860007,-2.834457484394528,-0.019659579540602865,-0.0054784221202135094,-0.011432897299528122,-0.014813673682510853,2.148348569869995,1.0795173645019531,-0.019659579540602865,-0.0054784221202135094,-1.126410934678286,-0.3138904658793462,-0.011432897299528122,-0.014813673682510853,2.148348569869995,1.0795173645019531,0.3274018269669433,0.09215947380733881,165.73984170263037,5.609658198481366,0.0020690588837988496,0.015000494418833174,-0.5,0.08636959202962546,-0.4979309411162012,0.10137008644845864,0.17052911414925787,0.19352956025579746,0.17052911414925787,0.17052911414925787,0.17052911414925787,0.17052911414925787,0.23616183879311192,0.23616183879311192,0.23616183879311192,0.23616183879311192,1.0
3650,20.972129224000128,-0.7944021735304051,3.0684118985396878,0.07638254016637802,0.0028499173931777477,0.2683290398860007,-2.834457484394528,-0.01854815873783082,-0.004083274826407433,0.07638254016637802,-0.0028499173931777477,4.098032474517822,1.4874025583267212,-0.01854815873783082,-0.004083274826407433,-1.062731213416406,-0.2339544141451598,0.07638254016637802,-0.0028499173931777477,4.098032474517822,1.4874025583267212,0.10639783035420836,0.07807056386426678,165.7433399941207,5.609688945187139,0.0019520607821410967,0.011180398363545454,-0.5,0.017081010701949,-0.4980479392178589,0.02826140906549445,0.39165010886365054,0.10633197292976124,0.39165010886365054,0.39165010886365054,0.39165010886365054,0.39165010886365054,0.20424450014567386,0.20424450014567386,0.20424450014567386,0.20424450014567386,1.0
3700,21.026445360999787,-0.5899917405057015,3.1065544496293893,0.05966460332274437,0.061029162257909775,0.2683290398860007,-2.834457484394528,-0.014980523656122386,-0.004748987928032876,0.05966460332274437,-0.061029162257909775,2.1087276935577393,1.726799726486206,-0.014980523656122386,-0.004748987928032876,-0.8583207803917021,-0.2720969652348613,0.05966460332274437,-0.061029162257909775,2.1087276935577393,1.726799726486206,0.0801976777909855,0.1959780165637534,165.75319436539883,5.609675393202183,0.001576530456014002,0.013003203397817457,-0.5,0.251947841274721,-0.498423469543986,0.26495104467253844,0.41822579175300045,0.46092906123629185,0.41822579175300045,0.41822579175300045,0.41822579175300045,0.41822579175300045,0.565485509174542,0.565485509174542,0.565485509174542,0.565485509174542,1.0
3750,21.148715667000033,-0.46481827868146275,3.138202344592055,0.025630416348576546,0.06371723115444183,0.2683290398860007,-2.834457484394528,-0.012795834611169994,-0.005301347896456719,0.025630416348576546,-0.06371723115444183,1.5964187383651733,0.9403740763664246,-0.012795834611169994,-0.005301347896456719,-0.7331473185674634,-0.30374486019752694,0.025630416348576546,-0.06371723115444183,1.5964187383651733,0.9403740763664246,0.11453792369899346,0.18541549845242972,165.75819359944933,5.6096625980285975,0.0013465896818069712,0.014515639853790924,-0.5,0.25649124459858086,-0.49865341031819305,0.27100688445237175,0.3841154866191996,0.45642238290480147,0.3841154866191996,0.3841154866191996,0.3841154866191996,0.3841154866191996,0.5524512545596014,0.5524512545596014,0.5524512545596014,0.5524512545596014,1.0
3800,21.304190314999687,-0.20228716466754212,3.2943436706697202,0.011784079484641552,0.01724567636847496,0.2683290398860007,-2.834457484394528,-0.008213802282698452,-0.008026528134942063,0.011784079484641552,-0.01724567636847496,1.9305548667907715,0.1686456799507141,-0.008213802282698452,-0.008026528134942063,-0.4706162045535428,-0.4598861862751923,0.011784079484641552,-0.01724567636847496,1.9305548667907715,0.1686456799507141,0.07395389000451526,0.17623243978398667,165.7661244708805,5.609578884032699,0.0008643648509857646,0.021977660660029763,-0.5,0.09955707186789406,-0.4991356351490142,0.12153473252792382,0.42518174514449897,0.2977671723119105,0.42518174514449897,0.42518174514449897,0.42518174514449897,0.42518174514449897,0.4040626085980353,0.4040626085980353,0.4040626085980353,0.4040626085980353,1.0
3850,21.452256479000425,-0.2512051262455189,3.3932956093834568,0.008090300485491753,0.0373682826757431,0.2683290398860007,-2.834457484394528,-0.009067581775598228,-0.009753565266728402,0.008090300485491753,-0.0373682826757431,1.381604552268982,-0.10893142968416214,-0.009067581775598228,-0.009753565266728402,-0.5195341661315196,-0.5588381249889285,0.008090300485491753,-0.0373682826757431,1.381604552268982,-0.10893142968416214,0.10110822898912653,0.2298514405695744,165.7649089248622,5.60950810979761,0.0009542154656539203,0.0267067094927095,-0.5,0.19007241248182397,-0.49904578453434606,0.21677912197453347,0.39793755554521953,0.4466305625441079,0.39793755554521953,0.39793755554521953,0.39793755554521953,0.39793755554521953,0.5461149514304128,0.5461149514304128,0.5461149514304128,0.5461149514304128,1.0
3900,21.633707725000022,-0.3084439791200769,3.6848571751442605,0.013440771028399467,0.028331434354186058,0.2683290398860007,-2.834457484394528,-0.010066588218323886,-0.014842274561524392,0.013440771028399467,-0.028331434354186058,-4.838233470916748,-0.8193241953849792,-0.010066588218323886,-0.014842274561524392,-0.5767730190060776,-0.8503996907497322,0.013440771028399467,-0.028331434354186058,-4.838233470916748,-0.8193241953849792,0.11202308560000326,0.29593162457012867,165.76333413048596,5.609219638154889,0.0010593513304604227,0.04064159314418117,0.5,0.15386372092805733,0.5010593513304604,0.1945053140722385,-0.6130824369304637,0.49043693864236715,-0.6130824369304637,-0.6130824369304637,-0.6130824369304637,-0.6130824369304637,0.3371663294097512,0.3371663294097512,0.3371663294097512,0.3371663294097512,1.0
3950,21.8330287079998,1.690399462261636,3.196654676622201,-0.008889662101864815,-0.0013103918172419071,0.2683290398860007,-2.834457484394528,0.024819811065681277,-0.006321533545851708,-0.008889662101864815,0.0013103918172419071,5.439015865325928,1.2678111791610718,0.024819811065681277,-0.006321533545851708,1.4220704223756353,-0.36219719222767294,-0.008889662101864815,0.0013103918172419071,5.439015865325928,1.2678111791610718,-0.528999384731925,0.19020592688065016,165.72093375832563,5.6096352682697015,-0.002612341985159738,0.017309063992279917,-0.5,-0.007860551310833512,-0.5026123419851597,0.009448512681446405,1.0316117267170846,0.19965443956209655,1.0316117267170846,1.0316117267170846,1.0316117267170846,1.0316117267170846,0.4575573712413677,0.4575573712413677,0.4575573712413677,0.4575573712413677,1.0
4000,22.004247642000337,0.016180121169218492,4.24875716613369,-0.1363239288330078,-0.009247347712516785,0.2683290398860007,-2.834457484394528,-0.004400828836951405,-0.024684186056256295,-0.1363239288330078,0.009247347712516785,0.3674488067626953,-3.4816999435424805,-0.004400828836951405,-0.024684186056256295,-0.2521489187167822,-1.4142996817391618,-0.1363239288330078,0.009247347712516785,0.3674488067626953,-3.4816999435424805,0.35022400394103786,0.3821096835660987,165.77008713967342,5.6083230714564785,0.00046310602489226064,0.06759745379223876,-0.4999995862288047,-0.0548600056425233,-0.49953648020391245,0.01273744814971546,0.14931247626287458,0.39484713171581415,0.14931247626287458,0.14931247626287458,0.14931247626287458,0.14931247626287458,0.4321752507815328,0.4321752507815328,0.4321752507815328,0.4321752507815328,1.0
4050,22.058249916000022,-0.4758140828323899,4.20231145289078,-0.13380186259746552,0.008131545037031174,0.2683290398860007,-2.834457484394528,-0.012987747597508132,-0.023873555436730386,-0.13380186259746552,-0.008131545037031174,-14.206002235412598,-0.6490241289138794,-0.012987747597508132,-0.023873555436730386,-0.7441431227183906,-1.3678539684962518,-0.13380186259746552,-0.008131545037031174,-14.206002235412598,-0.6490241289138794,0.4349810094499654,0.36781923137345013,165.7577859487708,5.608413787489204,0.0013667881794369877,0.06537691950415178,0.5,0.048363633314211986,0.501366788179437,0.11374055281836376,-0.9363477976294023,0.4815597841918139,-0.9363477976294023,-0.9363477976294023,-0.9363477976294023,-0.9363477976294023,0.2474728347844633,0.2474728347844633,0.2474728347844633,0.2474728347844633,1.0
4100,22.114831947999846,-0.24080021349907715,3.9308199711192358,0.21871130168437958,-0.3112260103225708,0.2683290398860007,-2.834457484394528,-0.008885981789790094,-0.01913513518869877,0.21871130168437958,0.3112260103225708,-4.368492603302002,-4.475529193878174,-0.008885981789790094,-0.01913513518869877,-0.5091292533850779,-1.0963624867247077,0.21871130168437958,0.3112260103225708,-4.368492603302002,-4.475529193878174,-0.2957597617610417,-0.3131027654526917,165.7651775293236,5.6088834665111165,0.0009351040144093202,0.05239830862478147,0.5,-0.29999764711884686,0.5009351040144093,-0.2475993384940654,-0.20517534225336764,-0.5607021039467571,-0.20517534225336764,-0.20517534225336764,-0.20517534225336764,-0.20517534225336764,-0.611995939510099,-0.611995939510099,-0.611995939510099,-0.611995939510099,1.0
4150,22.18282950699995,0.5593690142487724,3.2036432408035935,0.11098527163267136,-0.20417246222496033,0.2683290398860007,-2.834457484394528,0.0050796058075502516,-0.006443507000803948,0.11098527163267136,0.20417246222496033,-5.124387264251709,-2.977174758911133,0.0050796058075502516,-0.006443507000803948,0.2910399743627717,-0.36918575640906537,0.11098527163267136,0.20417246222496033,-5.124387264251709,-2.977174758911133,-0.32579143371131014,-0.29856838043280803,165.76955698048295,5.609631679630301,-0.00053453591154685,0.017643047626005756,0.5,-0.29982971004729125,0.49946546408845316,-0.2821866624212855,-0.17367403037714302,-0.5807550428540935,-0.17367403037714302,-0.17367403037714302,-0.17367403037714302,-0.17367403037714302,-0.6241735504483793,-0.6241735504483793,-0.6241735504483793,-0.6241735504483793,1.0
4200,22.239699865999683,0.9412976112668413,2.826012113433932,0.13445425033569336,-0.1056249737739563,0.2683290398860007,-2.834457484394528,0.011745517333038151,0.00014739952981471932,0.13445425033569336,0.1056249737739563,-0.577313244342804,-1.4686623811721802,0.011745517333038151,0.00014739952981471932,0.6729685713808407,0.008445370960596162,0.13445425033569336,0.1056249737739563,-0.577313244342804,-1.4686623811721802,-0.4664632420622584,-0.20943992526945543,165.7603171404772,5.609727324356356,-0.0012360473743260997,-0.00040359241803577714,0.49999999990645044,-0.2913512805186052,0.49876395253212435,-0.291754872936641,-0.032300710469865934,-0.5011947982060965,-0.032300710469865934,-0.032300710469865934,-0.032300710469865934,-0.032300710469865934,-0.5092699758235629,-0.5092699758235629,-0.5092699758235629,-0.5092699758235629,1.0
4250,22.306533543000114,1.443883207520478,2.8788421325601,0.11073946952819824,-0.027516918256878853,0.2683290398860007,-2.834457484394528,0.020517290760762988,-0.0007746582478284914,0.11073946952819824,0.027516918256878853,12.594453811645508,-1.9414507150650024,0.020517290760762988,-0.0007746582478284914,1.1755541676344772,-0.04438464816557192,0.11073946952819824,0.027516918256878853,12.594453811645508,-1.9414507150650024,-0.5471457948369955,-0.025264000330139456,165.73700286500662,5.609725991295227,-0.002159352693243814,0.002121080304281295,-0.5,-0.1502321297937482,-0.5021593526932439,-0.1481110494894669,1.0493051475302395,-0.17337504981960636,1.0493051475302395,1.0493051475302395,1.0493051475302395,1.0493051475302395,0.08895123706295352,0.08895123706295352,0.08895123706295352,0.08895123706295352,1.0
4300,22.373149725000076,1.4223717401729343,3.263860749847365,-0.07906710356473923,0.14158907532691956,0.2683290398860007,-2.834457484394528,0.0201418448286131,-0.007494500800967217,-0.07906710356473923,-0.14158907532691956,10.623856544494629,3.417681932449341,0.0201418448286131,-0.007494500800967217,1.1540427002869336,-0.4294032654528365,-0.07906710356473923,-0.14158907532691956,10.623856544494629,3.417681932449341,-0.09125266854871261,0.38460034638999874,165.738260423538,5.6095979165106575,-0.002119828004229413,0.0205208603892208,-0.5,0.29792512166459034,-0.5021198280042294,0.31844598205381114,0.593372496552942,0.7030463284438099,0.593372496552942,0.593372496552942,0.593372496552942,0.593372496552942,0.8513894525820453,0.8513894525820453,0.8513894525820453,0.8513894525820453,1.0
4350,22.435745402000066,0.6052769034553966,3.5190378978995103,-0.20332279801368713,0.033987078815698624,0.2683290398860007,-2.834457484394528,0.005880849626846612,-0.011948182210326196,-0.20332279801368713,-0.033987078815698624,4.51887321472168,1.0843254327774048,0.005880849626846612,-0.011948182210326196,0.33694786356939593,-0.6845804135049823,-0.20332279801368713,-0.033987078815698624,4.51887321472168,1.0843254327774048,0.2961274432543749,0.25930215181045335,165.7688334718978,5.609398338178586,-0.0006188540123136641,0.03271627697259338,-0.5,0.17740541018110909,-0.5006188540123137,0.21012168715370247,0.20449141075793875,0.46942383896415585,0.20449141075793875,0.20449141075793875,0.20449141075793875,0.20449141075793875,0.5205466916536405,0.5205466916536405,0.5205466916536405,0.5205466916536405,1.0
4400,22.622764233999987,0.24896677186888522,2.9762871607882024,0.10728516429662704,-0.036994412541389465,0.2683290398860007,-2.834457484394528,-0.0003379353275522589,-0.0024753948301076967,0.10728516429662704,0.036994412541389465,9.73735523223877,3.64644193649292,-0.0003379353275522589,-0.0024753948301076967,-0.01936226801711548,-0.14182967639367447,0.10728516429662704,0.036994412541389465,9.73735523223877,3.64644193649292,-0.22291018579891464,-0.0629752596001143,165.7716733194601,5.609713251204839,3.556123101565188e-05,0.006777851164000168,-0.5,-0.1887232921375208,-0.49996443876898433,-0.1819454409735206,0.722874624567899,-0.2449207005736349,0.722874624567899,0.722874624567899,0.722874624567899,0.722874624567899,-0.06420204443166017,-0.06420204443166017,-0.06420204443166017,-0.06420204443166017,1.0
4450,22.81244515399976,-0.28951955264238144,3.1739351195652117,-0.09207756072282791,-0.07372885197401047,0.2683290398860007,-2.834457484394528,-0.009736294667236507,-0.005925002470612534,-0.09207756072282791,0.07372885197401047,4.334291458129883,5.950178146362305,-0.009736294667236507,-0.005925002470612534,-0.5578485925283821,-0.33947763517068374,-0.09207756072282791,0.07372885197401047,4.334291458129883,5.950178146362305,0.30917997561790156,-0.008691609843148582,165.76387298806588,5.609646460922209,0.001024590874365829,0.016223298437547662,-0.5,-0.2701340955723896,-0.49897540912563415,-0.25391079713484194,0.1897954335077326,-0.26260240697799053,0.1897954335077326,0.1897954335077326,0.1897954335077326,0.1897954335077326,-0.2151535486010574,-0.2151535486010574,-0.2151535486010574,-0.2151535486010574,1.0
4500,22.977597928999785,-0.18715478717988632,2.952695687394978,0.04449613392353058,0.0860181674361229,0.2683290398860007,-2.834457484394528,-0.007949692471884191,-0.0020636459439992913,0.04449613392353058,-0.0860181674361229,9.558367729187012,7.506361961364746,-0.007949692471884191,-0.0020636459439992913,-0.455483827065887,-0.11823820300045003,0.04449613392353058,-0.0860181674361229,9.558367729187012,7.506361961364746,0.013249052626236879,0.14703127162461685,165.7664761670621,5.609717558864535,0.0008365705458479332,0.005650443521077408,-0.5,0.2813720305980293,-0.49916342945415204,0.2870224741191067,0.48591437682791516,0.4340537457437236,0.48591437682791516,0.48591437682791516,0.48591437682791516,0.48591437682791516,0.5555323399507024,0.5555323399507024,0.5555323399507024,0.5555323399507024,1.0
4550,23.111700424000446,-0.6748218362236136,2.890053674639264,-0.074861079454422,-0.015742303803563118,0.2683290398860007,-2.834457484394528,-0.016461088131181897,-0.0009703365713357934,-0.074861079454422,0.015742303803563118,4.81597900390625,7.662062644958496,-0.016461088131181897,-0.0009703365713357934,-0.9431508761096143,-0.055596190244735895,-0.074861079454422,0.015742303803563118,4.81597900390625,7.662062644958496,0.37602605779768533,0.007086293749621903,165.74935935294724,5.609725204281966,0.0017323697401781088,0.002656864452644829,-0.5,-0.09145179320956953,-0.4982676302598219,-0.0887949287569247,0.12224157246213657,-0.0817086350073028,0.12224157246213657,0.12224157246213657,0.12224157246213657,0.12224157246213657,-0.051148241891768656,-0.051148241891768656,-0.051148241891768656,-0.051148241891768656,1.0
4600,23.179157663000296,-0.8500896129680182,2.6497682599684502,0.01688612438738346,0.030881328508257866,0.2683290398860007,-2.834457484394528,-0.019520087908022107,0.0032234350591897956,0.01688612438738346,-0.030881328508257866,6.196225166320801,4.83458137512207,-0.019520087908022107,0.0032234350591897956,-1.118418652854019,0.184689224426078,0.01688612438738346,-0.030881328508257866,6.196225166320801,4.83458137512207,0.25226725112315057,-0.01179924788701003,165.74029193187963,5.609703425690452,0.002054374473830889,-0.008826061017259043,-0.5,0.1648420043862213,-0.4979456255261691,0.15601594336896224,0.24567837440301854,0.1442166954819522,0.24567837440301854,0.24567837440301854,0.24567837440301854,0.24567837440301854,0.20563628908270684,0.20563628908270684,0.20563628908270684,0.20563628908270684,1.0
4650,23.251039581999976,-0.830287560542829,2.7116576712549936,-0.001360577531158924,0.003130832687020302,0.2683290398860007,-2.834457484394528,-0.019174476894550027,0.0021432610601186744,-0.001360577531158924,-0.003130832687020302,5.1076884269714355,7.684837818145752,-0.019174476894550027,0.0021432610601186744,-1.0986166004288298,0.12279981313953464,-0.001360577531158924,-0.003130832687020302,5.1076884269714355,7.684837818145752,0.28340705636110597,-0.00626567256305801,165.74139363105624,5.609716786889297,0.0020179920309787674,-0.005868437169112218,-0.5,0.01876048354400253,-0.49798200796902126,0.01289204637489031,0.2145749516079153,0.006626373811832301,0.2145749516079153,0.2145749516079153,0.2145749516079153,0.2145749516079153,0.06027011171381112,0.06027011171381112,0.06027011171381112,0.06027011171381112,1.0
4700,23.31577304700022,-0.9752021366982557,2.5465690108080237,-0.09228187799453735,-0.05570721998810768,0.2683290398860007,-2.834457484394528,-0.02170371338259429,0.005024601742625229,-0.09228187799453735,0.05570721998810768,4.641425609588623,4.297611713409424,-0.02170371338259429,0.005024601742625229,-1.2435311765842565,0.2878884735865043,-0.09228187799453735,0.05570721998810768,4.641425609588623,4.297611713409424,0.46413239541733037,-0.14225142823217557,165.73287630395572,5.609669184531861,0.002284256148361441,-0.013757870607793696,-0.5,-0.24165674853027014,-0.4977157438516386,-0.25541461913806385,0.03358334843430821,-0.3976660473702394,0.03358334843430821,0.03358334843430821,0.03358334843430821,0.03358334843430821,-0.38927021026166236,-0.38927021026166236,-0.38927021026166236,-0.38927021026166236,1.0
4750,23.382391267000457,-1.2203183093812668,2.6685188367874275,-0.039200980216264725,0.06718103587627411,0.2683290398860007,-2.834457484394528,-0.025981797645799817,0.0028961757570505134,-0.039200980216264725,-0.06718103587627411,4.186577320098877,5.586343288421631,-0.025981797645799817,0.0028961757570505134,-1.4886473492672676,0.1659386476071005,-0.039200980216264725,-0.06718103587627411,4.186577320098877,5.586343288421631,0.4747085644529525,0.09429256147955847,165.7160709804496,5.609708041632733,0.00273469707418318,-0.007929991136054797,-0.5,0.26176174752842213,-0.49726530292581683,0.2538317563923673,0.022556738472864324,0.34812431787192577,0.022556738472864324,0.022556738472864324,0.022556738472864324,0.022556738472864324,0.3537635024901419,0.3537635024901419,0.3537635024901419,0.3537635024901419,1.0
4800,23.44395946900022,-1.5012831568099132,2.3598886282907623,-0.08412303030490875,-0.11797026544809341,0.2683290398860007,-2.834457484394528,-0.030885559315793218,0.008282789066433899,-0.08412303030490875,0.11797026544809341,3.097015380859375,2.2676117420196533,-0.030885559315793218,0.008282789066433899,-1.769612196695914,0.47456885610376565,-0.08412303030490875,0.11797026544809341,3.097015380859375,2.2676117420196533,0.6180939044115452,-0.3462119012045642,165.6930996566367,5.609569251098115,0.0032511388664037714,-0.022679359015077703,-0.5,-0.29469190587877775,-0.49674886113359623,-0.3173712648938555,-0.12134504327794898,-0.6635831660984197,-0.12134504327794898,-0.12134504327794898,-0.12134504327794898,-0.12134504327794898,-0.693919426917907,-0.693919426917907,-0.693919426917907,-0.693919426917907,1.0
4850,23.49903072199959,-1.720709280477214,2.4042517741670526,-0.07041385769844055,-0.06743638962507248,0.2683290398860007,-2.834457484394528,-0.03471526763867587,0.007508506104350089,-0.07041385769844055,0.06743638962507248,4.648804187774658,3.0178914070129395,-0.03471526763867587,0.007508506104350089,-1.9890383203632147,0.4302057102274754,-0.07041385769844055,0.06743638962507248,4.648804187774658,3.0178914070129395,0.6437921313152898,-0.19916177404076774,165.67240541804546,5.609597432213409,0.0036545728692265285,-0.02055920967884836,-0.5,-0.2621258020664237,-0.49634542713077345,-0.28268501174527205,-0.14744670418451633,-0.4818467857860398,-0.14744670418451633,-0.14744670418451633,-0.14744670418451633,-0.14744670418451633,-0.5187084618321689,-0.5187084618321689,-0.5187084618321689,-0.5187084618321689,1.0
4900,23.55620181700033,-1.9368305530815804,2.1815718124121815,-0.100478895008564,-0.08418355137109756,0.2683290398860007,-2.834457484394528,-0.03848729542922229,0.011395004615187644,-0.100478895008564,0.08418355137109756,2.7967655658721924,5.671358585357666,-0.03848729542922229,0.011395004615187644,-2.2051595929675814,0.6528856719823467,-0.100478895008564,0.08418355137109756,2.7967655658721924,5.671358585357666,0.7667552926682446,-0.32358846587994883,165.64966195867436,5.609428100041202,0.00405203452647802,-0.031201478592540435,-0.5,-0.2800008936612991,-0.495947965473522,-0.3112023722538395,-0.2708073271947226,-0.6347908381337883,-0.2708073271947226,-0.2708073271947226,-0.2708073271947226,-0.2708073271947226,-0.702492669932469,-0.702492669932469,-0.702492669932469,-0.702492669932469,1.0
4950,23.623701851999613,-2.1235559721586816,2.1665947016662246,-0.10069246590137482,-0.062241896986961365,0.2683290398860007,-2.834457484394528,-0.04174626878928393,0.011656404510140411,-0.10069246590137482,0.062241896986961365,3.1549344062805176,4.6134490966796875,-0.04174626878928393,0.011656404510140411,-2.3918850120446824,0.6678627827283034,-0.10069246590137482,0.062241896986961365,3.1549344062805176,4.6134490966796875,0.7588230317315743,-0.16359279467863147,165.6281255745122,5.6094142120792965,0.004395526950907934,-0.031917283342026134,-0.5,-0.25404893042613663,-0.49560447304909205,-0.2859662137681628,-0.26321855868248223,-0.44955900844679425,-0.26321855868248223,-0.26321855868248223,-0.26321855868248223,-0.26321855868248223,-0.5153636481174149,-0.5153636481174149,-0.5153636481174149,-0.5153636481174149,1.0
5000,23.824827155000094,-2.7755489682985854,1.643303920552223,-0.08339015394449234,-0.032027702778577805,0.2683290398860007,-2.834457484394528,-0.05312569327186793,0.0207895515859127,-0.08339015394449234,0.032027702778577805,0.8986319899559021,4.255855560302734,-0.05312569327186793,0.0207895515859127,-3.043878008184586,1.191153563842305,-0.08339015394449234,0.032027702778577805,0.8986319899559021,4.255855560302734,0.9325140526061211,-0.3449752789381457,165.53921661385678,5.6087312356531065,0.005595680751729286,-0.05692956455353417,-0.4999999999999998,-0.1695830054505207,-0.4944043192482705,-0.2265125700040549,-0.4381097333578506,-0.5714878489422006,-0.4381097333578506,-0.4381097333578506,-0.4381097333578506,-0.4381097333578506,-0.6810152822816633,-0.6810152822816633,-0.6810152822816633,-0.6810152822816633,1.0
5050,24.003299529999822,-2.2398416503254412,1.0743092487721986,0.27935558557510376,-0.03301634266972542,0.2683290398860007,-2.834457484394528,-0.04377583674620837,0.030720382034778594,0.27935558557510376,0.03301634266972542,-7.652837753295898,4.12693977355957,-0.04377583674620837,0.030720382034778594,-2.508170690211442,1.7601482356223297,0.27935558557510376,0.03301634266972542,-7.652837753295898,4.12693977355957,0.1370507092152521,-0.5510540269577391,165.61382998303137,5.607552349124819,0.004609487687904118,-0.08413440295342287,0.5,-0.1735742674420852,0.5046094876879041,-0.25770867039550804,-0.6416601969031562,-0.8087626973532471,-0.6416601969031562,-0.6416601969031562,-0.6416601969031562,-0.6416601969031562,-0.9691777465790362,-0.9691777465790362,-0.9691777465790362,-0.9691777465790362,1.0
5100,24.13654321299964,0.3072655580448381,1.1385357586936498,0.17831651866436005,0.13218706846237183,0.2683290398860007,-2.834457484394528,0.0006795704411342741,0.029599417969584464,0.17831651866436005,-0.13218706846237183,-0.9914993047714233,4.007807731628418,0.0006795704411342741,0.029599417969584464,0.03893651815883746,1.6959217257008783,0.17831651866436005,-0.13218706846237183,-0.9914993047714233,4.007807731628418,-0.39243018834313825,-0.19589417453552352,165.77164468084962,5.607708171910498,-7.15118019725597e-05,-0.08106306171538685,0.5,0.29698257089232194,0.49992848819802743,0.2159195091769351,-0.10749829985488918,0.02002533464141157,-0.10749829985488918,-0.10749829985488918,-0.10749829985488918,-0.10749829985488918,-0.006849240322310726,-0.006849240322310726,-0.006849240322310726,-0.006849240322310726,1.0
5150,24.194709712000076,0.619898310755984,1.4856249481376589,0.07944437116384506,0.1736402064561844,0.2683290398860007,-2.834457484394528,0.006136041325516999,0.02354156881570816,0.07944437116384506,-0.1736402064561844,-1.9881316423416138,3.709221601486206,0.006136041325516999,0.02354156881570816,0.35156927086998335,1.3488325362568692,0.07944437116384506,-0.1736402064561844,-1.9881316423416138,3.709221601486206,-0.2357411535376735,-0.0270390173908443,165.7685808281065,5.60845006538054,-0.0006457090185157023,-0.06446753756808009,0.5,0.2994228430241495,0.4993542909814843,0.2349553054560694,-0.2636131374438108,0.2079162880652251,-0.2636131374438108,-0.2636131374438108,-0.2636131374438108,-0.2636131374438108,0.1420130037042724,0.1420130037042724,0.1420130037042724,0.1420130037042724,1.0
5200,24.24930223499996,0.5358026738172599,1.7148531403158684,-0.0625142902135849,0.034322984516620636,0.2683290398860007,-2.834457484394528,0.004668295574374497,0.01954078212380409,-0.0625142902135849,-0.034322984516620636,-6.750036716461182,5.928657531738281,0.004668295574374497,0.01954078212380409,0.26747363393125917,1.1196043440786598,-0.0625142902135849,-0.034322984516620636,-6.750036716461182,5.928657531738281,0.06156636765926418,-0.23337863085865956,165.76988729792004,5.60884730829497,-0.0004912523569567906,-0.05350930870130096,0.5,0.1787108483809828,0.4995087476430432,0.12520153967968184,-0.5610751153023074,-0.10817709117897772,-0.5610751153023074,-0.5610751153023074,-0.5610751153023074,-0.5610751153023074,-0.24844587000455456,-0.24844587000455456,-0.24844587000455456,-0.24844587000455456,1.0
5250,24.324739169999702,0.46760547611050396,1.6716311696394988,0.029060468077659607,0.07348093390464783,0.2683290398860007,-2.834457484394528,0.00347802993375808,0.02029514782130718,0.029060468077659607,-0.07348093390464783,-4.143287181854248,2.4784388542175293,0.00347802993375808,0.02029514782130718,0.19927643622450328,1.1628263147550293,0.029060468077659607,-0.07348093390464783,-4.143287181854248,2.4784388542175293,-0.12138246871339498,-0.2036771309617744,165.77068613278496,5.608778049742401,-0.00036599759010735855,-0.05557542649343809,0.5,0.26985140626222454,0.49963400240989264,0.21427597976878643,-0.37825153369649767,0.010598848807012035,-0.37825153369649767,-0.37825153369649767,-0.37825153369649767,-0.37825153369649767,-0.08396403461711238,-0.08396403461711238,-0.08396403461711238,-0.08396403461711238,1.0
5300,24.490335921000224,0.6476895500759726,1.7497023662868603,-0.029377566650509834,0.03770346939563751,0.2683290398860007,-2.834457484394528,0.00662108995486051,0.018932548388838764,-0.029377566650509834,-0.03770346939563751,-4.926478862762451,3.3011460304260254,0.00662108995486051,0.018932548388838764,0.37936051018997197,1.0847551181076678,-0.029377566650509834,-0.03770346939563751,-4.926478862762451,3.3011460304260254,-0.04278468527955324,-0.20563949453225056,165.76807104206657,5.6089012405700736,-0.0006967531683871011,-0.05184346152849718,0.5,0.19127112582328915,0.4993032468316129,0.13942766429479198,-0.45651856155205967,-0.06621183023745858,-0.45651856155205967,-0.45651856155205967,-0.45651856155205967,-0.45651856155205967,-0.1803414706254735,-0.1803414706254735,-0.1803414706254735,-0.1803414706254735,1.0
5350,24.64930800500042,0.38260427881779774,1.757680987732787,-0.02073812671005726,-0.0633404329419136,0.2683290398860007,-2.834457484394528,0.0019944791728630663,0.01879329517483711,-0.02073812671005726,0.0633404329419136,-5.78827428817749,2.542942523956299,0.0019944791728630663,0.01879329517483711,0.11427523893179704,1.076776496661741,-0.02073812671005726,0.0633404329419136,-5.78827428817749,2.542942523956299,0.026803068854730917,-0.33016130235556895,165.77135500153068,5.6089133483265625,-0.0002098810611375989,-0.05146207500821248,0.5,-0.25587910352368504,0.4997901189388624,-0.3073411785318975,-0.5265931877935933,-0.6375024808874665,-0.5265931877935933,-0.5265931877935933,-0.5265931877935933,-0.5265931877935933,-0.7691507778358648,-0.7691507778358648,-0.7691507778358648,-0.7691507778358648,1.0
5400,24.811200043999634,0.4740179565240881,1.6387417810734777,-0.009381594136357307,0.010422896593809128,0.2683290398860007,-2.834457484394528,0.0035899488301947714,0.020869175940752025,-0.009381594136357307,-0.010422896593809128,-6.3090500831604,2.118311643600464,0.0035899488301947714,0.020869175940752025,0.20568891663808744,1.1957157033210504,-0.009381594136357307,-0.010422896593809128,-6.3090500831604,2.118311643600464,-0.09406040892086198,-0.24599575772686064,165.77062096239314,5.608723590859448,-0.0003777750591007938,-0.057147652103896836,0.5,0.06164700487152493,0.4996222249408992,0.004499352767628091,-0.4055618160200372,-0.24149640495923255,-0.4055618160200372,-0.4055618160200372,-0.4055618160200372,-0.4055618160200372,-0.34288685896424187,-0.34288685896424187,-0.34288685896424187,-0.34288685896424187,1.0
5450,24.994188489000408,0.3007468094927221,1.605428600613798,-0.0085844025015831,0.03823170065879822,0.2683290398860007,-2.834457484394528,0.0005657968157902361,0.021450600624084472,-0.0085844025015831,-0.03823170065879822,-6.619693756103516,1.532011866569519,0.0005657968157902361,0.021450600624084472,0.03241776960672142,1.22902888378073,-0.0085844025015831,-0.03823170065879822,-6.619693756103516,1.532011866569519,0.004924341001099992,-0.2587110384327267,165.77165635409443,5.6086668821633525,-5.9539299393708596e-05,-0.05874016456008262,0.5,0.1931395154940799,0.49994046070060627,0.1343993509339973,-0.5048648017017062,-0.1243116874987294,-0.5048648017017062,-0.5048648017017062,-0.5048648017017062,-0.5048648017017062,-0.2505278879241559,-0.2505278879241559,-0.2505278879241559,-0.2505278879241559,1.0
5500,25.111030127999584,0.24176978019610162,1.6771951057704146,0.024612650275230408,0.011782092973589897,0.2683290398860007,-2.834457484394528,-0.00046354652848094695,0.020198038816452026,0.024612650275230408,-0.011782092973589897,-7.79996395111084,1.5350350141525269,-0.00046354652848094695,0.020198038816452026,-0.02655925968989907,1.1572623786241134,0.024612650275230408,-0.011782092973589897,-7.79996395111084,1.5350350141525269,-0.018957503533737888,-0.28620437347203,165.77166502525762,5.6087871124304804,4.877940952014089e-05,-0.055309453932801664,0.5,0.06941253024545109,0.5000487794095202,0.014103076312649426,-0.4810912758757823,-0.2721012971593806,-0.4810912758757823,-0.4810912758757823,-0.4810912758757823,-0.4810912758757823,-0.3923741161283262,-0.3923741161283262,-0.3923741161283262,-0.3923741161283262,1.0
5550,25.31146870900011,0.3222233254816223,1.9383818597968197,-0.09390909969806671,0.05656326934695244,0.2683290398860007,-2.834457484394528,0.00094063273165375,0.015639469996094703,-0.09390909969806671,-0.05656326934695244,-9.313923835754395,0.9697840213775635,0.00094063273165375,0.015639469996094703,0.053894285595621594,0.8960756245977085,-0.09390909969806671,-0.05656326934695244,-9.313923835754395,0.9697840213775635,0.10257439159024054,-0.11312435031846971,165.7716098337887,5.609163632350015,-9.898363283843455e-05,-0.04282475344716251,0.5,0.2434355681160576,0.49990101636716155,0.20061081466889508,-0.6024754079574021,0.08748646435042537,-0.6024754079574021,-0.6024754079574021,-0.6024754079574021,-0.6024754079574021,-0.06313238763892515,-0.06313238763892515,-0.06313238763892515,-0.06313238763892515,1.0
5600,25.462016571000277,0.1773373374031318,1.8425220757863947,0.017783567309379578,-0.013370725326240063,0.2683290398860007,-2.834457484394528,-0.0015881048003211617,0.01731253884732723,0.017783567309379578,0.013370725326240063,-9.370612144470215,0.6866472363471985,-0.0015881048003211617,0.01731253884732723,-0.0909917024828689,0.9919354086081335,0.017783567309379578,0.013370725326240063,-9.370612144470215,0.6866472363471985,0.001708398197823615,-0.294379478994766,165.77147494456645,5.609036568720894,0.00016711779442676772,-0.04740666982662281,0.5,-0.0783652179638699,0.5001671177944268,-0.1257718877904927,-0.5018755159922504,-0.4201513667852587,-0.5018755159922504,-0.5018755159922504,-0.5018755159922504,-0.5018755159922504,-0.5456202457833214,-0.5456202457833214,-0.5456202457833214,-0.5456202457833214,1.0
5650,25.61807096299981,0.2162540877672116,1.7337966699788987,-0.02797606587409973,-0.011883825995028019,0.2683290398860007,-2.834457484394528,-0.0009088793722912668,0.019210155159235,-0.02797606587409973,0.011883825995028019,-9.905722618103027,0.007407777942717075,-0.0009088793722912668,0.019210155159235,-0.05207495211878909,1.1006608144156294,-0.02797606587409973,0.011883825995028019,-9.905722618103027,0.007407777942717075,0.05487730967121937,-0.2881804051631413,165.77161467216203,5.608876836602261,9.564219626710953e-05,-0.05260377499519253,0.5,-0.06998997841176398,0.5000956421962671,-0.12259375340695651,-0.5549729518674865,-0.4107741585700978,-0.5549729518674865,-0.5549729518674865,-0.5549729518674865,-0.5549729518674865,-0.5495173965369694,-0.5495173965369694,-0.5495173965369694,-0.5495173965369694,1.0
5700,25.764273423000304,0.13194374009666837,1.7175172342572906,0.05951924994587898,0.0686119943857193,0.2683290398860007,-2.834457484394528,-0.0023803725326433777,0.01949428491294384,0.05951924994587898,-0.0686119943857193,-10.522655487060547,-0.28335118293762207,-0.0023803725326433777,0.01949428491294384,-0.13638529978933234,1.1169402501372374,0.05951924994587898,-0.0686119943857193,-10.522655487060547,-0.28335118293762207,-0.0514730804857879,-0.199371523225564,165.77121591570466,5.6088514914070835,0.00025048914947392494,-0.053381959856939006,0.5,0.2637604980822079,0.5002504891494739,0.21037853822526892,-0.448777408663686,0.011007014999704912,-0.448777408663686,-0.448777408663686,-0.448777408663686,-0.448777408663686,-0.10118733716621658,-0.10118733716621658,-0.10118733716621658,-0.10118733716621658,1.0
5750,25.904990244000146,0.26978598887187744,1.9035399976235268,-0.010456926189363003,0.020072493702173233,0.2683290398860007,-2.834457484394528,2.5428556837141583e-05,0.01624757520854473,-0.010456926189363003,-0.020072493702173233,-11.205491065979004,-0.26337286829948425,2.5428556837141583e-05,0.01624757520854473,0.0014569489858767461,0.9309174867710014,-0.010456926189363003,-0.020072493702173233,-11.205491065979004,-0.26337286829948425,0.023537208725571353,-0.20448772498581794,165.771682674675,5.609118941373625,-2.6758692460833177e-06,-0.04449010725350308,0.5,0.1143566540482918,0.49999732413075393,0.06986654679478872,-0.5235345328563252,-0.1346211781910292,-0.5235345328563252,-0.5235345328563252,-0.5235345328563252,-0.5235345328563252,-0.2655048114051105,-0.2655048114051105,-0.2655048114051105,-0.2655048114051105,1.0
5800,26.058295288999943,0.31132263705097285,2.3616123972825442,0.008262435905635357,0.09938250482082367,0.2683290398860007,-2.834457484394528,0.0007503798278048635,0.008252703621983527,0.008262435905635357,-0.09938250482082367,-11.526223182678223,-1.0660271644592285,0.0007503798278048635,0.008252703621983527,0.04299359716497214,0.4728450871119841,0.008262435905635357,-0.09938250482082367,-11.526223182678223,-1.0660271644592285,0.009563912524728987,-0.003693747672266129,165.77163633896248,5.609570397703215,-7.896313935514954e-05,-0.022596978390770513,0.5,0.28894337442634255,0.4999210368606449,0.26634639603557203,-0.5094849493853738,0.26265264836330593,-0.5094849493853738,-0.5094849493853738,-0.5094849493853738,-0.5094849493853738,0.13528141101696248,0.13528141101696248,0.13528141101696248,0.13528141101696248,1.0
5850,26.21587122100027,0.39471268343192295,2.5257653218132226,-0.02046341449022293,0.034007325768470764,0.2683290398860007,-2.834457484394528,0.002205810700543225,0.005387694612145423,-0.02046341449022293,-0.034007325768470764,-11.810858726501465,-1.697375774383545,0.002205810700543225,0.005387694612145423,0.12638364354592227,0.3086921625813057,-0.02046341449022293,-0.034007325768470764,-11.810858726501465,-1.697375774383545,-0.00048507567339613894,-0.025509585402874048,165.77128187148966,5.609660470733175,-0.00023211975965484885,-0.014752069433394844,0.5,0.1774843912567371,0.49976788024034513,0.16273232182334224,-0.499282804566949,0.1372227364204682,-0.499282804566949,-0.499282804566949,-0.499282804566949,-0.499282804566949,0.012402035278730947,0.012402035278730947,0.012402035278730947,0.012402035278730947,1.0
5900,26.370020006999766,0.18688415427423777,2.5295110402427397,0.024416713044047356,0.041344355791807175,0.2683290398860007,-2.834457484394528,-0.0014214814128354191,0.005322319492697715,0.024416713044047356,-0.041344355791807175,-11.95302677154541,-3.109095573425293,-0.0014214814128354191,0.005322319492697715,-0.08144488561176293,0.30494644415178845,0.024416713044047356,-0.041344355791807175,-11.95302677154541,-3.109095573425293,-0.01870433005466611,-0.0012858852719069697,165.77151625836856,5.609662084518301,0.0001495838304463639,-0.014573063050213553,0.5,0.2036402978397552,0.5001495838304464,0.18906723478954165,-0.4814452537757803,0.1877813495176347,-0.4814452537757803,-0.4814452537757803,-0.4814452537757803,-0.4814452537757803,0.06742003607368963,0.06742003607368963,0.06742003607368963,0.06742003607368963,1.0
5950,26.521583333000308,0.26489760113855815,2.6226748205217136,-0.008300301618874073,0.06439944356679916,0.2683290398860007,-2.834457484394528,-5.9889904223382404e-05,0.0036963047832250587,-0.008300301618874073,-0.06439944356679916,-13.023470878601074,-4.5759358406066895,-5.9889904223382404e-05,0.0036963047832250587,-0.003431438747442536,0.21178266387281452,-0.008300301618874073,-0.06439944356679916,-13.023470878601074,-4.5759358406066895,0.0266651281353552,0.037137898797813006,165.771682432445,5.609695883879346,6.302266937295849e-06,-0.010120829805689305,0.5,0.257579672845177,0.5000063022669373,0.24745884303948773,-0.5266714304022925,0.2845967418373007,-0.5266714304022925,-0.5266714304022925,-0.5266714304022925,-0.5266714304022925,0.1529288842367276,0.1529288842367276,0.1529288842367276,0.1529288842367276,1.0
6000,26.67434385500019,0.18047434190329814,2.6623001629915426,0.012274343520402908,-0.03184477239847183,0.2683290398860007,-2.834457484394528,-0.0015333537431433796,0.0030047120898962013,0.012274343520402908,0.03184477239847183,-14.639549255371094,-1.002746343612671,-0.0015333537431433796,0.0030047120898962013,-0.08785469798270254,0.17215732140298554,0.012274343520402908,0.03184477239847183,-14.639549255371094,-1.002746343612671,-0.025935915423128307,-0.10336529639509595,165.77148902456096,5.609706565460202,0.00016135627895110368,-0.008227174717530634,0.5,-0.16883459765873587,0.5001613562789511,-0.1770617723762665,-0.4742254408558228,-0.2804270687713625,-0.4742254408558228,-0.4742254408558228,-0.4742254408558228,-0.4742254408558228,-0.3989834289853182,-0.3989834289853182,-0.3989834289853182,-0.3989834289853182,1.0
6050,26.732628615000067,0.21149836845439188,2.6196074252541433,0.11780038475990295,0.05141878500580788,0.2683290398860007,-2.834457484394528,-0.000991882332600653,0.003749840930104255,0.11780038475990295,-0.05141878500580788,-11.3889741897583,-4.671921253204346,-0.000991882332600653,0.003749840930104255,-0.056830671431608804,0.21485005914038494,0.11780038475990295,-0.05141878500580788,-11.3889741897583,-4.671921253204346,-0.2180471342487874,0.026636913024005136,165.77160167424466,5.609694965075332,0.00010437667809880061,-0.010267417805686256,0.5,0.23197682076657797,0.5001043766780988,0.2217094029608917,-0.2820572424293114,0.24834631598489684,-0.2820572424293114,-0.2820572424293114,-0.2820572424293114,-0.2820572424293114,0.177832005377569,0.177832005377569,0.177832005377569,0.177832005377569,1.0
6100,26.788764496000113,0.5869250389292185,2.686571240207183,0.14593744277954102,-0.11087241768836975,0.2683290398860007,-2.834457484394528,0.005560549166984856,0.0025811018794775,0.14593744277954102,0.11087241768836975,-8.227743148803711,-3.002816915512085,0.005560549166984856,0.0025811018794775,0.3185959990432179,0.14788624418734522,0.14593744277954102,0.11087241768836975,-8.227743148803711,-3.002816915512085,-0.3985841959685858,-0.21192322667493413,165.7691353884311,5.609712019239577,-0.0005851474217812431,-0.007067287387427855,0.5,-0.29296958039136667,0.49941485257821877,-0.3000368677787945,-0.10083065660963297,-0.5119600944537286,-0.10083065660963297,-0.10083065660963297,-0.10083065660963297,-0.10083065660963297,-0.5371677586061369,-0.5371677586061369,-0.5371677586061369,-0.5371677586061369,1.0
6150,26.844483201000003,0.964950769806007,2.740301990530146,0.1352599561214447,-0.010023563168942928,0.2683290398860007,-2.834457484394528,0.012158342828042805,0.001643323376774787,0.1352599561214447,0.010023563168942928,-5.611456871032715,-0.945804238319397,0.012158342828042805,0.001643323376774787,0.6966217299200064,0.09415549386438211,0.1352599561214447,0.010023563168942928,-5.611456871032715,-0.945804238319397,-0.4541369560055295,-0.06618856797409524,165.75950416623058,5.609721150123256,-0.0012794955124001677,-0.004499561768925502,0.5,-0.05934845472943115,0.49872050448759986,-0.06384801649835666,-0.044583548482070356,-0.1300365844724519,-0.044583548482070356,-0.044583548482070356,-0.044583548482070356,-0.044583548482070356,-0.14118247159296948,-0.14118247159296948,-0.14118247159296948,-0.14118247159296948,1.0
6200,26.933526935000373,1.0441319789152013,2.9261928458680364,0.06767857819795609,-0.00012725964188575745,0.2683290398860007,-2.834457484394528,0.01354031563270837,-0.0016010840982198793,0.06767857819795609,0.00012725964188575745,-5.519742488861084,-1.054248332977295,0.01354031563270837,-0.0016010840982198793,0.7758029390292006,-0.09173536147350844,0.06767857819795609,0.00012725964188575745,-5.519742488861084,-1.054248332977295,-0.32897612652046226,0.015566293408702388,165.7565783264169,5.6097214659849355,-0.0014249455365816226,0.004383906818285286,0.5,-0.0007635562025412217,0.4985750544634184,0.003620350615744064,-0.1695989279429561,0.01918664402444645,-0.1695989279429561,-0.1695989279429561,-0.1695989279429561,-0.1695989279429561,-0.023213087961292577,-0.023213087961292577,-0.023213087961292577,-0.023213087961292577,1.0
6250,27.08486096999968,1.6397197787852589,2.8889967028652044,-0.002076687291264534,0.25503304600715637,0.2683290398860007,-2.834457484394528,0.023935283725149935,-0.00095188893377781,-0.002076687291264534,-0.25503304600715637,7.757821083068848,4.081718444824219,0.023935283725149935,-0.00095188893377781,1.3713907388992583,-0.05453921847067642,-0.002076687291264534,-0.25503304600715637,7.757821083068848,4.081718444824219,-0.3176816744709133,0.3623173683610083,165.72448631339248,5.609725286013616,-0.0025192075595729104,0.0026063532219942594,-0.5,0.2999777280960092,-0.5025192075595729,0.30258408131800346,0.8202008820304862,0.6649014496790118,0.8202008820304862,0.8202008820304862,0.8202008820304862,0.8202008820304862,0.8699516701866333,0.8699516701866333,0.8699516701866333,0.8699516701866333,1.0
6300,27.241923047000455,-0.4187835507275173,3.8679164901843572,-0.08396635204553604,-0.017598148435354233,0.2683290398860007,-2.834457484394528,-0.011992377038113773,-0.018037262335419656,-0.08396635204553604,0.017598148435354233,1.6401987075805664,-0.9048713445663452,-0.011992377038113773,-0.018037262335419656,-0.6871125906135179,-1.033459005789829,-0.08396635204553604,0.017598148435354233,1.6401987075805664,-0.9048713445663452,0.39235510772325255,0.23551217755163928,165.75983437658255,5.608977523882807,0.0012620282635229642,0.04939147850330422,-0.5,-0.10143457653270128,-0.49873797173647705,-0.052043098029397064,0.1063828640132245,0.18346907952224223,0.1063828640132245,0.1063828640132245,0.1063828640132245,0.1063828640132245,0.21006479552554835,0.21006479552554835,0.21006479552554835,0.21006479552554835,1.0
6350,27.41384333499991,-0.35022085785888635,3.9703501178275076,-0.027116678655147552,0.09898053854703903,0.2683290398860007,-2.834457484394528,-0.010795732303522527,-0.019825066402554513,-0.027116678655147552,-0.09898053854703903,-13.00942325592041,-1.3594653606414795,-0.010795732303522527,-0.019825066402554513,-0.618549897744887,-1.1358926334329795,-0.027116678655147552,-0.09898053854703903,-13.00942325592041,-1.3594653606414795,0.23480386858058655,0.5159624842938664,165.7620809296774,5.608821516019291,0.001136088076564164,0.054287924146186745,0.5,0.28876751691868857,0.5011360880765642,0.3430554410648753,-0.7359399566571507,0.8590179253587417,-0.7359399566571507,-0.7359399566571507,-0.7359399566571507,-0.7359399566571507,0.675032936194454,0.675032936194454,0.675032936194454,0.675032936194454,1.0
6400,27.614309778999996,0.9061909725415047,3.2883356655210476,0.0871267020702362,0.03522306680679321,0.2683290398860007,-2.834457484394528,0.011132790897972882,-0.00792166866362095,0.0871267020702362,-0.03522306680679321,-2.5334885120391846,-6.005237579345703,0.011132790897972882,-0.00792166866362095,0.637861932655504,-0.45387818112651945,0.0871267020702362,-0.03522306680679321,-2.5334885120391846,-6.005237579345703,-0.33950796004518446,0.17244825622025656,165.7614720118799,5.609582738460303,-0.0011715612728382936,0.021690533157301888,0.5,0.1821575790960424,0.4988284387271617,0.2038481122533443,-0.15932047868197724,0.3762963684736008,-0.15932047868197724,-0.15932047868197724,-0.15932047868197724,-0.15932047868197724,0.3364662488031065,0.3364662488031065,0.3364662488031065,0.3364662488031065,1.0
6450,27.75556870499986,1.8410853881831648,3.287629808159009,0.17970620095729828,0.082578644156456,0.2683290398860007,-2.834457484394528,0.027449776609428225,-0.007909349128603936,0.17970620095729828,-0.082578644156456,13.787052154541016,-8.165777206420898,0.027449776609428225,-0.007909349128603936,1.572756348297164,-0.4531723237644809,0.17970620095729828,-0.082578644156456,13.787052154541016,-8.165777206420898,-0.8085327909180537,0.2594977741804349,165.70960969866712,5.609583187974968,-0.0028892831193506074,0.021656799677009446,-0.5,0.278721942888443,-0.5028892831193507,0.30037874256545244,1.3114220740374045,0.5598765167458873,1.3114220740374045,1.3114220740374045,1.3114220740374045,1.3114220740374045,0.8877320352552385,0.8877320352552385,0.8877320352552385,0.8877320352552385,1.0
6500,27.857917778999763,1.4274888325217434,4.1880615438480175,-0.21242335438728333,0.2171567976474762,0.2683290398860007,-2.834457484394528,0.020231154938228427,-0.02362484760582447,-0.21242335438728333,-0.2171567976474762,5.010488033294678,-2.8560307025909424,0.020231154938228427,-0.02362484760582447,1.1591597926357426,-1.3536040594534897,-0.21242335438728333,-0.2171567976474762,5.010488033294678,-2.8560307025909424,0.11419263483615072,0.7809818620486649,165.73796338368112,5.608441012802528,-0.0021292299811539028,0.06469565489506553,-0.5,0.2998986840193921,-0.502129229981154,0.36459433891445764,0.3879365951450032,1.1455762009631225,0.3879365951450032,0.3879365951450032,0.3879365951450032,0.3879365951450032,1.2425603497493733,1.2425603497493733,1.2425603497493733,1.2425603497493733,1.0
6550,28.065625768000245,0.30763823024142695,3.278099986719549,0.23539690673351288,-0.355081707239151,0.2683290398860007,-2.834457484394528,0.0006860747979953886,-0.0077430223673582085,0.23539690673351288,0.355081707239151,-5.140566825866699,-3.7524375915527344,0.0006860747979953886,-0.0077430223673582085,0.03930919035542628,-0.4436425023250206,0.23539690673351288,0.355081707239151,-5.140566825866699,-3.7524375915527344,-0.4959490481036511,-0.628653026900823,165.7716439490456,5.60958918841486,-7.219626144226257e-05,0.02120136245925711,0.5,-0.29999959285424366,0.4999278037385577,-0.2787982303949865,-0.003978755634906628,-0.9074512572958096,-0.003978755634906628,-0.003978755634906628,-0.003978755634906628,-0.003978755634906628,-0.9084459462045362,-0.9084459462045362,-0.9084459462045362,-0.9084459462045362,1.0
6600,28.2728646759997,1.707440250632289,3.532795606435209,-0.27230268716812134,0.1830359399318695,0.2683290398860007,-2.834457484394528,0.02511722892988473,-0.012188299521803864,-0.27230268716812134,-0.1830359399318695,13.17250919342041,3.4289751052856445,0.02511722892988473,-0.012188299521803864,1.4391112107462882,-0.6983381220406809,-0.27230268716812134,-0.1830359399318695,13.17250919342041,3.4289751052856445,-0.02653905129709533,0.44255667709019475,165.71971027712596,5.609384980464608,-0.0026436588701603154,0.033373808697338664,-0.5,0.2996035355631149,-0.5026436588701603,0.33297734426045356,0.5291827101672556,0.7755340213506483,0.5291827101672556,0.5291827101672556,0.5291827101672556,0.5291827101672556,0.9078296988924622,0.9078296988924622,0.9078296988924622,0.9078296988924622,1.0
6650,28.48177914000007,0.31279416929114034,2.685789396990628,0.2765491306781769,-0.0828426256775856,0.2683290398860007,-2.834457484394528,0.0007760629104450346,0.002594747617840766,0.2765491306781769,0.0828426256775856,12.22969913482666,2.9683663845062256,0.0007760629104450346,0.002594747617840766,0.04446512940513965,0.1486680874039001,0.2765491306781769,0.0828426256775856,12.22969913482666,2.9683663845062256,-0.5599063838662027,-0.20228332224129159,165.77163310912846,5.609711856451182,-8.166579413343588e-05,-0.007104650759899874,-0.5,-0.27893759568513277,-0.5000816657941335,-0.2860422464450326,1.0599880496603362,-0.4883255686863242,1.0599880496603362,1.0599880496603362,1.0599880496603362,1.0599880496603362,-0.22332855627124015,-0.22332855627124015,-0.22332855627124015,-0.22332855627124015,1.0
6700,28.680111708999902,-0.043268828175314265,3.9138072505572032,-0.05957648158073425,-0.02130075916647911,0.2683290398860007,-2.834457484394528,-0.005438408739864826,-0.018838207200169564,-0.05957648158073425,0.02130075916647911,8.940744400024414,-0.027638748288154602,-0.005438408739864826,-0.018838207200169564,-0.31159786806131495,-1.0793497661626752,-0.05957648158073425,0.02130075916647911,8.940744400024414,-0.027638748288154602,0.21956522417271107,0.28943138260733253,165.76924606644732,5.608909453090188,0.0005722940927228213,0.0515850798441132,-0.5,-0.12059573081843769,-0.4994277059072772,-0.06901065097432449,0.2798624817345661,0.22042073163300804,0.2798624817345661,0.2798624817345661,0.2798624817345661,0.2798624817345661,0.2903863520666496,0.2903863520666496,0.2903863520666496,0.2903863520666496,1.0
6750,28.86107902799995,-0.011449560664773425,3.923498435215805,0.0304096732288599,0.12427864968776703,0.2683290398860007,-2.834457484394528,-0.004883057756233029,-0.01900735028088093,0.0304096732288599,-0.12427864968776703,8.146389961242676,-0.5814212560653687,-0.004883057756233029,-0.01900735028088093,-0.27977860055077414,-1.089040950821277,0.0304096732288599,-0.12427864968776703,8.146389961242676,-0.5814212560653687,-0.0170606765843022,0.47009101897466016,165.7697183030007,5.608894699814085,0.0005138524797902551,0.052048329460155786,-0.5,0.2958675419073886,-0.49948614752020976,0.3479158713675444,0.5165468241045119,0.8180068903422046,0.5165468241045119,0.5165468241045119,0.5165468241045119,0.5165468241045119,0.9471435963683326,0.9471435963683326,0.9471435963683326,0.9471435963683326,1.0
6800,28.998785386000236,-0.4580045780149932,4.163715761438331,0.034836139529943466,-0.026340816169977188,0.2683290398860007,-2.834457484394528,-0.012676913100294769,-0.023199933543801322,0.034836139529943466,0.026340816169977188,7.382095813751221,-2.8313395977020264,-0.012676913100294769,-0.023199933543801322,-0.7263336179009939,-1.3292582770438033,0.034836139529943466,0.026340816169977188,7.382095813751221,-2.8313395977020264,0.11168369526047618,0.28954630718822605,165.7584431606417,5.608486867351498,0.0013340734554925095,0.06353173679811565,-0.5,-0.1448831140294443,-0.4986659265445075,-0.08135137723132864,0.3869822312840313,0.20819492995689742,0.3869822312840313,0.3869822312840313,0.3869822312840313,0.3869822312840313,0.3049404877779053,0.3049404877779053,0.3049404877779053,0.3049404877779053,1.0
6850,29.053763554000398,-0.4401411787361769,4.194461857987143,0.05555326119065285,0.01999131217598915,0.2683290398860007,-2.834457484394528,-0.012365137967281043,-0.02373655416071415,0.05555326119065285,-0.01999131217598915,6.296759128570557,-3.0516762733459473,-0.012365137967281043,-0.02373655416071415,-0.7084702186221776,-1.3600043735926148,0.05555326119065285,-0.01999131217598915,6.296759128570557,-3.0516762733459473,0.07447414230678576,0.41363735606872054,165.75908637036608,5.608428819878709,0.0013012599881205367,0.06500164261074969,-0.5,0.11394008389712955,-0.49869874001187947,0.17894172650787923,0.4242245977050937,0.5925790825765997,0.4242245977050937,0.4242245977050937,0.4242245977050937,0.4242245977050937,0.6986352320028731,0.6986352320028731,0.6986352320028731,0.6986352320028731,1.0
6900,29.110368296999695,-0.5657786131763004,4.249289494002128,0.034261949360370636,0.05778295546770096,0.2683290398860007,-2.834457484394528,-0.014557924862019718,-0.024693476930260673,0.034261949360370636,-0.05778295546770096,5.327690124511719,-3.9684853553771973,-0.014557924862019718,-0.024693476930260673,-0.8341076530623012,-1.4148320096076004,0.034261949360370636,-0.05778295546770096,5.327690124511719,-3.9684853553771973,0.17350788027491948,0.4432503323322828,165.75422274327093,5.608322014180837,0.0015320504012033766,0.06762290435681942,-0.5,0.24588604866151664,-0.49846794959879664,0.31350895301833603,0.32496006932387717,0.7567592853506189,0.32496006932387717,0.32496006932387717,0.32496006932387717,0.32496006932387717,0.8379993026815882,0.8379993026815882,0.8379993026815882,0.8379993026815882,1.0
6950,29.168712317000427,-0.669676249179361,4.207020014549857,0.04888499155640602,0.0319889597594738,0.2683290398860007,-2.834457484394528,-0.016371280695311727,-0.023955735340714455,0.04888499155640602,-0.0319889597594738,4.775014877319336,-4.469358444213867,-0.016371280695311727,-0.023955735340714455,-0.9380052890653617,-1.3725625301553295,0.04888499155640602,-0.0319889597594738,4.775014877319336,-4.469358444213867,0.14057691070041983,0.4149949515015972,165.74960226417508,5.608404728840475,0.0017229167010220905,0.06560202935799916,-0.5,0.1694247571915318,-0.4982770832989779,0.23502678654953096,0.3577001725985581,0.6500217380511282,0.3577001725985581,0.3577001725985581,0.3577001725985581,0.3577001725985581,0.7394467812007677,0.7394467812007677,0.7394467812007677,0.7394467812007677,1.0
7000,29.346593647999725,-0.8592107969960414,4.280368135386155,0.03886404260993004,0.060524336993694305,0.2683290398860007,-2.834457484394528,-0.01967928260099143,-0.025235901549458505,0.03886404260993004,-0.060524336993694305,0.3827779293060303,-5.915633678436279,-0.01967928260099143,-0.025235901549458505,-1.1275398368820422,-1.445910650991627,0.03886404260993004,-0.060524336993694305,0.3827779293060303,-5.915633678436279,0.1965939541392941,0.4784102155619026,165.7397778498137,5.608259598217061,0.002071133049156478,0.06910878734237152,-0.49999977588743666,0.2510476307218471,-0.4979286428382802,0.32015641806421863,0.3013346886989861,0.7985666336261212,0.3013346886989861,0.3013346886989861,0.3013346886989861,0.3013346886989861,0.8739003058008677,0.8739003058008677,0.8739003058008677,0.8739003058008677,1.0
7050,29.5578007160002,0.16753240074638015,4.004001606094514,0.35809823870658875,-0.05457279086112976,0.2683290398860007,-2.834457484394528,-0.001759233227930963,-0.020412395671010018,0.35809823870658875,0.05457279086112976,-8.8671875,-7.878364086151123,-0.001759233227930963,-0.020412395671010018,-0.10079663913962056,-1.169544121699986,0.35809823870658875,0.05457279086112976,-8.8671875,-7.878364086151123,-0.6143732934409653,0.06060205111817252,165.7714277519442,5.608767049682734,0.00018512583835993265,0.055896558506846314,0.5,-0.2392226639677879,0.50018512583836,-0.18332610546094158,0.1141881676026053,-0.12272405434276906,0.1141881676026053,0.1141881676026053,0.1141881676026053,0.1141881676026053,-0.09417701244211774,-0.09417701244211774,-0.09417701244211774,-0.09417701244211774,1.0
7100,29.7191461350003,2.3961981273619615,4.403018269198897,0.13158932328224182,0.1999356895685196,0.2683290398860007,-2.834457484394528,0.03713832162786275,-0.02737655021250248,0.13158932328224182,-0.1999356895685196,-1.0066509246826172,-9.987112998962402,0.03713832162786275,-0.02737655021250248,2.1278690874759607,-1.5685607848043692,0.13158932328224182,-0.1999356895685196,-1.0066509246826172,-9.987112998962402,-0.8449467194967359,0.7561014089434884,165.65806470972674,5.608000043452035,-0.003909879493317572,0.07497303918536288,0.5,0.2997982718333809,0.49609012050668244,0.37477131101874384,0.3488565989900535,1.1308727199622322,0.3488565989900535,0.3488565989900535,0.3488565989900535,0.3488565989900535,1.2180868697097456,1.2180868697097456,1.2180868697097456,1.2180868697097456,1.0
7150,29.894683649999934,2.104982126484478,6.032027350870224,0.013705160468816757,0.23281243443489075,0.2683290398860007,-2.834457484394528,0.03205564357805997,-0.055808122232556344,0.013705160468816757,-0.23281243443489075,-9.445306777954102,-11.510415077209473,0.03205564357805997,-0.055808122232556344,1.8366530865984774,-3.1975698664756957,0.013705160468816757,-0.23281243443489075,-9.445306777954102,-11.510415077209473,-0.46188563547958417,1.0272927653080952,165.68703322869385,5.602550632268384,-0.003374388791811883,0.15292370527719107,0.5,0.2999458316238606,0.4966256112081881,0.4528695369010517,-0.03473997572860393,1.480162302209147,-0.03473997572860393,-0.03473997572860393,-0.03473997572860393,-0.03473997572860393,1.471477308276996,1.471477308276996,1.471477308276996,1.471477308276996,1.0
7200,30.047917597999913,1.4001206914043254,5.67826538677223,0.062050819396972656,-0.13968634605407715,0.2683290398860007,-2.834457484394528,0.019753490765579043,-0.049633811190724374,0.062050819396972656,0.13968634605407715,-15.634207725524902,-14.461405754089355,0.019753490765579043,-0.049633811190724374,1.1317916515183246,-2.843807902377702,0.062050819396972656,0.13968634605407715,-15.634207725524902,-14.461405754089355,-0.46405448170170016,0.527260996238022,165.7395367852045,5.604050473246448,-0.0020789450480738375,0.1359834046041006,0.5,-0.29776165163583146,0.4979210549519262,-0.16177824703173085,-0.03386657325022602,0.3654827492062912,-0.03386657325022602,-0.03386657325022602,-0.03386657325022602,-0.03386657325022602,0.35701610589373467,0.35701610589373467,0.35701610589373467,0.35701610589373467,1.0
7250,30.122826626999995,1.3467342253042132,5.493967246171422,0.09550193697214127,-0.14356151223182678,0.2683290398860007,-2.834457484394528,0.01882172115612775,-0.04641720183193685,0.09550193697214127,0.14356151223182678,-14.537707328796387,-15.499109268188477,0.01882172115612775,-0.04641720183193685,1.0784051854182124,-2.659509761776895,0.09550193697214127,0.14356151223182678,-14.537707328796387,-15.499109268188477,-0.4762796052288193,0.4821504259092648,165.74249781310914,5.604762306660168,-0.001980857956279376,0.1271611503040143,0.5,-0.2980820298200248,0.4980191420437206,-0.1709208795160105,-0.021739536814901317,0.3112295463932543,-0.021739536814901317,-0.021739536814901317,-0.021739536814901317,-0.021739536814901317,0.30579466218952894,0.30579466218952894,0.30579466218952894,0.30579466218952894,1.0
7300,30.209275238000373,1.079920782783893,5.526972427788216,0.04309708997607231,-0.08953185379505157,0.2683290398860007,-2.834457484394528,0.014164948095567528,-0.0469932509213686,0.04309708997607231,0.08953185379505157,-18.035640716552734,-15.367395401000977,0.014164948095567528,-0.0469932509213686,0.8115917428978925,-2.692514943393688,0.04309708997607231,0.08953185379505157,-18.035640716552734,-15.367395401000977,-0.2837300510645222,0.6541186621534699,165.75515263503573,5.604638329322378,-0.001490688659184746,0.12874094502969294,0.5,-0.28374832804511446,0.4985093113408153,-0.15500738301542152,-0.21477926027629307,0.4991112791380484,-0.21477926027629307,-0.21477926027629307,-0.21477926027629307,-0.21477926027629307,0.44541646406897517,0.44541646406897517,0.44541646406897517,0.44541646406897517,1.0
7350,30.397960354999668,-0.4691804216835737,4.342436625695,-0.050984349101781845,-0.505779504776001,0.2683290398860007,-2.834457484394528,-0.01287196836899966,-0.026319201067090035,-0.050984349101781845,0.505779504776001,-28.837106704711914,-17.980419158935547,-0.01287196836899966,-0.026319201067090035,-0.7375094615695744,-1.5079791413004717,-0.050984349101781845,0.505779504776001,-28.837106704711914,-17.980419158935547,0.3505012668836704,-0.6182089149917656,165.7580326065868,5.608130886722873,0.0013546026114316671,0.07207639795663243,0.5,-0.29999999901856544,0.5013546026114317,-0.22792360106193302,-0.8518558694951022,-0.8461325160536985,-0.8518558694951022,-0.8518558694951022,-0.8518558694951022,-0.8518558694951022,-1.059096483427474,-1.059096483427474,-1.059096483427474,-1.059096483427474,1.0
7400,30.56543193899961,-0.1200582771259206,1.15141151905277,0.2930215001106262,-0.12158927321434021,0.2683290398860007,-2.834457484394528,-0.006778637454845011,0.029374693557620048,0.2930215001106262,0.12158927321434021,-18.333484649658203,-7.1712188720703125,-0.006778637454845011,0.029374693557620048,-0.3883873170119213,1.683045965341758,0.2930215001106262,0.12158927321434021,-18.333484649658203,-7.1712188720703125,-0.479433979911056,-0.8333357927999074,165.7678971191493,5.6077387136639425,0.000713332766930692,-0.08044735508744151,0.5,-0.295401797168164,0.5007133327669306,-0.3758491522556055,-0.021279352855874623,-1.209184945055513,-0.021279352855874623,-0.021279352855874623,-0.021279352855874623,-0.021279352855874623,-1.2145047832694817,-1.2145047832694817,-1.2145047832694817,-1.2145047832694817,1.0
7450,30.77226418200007,0.6935653694100095,2.6031368509574806,-0.15261924266815186,-0.09227783977985382,0.2683290398860007,-2.834457484394528,0.007421774049289525,0.004037306681275367,-0.15261924266815186,0.09227783977985382,-14.878291130065918,2.7085108757019043,0.007421774049289525,0.004037306681275367,0.4252363295240088,0.23132063343704756,-0.15261924266815186,0.09227783977985382,-14.878291130065918,2.7085108757019043,0.17050802058280898,-0.18299837136070807,165.76714471171832,5.60968980556289,-0.0007810139758750687,-0.011054532162706484,0.5,-0.28539771704550876,0.49921898602412496,-0.2964522492082152,-0.669727006606934,-0.4794506205689233,-0.669727006606934,-0.669727006606934,-0.669727006606934,-0.669727006606934,-0.6468823722206568,-0.6468823722206568,-0.6468823722206568,-0.6468823722206568,1.0
7500,30.976273541999944,1.0395854208055,2.2313000718815172,0.12823857367038727,-0.013180594891309738,0.2683290398860007,-2.834457484394528,0.013460963224060834,0.010527082756161682,0.12823857367038727,0.013180594891309738,-1.369721531867981,-0.7056578993797302,0.013460963224060834,0.010527082756161682,0.7712563809194993,0.6031574125130107,0.12823857367038727,0.013180594891309738,-1.369721531867981,-0.7056578993797302,-0.4576436013858832,-0.12644801779722692,165.75675484231877,5.609471953016713,-0.0014165937049076135,-0.02882482562684776,0.5,-0.07730122437104704,0.4985834062950924,-0.1061260499978948,-0.040939804909209176,-0.23257406779512171,-0.040939804909209176,-0.040939804909209176,-0.040939804909209176,-0.040939804909209176,-0.24280901902242402,-0.24280901902242402,-0.24280901902242402,-0.24280901902242402,1.0
7550,31.14649038100015,-0.10434959575693835,3.2772323392515457,-0.26781588792800903,-0.033420104533433914,0.2683290398860007,-2.834457484394528,-0.006504469243809581,-0.007727879062294961,-0.26781588792800903,0.033420104533433914,-3.519273519515991,3.439112663269043,-0.006504469243809581,-0.007727879062294961,-0.37267863564293907,-0.44277485485701745,-0.26781588792800903,0.033420104533433914,-3.519273519515991,3.439112663269043,0.6430522962309384,0.08105686561453015,165.76819715016111,5.609589728394276,0.0006844805452993613,0.02115989698774811,0.5,-0.1751783393776216,0.5006844805452993,-0.15401844238987347,-1.1437367767762376,-0.07296157677534332,-1.1437367767762376,-1.1437367767762376,-1.1437367767762376,-1.1437367767762376,-0.3588957709694027,-0.3588957709694027,-0.3588957709694027,-0.3588957709694027,1.0
7600,31.216023807000056,-0.8131525369059711,3.0569329118658355,0.07679454982280731,-0.10882948338985443,0.2683290398860007,-2.834457484394528,-0.018875414314679803,-0.0038829287141561586,0.07679454982280731,0.10882948338985443,-3.583271026611328,-0.30345961451530457,-0.018875414314679803,-0.0038829287141561586,-1.0814815767919719,-0.22247542747130752,0.07679454982280731,0.10882948338985443,-3.583271026611328,-0.30345961451530457,0.15001828132216138,-0.1461420255454593,165.7423310675914,5.60969262373503,0.0019865101238855255,0.010631827336409825,0.5,-0.29237855077359876,0.5019865101238855,-0.28174672343718893,-0.652004791446047,-0.4278887489826482,-0.652004791446047,-0.652004791446047,-0.652004791446047,-0.652004791446047,-0.59088994684416,-0.59088994684416,-0.59088994684416,-0.59088994684416,1.0
7650,31.276896440999735,-0.14253246764110541,2.258496391052627,0.19598668813705444,-0.16123774647712708,0.2683290398860007,-2.834457484394528,-0.007170886076055467,0.010052417442202567,0.19598668813705444,0.16123774647712708,-1.7327032089233398,0.8985921740531921,-0.007170886076055467,0.010052417442202567,-0.4108615075271061,0.5759610933419013,0.19598668813705444,0.16123774647712708,-1.7327032089233398,0.8985921740531921,-0.3120675840398381,-0.5254965616242289,165.76744633373363,5.609494467391839,0.0007546114223516721,-0.0275250508974117,0.5,-0.2990527197091973,0.5007546114223517,-0.326577770606609,-0.18868702738251358,-0.8520743322308378,-0.18868702738251358,-0.18868702738251358,-0.18868702738251358,-0.18868702738251358,-0.8992460890764662,-0.8992460890764662,-0.8992460890764662,-0.8992460890764662,1.0
7700,31.409439435999957,0.7520700484368412,2.031760150704414,-0.13080967962741852,0.26907509565353394,0.2683290398860007,-2.834457484394528,0.008442873326130211,0.014009711369872092,-0.13080967962741852,-0.26907509565353394,5.824824810028076,-1.6967154741287231,0.008442873326130211,0.014009711369872092,0.48374100855084057,0.8026973336901139,-0.13080967962741852,-0.26907509565353394,5.824824810028076,-1.6967154741287231,0.11189561782358953,0.19142238869937928,165.76581012622438,5.609275001597527,-0.0008884718539863263,-0.03836161681183907,-0.5,0.2999872992640584,-0.5008884718539863,0.26162568245221934,0.3889928540303968,0.4530480711515986,0.3889928540303968,0.3889928540303968,0.3889928540303968,0.3889928540303968,0.5502962846591978,0.5502962846591978,0.5502962846591978,0.5502962846591978,1.0
7750,31.56133486300041,-0.48864299236267217,2.80928626081704,-0.05465230718255043,0.0008916703518480062,0.2683290398860007,-2.834457484394528,-0.013211654308252037,0.00043932072818279183,-0.05465230718255043,-0.0008916703518480062,2.328388214111328,3.1693897247314453,-0.013211654308252037,0.00043932072818279183,-0.7569720322486728,0.025171223577488012,-0.05465230718255043,-0.0008916703518480062,2.328388214111328,3.1693897247314453,0.3336524617784219,-0.002731456375980811,165.75730266896684,5.609726929588344,0.001390354085410099,-0.0012028974761278705,-0.5,0.005349455026658958,-0.4986096459145899,0.004146557550531088,0.164957184136168,0.0014151011745502772,0.164957184136168,0.164957184136168,0.164957184136168,0.164957184136168,0.04265439720859228,0.04265439720859228,0.04265439720859228,0.04265439720859228,1.0
7800,31.724985756000024,-0.32360417095230204,2.770565278082003,-0.05862554535269737,0.07401436567306519,0.2683290398860007,-2.834457484394528,-0.010331183481030168,0.0011151293665170661,-0.05862554535269737,-0.07401436567306519,3.461285352706909,2.3503830432891846,-0.010331183481030168,0.0011151293665170661,-0.5919332108383029,0.06389220631252499,-0.05862554535269737,-0.07401436567306519,3.461285352706909,2.3503830432891846,0.2117831752442376,0.12980936431112344,165.7628894891421,5.609724508304434,0.0010871977914211756,-0.0030533197243019384,-0.5,0.2704565410918967,-0.4989128022085788,0.26740322136759476,0.2871296269643412,0.3972125856787182,0.2871296269643412,0.2871296269643412,0.2871296269643412,0.2871296269643412,0.46899499241980347,0.46899499241980347,0.46899499241980347,0.46899499241980347,1.0
7850,31.877266600999974,-0.4699554347109586,2.9142649876996667,0.03177002817392349,0.03503386676311493,0.2683290398860007,-2.834457484394528,-0.012885494898073375,-0.0013929037004709252,0.03177002817392349,-0.03503386676311493,2.8778116703033447,2.2585813999176025,-0.012885494898073375,-0.0013929037004709252,-0.7382844745969592,-0.0798075033051386,0.03177002817392349,-0.03503386676311493,2.8778116703033447,2.2585813999176025,0.13007118810094476,0.09886298978682986,165.7580039034054,5.609722902581895,0.001356026253878696,0.003813890292868336,-0.5,0.18143925979006945,-0.4986439737461213,0.18525315008293777,0.36857278564517654,0.28411613986976764,0.36857278564517654,0.36857278564517654,0.36857278564517654,0.36857278564517654,0.3762593362810618,0.3762593362810618,0.3762593362810618,0.3762593362810618,1.0
7900,32.02783909400023,-0.24990573611677686,3.098516384193342,0.010641559027135372,0.017044126987457275,0.2683290398860007,-2.834457484394528,-0.009044903139583766,-0.004608697220683099,0.010641559027135372,-0.017044126987457275,1.9678010940551758,2.0927000045776367,-0.009044903139583766,-0.004608697220683099,-0.5182347760027776,-0.26405889979881414,0.010641559027135372,-0.017044126987457275,1.9678010940551758,2.0927000045776367,0.10547075350889112,0.12349159863589362,165.76494276573942,5.609678419007588,0.000951828779009383,0.012619069379699473,-0.5,0.09847951856132382,-0.4990481712209906,0.1110985879410233,0.3935774177120995,0.23459018657691694,0.3935774177120995,0.3935774177120995,0.3935774177120995,0.3935774177120995,0.3329845410049418,0.3329845410049418,0.3329845410049418,0.3329845410049418,1.0
7950,32.08370448599999,-0.22260052078513026,3.1250356608629746,-0.017366498708724976,0.015443747863173485,0.2683290398860007,-2.834457484394528,-0.008568337229080498,-0.005071545913815499,-0.017366498708724976,-0.015443747863173485,1.8667322397232056,1.556467056274414,-0.008568337229080498,-0.005071545913815499,-0.49092956067113097,-0.29057817646844647,-0.017366498708724976,-0.015443747863173485,1.8667322397232056,1.556467056274414,0.15194128634485538,0.13178969796358037,165.7656342928308,5.609668092134177,0.000901675476646653,0.013886410130299483,-0.5,0.08982397736812567,-0.49909832452335334,0.10371038749842515,0.34715703817849797,0.23550008546200552,0.34715703817849797,0.34715703817849797,0.34715703817849797,0.34715703817849797,0.32228934500663,0.32228934500663,0.32228934500663,0.32228934500663,1.0
8000,32.13884926500032,-0.2724086214306037,3.187652060409301,-0.028714396059513092,0.009472055360674858,0.2683290398860007,-2.834457484394528,-0.009437652579508722,-0.006164408251643182,-0.028714396059513092,-0.009472055360674858,1.1931320428848267,1.4065136909484863,-0.009437652579508722,-0.006164408251643182,-0.5407376613166044,-0.35319457601477305,-0.028714396059513092,-0.009472055360674858,1.1931320428848267,1.4065136909484863,0.19025036828069053,0.13667461708959822,165.76434473432846,5.609639790053925,0.000993161643968398,0.016878829323389095,-0.5,0.056162087029179374,-0.4990068383560316,0.07304091635256847,0.30875647007534107,0.2097155334421667,0.30875647007534107,0.30875647007534107,0.30875647007534107,0.30875647007534107,0.286904650961002,0.286904650961002,0.286904650961002,0.286904650961002,1.0
8050,32.19539764199999,-0.33180213218403626,3.132722611887001,-0.013155331835150719,-0.0028753275983035564,0.2683290398860007,-2.834457484394528,-0.010474264896474779,-0.0052057085186243066,-0.013155331835150719,0.0028753275983035564,1.1804447174072266,1.2290436029434204,-0.010474264896474779,-0.0052057085186243066,-0.600131172070037,-0.2982651274924727,-0.013155331835150719,0.0028753275983035564,1.1804447174072266,1.2290436029434204,0.17221881315594295,0.08776819899934817,165.76264424137872,5.609664914148583,0.0011022559885077727,0.014253765829501249,-0.5,-0.01723297327551398,-0.49889774401149223,-0.0029792074460127296,0.3266789308555493,0.08478899155333544,0.3266789308555493,0.3266789308555493,0.3266789308555493,0.3266789308555493,0.16645872426722275,0.16645872426722275,0.16645872426722275,0.16645872426722275,1.0
8100,32.25090696799998,-0.34183181141295044,3.112856366355784,-0.00951561238616705,0.02649177610874176,0.2683290398860007,-2.834457484394528,-0.010649315821938218,-0.004858977124094971,-0.00951561238616705,-0.02649177610874176,1.120724081993103,0.7127483487129211,-0.010649315821938218,-0.004858977124094971,-0.6101608512989513,-0.2783988819612563,-0.00951561238616705,-0.02649177610874176,1.120724081993103,0.7127483487129211,0.17454015522599686,0.13717694555764803,165.76233960872335,5.6096729574953335,0.0011206787867507303,0.013304368238619572,-0.5,0.14557660585919308,-0.4988793212132493,0.15888097409781266,0.32433916598725243,0.2960579196554607,0.32433916598725243,0.32433916598725243,0.32433916598725243,0.32433916598725243,0.3771427111522738,0.3771427111522738,0.3771427111522738,0.3771427111522738,1.0
8150,32.30776057999992,-0.3682940186504161,3.1246883884323617,-0.012954611331224442,-0.0018794001080095768,0.2683290398860007,-2.834457484394528,-0.011111168465577066,-0.005065484866499902,-0.012954611331224442,0.0018794001080095768,0.8287656903266907,0.9134568572044373,-0.011111168465577066,-0.005065484866499902,-0.6366230585364168,-0.29023090403783364,-0.012954611331224442,0.0018794001080095768,0.8287656903266907,0.9134568572044373,0.18807590148791162,0.0889921488305735,165.76151163605815,5.6096682337467545,0.001169285646459016,0.013869814156273122,-0.499999999999996,-0.011271092997016214,-0.498830714353537,0.002598721159256908,0.31075481286562534,0.09159086998983042,0.31075481286562534,0.31075481286562534,0.31075481286562534,0.31075481286562534,0.16927957320623677,0.16927957320623677,0.16927957320623677,0.16927957320623677,1.0
8200,32.46618206899984,-0.49400148920995873,3.1990949751465996,-0.02393767051398754,-0.03260401636362076,0.2683290398860007,-2.834457484394528,-0.013305177721194923,-0.006364124789834023,-0.02393767051398754,0.03260401636362076,1.5633516311645508,1.4432520866394043,-0.013305177721194923,-0.006364124789834023,-0.7623305290959594,-0.3646374907520716,-0.02393767051398754,0.03260401636362076,1.5633516311645508,1.4432520866394043,0.24173122799381558,0.08804445923866087,165.75709836262772,5.609634022964882,0.001400197350393463,0.01742568586841453,-0.5,-0.1719206289678788,-0.4985998026496065,-0.15449494309946427,0.25686857465579094,-0.06645048386080339,0.25686857465579094,0.25686857465579094,0.25686857465579094,0.25686857465579094,-0.002233340196855657,-0.002233340196855657,-0.002233340196855657,-0.002233340196855657,1.0
8250,32.650193817999934,-0.6118177167201829,3.0130745596578907,0.018559396266937256,0.04236217588186264,0.2683290398860007,-2.834457484394528,-0.015361458803527057,-0.0031174560636281975,0.018559396266937256,-0.04236217588186264,3.4250216484069824,-0.9257362484931946,-0.015361458803527057,-0.0031174560636281975,-0.8801467566061837,-0.17861707526336273,0.018559396266937256,-0.04236217588186264,3.4250216484069824,-0.9257362484931946,0.19484640540372236,0.1158599540571503,165.75224215939116,5.609704974559187,0.001616625738860965,0.008535879400591494,-0.5,0.20688800259777693,-0.49838337426113904,0.21542388199836843,0.30353696885741666,0.3312838360555187,0.30353696885741666,0.30353696885741666,0.30353696885741666,0.30353696885741666,0.4071680782698729,0.4071680782698729,0.4071680782698729,0.4071680782698729,1.0
8300,32.82231258499996,-0.3112966236351886,3.0452255407416104,0.015129459090530872,0.009628844447433949,0.2683290398860007,-2.834457484394528,-0.010116376257501542,-0.0036785965412855157,0.015129459090530872,-0.009628844447433949,2.650999069213867,2.171415328979492,-0.010116376257501542,-0.0036785965412855157,-0.5796256635211893,-0.21076805634708215,0.015129459090530872,-0.009628844447433949,2.650999069213867,2.171415328979492,0.10228069920445511,0.09533232702397888,165.76325134481206,5.6096961848858795,0.001064591098070883,0.010072342654142552,-0.5,0.05706931659560025,-0.4989354089019291,0.0671416592497428,0.396654709697474,0.16247398627372167,0.396654709697474,0.396654709697474,0.396654709697474,0.396654709697474,0.26163766369809016,0.26163766369809016,0.26163766369809016,0.26163766369809016,1.0
8350,32.976852587000394,-0.16817085001100443,3.133453442128192,0.0032131411135196686,0.012337380088865757,0.2683290398860007,-2.834457484394528,-0.007618360263295472,-0.00521846391260624,0.0032131411135196686,-0.012337380088865757,2.184109687805176,2.1765003204345703,-0.007618360263295472,-0.00521846391260624,-0.4364998898970051,-0.29899595773366405,0.0032131411135196686,-0.012337380088865757,2.184109687805176,2.1765003204345703,0.10584437598839605,0.11132338694182808,165.76690112519285,5.609664607685093,0.0008017020742743938,0.014288691875299053,-0.5,0.0725576799813494,-0.4991982979257256,0.08684637185664845,0.39335392193732954,0.19816975879847654,0.39335392193732954,0.39335392193732954,0.39335392193732954,0.39335392193732954,0.2965082392828089,0.2965082392828089,0.2965082392828089,0.2965082392828089,1.0
8400,33.12885594100044,-0.06965822452901056,3.256546257576516,0.010844573378562927,-0.05197520926594734,0.2683290398860007,-2.834457484394528,-0.005898990593850613,-0.007366838827729226,0.010844573378562927,0.05197520926594734,2.244260549545288,1.9963135719299316,-0.005898990593850613,-0.007366838827729226,-0.33798726441501126,-0.42208877318198756,0.010844573378562927,0.05197520926594734,2.244260549545288,1.9963135719299316,0.055282327846631694,0.06640958788650449,165.7688158663354,5.609602289322203,0.0006207630677433682,0.020171296937188603,-0.5,-0.2333076596137799,-0.4993792369322566,-0.21313636267659128,0.44409690908562494,-0.14672677479008678,0.44409690908562494,0.44409690908562494,0.44409690908562494,0.44409690908562494,-0.035702547518680544,-0.035702547518680544,-0.035702547518680544,-0.035702547518680544,1.0
8450,33.19068205700023,-0.07915009973195894,3.236813841064349,-0.03162577003240585,-0.023659896105527878,0.2683290398860007,-2.834457484394528,-0.006064655068330467,-0.007022443190217019,-0.03162577003240585,0.023659896105527878,2.23233699798584,2.6704983711242676,-0.006064655068330467,-0.007022443190217019,-0.3474791396179596,-0.4023563566698207,-0.03162577003240585,0.023659896105527878,2.23233699798584,2.6704983711242676,0.13853546011267226,0.08254190226458771,165.7686525826028,5.609613711219819,0.0006381967032872824,0.01922827670060932,-0.5,-0.13223386552147143,-0.4993618032967127,-0.1130055888208621,0.36082634318404044,-0.03046368655627439,0.36082634318404044,0.36082634318404044,0.36082634318404044,0.36082634318404044,0.05974289923973572,0.05974289923973572,0.05974289923973572,0.05974289923973572,1.0
8500,33.246003295000264,-0.16057114398145456,3.2312135128317614,0.007913781329989433,-0.009404834359884262,0.2683290398860007,-2.834457484394528,-0.0074857203708961605,-0.006924699023365975,0.007913781329989433,0.009404834359884262,2.8030591011047363,2.844034194946289,-0.0074857203708961605,-0.006924699023365975,-0.42890018386745526,-0.3967560284372334,0.007913781329989433,0.009404834359884262,2.8030591011047363,2.844034194946289,0.12085927633929686,0.09973040443048985,165.76706617571747,5.609616853303911,0.0007877434736412296,0.018960635345193357,-0.5,-0.055772798423466156,-0.49921225652635876,-0.0368121630782728,0.37835298018706187,0.06291824135221705,0.37835298018706187,0.37835298018706187,0.37835298018706187,0.37835298018706187,0.15750648639898251,0.15750648639898251,0.15750648639898251,0.15750648639898251,1.0
8550,33.30403482699967,-0.09672857206665862,3.217851528381101,0.024414265528321266,-0.02240593731403351,0.2683290398860007,-2.834457484394528,-0.006371457288041711,-0.0066914884001016625,0.024414265528321266,0.02240593731403351,3.3418641090393066,3.0229074954986572,-0.006371457288041711,-0.0066914884001016625,-0.3650576119526593,-0.38339404398657284,0.024414265528321266,0.02240593731403351,3.3418641090393066,3.0229074954986572,0.040353393068594444,0.07503395770464746,165.76833824747632,5.609624172202679,0.0006704830060958631,0.018322063190912192,-0.5,-0.12610541575848724,-0.49932951699390415,-0.10778335256757506,0.45897612392530973,-0.03274939486292759,0.45897612392530973,0.45897612392530973,0.45897612392530973,0.45897612392530973,0.08199463611839984,0.08199463611839984,0.08199463611839984,0.08199463611839984,1.0
8600,33.35927034500037,-0.062402495897407505,3.250535904550316,-0.0019693532958626747,-0.015082061290740967,0.2683290398860007,-2.834457484394528,-0.0057723542395979165,-0.007261938378214837,-0.0019693532958626747,0.015082061290740967,3.7974045276641846,3.8154873847961426,-0.0057723542395979165,-0.007261938378214837,-0.3307315357834082,-0.41607842015578794,-0.0019693532958626747,0.015082061290740967,3.7974045276641846,3.8154873847961426,0.08412566495938034,0.08912627211928205,165.76893763328192,5.609605826254511,0.0006074365638388886,0.01988405934992076,-0.5,-0.08784415192741994,-0.4993925634361611,-0.06796009257749919,0.4152668984767808,0.021166179541782862,0.4152668984767808,0.4152668984767808,0.4152668984767808,0.4152668984767808,0.12498290416097806,0.12498290416097806,0.12498290416097806,0.12498290416097806,1.0
8650,33.41527803200006,-0.04606784836832408,3.271897321179531,0.01659560576081276,-0.057569004595279694,0.2683290398860007,-2.834457484394528,-0.005487260858062655,-0.007634765431284905,0.01659560576081276,0.057569004595279694,3.903646945953369,4.9167938232421875,-0.005487260858062655,-0.007634765431284905,-0.31439688825432477,-0.4374398367850028,0.01659560576081276,0.057569004595279694,3.903646945953369,4.9167938232421875,0.04736347072405406,0.022797964874903848,165.76920209387384,5.609593025403924,0.0005774349958177095,0.020904932946599473,-0.5,-0.2454632270219592,-0.4994225650041823,-0.2245582940753597,0.45205909428012825,-0.20176032920045586,0.45205909428012825,0.45205909428012825,0.45205909428012825,0.45205909428012825,-0.0887455556304238,-0.0887455556304238,-0.0887455556304238,-0.0887455556304238,1.0
8700,33.524540634000005,0.1382871582263987,3.199726767644826,-0.015611320734024048,-0.009664950892329216,0.2683290398860007,-2.834457484394528,-0.0022696590004488825,-0.006375151649117471,-0.015611320734024048,0.009664950892329216,7.598713397979736,5.077373504638672,-0.0022696590004488825,-0.006375151649117471,-0.13004188165960198,-0.3652692832502978,-0.015611320734024048,0.009664950892329216,7.598713397979736,5.077373504638672,0.04147664347135073,0.09861463635864065,165.7712583296619,5.609633699193169,0.0002388386053617294,0.0174558792419397,-0.5,-0.05727808686100483,-0.4997611613946383,-0.03982220761906513,0.45828451792328756,0.05879242873957552,0.45828451792328756,0.45828451792328756,0.45828451792328756,0.45828451792328756,0.1733635582203974,0.1733635582203974,0.1733635582203974,0.1733635582203974,1.0
8750,33.67697435199989,-0.3306431344592497,3.153022360987102,-0.01826387643814087,-0.0054186610504984856,0.2683290398860007,-2.834457484394528,-0.01045403657015413,-0.005560005977749825,-0.01826387643814087,0.0054186610504984856,3.9196863174438477,3.342252016067505,-0.01045403657015413,-0.005560005977749825,-0.5989721743452504,-0.3185648765925737,-0.01826387643814087,0.0054186610504984856,3.9196863174438477,3.342252016067505,0.20561881483619424,0.12355841608009416,165.762679118336,5.60965612282952,0.0011001271130704473,0.015223882926474072,-0.5,-0.032385279737513505,-0.49889987288692955,-0.017161396811039432,0.29328105805073534,0.10639701926905473,0.29328105805073534,0.29328105805073534,0.29328105805073534,0.29328105805073534,0.17971728378173857,0.17971728378173857,0.17971728378173857,0.17971728378173857,1.0
8800,33.8437945149999,-0.17009821733699096,3.0429011419896903,-0.0026198644191026688,0.015157856047153473,0.2683290398860007,-2.834457484394528,-0.007651999169029295,-0.0036380281299352654,-0.0026198644191026688,-0.015157856047153473,3.554626226425171,2.9366295337677,-0.007651999169029295,-0.0036380281299352654,-0.43842725722299164,-0.20844365759516217,-0.0026198644191026688,-0.015157856047153473,3.554626226425171,2.9366295337677,0.10389043063965143,0.10959779940131774,165.76685880579484,5.609696869022843,0.0008052421302053263,0.009961261813505012,-0.5,0.0882597438473017,-0.49919475786979467,0.09822100566080672,0.39530432723014325,0.20781880506212447,0.39530432723014325,0.39530432723014325,0.39530432723014325,0.39530432723014325,0.3066448868696603,0.3066448868696603,0.3066448868696603,0.3066448868696603,1.0
8850,33.99866010599999,-0.36236106554133446,3.1390693517298236,0.009054867550730705,-0.026768075302243233,0.2683290398860007,-2.834457484394528,-0.011007618899457157,-0.005316480025649072,0.009054867550730705,0.026768075302243233,3.2166597843170166,3.790515899658203,-0.011007618899457157,-0.005316480025649072,-0.6306901054273352,-0.30461186733529544,0.009054867550730705,0.026768075302243233,3.2166597843170166,3.790515899658203,0.15406230640535126,0.04091720634402521,165.7617003279875,5.609662227707095,0.0011583877143516372,0.01455707376264402,-0.5,-0.14684063305033712,-0.4988416122856484,-0.13228355928769311,0.34477930588029715,-0.0913663529436679,0.34477930588029715,0.34477930588029715,0.34477930588029715,0.34477930588029715,-0.005171526473593618,-0.005171526473593618,-0.005171526473593618,-0.005171526473593618,1.0
8900,34.14782406199993,-0.3077490073720281,2.9275405275686444,0.038474004715681076,0.03622613102197647,0.2683290398860007,-2.834457484394528,-0.010054458673112094,-0.0016246055811643609,0.038474004715681076,-0.03622613102197647,5.278607368469238,2.075362205505371,-0.010054458673112094,-0.0016246055811643609,-0.5760780472580288,-0.09308304317411618,0.038474004715681076,-0.03622613102197647,5.278607368469238,2.075362205505371,0.09692114224244987,0.033877492685814733,165.763354237165,5.609721291108078,0.001058074799794144,0.004448310756549712,-0.5,0.18591087128241443,-0.49894192520020586,0.19035918203896415,0.402020782957756,0.22423667472477887,0.402020782957756,0.402020782957756,0.402020782957756,0.402020782957756,0.3247418704642179,0.3247418704642179,0.3247418704642179,0.3247418704642179,1.0
8950,34.300088912999854,-0.1427390141624322,2.8773347951876427,0.032204482704401016,0.04311824589967728,0.2683290398860007,-2.834457484394528,-0.00717449099291116,-0.0007483502477407533,0.032204482704401016,-0.04311824589967728,5.811964511871338,3.6268482208251953,-0.00717449099291116,-0.0007483502477407533,-0.4110680540484329,-0.042877310793114735,0.032204482704401016,-0.04311824589967728,5.811964511871338,3.6268482208251953,0.02514309442409121,0.12706754270119175,165.7674420732777,5.609726083644901,0.0007549907902415459,0.0020490467378426035,-0.5,0.2092422398630884,-0.49924500920975845,0.211291286600931,0.4741019147856672,0.33835882930212274,0.4741019147856672,0.4741019147856672,0.4741019147856672,0.4741019147856672,0.4568843079985395,0.4568843079985395,0.4568843079985395,0.4568843079985395,1.0
9000,34.366291082000316,-0.043605074919698554,2.9061473078711066,0.0059807985089719296,0.04172114282846451,0.2683290398860007,-2.834457484394528,-0.005444277352653444,-0.0012512234598398217,0.0059807985089719296,-0.04172114282846451,5.574922561645508,2.035794973373413,-0.005444277352653444,-0.0012512234598398217,-0.31193411480569927,-0.07168982347657844,0.0059807985089719296,-0.04172114282846451,5.574922561645508,2.035794973373413,0.07268899716042965,0.12523345832303362,165.76924080479682,5.609723766030996,0.000572911670092,0.00342595727868182,-0.5,0.20485311844104587,-0.499427088329908,0.20827907571972767,0.42673809116947836,0.33351253404276127,0.42673809116947836,0.42673809116947836,0.42673809116947836,0.42673809116947836,0.4401970568351309,0.4401970568351309,0.4401970568351309,0.4401970568351309,1.0
9050,34.42120160900049,-0.06519064715169415,2.9649703911071374,0.005948792211711407,0.04472137242555618,0.2683290398860007,-2.834457484394528,-0.005821016659028828,-0.002277879938483239,0.005948792211711407,-0.04472137242555618,4.92516565322876,5.462677001953125,-0.005821016659028828,-0.002277879938483239,-0.33351968703769486,-0.13051290671260918,0.005948792211711407,-0.04472137242555618,4.92516565322876,5.462677001953125,0.09402196846938392,0.07775827948975444,165.76889115462427,5.609715415106901,0.000612557523252154,0.006237036397191394,-0.5,0.2140720956975988,-0.4993874424767478,0.2203091320947902,0.4053654740073639,0.29806741158454464,0.4053654740073639,0.4053654740073639,0.4053654740073639,0.4053654740073639,0.3994087800863856,0.3994087800863856,0.3994087800863856,0.3994087800863856,1.0
9100,34.477385868000056,-0.07218720212080695,3.011384514725136,0.003944670781493187,0.0323018804192543,0.2683290398860007,-2.834457484394528,-0.005943129579536617,-0.003087959215044976,0.003944670781493187,-0.0323018804192543,4.188793182373047,4.620274543762207,-0.005943129579536617,-0.003087959215044976,-0.34051624200680763,-0.17692703033060772,0.003944670781493187,-0.0323018804192543,4.188793182373047,4.620274543762207,0.08051802696124334,0.11479669470904322,165.76877280357587,5.609705396441209,0.0006254080131307771,0.008455113957466821,-0.5,0.170698940412253,-0.49937459198686923,0.17915405436971982,0.4188565650256259,0.29395074907876306,0.4188565650256259,0.4188565650256259,0.4188565650256259,0.4188565650256259,0.39866489033516955,0.39866489033516955,0.39866489033516955,0.39866489033516955,1.0
9150,34.531508801999735,0.03970218876809823,3.019101988157016,0.053581275045871735,0.037423860281705856,0.2683290398860007,-2.834457484394528,-0.0039902913104742765,-0.0032226545363664705,0.053581275045871735,-0.037423860281705856,5.135756969451904,4.537319183349609,-0.0039902913104742765,-0.0032226545363664705,-0.22862685111790246,-0.18464450376248784,0.053581275045871735,-0.037423860281705856,5.135756969451904,4.537319183349609,-0.038758844665321784,0.1412780552994163,165.77037094732822,5.60970343728694,0.0004199040482255406,0.008823923863295991,-0.5,0.1902718788155979,-0.49958009595177444,0.1990958026788939,0.5383389406170962,0.3403738579783102,0.5383389406170962,0.5383389406170962,0.5383389406170962,0.5383389406170962,0.47495859313258426,0.47495859313258426,0.47495859313258426,0.47495859313258426,1.0
9200,34.62052869800027,0.2336636529921923,3.116198463294036,0.03280669450759888,0.0630643218755722,0.2683290398860007,-2.834457484394528,-0.0006050251377746462,-0.0049173077195882806,0.03280669450759888,-0.0630643218755722,4.071579933166504,4.1515326499938965,-0.0006050251377746462,-0.0049173077195882806,-0.03466538689380838,-0.2817409788995078,0.03280669450759888,-0.0630643218755722,4.071579933166504,4.1515326499938965,-0.04151379675757385,0.22436249618214169,165.77165257016398,5.6096716431370295,6.366733138093615e-05,0.013464085152853696,-0.5,0.2554255138224889,-0.4999363326686191,0.2688895989753426,0.541450129426193,0.49325209515748425,0.541450129426193,0.541450129426193,0.541450129426193,0.541450129426193,0.6286146275140325,0.6286146275140325,0.6286146275140325,0.6286146275140325,1.0
9250,34.77573571100038,0.537028799494983,3.2369634648958545,0.05190236121416092,-0.004669912159442902,0.2683290398860007,-2.834457484394528,0.0046896955044940115,-0.007025054618716241,0.05190236121416092,0.004669912159442902,4.882540702819824,3.373412847518921,0.0046896955044940115,-0.007025054618716241,0.26869975960898224,-0.40250598050132635,0.05190236121416092,0.004669912159442902,4.882540702819824,3.373412847518921,-0.17150614710340079,0.14871347518884465,165.7698707993624,5.609613626668812,-0.0004935043391504239,0.01923542727178764,-0.5,-0.027938282788365965,-0.5004935043391504,-0.008702855516578324,0.6719996514425512,0.14001061967226633,0.6719996514425512,0.6719996514425512,0.6719996514425512,0.6719996514425512,0.3080105325329041,0.3080105325329041,0.3080105325329041,0.3080105325329041,1.0
9300,34.92978034099997,0.4013767869473133,3.513039497704358,-0.04194749891757965,0.022631490603089333,0.2683290398860007,-2.834457484394528,0.0023221212485805155,-0.01184349037706852,-0.04194749891757965,-0.022631490603089333,3.617530584335327,3.010652542114258,0.0023221212485805155,-0.01184349037706852,0.13304774706131264,-0.6785820133098301,-0.04194749891757965,-0.022631490603089333,3.617530584335327,3.010652542114258,0.044130045185258746,0.2947285493507683,165.7712384833326,5.60940407898341,-0.00024435928239163306,0.032429592132160484,-0.5,0.12721749397054433,-0.5002443592823916,0.1596470861027048,0.4561143140971329,0.45437563545347315,0.4561143140971329,0.4561143140971329,0.4561143140971329,0.4561143140971329,0.5684042139777563,0.5684042139777563,0.5684042139777563,0.5684042139777563,1.0
9350,35.0820478429996,0.48511514629550767,3.5965590508752743,-0.0036061282735317945,-0.02704889327287674,0.2683290398860007,-2.834457484394528,0.0037836313294246793,-0.013301181569695474,-0.0036061282735317945,0.02704889327287674,6.253990650177002,4.303826332092285,0.0037836313294246793,-0.013301181569695474,0.216786106409507,-0.7621015664807461,-0.0036061282735317945,0.02704889327287674,6.253990650177002,4.303826332092285,-0.058273907056424025,0.17173743419791063,165.77050330468535,5.609319600663155,-0.0003981567122500003,0.036421337007094746,-0.5,-0.14811834528397033,-0.50039815671225,-0.11169700827687559,0.558672063768674,0.060040425921035034,0.558672063768674,0.558672063768674,0.558672063768674,0.558672063768674,0.19970844186320352,0.19970844186320352,0.19970844186320352,0.19970844186320352,1.0
9400,35.2484825370002,0.4205782629732175,3.3229367635260973,-0.06218418851494789,0.046694982796907425,0.2683290398860007,-2.834457484394528,0.0026572502264752993,-0.008525571748614312,-0.06218418851494789,-0.046694982796907425,10.737298965454102,4.050709247589111,0.0026572502264752993,-0.008525571748614312,0.1522492230872168,-0.48847927913156935,-0.06218418851494789,-0.046694982796907425,10.737298965454102,4.050709247589111,0.03080274429578129,0.2046465548729789,165.77110100361242,5.609559845569706,-0.00027962541438727475,0.02334415299419209,-0.5,0.21972206045939233,-0.5002796254143873,0.24306621345358442,0.469476881118606,0.4477127683265633,0.469476881118606,0.469476881118606,0.469476881118606,0.469476881118606,0.5650819886062148,0.5650819886062148,0.5650819886062148,0.5650819886062148,1.0
9450,35.44790197600014,0.031248322226113286,3.232629923310893,-0.012840698473155499,-0.034739166498184204,0.2683290398860007,-2.834457484394528,-0.004137839116156101,-0.0069494200497865685,-0.012840698473155499,0.034739166498184204,8.892004013061523,4.370820045471191,-0.004137839116156101,-0.0069494200497865685,-0.23708071765988742,-0.39817243891636483,-0.012840698473155499,0.034739166498184204,8.892004013061523,4.370820045471191,0.07778901443028662,0.09016645818171645,165.77027214326515,5.609616062782425,0.0004354308868440714,0.019028325998928532,-0.5,-0.18031383231953893,-0.49956456911315594,-0.1612855063206104,0.4217755546828693,-0.07111904813889394,0.4217755546828693,0.4217755546828693,0.4217755546828693,0.4217755546828693,0.034324840531823386,0.034324840531823386,0.034324840531823386,0.034324840531823386,1.0
9500,35.608931624000434,-0.006207786097487023,3.1574621973910215,-0.019276127219200134,-0.036859940737485886,0.2683290398860007,-2.834457484394528,-0.00479157153138658,-0.005637495741248132,-0.019276127219200134,0.036859940737485886,8.200016021728516,4.763658046722412,-0.00479157153138658,-0.005637495741248132,-0.2745368259834877,-0.3230047129964935,-0.019276127219200134,0.036859940737485886,8.200016021728516,4.763658046722412,0.08286079268706552,0.05699810735690036,165.76979122203812,5.609654122928739,0.000504225081200848,0.015436061344628446,-0.5,-0.1882349304130876,-0.49949577491879915,-0.17279886906845915,0.4166349822317336,-0.11580076171155879,0.4166349822317336,0.4166349822317336,0.4166349822317336,0.4166349822317336,-0.011642016153625381,-0.011642016153625381,-0.011642016153625381,-0.011642016153625381,1.0
9550,35.66282795300049,-0.0684966854936051,3.1238100687937806,-0.049224041402339935,0.0033968514762818813,0.2683290398860007,-2.834457484394528,-0.005878717913292348,-0.005050155296921738,-0.049224041402339935,-0.0033968514762818813,7.007002353668213,4.988189697265625,-0.005878717913292348,-0.005050155296921738,-0.3368257253796058,-0.28935258439925265,-0.049224041402339935,-0.0033968514762818813,7.007002353668213,4.988189697265625,0.18144504643965065,0.10796322281575645,165.76883553713662,5.609668591156776,0.0006186296825492577,0.013827839707778592,-0.5,0.020349810710085594,-0.4993813703174507,0.034177650417864185,0.3179363238778001,0.14214087323362062,0.3179363238778001,0.3179363238778001,0.3179363238778001,0.3179363238778001,0.22162495420307066,0.22162495420307066,0.22162495420307066,0.22162495420307066,1.0
9600,35.71774709300007,-0.17569950606493032,3.1383549566313227,-0.028088439255952835,0.021991945803165436,0.2683290398860007,-2.834457484394528,-0.007749760099686682,-0.0053040114790201195,-0.028088439255952835,-0.021991945803165436,5.642002582550049,3.5857136249542236,-0.007749760099686682,-0.0053040114790201195,-0.444028545950931,-0.3038974722367944,-0.028088439255952835,-0.021991945803165436,5.642002582550049,3.5857136249542236,0.1834126787494649,0.17282494639547624,165.76673475945714,5.609662532920535,0.000815530202918505,0.01452293311902818,-0.5,0.1240532733280772,-0.4991844697970815,0.1385762064471054,0.31577179104761655,0.31140115284258163,0.31577179104761655,0.31577179104761655,0.31577179104761655,0.31577179104761655,0.39034410060448577,0.39034410060448577,0.39034410060448577,0.39034410060448577,1.0
9650,35.77391761200033,-0.18216429345456062,3.0886055662642424,0.028156360611319542,0.018475325778126717,0.2683290398860007,-2.834457484394528,-0.00786259192507714,-0.0044357208162546236,0.028156360611319542,-0.018475325778126717,6.794018745422363,3.7996299266815186,-0.00786259192507714,-0.0044357208162546236,-0.4504933333405613,-0.25414808186971444,0.028156360611319542,-0.018475325778126717,6.794018745422363,3.7996299266815186,0.06686277077718468,0.11675824654617438,165.76658963248994,5.60968202488749,0.0008274043114687924,0.012145438214718118,-0.5,0.10606799737732532,-0.49917259568853123,0.11821343559204343,0.43230982491134656,0.2349716821382178,0.43230982491134656,0.43230982491134656,0.43230982491134656,0.43230982491134656,0.34304913836605444,0.34304913836605444,0.34304913836605444,0.34304913836605444,1.0
9700,35.89706030599973,-0.07161211219888378,3.1982040623467363,0.0006397697725333273,0.02941095642745495,0.2683290398860007,-2.834457484394528,-0.00593309236690402,-0.006348575428128243,0.0006397697725333273,-0.02941095642745495,5.38782262802124,3.842386484146118,-0.00593309236690402,-0.006348575428128243,-0.33994115208488446,-0.36374657795220805,0.0006397697725333273,-0.02941095642745495,5.38782262802124,3.842386484146118,0.1248828604436929,0.19318191080346975,165.7687826242536,5.6096344785743,0.0006243517515712785,0.017383109136832886,-0.5,0.15858407320701445,-0.4993756482484287,0.17596718234384734,0.3744927878047358,0.3691490931473171,0.3744927878047358,0.3744927878047358,0.3744927878047358,0.3744927878047358,0.46277229009850107,0.46277229009850107,0.46277229009850107,0.46277229009850107,1.0
9750,36.05103540399978,0.20795878299959145,3.2532844153610116,0.04117428883910179,0.05588430166244507,0.2683290398860007,-2.834457484394528,-0.0010536597529426216,-0.007309908941388131,0.04117428883910179,-0.05588430166244507,5.223631858825684,3.1363282203674316,-0.0010536597529426216,-0.007309908941388131,-0.06037025688640924,-0.4188269309664834,0.04117428883910179,-0.05588430166244507,5.223631858825684,3.1363282203674316,-0.07911554344379745,0.23235136514569651,165.77159126328667,5.609604215123591,0.00011087757673920976,0.020015411929313023,-0.5,0.2420287615309103,-0.4998891224232608,0.2620441734602233,0.5790046658670582,0.4943955386059198,0.5790046658670582,0.5790046658670582,0.5790046658670582,0.5790046658670582,0.6391467050726843,0.6391467050726843,0.6391467050726843,0.6391467050726843,1.0
9800,36.199714153999594,0.3000188340571604,3.3947961165667437,0.0033132387325167656,0.033057328313589096,0.2683290398860007,-2.834457484394528,0.0005530912475660444,-0.00977975405752659,0.0033132387325167656,-0.033057328313589096,5.114126205444336,2.186375617980957,0.0005530912475660444,-0.00977975405752659,0.03168979417115971,-0.5603386321722157,0.0033132387325167656,-0.033057328313589096,5.114126205444336,2.186375617980957,-0.0003416137200161762,0.23190743146575052,165.77165752530044,5.609506930754085,-5.820228093762658e-05,0.0267784216346572,-0.5,0.1737377826144699,-0.5000582022809377,0.20051620424912708,0.5003998160009538,0.43242363571487763,0.5003998160009538,0.5003998160009538,0.5003998160009538,0.5003998160009538,0.5575235897151161,0.5575235897151161,0.5575235897151161,0.5575235897151161,1.0
9850,36.39198425199993,-0.07435768816267023,3.402795975632121,-0.04234379157423973,0.037016499787569046,0.2683290398860007,-2.834457484394528,-0.0059810117073357105,-0.009919377937912942,-0.04234379157423973,-0.037016499787569046,4.258328437805176,1.1754298210144043,-0.0059810117073357105,-0.009919377937912942,-0.34268672804867095,-0.5683384912375931,-0.04234379157423973,-0.037016499787569046,4.258328437805176,1.1754298210144043,0.17271532611240153,0.21492389779932633,165.768735589136,5.609500591399897,0.0006293945229478913,0.027160750836038482,-0.5,0.1888033486967391,-0.4993706054770521,0.21596409953277756,0.32665527936465055,0.4308879973321039,0.32665527936465055,0.32665527936465055,0.32665527936465055,0.32665527936465055,0.5125518171732666,0.5125518171732666,0.5125518171732666,0.5125518171732666,1.0
9900,36.590747768000256,-0.3710215586459255,3.2023248008503695,-0.007207858841866255,-0.014223293401300907,0.2683290398860007,-2.834457484394528,-0.011158773018978536,-0.006420495882630349,-0.007207858841866255,0.014223293401300907,1.9951149225234985,0.18729712069034576,-0.011158773018978536,-0.006420495882630349,-0.6393505985319262,-0.36786731645584136,-0.007207858841866255,0.014223293401300907,1.9951149225234985,0.18729712069034576,0.19526452896699573,0.11529962470314131,165.76142429646234,5.6096323619000295,0.0011742957307348148,0.017580039322845856,-0.5,-0.08310998537781406,-0.4988257042692652,-0.0655299460549682,0.30356117530226945,0.04976967864817311,0.30356117530226945,0.30356117530226945,0.30356117530226945,0.30356117530226945,0.12565997247374047,0.12565997247374047,0.12565997247374047,0.12565997247374047,1.0
9950,36.79643902400039,-0.030117579072932388,3.2076455182138095,-0.009988258592784405,0.05146562308073044,0.2683290398860007,-2.834457484394528,-0.005208876142278314,-0.006513359919190408,-0.009988258592784405,-0.05146562308073044,2.4352381229400635,-0.06320276856422424,-0.005208876142278314,-0.006513359919190408,-0.2984466189589331,-0.3731880338192813,-0.009988258592784405,-0.05146562308073044,2.4352381229400635,-0.06320276856422424,0.07824846043894909,0.20262038076993694,165.76944740816754,5.6096295935704665,0.0005481394985290715,0.01783431672293524,-0.5,0.23208973347279094,-0.49945186050147095,0.24992405019572617,0.4212034000625219,0.4525444309656631,0.4212034000625219,0.4212034000625219,0.4212034000625219,0.4212034000625219,0.5578452809812936,0.5578452809812936,0.5578452809812936,0.5578452809812936,1.0
10000,36.9958693589997,-0.18214014766862757,3.4577986352445875,-0.019496535882353783,0.05341655761003494,0.2683290398860007,-2.834457484394528,-0.007862170501612127,-0.01087935544550419,-0.019496535882353783,-0.05341655761003494,2.051054000854492,-1.0982906818389893,-0.007862170501612127,-0.01087935544550419,-0.4504691875546283,-0.6233411508500596,-0.019496535882353783,-0.05341655761003494,2.051054000854492,-1.0982906818389893,0.16406828665101553,0.30061378691954743,165.76659017843747,5.609454572593882,0.0008273599619928031,0.0297894590957485,-0.5,0.23664949561302964,-0.4991726400380072,0.26643895470877815,0.3351043533869917,0.5670527416283255,0.3351043533869917,0.3351043533869917,0.3351043533869917,0.3351043533869917,0.6508288299750734,0.6508288299750734,0.6508288299750734,0.6508288299750734,1.0
10050,37.074848700000075,-0.18336916817261997,3.5879107507255688,-0.027897145599126816,0.0590781532227993,0.2683290398860007,-2.834457484394528,-0.007883620955981314,-0.013150240257382394,-0.027897145599126816,-0.0590781532227993,1.2948331832885742,-1.5593496561050415,-0.007883620955981314,-0.013150240257382394,-0.45169820805862065,-0.7534532663310406,-0.027897145599126816,-0.0590781532227993,1.2948331832885742,-1.5593496561050415,0.18004816771396392,0.33943811531471024,165.7665623525461,5.609328802822029,0.0008296173506908538,0.03600799392301018,-0.5,0.24838315363317467,-0.49917038264930913,0.28439114755618483,0.3191222149353452,0.623829262870895,0.3191222149353452,0.3191222149353452,0.3191222149353452,0.3191222149353452,0.7036098166047313,0.7036098166047313,0.7036098166047313,0.7036098166047313,1.0
10100,37.131264214999646,-0.22862054546591637,3.6854782954719085,-0.011135593056678772,0.03013250045478344,0.2683290398860007,-2.834457484394528,-0.008673406480811536,-0.014853115156292916,-0.011135593056678772,-0.03013250045478344,0.5209665298461914,-1.9489009380340576,-0.008673406480811536,-0.014853115156292916,-0.4969495853519171,-0.8510208110773803,-0.011135593056678772,-0.03013250045478344,0.5209665298461914,-1.9489009380340576,0.1614384481131319,0.3146835878926942,165.76548504637515,5.6092188962103755,0.0009127328201044841,0.040671280406659065,-0.4999999991089862,0.16167977108070056,-0.49908726628888167,0.20235105148735963,0.33764881817574977,0.5170346393800538,0.33764881817574977,0.33764881817574977,0.33764881817574977,0.33764881817574977,0.6014468439239913,0.6014468439239913,0.6014468439239913,0.6014468439239913,1.0
10150,37.29886226100007,0.34162890676983343,3.6416088442065626,0.27607670426368713,-0.1088205873966217,0.2683290398860007,-2.834457484394528,0.0012793240183964372,-0.014087448790669442,0.27607670426368713,0.1088205873966217,-3.9651920795440674,-1.8062639236450195,0.0012793240183964372,-0.014087448790669442,0.07329986688383275,-0.8071513598120346,0.27607670426368713,0.1088205873966217,-3.9651920795440674,-1.8062639236450195,-0.5000457019825645,-0.07358453999435405,165.77154788953462,5.6092699674781,-0.00013462445661011955,0.03857449924334314,0.5,-0.2923758727439612,0.4998653755433899,-0.25380137350061804,0.000180326439174594,-0.3273859134949721,0.000180326439174594,0.000180326439174594,0.000180326439174594,0.000180326439174594,-0.32734083188517843,-0.32734083188517843,-0.32734083188517843,-0.32734083188517843,1.0
10200,37.45356704999995,1.6238983926248647,3.7038267449035014,-0.17949259281158447,0.2749181389808655,0.2683290398860007,-2.834457484394528,0.023659148444421588,-0.015173356011509896,-0.17949259281158447,-0.2749181389808655,4.7514872550964355,-1.8165051937103271,0.023659148444421588,-0.015173356011509896,1.355569352738864,-0.8693692605089732,-0.17949259281158447,-0.2749181389808655,4.7514872550964355,-1.8165051937103271,-0.008004769629885389,0.7507024738651309,165.72556896727212,5.609196734158812,-0.0024901332896722834,0.04154827184659865,-0.5,0.29998994628097164,-0.5024901332896723,0.3415382181275703,0.5104949029195577,1.0922406919927012,0.5104949029195577,0.5104949029195577,0.5104949029195577,0.5104949029195577,1.2198644177225906,1.2198644177225906,1.2198644177225906,1.2198644177225906,1.0
10250,37.63050021100025,-0.4967275351015872,4.330619544657232,-0.0754578486084938,-0.10662039369344711,0.2683290398860007,-2.834457484394528,-0.013352756197564304,-0.02611295409500599,-0.0754578486084938,0.10662039369344711,-17.280250549316406,-5.459561347961426,-0.013352756197564304,-0.02611295409500599,-0.7650565749875878,-1.4961620602627033,-0.0754578486084938,0.10662039369344711,-17.280250549316406,-5.459561347961426,0.3996529379705228,0.20764529120273045,165.75699387214416,5.608155808602111,0.0014052049565745916,0.07151139180916315,0.5,-0.29168420017069635,0.5014052049565746,-0.2201728083615332,-0.9010581429270974,-0.012527517158802737,-0.9010581429270974,-0.9010581429270974,-0.9010581429270974,-0.9010581429270974,-0.2377920528905771,-0.2377920528905771,-0.2377920528905771,-0.2377920528905771,1.0
10300,37.80057544700048,1.2385716697730087,2.645742290339551,0.22908583283424377,-0.01616479828953743,0.2683290398860007,-2.834457484394528,0.016933928434737025,0.0032937014847993842,0.22908583283424377,0.01616479828953743,-2.4486517906188965,-5.142434120178223,0.016933928434737025,0.0032937014847993842,0.9702426298870078,0.1887151940549774,0.22908583283424377,0.01616479828953743,-2.4486517906188965,-5.142434120178223,-0.6938558610833694,-0.06260332992232018,165.74805849897615,5.609702370212516,-0.0017821408889311216,-0.009018457947687767,0.5,-0.0937452310856443,0.49821785911106886,-0.10276368903333206,0.19563800197230052,-0.16536701895565226,0.19563800197230052,0.19563800197230052,0.19563800197230052,0.19563800197230052,-0.11645751846257713,-0.11645751846257713,-0.11645751846257713,-0.11645751846257713,1.0
10350,37.95119695700032,2.392632768615215,3.521073294272174,-0.2807285487651825,0.3763820230960846,0.2683290398860007,-2.834457484394528,0.03707609437871724,-0.011983706578612328,-0.2807285487651825,-0.3763820230960846,6.97709321975708,-3.354412317276001,0.03707609437871724,-0.011983706578612328,2.124303728729214,-0.6866158098776461,-0.2807285487651825,-0.3763820230960846,6.97709321975708,-3.354412317276001,-0.1198900857465971,0.885061720602055,165.6584450933292,5.609396378710378,-0.0039033223224330237,0.0328135559103372,-0.5,0.29999982632964345,-0.5039033223224331,0.33281338223998064,0.6237934080690302,1.2178751028420356,0.6237934080690302,0.6237934080690302,0.6237934080690302,0.6237934080690302,1.3738234548592931,1.3738234548592931,1.3738234548592931,1.3738234548592931,1.0
10400,38.01069057299992,0.7667564492562496,4.772756899539197,-0.3498598039150238,0.1453046351671219,0.2683290398860007,-2.834457484394528,0.00869919937569648,-0.03382970668375492,-0.3498598039150238,-0.1453046351671219,0.8330848813056946,-5.781630039215088,0.00869919937569648,-0.03382970668375492,0.49842740937024893,-1.9382994151446693,-0.3498598039150238,-0.1453046351671219,0.8330848813056946,-5.781630039215088,0.5607964705720117,0.8680175943413264,165.76544813058445,5.607089826925401,-0.0009154472319102823,0.09265450314888087,-0.4999999999999966,0.2982108192639683,-0.5009154472319068,0.39086532241284916,-0.05988102334010481,1.2588829167541755,-0.05988102334010481,-0.05988102334010481,-0.05988102334010481,-0.05988102334010481,1.2439126609191493,1.2439126609191493,1.2439126609191493,1.2439126609191493,1.0
10450,38.071081189000324,-0.30540945413788717,5.017332313339014,-0.18997186422348022,0.059003233909606934,0.2683290398860007,-2.834457484394528,-0.010013625766150653,-0.0380983529239893,-0.18997186422348022,-0.059003233909606934,-14.205759048461914,-7.416060447692871,-0.010013625766150653,-0.0380983529239893,-0.5737384940238879,-2.182874828944486,-0.18997186422348022,-0.059003233909606934,-14.205759048461914,-7.416060447692871,0.5304974820134718,0.6412750695248046,165.76342174613976,5.60638230516602,0.0010537774885974634,0.1043535140120027,0.5,0.2482416013476222,0.5010537774885975,0.3525951153596249,-1.0315512595020693,0.9938701848844296,-1.0315512595020693,-1.0315512595020693,-1.0315512595020693,-1.0315512595020693,0.7359823700089123,0.7359823700089123,0.7359823700089123,0.7359823700089123,1.0
10500,38.22681594000005,0.5805339562176436,3.4651921015777147,0.23333922028541565,-0.1259608268737793,0.2683290398860007,-2.834457484394528,0.005449003730900586,-0.011008395776152612,0.23333922028541565,0.1259608268737793,-7.97923469543457,-9.757862091064453,0.005449003730900586,-0.011008395776152612,0.31220491633164293,-0.6307346171831868,0.23333922028541565,0.1259608268737793,-7.97923469543457,-9.757862091064453,-0.5337786710704673,-0.09618320641455619,165.7692365631196,5.609448062860715,-0.0005734090456244443,0.030142813470969337,0.5,-0.29613472198776214,0.4994265909543756,-0.2659919085167928,0.0343520801160917,-0.36217511493134896,0.0343520801160917,0.0343520801160917,0.0343520801160917,0.0343520801160917,-0.35358709490232604,-0.35358709490232604,-0.35358709490232604,-0.35358709490232604,1.0
10550,38.38386662500034,3.0154484772812933,3.5113052699854097,-0.00488319993019104,0.42477846145629883,0.2683290398860007,-2.834457484394528,0.047946279128082095,-0.011813222393393517,-0.00488319993019104,-0.42477846145629883,15.29430866241455,-3.536442279815674,0.047946279128082095,-0.011813222393393517,2.7471194373952925,-0.6768477855908817,-0.00488319993019104,-0.42477846145629883,15.29430866241455,-3.536442279815674,-0.7516204229801485,0.7668110714200626,165.58232667144964,5.609405729321817,-0.005049263564583459,0.03234670733000134,-0.5,0.29999997493927916,-0.5050492635645835,0.3323466822692805,1.256669686544732,1.099157753689343,1.256669686544732,1.256669686544732,1.256669686544732,1.256669686544732,1.413325175325526,1.413325175325526,1.413325175325526,1.413325175325526,1.0
10600,38.538589325999965,-0.5490514798989392,5.723929043355173,-0.3822411894798279,-0.12521523237228394,0.2683290398860007,-2.834457484394528,-0.014265981311909854,-0.05043079234659672,-0.3822411894798279,0.12521523237228394,-23.29138946533203,-7.41064977645874,-0.014265981311909854,-0.05043079234659672,-0.8173805197849399,-2.8894715589606452,-0.3822411894798279,0.12521523237228394,-23.29138946533203,-7.41064977645874,0.9890342007911294,0.5660868659149417,165.75491599229323,5.6038667379641,0.0015013226021076283,0.138169613701604,0.5,-0.2960184850527566,0.5015013226021077,-0.15784887135115258,-1.4905355233932371,0.4082379945637892,-1.4905355233932371,-1.4905355233932371,-1.4905355233932371,-1.4905355233932371,0.03560411371547989,0.03560411371547989,0.03560411371547989,0.03560411371547989,1.0
10650,38.69674834200032,0.09773981358979074,2.3939985930058056,0.15321558713912964,-0.6772541999816895,0.2683290398860007,-2.834457484394528,-0.0029773436672985553,0.007687457874417304,0.15321558713912964,0.6772541999816895,-9.84814167022705,-8.251363754272461,-0.0029773436672985553,0.007687457874417304,-0.17058922629620996,0.44045889138872235,0.15321558713912964,0.6772541999816895,-9.84814167022705,-8.251363754272461,-0.3463442518937523,-1.1642060016091909,165.7709524129906,5.60959116455498,0.0003133093919580268,-0.02104921552946625,0.5,-0.29999999999896954,0.5003133093919581,-0.3210492155284358,-0.15396905749820577,-1.4852552171376265,-0.15396905749820577,-0.15396905749820577,-0.15396905749820577,-0.15396905749820577,-1.5237474815121779,-1.5237474815121779,-1.5237474815121779,-1.5237474815121779,1.0
10700,38.818333391000124,2.312626707442036,0.4950277251327531,0.264631062746048,0.11792629957199097,0.2683290398860007,-2.834457484394528,0.03567972518969327,0.04083075191825628,0.264631062746048,-0.11792629957199097,12.660563468933105,-1.110518217086792,0.03567972518969327,0.04083075191825628,2.044297667556035,2.339429759261775,0.264631062746048,-0.11792629957199097,12.660563468933105,-1.110518217086792,-1.0688413763388485,-0.3491240548666429,165.66681315262832,5.605885354053844,-0.0037561882851358626,-0.11184360085728644,-0.5,0.2946826454671606,-0.5037561882851359,0.18283904460987416,1.5725975646239845,-0.16628501025676873,1.5725975646239845,1.5725975646239845,1.5725975646239845,1.5725975646239845,0.2268643808992274,0.2268643808992274,0.2268643808992274,0.2268643808992274,1.0
10750,38.8728258580004,2.636543946518248,0.9614747371269995,-0.07774940133094788,0.3626227080821991,0.2683290398860007,-2.834457484394528,0.04133314751554281,0.0326897157728672,-0.07774940133094788,-0.3626227080821991,14.689291000366211,3.624429225921631,0.04133314751554281,0.0326897157728672,2.368214906632247,1.8729827472675287,-0.07774940133094788,-0.3626227080821991,14.689291000366211,3.624429225921631,-0.47287876065968953,0.269130266171927,165.630952397849,5.607264576049594,-0.0043519794167776096,-0.08953058003672307,-0.5,0.2999996988732152,-0.5043519794167776,0.21046911883649214,0.977230740076467,0.47959938500841914,0.977230740076467,0.977230740076467,0.977230740076467,0.977230740076467,0.7239070700275358,0.7239070700275358,0.7239070700275358,0.7239070700275358,1.0
10800,38.928597611999976,2.431318960074167,1.738302673840403,-0.25381776690483093,0.3004198968410492,0.2683290398860007,-2.834457484394528,0.03775129579473287,0.01913151055574417,-0.25381776690483093,-0.3004198968410492,12.291507720947266,2.338413715362549,0.03775129579473287,0.01913151055574417,2.162989920188166,1.096154810554125,-0.25381776690483093,-0.3004198968410492,12.291507720947266,2.338413715362549,-0.10246676895667917,0.3746567473127125,165.65428363844057,5.608883786182072,-0.003974473008765768,-0.05238838141007101,-0.5,0.29999637489585085,-0.5039744730087657,0.24760799348577983,0.6064412419654449,0.6222647407984923,0.6064412419654449,0.6064412419654449,0.6064412419654449,0.6064412419654449,0.7738750512898535,0.7738750512898535,0.7738750512898535,0.7738750512898535,1.0
10850,38.983611474999634,1.7436480439178785,2.512481244207782,-0.29001331329345703,0.21984849870204926,0.2683290398860007,-2.834457484394528,0.025749174137599765,0.005619545504450797,-0.29001331329345703,-0.21984849870204926,10.18906307220459,1.6973159313201904,0.025749174137599765,0.005619545504450797,1.4753190040318778,0.32197624018674587,-0.29001331329345703,-0.21984849870204926,10.18906307220459,1.6973159313201904,0.1900460149711118,0.4013243917317957,165.71706228794878,5.609654588662148,-0.0027102016629964726,-0.01538691093290318,-0.5,0.2999090242171734,-0.5027102016629965,0.28452211328427024,0.3126641866918847,0.6858465050160659,0.3126641866918847,0.3126641866918847,0.3126641866918847,0.3126641866918847,0.7640125516890371,0.7640125516890371,0.7640125516890371,0.7640125516890371,1.0
10900,39.040993804999744,1.233116909947107,2.937747391509582,-0.23440736532211304,0.11139474809169769,0.2683290398860007,-2.834457484394528,0.016838724915869532,-0.0018027489632368096,-0.23440736532211304,-0.11139474809169769,9.646697998046875,1.2875348329544067,0.016838724915869532,-0.0018027489632368096,0.9647878700611064,-0.103289907115054,-0.23440736532211304,-0.11139474809169769,9.646697998046875,1.2875348329544067,0.2161394841069343,0.3013907192183276,165.74832337955965,5.609719883849974,-0.001772119708084206,0.004936083498151591,-0.5,0.2931132761446295,-0.5017721197080842,0.2980493596427811,0.28563263560114993,0.5994400788611087,0.28563263560114993,0.28563263560114993,0.28563263560114993,0.28563263560114993,0.6708482377613962,0.6708482377613962,0.6708482377613962,0.6708482377613962,1.0
10950,39.12761983499968,0.9662403948986701,3.0302697743368094,-0.16267871856689453,0.07457597553730011,0.2683290398860007,-2.834457484394528,0.012180851032026112,-0.003417569175362588,-0.16267871856689453,-0.07457597553730011,9.497453689575195,0.7614259719848633,0.012180851032026112,-0.003417569175362588,0.6979113550126694,-0.19581228994228142,-0.16267871856689453,-0.07457597553730011,9.497453689575195,0.7614259719848633,0.18316262648540424,0.21506336192562647,165.75945903378226,5.6097004541608095,-0.0012818644180055592,0.00935762098979986,-0.5,0.27108118673145104,-0.5012818644180056,0.2804388077212509,0.31811923793260133,0.4955021696468774,0.31811923793260133,0.31811923793260133,0.31811923793260133,0.31811923793260133,0.5750319791300277,0.5750319791300277,0.5750319791300277,0.5750319791300277,1.0
11000,39.296515154999724,0.13052060615007274,2.8453545688331734,-0.2461041361093521,-0.018359893932938576,0.2683290398860007,-2.834457484394528,-0.0024052109057083725,-0.0001901900023221978,-0.2461041361093521,0.018359893932938576,-8.8909273147583,2.0050840377807617,-0.0024052109057083725,-0.0001901900023221978,-0.13780843373592794,-0.01089708443864526,-0.2461041361093521,0.018359893932938576,-8.8909273147583,2.0050840377807617,0.5355953495787223,0.03648122120422198,165.77120612282977,5.609727291061182,0.0002531029279953782,0.0005207563639498177,0.5,-0.10546148944318925,0.5002531029279954,-0.10494073307923944,-1.0358484525067178,-0.06845951187501746,-1.0358484525067178,-1.0358484525067178,-1.0358484525067178,-1.0358484525067178,-0.3274216250016969,-0.3274216250016969,-0.3274216250016969,-0.3274216250016969,1.0
11050,39.45197645200005,1.223069381512901,2.1868989330779685,0.0504884272813797,0.08018207550048828,0.2683290398860007,-2.834457484394528,0.016663362463004885,0.011302028819918625,0.0504884272813797,-0.08018207550048828,-0.8003161549568176,-2.1683173179626465,0.016663362463004885,0.011302028819918625,0.9547403416269004,0.6475585513165595,0.0504884272813797,-0.08018207550048828,-0.8003161549568176,-2.1683173179626465,-0.3767582591198547,0.022930249043054518,165.74880737441882,5.609432963832402,-0.0017536610318428063,-0.03094687895702805,0.4999999999999875,0.27666445928524236,0.4982463389681447,0.2457175803282143,-0.12148807984828996,0.26864782937126885,-0.12148807984828996,-0.12148807984828996,-0.12148807984828996,-0.12148807984828996,0.23827580940919635,0.23827580940919635,0.23827580940919635,0.23827580940919635,1.0
11100,39.60276437199991,0.5034699456685947,2.922323970590047,-0.21928125619888306,0.12395256012678146,0.2683290398860007,-2.834457484394528,0.004103983012028039,-0.0015335594862699517,-0.21928125619888306,-0.12395256012678146,1.4803012609481812,-0.8573927283287048,0.004103983012028039,-0.0015335594862699517,0.23514090578259397,-0.08786648619551896,-0.21928125619888306,-0.12395256012678146,1.4803012609481812,-0.8573927283287048,0.4382121440304434,0.28931115064587515,165.77029513181472,5.609721953845072,-0.00043186811948131126,0.004199018370161478,-0.5,0.2958136653283918,-0.5004318681194813,0.3000126836985533,0.062219724089037864,0.5893238343444285,0.062219724089037864,0.062219724089037864,0.062219724089037864,0.062219724089037864,0.6048787653666879,0.6048787653666879,0.6048787653666879,0.6048787653666879,1.0
11150,39.7210359769997,-0.2484861773473249,3.027966719926046,0.1598840057849884,-0.2349323183298111,0.2683290398860007,-2.834457484394528,-0.00902012716513127,-0.0033773732930421907,0.1598840057849884,0.2349323183298111,-5.4921770095825195,3.6651437282562256,-0.00902012716513127,-0.0033773732930421907,-0.5168152172333256,-0.19350923553151814,0.1598840057849884,0.2349323183298111,-5.4921770095825195,3.6651437282562256,-0.16493215604023792,-0.26139242548855113,165.76497963938823,5.609701083684039,0.0009492213707797428,0.009247560323644839,0.5,-0.2999502351328513,0.5009492213707798,-0.2907026748092065,-0.3360170653305419,-0.5520951002977577,-0.3360170653305419,-0.3360170653305419,-0.3360170653305419,-0.3360170653305419,-0.6360993666303931,-0.6360993666303931,-0.6360993666303931,-0.6360993666303931,1.0
11200,39.9114044830003,0.9079953164211516,2.651284561964193,-0.06895005702972412,-0.013118862174451351,0.2683290398860007,-2.834457484394528,0.01116428263951093,0.003196970596909522,-0.06895005702972412,0.013118862174451351,-3.6548893451690674,2.8580286502838135,0.01116428263951093,0.003196970596909522,0.639666276535151,0.18317292243033517,-0.06895005702972412,0.013118862174451351,-3.6548893451690674,2.8580286502838135,-0.07741882105250364,-0.058225633321965745,165.7614141639091,5.609703817315123,-0.0011748755844970126,-0.008753598527590204,0.5,-0.07695531036995683,0.498825124415503,-0.08570890889754704,-0.42140630336299933,-0.1439345422195128,-0.42140630336299933,-0.42140630336299933,-0.42140630336299933,-0.42140630336299933,-0.24928611806026263,-0.24928611806026263,-0.24928611806026263,-0.24928611806026263,1.0
11250,40.1131992239998,0.6658362954836387,2.5531511787338,0.03927505016326904,0.15794146060943604,0.2683290398860007,-2.834457484394528,0.006937810410745442,0.004909721240401267,0.03927505016326904,-0.15794146060943604,-4.125003814697266,-8.331477165222168,0.006937810410745442,0.004909721240401267,0.39750725559763794,0.28130630566072806,0.03927505016326904,-0.15794146060943604,-4.125003814697266,-8.331477165222168,-0.1443260080602905,0.16471085520239098,165.76771724857767,5.609671814969806,-0.0007300834568696998,-0.013443312361903824,0.5,0.298919451596543,0.4992699165431303,0.28547613923463916,-0.3549439084828398,0.45018699443703014,-0.3549439084828398,-0.3549439084828398,-0.3549439084828398,-0.3549439084828398,0.3614510173163202,0.3614510173163202,0.3614510173163202,0.3614510173163202,1.0
11300,40.274835852999786,0.8503413161111038,2.706505147299865,0.006223020609468222,0.03570699691772461,0.2683290398860007,-2.834457484394528,0.010158030507154763,0.002233189567923545,0.006223020609468222,-0.03570699691772461,-4.936697959899902,-8.332752227783203,0.010158030507154763,0.002233189567923545,0.5820122762251031,0.12795233709466303,0.006223020609468222,-0.03570699691772461,-4.936697959899902,-8.332752227783203,-0.17369660603623846,0.10700034649744511,165.7631817699083,5.60971587977018,-0.0010689748575401358,-0.00611466991562324,0.5,0.18397989548339005,0.49893102514245985,0.17786522556776682,-0.3252344191062214,0.2848655720652119,-0.3252344191062214,-0.3252344191062214,-0.3252344191062214,-0.3252344191062214,0.20355696728865655,0.20355696728865655,0.20355696728865655,0.20355696728865655,1.0
11350,40.424490907999825,1.2696003653987302,2.933806799245308,0.03567669540643692,0.08817119151353836,0.2683290398860007,-2.834457484394528,0.01747548133600503,-0.0017339726537466058,0.03567669540643692,-0.08817119151353836,-5.444425582885742,-2.452731132507324,0.01747548133600503,-0.0017339726537466058,1.0012713255127295,-0.09934931485077976,0.03567669540643692,-0.08817119151353836,-5.444425582885742,-2.452731132507324,-0.35276499303572056,0.28775581481409285,165.7465233544781,5.609720444490857,-0.001839145694326595,0.004747767697298287,0.5,0.2828652532988111,0.4981608543056734,0.2876130209961094,-0.14539586126995285,0.5753688358102023,-0.14539586126995285,-0.14539586126995285,-0.14539586126995285,-0.14539586126995285,0.539019870492714,0.539019870492714,0.539019870492714,0.539019870492714,1.0
11400,40.55543048199979,2.119743445941345,3.042782680896273,0.1360212117433548,0.08054623752832413,0.2683290398860007,-2.834457484394528,0.032313277204521,-0.003635960593819619,0.1360212117433548,-0.08054623752832413,-0.5843779444694519,-6.649660587310791,0.032313277204521,-0.003635960593819619,1.8514144060553444,-0.20832519650174477,0.1360212117433548,-0.08054623752832413,-0.5843779444694519,-6.649660587310791,-0.7600789435839914,0.2464791071095831,165.68566721084068,5.609696903686151,-0.0034015276511173047,0.009955600669379805,0.4999999999294795,0.276988970378781,0.49659847227836224,0.2869445710481608,0.2634804713056292,0.5334236781577439,0.2634804713056292,0.2634804713056292,0.2634804713056292,0.2634804713056292,0.5992937959841512,0.5992937959841512,0.5992937959841512,0.5992937959841512,1.0
11450,40.61885777600037,2.5363980053602284,3.21811491755097,0.0492391474545002,0.1246618926525116,0.2683290398860007,-2.834457484394528,0.03958527110982687,-0.0066960854083299715,0.0492391474545002,-0.1246618926525116,-3.7351596355438232,-5.685425281524658,0.03958527110982687,-0.0066960854083299715,2.2680689654742276,-0.38365743315644185,0.0492391474545002,-0.1246618926525116,-3.7351596355438232,-5.685425281524658,-0.7044253040951886,0.3794121527243913,165.64260149159057,5.609624030356003,-0.004167750125667276,0.01833465060257297,0.5,0.2959299817891937,0.4958322498743327,0.3142646323917667,0.20859305422085583,0.693676785116158,0.20859305422085583,0.20859305422085583,0.20859305422085583,0.20859305422085583,0.745825048671372,0.745825048671372,0.745825048671372,0.745825048671372,1.0
11500,40.68458781699974,2.831023551294017,3.5088476825446744,0.0663122907280922,0.11244076490402222,0.2683290398860007,-2.834457484394528,0.04472745694685727,-0.011770329400897027,0.0663122907280922,-0.11244076490402222,-2.094428777694702,-6.778782844543457,0.04472745694685727,-0.011770329400897027,2.5626945114080164,-0.6743901981501464,0.0663122907280922,-0.11244076490402222,-2.094428777694702,-6.778782844543457,-0.8431568316095435,0.4395789321538288,165.6068935866692,5.609408060796694,-0.004709822092518248,0.03222925071363251,0.5,0.29339236861727275,0.49529017790748175,0.3256216193309053,0.3478666537020617,0.7652005514847341,0.3478666537020617,0.3478666537020617,0.3478666537020617,0.3478666537020617,0.8521672149102495,0.8521672149102495,0.8521672149102495,0.8521672149102495,1.0
11550,40.75141042700034,3.1213665686182086,3.7573476803528982,0.049411509186029434,0.10317642241716385,0.2683290398860007,-2.834457484394528,0.04979489855933935,-0.01610747255384922,0.049411509186029434,-0.10317642241716385,-2.023550033569336,-7.177389621734619,0.04979489855933935,-0.01610747255384922,2.853037528732208,-0.92289019595837,0.049411509186029434,-0.10317642241716385,-2.023550033569336,-7.177389621734619,-0.8665595947404983,0.5016216164178998,165.56744661038326,5.609129388929718,-0.005244256588642331,0.04410642073940151,0.5,0.29047546417861486,0.4947557434113577,0.3345818849180164,0.37180385132914057,0.8362035013359161,0.37180385132914057,0.37180385132914057,0.37180385132914057,0.37180385132914057,0.9291544641682012,0.9291544641682012,0.9291544641682012,0.9291544641682012,1.0
11600,40.816431557000215,3.496400729999384,3.9306692800706724,0.024376239627599716,0.024082908406853676,0.2683290398860007,-2.834457484394528,0.056340479482896624,-0.019132505133748055,0.024376239627599716,-0.024082908406853676,5.330874443054199,-7.279932498931885,0.056340479482896624,-0.019132505133748055,3.2280716901133832,-1.0962117956761441,0.024376239627599716,-0.024082908406853676,5.330874443054199,-7.279932498931885,-0.9715378733278872,0.4572803077522272,165.51023866998418,5.608883698472266,-0.005934982060935442,0.052391105379408186,-0.5,0.13427117960297252,-0.5059349820609355,0.18666228498238072,1.4774728553888226,0.643942592734608,1.4774728553888226,1.4774728553888226,1.4774728553888226,1.4774728553888226,1.0133108065818135,1.0133108065818135,1.0133108065818135,1.0133108065818135,1.0
11650,40.99681022799996,0.32722251702596916,4.782015647845973,-0.46950316429138184,-0.20665444433689117,0.2683290398860007,-2.834457484394528,0.001027885084040463,-0.0339913023263216,-0.46950316429138184,0.20665444433689117,-12.354028701782227,-3.147270441055298,0.001027885084040463,-0.0339913023263216,0.05889347713996847,-1.9475581634514447,-0.46950316429138184,0.20665444433689117,-12.354028701782227,-3.147270441055298,0.8992147630171806,0.2369697854889904,165.77159568337927,5.607064571429501,-0.0001081652829072592,0.09309733869307975,0.5,-0.2998458000514027,0.49989183471709275,-0.20674846135832298,-1.3991065977342734,0.030221324130667415,-1.3991065977342734,-1.3991065977342734,-1.3991065977342734,-1.3991065977342734,-0.3195553253029009,-0.3195553253029009,-0.3195553253029009,-0.3195553253029009,1.0
11700,41.19607841600009,-0.46987870180450175,1.458055529883137,0.2389911413192749,-0.17565834522247314,0.2683290398860007,-2.834457484394528,-0.012884155656211078,0.024022745937108993,0.2389911413192749,0.17565834522247314,-8.309028625488281,-4.281058311462402,-0.012884155656211078,0.024022745937108993,-0.7382077416905024,1.376401954511391,0.2389911413192749,0.17565834522247314,-8.309028625488281,-4.281058311462402,-0.26331362423709365,-0.8291142183944686,165.75800674661002,5.608397319260845,0.0013558853011000325,-0.06578558743392825,0.5,-0.29946756366197297,0.5013558853011,-0.36525315109590123,-0.23804226106400633,-1.1943673694903698,-0.23804226106400633,-0.23804226106400633,-0.23804226106400633,-0.23804226106400633,-1.2538779347563713,-1.2538779347563713,-1.2538779347563713,-1.2538779347563713,1.0
11750,41.38624791199982,1.035423060836612,2.453795618528798,-0.14320284128189087,0.2665892243385315,0.2683290398860007,-2.834457484394528,0.013388316337950528,0.006643802896142005,-0.14320284128189087,-0.2665892243385315,6.257018089294434,0.48722705245018005,0.013388316337950528,0.006643802896142005,0.7670940209506112,0.3806618658657301,-0.14320284128189087,-0.2665892243385315,6.257018089294434,0.48722705245018005,0.10139703023484067,0.48431944127271903,165.75691553243948,5.609625637854835,-0.001408947644197954,-0.018191491983451113,-0.5,0.29998597147748607,-0.501408947644198,0.28179447949403497,0.40001191740935726,0.766113920766754,0.40001191740935726,0.40001191740935726,0.40001191740935726,0.40001191740935726,0.8661169001190934,0.8661169001190934,0.8661169001190934,0.8661169001190934,1.0
11800,41.5513361379999,-0.703375388687999,3.2203447608715674,0.06749102473258972,-0.02776377648115158,0.2683290398860007,-2.834457484394528,-0.016959441634826364,-0.006735003516078003,0.06749102473258972,0.02776377648115158,-4.233953475952148,2.553086996078491,-0.016959441634826364,-0.006735003516078003,-0.9717044285739997,-0.38588727647703946,0.06749102473258972,0.02776377648115158,-4.233953475952148,2.553086996078491,0.18547487271106405,0.025695226154865636,165.74798726101488,5.6096228255838465,0.0017848264294697232,0.018441215203658427,0.5,-0.15133909898554346,0.5017848264294698,-0.13289788378188502,-0.6872596991405338,-0.10720265762701939,-0.6872596991405338,-0.6872596991405338,-0.6872596991405338,-0.6872596991405338,-0.2790175824121528,-0.2790175824121528,-0.2790175824121528,-0.2790175824121528,1.0
11850,41.70090434899976,0.4229781940124043,2.7939804472172765,0.05659453943371773,0.04656413197517395,0.2683290398860007,-2.834457484394528,0.002699136924929918,0.0007064575701951903,0.05659453943371773,-0.04656413197517395,-1.5704340934753418,-4.4579925537109375,0.002699136924929918,0.0007064575701951903,0.1546491541264036,0.0404770371772515,0.05659453943371773,-0.04656413197517395,-1.5704340934753418,-4.4579925537109375,-0.21108518756499925,0.11478417892988672,165.771082519434,5.609726224116638,-0.0002840332195803293,-0.0019343409886728182,0.5,0.21935740326134062,0.4997159667804197,0.2174230622726678,-0.28863077921542046,0.3322072412025545,-0.28863077921542046,-0.28863077921542046,-0.28863077921542046,-0.28863077921542046,0.26004954639869937,0.26004954639869937,0.26004954639869937,0.26004954639869937,1.0
11900,41.835678749999715,0.6905802032167436,2.7798481454942854,0.08491112291812897,0.033371634781360626,0.2683290398860007,-2.834457484394528,0.007369673070497811,0.0009531127661466521,0.08491112291812897,-0.033371634781360626,-1.727552890777588,-5.325448513031006,0.007369673070497811,0.0009531127661466521,0.422251163330743,0.05460933890024257,0.08491112291812897,-0.033371634781360626,-1.727552890777588,-5.325448513031006,-0.29609889514315846,0.06745531430048411,165.76720820169533,5.609725280640052,-0.0007755310471908653,-0.002609704181059793,0.5,0.17498657324952835,0.49922446895280914,0.17237686906846855,-0.20312557380965068,0.23983218336895268,-0.20312557380965068,-0.20312557380965068,-0.20312557380965068,-0.20312557380965068,0.18905078991654,0.18905078991654,0.18905078991654,0.18905078991654,1.0
11950,41.89085766900007,0.793518411084829,2.905048287744969,0.05588724464178085,-0.05933966860175133,0.2683290398860007,-2.834457484394528,0.009166283723898234,-0.0012320419400930413,0.05588724464178085,0.05933966860175133,-2.6215438842773438,1.1595789194107056,0.009166283723898234,-0.0012320419400930413,0.5251893711988284,-0.07059080335044107,0.05588724464178085,0.05933966860175133,-2.6215438842773438,1.1595789194107056,-0.2731766499161728,-0.05935186427590261,165.7647606556305,5.609723875818089,-0.000964602813433661,0.0033734365912107918,0.5,-0.24887451498525348,0.49903539718656637,-0.2455010783940427,-0.22585874727039357,-0.30485294266994534,-0.22585874727039357,-0.22585874727039357,-0.22585874727039357,-0.22585874727039357,-0.36131762948754376,-0.36131762948754376,-0.36131762948754376,-0.36131762948754376,1.0
12000,41.946241138000005,0.8450016022840348,2.8416692548891285,0.023382635787129402,-0.002252444624900818,0.2683290398860007,-2.834457484394528,0.010064834919758141,-0.00012586914002895438,0.023382635787129402,0.002252444624900818,-1.813402533531189,-4.124594211578369,0.010064834919758141,-0.00012586914002895438,0.5766725623980341,-0.007211770494600255,0.023382635787129402,0.002252444624900818,-1.813402533531189,-4.124594211578369,-0.22898126924642037,0.017064695948669648,165.76333703836005,5.609727337917208,-0.0010591668107955217,0.00034464038366497035,0.5,-0.013505532930148391,0.49894083318920446,-0.013160892546483421,-0.2699595639427841,0.003903803402186226,-0.2699595639427841,-0.2699595639427841,-0.2699595639427841,-0.2699595639427841,-0.0635860875835098,-0.0635860875835098,-0.0635860875835098,-0.0635860875835098,1.0
12050,42.09040716900017,0.8030810494488171,2.992585272808322,0.024157516658306122,-0.03309955820441246,0.2683290398860007,-2.834457484394528,0.00933318324852735,-0.0027598505467176515,0.024157516658306122,0.03309955820441246,-0.9944742918014526,-0.8416815400123596,0.00933318324852735,-0.0027598505467176515,0.5347520095628164,-0.15812778841379427,0.024157516658306122,0.03309955820441246,-0.9944742918014526,-0.8416815400123596,-0.2126690156513827,0.0064777180806449425,165.76450628866868,5.609709818816197,-0.000982167285355956,0.007556718958813388,0.5,-0.17390609948874042,0.49901783271464406,-0.16634938052992704,-0.2863488170632614,-0.15987166244928208,-0.2863488170632614,-0.2863488170632614,-0.2863488170632614,-0.2863488170632614,-0.2314588667150974,-0.2314588667150974,-0.2314588667150974,-0.2314588667150974,1.0
12100,42.24260389699975,0.7324895502728543,2.8931360109456437,0.03944314271211624,-0.0760725736618042,0.2683290398860007,-2.834457484394528,0.008101129163987935,-0.0010241334885358819,0.03944314271211624,0.0760725736618042,4.286473274230957,1.4384794235229492,0.008101129163987935,-0.0010241334885358819,0.46416051038685363,-0.05867852655111571,0.03944314271211624,0.0760725736618042,4.286473274230957,1.4384794235229492,-0.19823547039774417,-0.11565396373201302,165.76627591532034,5.609724956978567,-0.0008525073783919897,0.002804165082641029,-0.5,-0.2726850813686351,-0.500852507378392,-0.2698809162859941,0.6990879777761362,-0.3855348800180071,0.6990879777761362,0.6990879777761362,0.6990879777761362,0.6990879777761362,-0.21076288557397307,-0.21076288557397307,-0.21076288557397307,-0.21076288557397307,1.0
12150,42.3961643370003,-0.7052350144112407,2.81041430924715,-0.07608933746814728,-0.07168345153331757,0.2683290398860007,-2.834457484394528,-0.016991898226551713,0.0004196325689554206,-0.07608933746814728,0.07168345153331757,2.80950927734375,0.8331236243247986,-0.016991898226551713,0.0004196325689554206,-0.9735640542972415,0.024043175147378092,-0.07608933746814728,0.07168345153331757,2.80950927734375,0.8331236243247986,0.36252633559561537,-0.11076534231006105,165.74789648072758,5.609726968566376,0.0017882428404826854,-0.0011489896188164952,-0.5,-0.2677248122316665,-0.4982117571595173,-0.268873801850483,0.13568542156390195,-0.379639144160544,0.13568542156390195,0.13568542156390195,0.13568542156390195,0.13568542156390195,-0.3457177887695685,-0.3457177887695685,-0.3457177887695685,-0.3457177887695685,1.0
12200,42.57102274499994,-0.5778015603845211,2.6194554535451107,-0.015872694551944733,0.10381388664245605,0.2683290398860007,-2.834457484394528,-0.01476776487659663,0.003752493336796753,-0.015872694551944733,-0.10381388664245605,3.035552740097046,2.0261635780334473,-0.01476776487659663,0.003752493336796753,-0.8461306002705219,0.21500203084941732,-0.015872694551944733,-0.10381388664245605,3.035552740097046,2.0261635780334473,0.24885173752687417,0.11919724356957222,165.75371578342578,5.6096949192104,0.0015541367545371548,-0.010274680395070105,-0.5,0.29071154388531223,-0.49844586324546286,0.2804368634902421,0.2495941257185887,0.39963410705981434,0.2495941257185887,0.2495941257185887,0.2495941257185887,0.2495941257185887,0.4620326384894615,0.4620326384894615,0.4620326384894615,0.4620326384894615,1.0
12250,42.767935288000444,-0.688761078380846,2.93082990398424,0.013030542060732841,0.03900255635380745,0.2683290398860007,-2.834457484394528,-0.0167043738020584,-0.0016820160299539574,0.013030542060732841,-0.03900255635380745,2.6287338733673096,2.0984444618225098,-0.0167043738020584,-0.0016820160299539574,-0.9570901182668468,-0.09637241958971202,0.013030542060732841,-0.03900255635380745,2.6287338733673096,2.0984444618225098,0.21064278205608924,0.15139915012151767,165.74869463828756,5.609720853565331,0.001757977881491053,0.004605505750034602,-0.5,0.19582081517785818,-0.49824202211850893,0.20042632092789278,0.28759924006241966,0.3518254710494104,0.28759924006241966,0.28759924006241966,0.28759924006241966,0.28759924006241966,0.42372528106501534,0.42372528106501534,0.42372528106501534,0.42372528106501534,1.0
12300,42.918974229000014,-0.46926467847028813,2.992730414328185,0.03732500597834587,0.020547106862068176,0.2683290398860007,-2.834457484394528,-0.012873438927344978,-0.0027623837441206056,0.03732500597834587,-0.020547106862068176,1.6472084522247314,1.6976475715637207,-0.012873438927344978,-0.0027623837441206056,-0.7375937183562888,-0.15827292993365705,0.03732500597834587,-0.020547106862068176,1.6472084522247314,1.6976475715637207,0.0956713211341994,0.1403750136653533,165.7580294875348,5.609709786573708,0.001354757384984271,0.007563655106922713,-0.5,0.1167817036957351,-0.49864524261501575,0.1243453588026578,0.40297392148081634,0.2647203724680111,0.40297392148081634,0.40297392148081634,0.40297392148081634,0.40297392148081634,0.3654638528382152,0.3654638528382152,0.3654638528382152,0.3654638528382152,1.0
12350,42.98889169999984,-0.20910710855379985,3.0607255878458965,0.07581333816051483,0.0547027625143528,0.2683290398860007,-2.834457484394528,-0.008332832758314907,-0.003949123397469521,0.07581333816051483,-0.0547027625143528,1.860598087310791,1.6455140113830566,-0.008332832758314907,-0.003949123397469521,-0.47743614843980053,-0.22626810345136827,0.07581333816051483,-0.0547027625143528,1.860598087310791,1.6455140113830566,-0.054128744814853025,0.192128378722016,165.7659622093816,5.609691428804072,0.0008768913815475686,0.010813076030649722,-0.5,0.23950604248743926,-0.49912310861845244,0.25031911851808897,0.5532518534333055,0.44244749724010496,0.5532518534333055,0.5532518534333055,0.5532518534333055,0.5532518534333055,0.5807604605984313,0.5807604605984313,0.5807604605984313,0.5807604605984313,1.0
12400,43.055425503999686,-0.05528365452873568,3.2202352644014356,0.04704834148287773,0.06194642186164856,0.2683290398860007,-2.834457484394528,-0.005648107018787414,-0.006733092442154885,0.04704834148287773,-0.06194642186164856,1.988284945487976,0.9596553444862366,-0.005648107018787414,-0.006733092442154885,-0.3236126944147364,-0.38577778000690727,0.04704834148287773,-0.06194642186164856,1.988284945487976,0.9596553444862366,-0.027972743839843564,0.2624797265607158,165.76905453490713,5.6096228849071945,0.000594361497784719,0.01843598234730549,-0.5,0.2535449111506393,-0.49940563850221525,0.2719808934979448,0.5273783823420588,0.5344606200586606,0.5273783823420588,0.5273783823420588,0.5273783823420588,0.5273783823420588,0.6663052156441753,0.6663052156441753,0.6663052156441753,0.6663052156441753,1.0
12450,43.1223556140003,0.003301197303596945,3.2337251014556223,0.01849207654595375,0.02454822137951851,0.2683290398860007,-2.834457484394528,-0.0046256084625201765,-0.006968534514307977,0.01849207654595375,-0.02454822137951851,1.2198610305786133,0.5946106314659119,-0.0046256084625201765,-0.006968534514307977,-0.26502784258240375,-0.39926761706109404,0.01849207654595375,-0.02454822137951851,1.2198610305786133,0.5946106314659119,0.015600410799313763,0.1891102790862543,165.76991998273076,5.609615449614695,0.0004867602587676862,0.01908066488105764,-0.5,0.1364944654007577,-0.4995132397412323,0.15557513028181533,0.48391282894191856,0.34468540936806963,0.48391282894191856,0.48391282894191856,0.48391282894191856,0.48391282894191856,0.46566361660354927,0.46566361660354927,0.46566361660354927,0.46566361660354927,1.0
12500,43.197285143000045,0.08609565506592143,3.2783281577265093,0.03210632503032684,0.02936437353491783,0.2683290398860007,-2.834457484394528,-0.0031805725721642374,-0.007747004702687264,0.03210632503032684,-0.02936437353491783,0.6479861736297607,0.609283447265625,-0.0031805725721642374,-0.007747004702687264,-0.18223338482007925,-0.4438706733319814,0.03210632503032684,-0.02936437353491783,0.6479861736297607,0.609283447265625,-0.043708581115341594,0.20760205952776395,165.77084931002705,5.60958904623735,0.0003346955480972682,0.021212266910388713,-0.4999999999944623,0.1583825772687354,-0.49966530444636503,0.1795948441791241,0.5433738855617066,0.3871969037068881,0.5433738855617066,0.5433738855617066,0.5433738855617066,0.5433738855617066,0.5230403750973147,0.5230403750973147,0.5230403750973147,0.5230403750973147,1.0
12550,43.40149319600005,0.11252835375173854,3.5600301319769883,-0.03243555873632431,0.04957049712538719,0.2683290398860007,-2.834457484394528,-0.0027192349499091505,-0.012663631662726403,-0.03243555873632431,-0.04957049712538719,1.573240876197815,-0.34991219639778137,-0.0027192349499091505,-0.012663631662726403,-0.15580068613426215,-0.7255726475824601,-0.03243555873632431,-0.04957049712538719,1.573240876197815,-0.34991219639778137,0.08908614790106432,0.314989856366445,165.77107354774438,5.609357753991361,0.00028614816768532863,0.03467545567204316,-0.5,0.2273888655777396,-0.49971385183231465,0.26206432124978274,0.4106277039312503,0.5770541776162277,0.4106277039312503,0.4106277039312503,0.4106277039312503,0.4106277039312503,0.6797111035990403,0.6797111035990403,0.6797111035990403,0.6797111035990403,1.0
12600,43.603639369999655,0.04620239442383474,3.689648552847024,0.23855212330818176,-0.08191213011741638,0.2683290398860007,-2.834457484394528,-0.0038768413197249173,-0.014925899878144265,0.23855212330818176,0.08191213011741638,-2.7472176551818848,-2.5805068016052246,-0.0038768413197249173,-0.014925899878144265,-0.22212664546216596,-0.8551910684524962,0.23855212330818176,0.08191213011741638,-2.7472176551818848,-2.5805068016052246,-0.17991206186876135,0.13960013431450896,165.77044447865424,5.6092139007012785,0.00040796542354478257,0.04087060352104717,0.5,-0.2781679474947771,0.5004079654235448,-0.23729734397372992,-0.32049590355478347,-0.09769720965922096,-0.32049590355478347,-0.32049590355478347,-0.32049590355478347,-0.32049590355478347,-0.17782118554791682,-0.17782118554791682,-0.17782118554791682,-0.17782118554791682,1.0
12650,43.79180014299982,1.2170485697595348,3.7276897183162334,-0.19650597870349884,0.09738779067993164,0.2683290398860007,-2.834457484394528,0.016558279474265872,-0.015589843466877938,-0.19650597870349884,-0.09738779067993164,3.5087058544158936,-1.8701286315917969,0.016558279474265872,-0.015589843466877938,0.948719529873534,-0.8932322339217053,-0.19650597870349884,-0.09738779067993164,3.5087058544158936,-1.8701286315917969,0.1361784558820383,0.4943088697051321,165.74909497258903,5.6091672042882195,-0.001742600033094192,0.04268884752601915,-0.5,0.28804333320144304,-0.5017426000330942,0.3307321807274622,0.3655641441510559,0.8250410504325942,0.3655641441510559,0.3655641441510559,0.3655641441510559,0.3655641441510559,0.9164320864703582,0.9164320864703582,0.9164320864703582,0.9164320864703582,1.0
12700,43.954231730000174,0.05729921066928405,3.786307682433752,-0.030428815633058548,-0.09287560731172562,0.2683290398860007,-2.834457484394528,-0.0036831653397530317,-0.016612919941544534,-0.030428815633058548,0.09287560731172562,1.3108856678009033,-0.9500088095664978,-0.0036831653397530317,-0.016612919941544534,-0.21102982921671665,-0.9518501980392241,-0.030428815633058548,0.09287560731172562,1.3108856678009033,-0.9500088095664978,0.11456651494450189,0.11019086945537751,165.77056510703176,5.609091271787877,0.00038758444237508877,0.04549064999613027,-0.5,-0.28573452384334386,-0.4996124155576249,-0.24024387384721357,0.38504590061312305,-0.13005300439183606,0.38504590061312305,0.38504590061312305,0.38504590061312305,0.38504590061312305,-0.0337915292385553,-0.0337915292385553,-0.0337915292385553,-0.0337915292385553,1.0
12750,44.13851834500019,0.09022797954473864,3.49586477359295,-0.06265539675951004,0.001459880149923265,0.2683290398860007,-2.834457484394528,-0.0031084499042481183,-0.011543734893202783,-0.06265539675951004,-0.001459880149923265,4.639278411865234,0.0703398585319519,-0.0031084499042481183,-0.011543734893202783,-0.17810106034126205,-0.6614072891984215,-0.06265539675951004,-0.001459880149923265,4.639278411865234,0.0703398585319519,0.16632480239052755,0.2168979354612673,165.77088667862435,5.6094202367445005,0.0003271059423902329,0.031608753959175395,-0.5,0.008756792652311957,-0.4996728940576098,0.04036554661148735,0.33334809166708224,0.2572634820727546,0.33334809166708224,0.33334809166708224,0.33334809166708224,0.33334809166708224,0.3406005049895252,0.3406005049895252,0.3406005049895252,0.3406005049895252,1.0
12800,44.19306974200026,-0.21057774699968143,3.354699491044184,-0.09364915639162064,-0.10740680992603302,0.2683290398860007,-2.834457484394528,-0.008358500241301954,-0.009079935923218728,-0.09364915639162064,0.10740680992603302,2.950345039367676,7.1415629386901855,-0.008358500241301954,-0.009079935923218728,-0.4789067868856821,-0.5202420066496558,-0.09364915639162064,0.10740680992603302,2.950345039367676,7.1415629386901855,0.28120833887521235,-0.028646809091507047,165.76592691367793,5.609537350707316,0.0008795925796328415,0.024862135329316772,-0.5,-0.29193825580257643,-0.4991204074203672,-0.2670761204732597,0.21791206854515482,-0.29572292956476676,0.21791206854515482,0.21791206854515482,0.21791206854515482,0.21791206854515482,-0.24124491242847806,-0.24124491242847806,-0.24124491242847806,-0.24124491242847806,1.0
12850,44.24959676300023,-0.5158755969137476,3.100717839540202,-0.05113176256418228,-0.06923770904541016,0.2683290398860007,-2.834457484394528,-0.013686952921561897,-0.004647119864821442,-0.05113176256418228,0.06923770904541016,4.680506229400635,1.8083412647247314,-0.013686952921561897,-0.004647119864821442,-0.7842046367997484,-0.26626035514567425,-0.05113176256418228,0.06923770904541016,4.680506229400635,1.8083412647247314,0.292572014239662,-0.003973030867264152,165.75624940839973,5.609677599325005,0.0014403791408603417,0.012724275489329478,-0.5,-0.26460341979791063,-0.4985596208591397,-0.25187914430858116,0.20598760661947768,-0.2558521751758453,0.20598760661947768,0.20598760661947768,0.20598760661947768,0.20598760661947768,-0.20435527352097588,-0.20435527352097588,-0.20435527352097588,-0.20435527352097588,1.0
12900,44.307264148000286,-0.5949614501788262,3.0045846345195653,0.013936925679445267,-0.02104213275015354,0.2683290398860007,-2.834457484394528,-0.015067261452786624,-0.0029692789167165834,0.013936925679445267,0.02104213275015354,4.781802177429199,1.7807695865631104,-0.015067261452786624,-0.0029692789167165834,-0.8632904900648268,-0.1701271501250373,0.013936925679445267,0.02104213275015354,4.781802177429199,1.7807695865631104,0.17214941078385412,0.08276552573013778,165.75297965301502,5.6097070533471625,0.0015856599920166256,0.008130155049554586,-0.5,-0.11929202580228943,-0.49841434000798335,-0.11116187075273484,0.3262649292241292,-0.028396345022597066,0.3262649292241292,0.3262649292241292,0.3262649292241292,0.3262649292241292,0.05316988728343523,0.05316988728343523,0.05316988728343523,0.05316988728343523,1.0
12950,44.362625341999774,-0.5298879968002933,2.950223799245668,0.004170018248260021,-0.012831222265958786,0.2683290398860007,-2.834457484394528,-0.013931515435688198,-0.002020503357052804,0.004170018248260021,0.012831222265958786,4.563739776611328,2.850201368331909,-0.013931515435688198,-0.002020503357052804,-0.798217036686294,-0.1157663148511401,0.004170018248260021,0.012831222265958786,4.563739776611328,2.850201368331909,0.18069494754800974,0.10127407364520624,165.75569295569508,5.609717964983,0.0014661195317934922,0.005532315097521571,-0.5,-0.07534066854586875,-0.4985338804682065,-0.06980835344834718,0.31783893292019677,0.03146572019685906,0.31783893292019677,0.31783893292019677,0.31783893292019677,0.31783893292019677,0.11092545342690825,0.11092545342690825,0.11092545342690825,0.11092545342690825,1.0
13000,44.41882103700027,-0.497798487419104,2.9511164195928243,0.01960575580596924,0.01698419824242592,0.2683290398860007,-2.834457484394528,-0.013371447841636836,-0.0020360825210809716,0.01960575580596924,-0.01698419824242592,4.232471466064453,4.074787616729736,-0.013371447841636836,-0.0020360825210809716,-0.7661275273051047,-0.11665893519829613,0.01960575580596924,-0.01698419824242592,4.232471466064453,4.074787616729736,0.14680939090363762,0.11322873325758935,165.75695272005012,5.609717819319826,0.0014071722426576636,0.005574972298709666,-0.5,0.09815856675882326,-0.4985928277573423,0.10373353905753292,0.3517834368537047,0.21696227231512227,0.3517834368537047,0.3517834368537047,0.3517834368537047,0.3517834368537047,0.30490813152854845,0.30490813152854845,0.30490813152854845,0.30490813152854845,1.0
13050,44.47446568899977,-0.49079967795395657,2.956850790287873,-0.01066398061811924,-0.0023838533088564873,0.2683290398860007,-2.834457484394528,-0.01324929557275027,-0.0021361661702394494,-0.01066398061811924,0.0023838533088564873,3.7449634075164795,4.332151412963867,-0.01324929557275027,-0.0021361661702394494,-0.7591287178399573,-0.12239330589334498,-0.01066398061811924,0.0023838533088564873,3.7449634075164795,4.332151412963867,0.20152212963927016,0.07097131029848912,165.75722061311743,5.609716856869665,0.0013943157957147208,0.0058490106936349,-0.5,-0.014292292211472777,-0.4986056842042853,-0.008443281517837877,0.2970835545650151,0.06252802878065124,0.2970835545650151,0.2970835545650151,0.2970835545650151,0.2970835545650151,0.13679891742190503,0.13679891742190503,0.13679891742190503,0.13679891742190503,1.0
13100,44.53076645700003,-0.5152605597233292,2.93786862736735,-0.0010032439604401588,0.01021764799952507,0.2683290398860007,-2.834457484394528,-0.013676218497566879,-0.001804864928126336,-0.0010032439604401588,-0.01021764799952507,3.8739607334136963,4.266861915588379,-0.013676218497566879,-0.001804864928126336,-0.7835895996093298,-0.10341114297282172,-0.0010032439604401588,-0.01021764799952507,3.8739607334136963,4.266861915588379,0.19487590167414787,0.08170450147800797,165.7562736066636,5.609719866255612,0.0014392493384913932,0.004941877203317661,-0.5,0.06046652530929177,-0.4985607506615086,0.06540840251260943,0.30368484898736076,0.14711290399061738,0.30368484898736076,0.30368484898736076,0.30368484898736076,0.30368484898736076,0.22303411623745756,0.22303411623745756,0.22303411623745756,0.22303411623745756,1.0
13150,44.5926364930001,-0.5528968764016564,2.915561869868323,-0.011689440347254276,0.018088005483150482,0.2683290398860007,-2.834457484394528,-0.014333096141926944,-0.0014155385643243798,-0.011689440347254276,-0.018088005483150482,3.1529555320739746,3.224900484085083,-0.014333096141926944,-0.0014155385643243798,-0.8212259162876571,-0.08110438547379477,-0.011689440347254276,-0.018088005483150482,3.1529555320739746,3.224900484085083,0.22568646410130822,0.08773259910931708,165.75475786446762,5.609722756064735,0.0015083865855460336,0.0038758665596479716,-0.5,0.1040290331046593,-0.49849161341445397,0.10790489966430727,0.27280514931314576,0.19563749877362435,0.27280514931314576,0.27280514931314576,0.27280514931314576,0.27280514931314576,0.2638387861019108,0.2638387861019108,0.2638387861019108,0.2638387861019108,1.0
13200,44.75803857499977,-0.7605489812394717,2.829341617210902,-0.02866215631365776,0.012046550400555134,0.2683290398860007,-2.834457484394528,-0.017957309070043267,8.928872644900498e-05,-0.02866215631365776,-0.012046550400555134,3.025779962539673,3.1326756477355957,-0.017957309070043267,8.928872644900498e-05,-1.0288780211254724,0.005115867183626111,-0.02866215631365776,-0.012046550400555134,3.025779962539673,3.1326756477355957,0.31352787807666277,0.05262794583498137,165.74511689570045,5.609727356057785,0.0018898646220906388,-0.00024448010746810385,-0.5,0.07091247973886705,-0.4981101353779094,0.07066799963139894,0.1845822573012466,0.12329594546638031,0.1845822573012466,0.1845822573012466,0.1845822573012466,0.1845822573012466,0.16944150979169198,0.16944150979169198,0.16944150979169198,0.16944150979169198,1.0
13250,44.91617636899991,-1.2828034412294822,2.6808646171556374,-0.07582070678472519,0.006556013133376837,0.2683290398860007,-2.834457484394528,-0.027072368930093946,0.002680701240897178,-0.07582070678472519,-0.006556013133376837,1.7242926359176636,2.769747257232666,-0.027072368930093946,0.002680701240897178,-1.5511324811154832,0.15359286723889087,-0.07582070678472519,-0.006556013133376837,1.7242926359176636,2.769747257232666,0.533975221006667,0.009088105767960626,165.711304748442,5.609710811325916,0.0028495389170433805,-0.007340000270624205,-0.5,0.03911218954592595,-0.49715046108295663,0.031772189275301746,-0.036824759923710315,0.04086029504326237,-0.036824759923710315,-0.036824759923710315,-0.036824759923710315,-0.036824759923710315,0.03165410506233479,0.03165410506233479,0.03165410506233479,0.03165410506233479,1.0
13300,45.0545569220003,-1.8055009563810447,2.197580922053045,0.21910639107227325,-0.074784055352211,0.2683290398860007,-2.834457484394528,-0.036195161561481656,0.011115592941641807,0.21910639107227325,0.074784055352211,-4.599521160125732,0.8816441297531128,-0.036195161561481656,0.011115592941641807,-2.0738299962670457,0.6368765623414832,0.21910639107227325,0.074784055352211,-4.599521160125732,0.8816441297531128,0.1858333507473242,-0.3038235628180961,165.66376166702528,5.609442596690916,0.0038104975821176626,-0.030436354717866515,0.5,-0.27130942288692983,0.5038104975821177,-0.3017457776047964,-0.6896438483294419,-0.6055693404228925,-0.6896438483294419,-0.6896438483294419,-0.6896438483294419,-0.6896438483294419,-0.777980302505253,-0.777980302505253,-0.777980302505253,-0.777980302505253,1.0
13350,45.11014339099984,-1.1449805757840859,1.7960402906069308,0.21814198791980743,-0.11695222556591034,0.2683290398860007,-2.834457484394528,-0.024666906143538656,0.01812379904091358,0.21814198791980743,0.11695222556591034,-3.751244306564331,2.239095687866211,-0.024666906143538656,0.01812379904091358,-1.4133096156700866,1.0384171937875974,0.21814198791980743,0.11695222556591034,-3.751244306564331,2.239095687866211,-0.08301908718590639,-0.4607995884908623,165.72155708882315,5.608970311760061,0.0025962419007699933,-0.04962848009974508,0.5,-0.29447332251416103,0.50259624190077,-0.3441018026139061,-0.4195771547148636,-0.8049013911047684,-0.4195771547148636,-0.4195771547148636,-0.4195771547148636,-0.4195771547148636,-0.9097956797834843,-0.9097956797834843,-0.9097956797834843,-0.9097956797834843,1.0
13400,45.16515239,-0.25779030905948386,1.6205617384936077,0.1976580172777176,-0.011687465943396091,0.2683290398860007,-2.834457484394528,-0.009182514897547662,0.021186477541923522,0.1976580172777176,0.011687465943396091,-2.792255401611328,1.7884682416915894,-0.009182514897547662,0.021186477541923522,-0.5261193489454846,1.2138957459009205,0.1976580172777176,0.011687465943396091,-2.792255401611328,1.7884682416915894,-0.22831228705535864,-0.27567587159416196,165.76473611961447,5.608692836273288,0.0009663109764837749,-0.05801673230750242,0.5,-0.0688749281261525,0.5009663109764838,-0.1268916604336549,-0.27265402392112514,-0.40256753202781687,-0.27265402392112514,-0.27265402392112514,-0.27265402392112514,-0.27265402392112514,-0.4707310380080981,-0.4707310380080981,-0.4707310380080981,-0.4707310380080981,1.0
13450,45.22249524600011,0.26649068940161075,1.5922374776140937,0.12255644798278809,0.008282867260277271,0.2683290398860007,-2.834457484394528,-3.208526875823729e-05,0.021680829152464866,0.12255644798278809,-0.008282867260277271,-1.565055012702942,2.2949726581573486,-3.208526875823729e-05,0.021680829152464866,-0.0018383504843899525,1.2422200067804345,0.12255644798278809,-0.008282867260277271,-1.565055012702942,2.2949726581573486,-0.2587424078826599,-0.26359463669911026,165.77168264313332,5.608643996443728,3.3763608561512727e-06,-0.05937076463839628,0.5,0.049247536106727406,0.5000033763608561,-0.010123228531668874,-0.24126096847819622,-0.2737178652307791,-0.24126096847819622,-0.24126096847819622,-0.24126096847819622,-0.24126096847819622,-0.3340331073503282,-0.3340331073503282,-0.3340331073503282,-0.3340331073503282,1.0
13500,45.36627107200002,0.6734932577083402,1.8299240053057177,-0.12669724225997925,0.21464422345161438,0.2683290398860007,-2.834457484394528,0.0070714496122673155,0.01753241665661335,-0.12669724225997925,-0.21464422345161438,5.158870697021484,2.500551700592041,0.0070714496122673155,0.01753241665661335,0.4051642178223396,1.0045334790888103,-0.12669724225997925,-0.21464422345161438,5.158870697021484,2.500551700592041,0.12719585438744208,0.021063891200878315,165.76756300819366,5.609018910595804,-0.0007441471105643953,-0.04800884782329012,-0.5,0.2998879741924817,-0.5007441471105644,0.2518791263691916,0.3735482927231223,0.2729430175700699,0.3735482927231223,0.3735482927231223,0.3735482927231223,0.3735482927231223,0.36633009075085043,0.36633009075085043,0.36633009075085043,0.36633009075085043,1.0
13550,45.51837592399988,-1.0418376756843117,2.473085566848795,0.05185355991125107,-0.16449439525604248,0.2683290398860007,-2.834457484394528,-0.02286672293674201,0.006307129785418503,0.05185355991125107,0.16449439525604248,-5.43562126159668,3.069300889968872,-0.02286672293674201,0.006307129785418503,-1.3101667155703125,0.3613719175457328,0.05185355991125107,0.16449439525604248,-5.43562126159668,3.069300889968872,0.37576678930786844,-0.2990561934216106,165.7286061181072,5.609635687522176,0.002406700922976728,-0.01726962412239124,0.5,-0.29916825830815064,0.5024067009229767,-0.3164378824305419,-0.8781734902308451,-0.6154940758521525,-0.8781734902308451,-0.8781734902308451,-0.8781734902308451,-0.8781734902308451,-0.8350374484098638,-0.8350374484098638,-0.8350374484098638,-0.8350374484098638,1.0
13600,45.67426943600003,0.22982943558815574,1.535906666373177,0.13028758764266968,-0.037046127021312714,0.2683290398860007,-2.834457484394528,-0.0006719448557123541,0.022663987278938293,0.13028758764266968,0.037046127021312714,-1.1155755519866943,1.1578470468521118,-0.0006719448557123541,0.022663987278938293,-0.03849960429784496,1.298550818021351,0.13028758764266968,0.037046127021312714,-1.1155755519866943,1.1578470468521118,-0.2579496097960682,-0.34593516085226367,165.7716455299259,5.6085435173109515,7.070935459522905e-05,-0.062063704930398325,0.5,-0.18891066451727148,0.5000707093545952,-0.2509743694476698,-0.242121099558527,-0.5969095302999334,-0.242121099558527,-0.242121099558527,-0.242121099558527,-0.242121099558527,-0.6574398051895651,-0.6574398051895651,-0.6574398051895651,-0.6574398051895651,1.0
13650,45.84480609599996,0.1629058280377692,1.7116860669750982,-0.017288152128458023,-0.0326962023973465,0.2683290398860007,-2.834457484394528,-0.0018399821547791361,0.01959605798125267,-0.017288152128458023,0.0326962023973465,-1.5576597452163696,0.08504781872034073,-0.0018399821547791361,0.01959605798125267,-0.10542321184823149,1.12277141741943,-0.017288152128458023,0.0326962023973465,-1.5576597452163696,0.08504781872034073,0.09991463832591665,-0.27012748426346816,165.77140380793105,5.608842322449954,0.00019362314573384586,-0.05366070115464551,0.5,-0.17229170499948068,0.5001936231457339,-0.2259524061541262,-0.6001082614716505,-0.49607989041759437,-0.6001082614716505,-0.6001082614716505,-0.6001082614716505,-0.6001082614716505,-0.646106955785507,-0.646106955785507,-0.646106955785507,-0.646106955785507,1.0
13700,46.0508415459999,0.8167445227183102,1.8562402972909537,0.011064345017075539,-0.025059308856725693,0.2683290398860007,-2.834457484394528,0.009571655844338238,0.017073110714554786,0.011064345017075539,0.025059308856725693,-2.9621548652648926,3.1604838371276855,0.009571655844338238,0.017073110714554786,0.5484154828323096,0.9782171871035744,0.011064345017075539,0.025059308856725693,-2.9621548652648926,3.1604838371276855,-0.1807692479858832,-0.2313791568859291,165.76413487526096,5.609055543479523,-0.0010072641870234257,-0.04675095329869537,0.5,-0.1389148536204483,0.4989927358129766,-0.1856658069191437,-0.3182234878270934,-0.41704496380507283,-0.3182234878270934,-0.3182234878270934,-0.3182234878270934,-0.3182234878270934,-0.4966008357618462,-0.4966008357618462,-0.4966008357618462,-0.4966008357618462,1.0
13750,46.21154367700001,0.8396623687046417,1.7181364335942346,-0.020191026851534843,0.020239802077412605,0.2683290398860007,-2.834457484394528,0.009971647714264691,0.019483477845788,-0.020191026851534843,-0.020239802077412605,-2.286684989929199,0.12062966823577881,0.009971647714264691,0.019483477845788,0.5713333288186411,1.1163210508002934,-0.020191026851534843,-0.020239802077412605,-2.286684989929199,0.12062966823577881,-0.13814390287151573,-0.22626880341392713,165.76349086200182,5.60885246223557,-0.001049359664406779,-0.053352360954969834,0.5,0.11521354372268913,0.4989506403355932,0.0618611827677193,-0.3608067374640775,-0.16440762064620784,-0.3608067374640775,-0.3608067374640775,-0.3608067374640775,-0.3608067374640775,-0.2546093050122272,-0.2546093050122272,-0.2546093050122272,-0.2546093050122272,1.0
13800,46.284259498999745,0.6388544335802966,1.8133729628428958,-0.02484363131225109,-0.00013879965990781784,0.2683290398860007,-2.834457484394528,0.0064668880822137,0.01782128684222698,-0.02484363131225109,0.00013879965990781784,-1.8584586381912231,-0.19876283407211304,0.0064668880822137,0.01782128684222698,0.37052539369429593,1.0210845215516322,-0.02484363131225109,0.00013879965990781784,-1.8584586381912231,-0.19876283407211304,-0.05344464627012355,-0.2353511173889941,165.7682373112204,5.608995373099635,-0.0006805256819905335,-0.04879997999129865,0.5,-0.0008327958202347682,0.4993194743180095,-0.049632775811533414,-0.4458748280478859,-0.2849838932005275,-0.4458748280478859,-0.4458748280478859,-0.4458748280478859,-0.4458748280478859,-0.396452600212499,-0.396452600212499,-0.396452600212499,-0.396452600212499,1.0
13850,46.339609548000226,0.5912329673047926,1.8104099414035797,0.017941944301128387,0.04515176638960838,0.2683290398860007,-2.834457484394528,0.005635736701078713,0.01787300132215023,0.017941944301128387,-0.04515176638960838,-2.6470935344696045,-0.6118798851966858,0.005635736701078713,0.01787300132215023,0.32290392741879187,1.0240475429909484,0.017941944301128387,-0.04515176638960838,-2.6470935344696045,-0.6118798851966858,-0.12912299753625847,-0.1457040465194203,165.7690660346517,5.608991118750994,-0.0005930597173859056,-0.04894161167152364,0.5,0.2153317839253525,0.4994069402826141,0.16639017225382885,-0.3702839427463557,0.02068612573440856,-0.3702839427463557,-0.3702839427463557,-0.3702839427463557,-0.3702839427463557,-0.07188485995218036,-0.07188485995218036,-0.07188485995218036,-0.07188485995218036,1.0
13900,46.39724476900028,0.6290474025100691,1.9170590764250977,0.019810549914836884,0.04729051887989044,0.2683290398860007,-2.834457484394528,0.006295723100192847,0.01601162277162075,0.019810549914836884,-0.04729051887989044,-2.655613899230957,-0.4251745939254761,0.006295723100192847,0.01601162277162075,0.3607183626240684,0.9173984079694305,0.019810549914836884,-0.04729051887989044,-2.655613899230957,-0.4251745939254761,-0.14823350235090893,-0.11600934597093832,165.76841728286718,5.609136484397169,-0.0006625131145477546,-0.04384392631057334,0.5,0.22136413056511112,0.49933748688545226,0.17752020425453777,-0.35110398453454333,0.06151085828359945,-0.35110398453454333,-0.35110398453454333,-0.35110398453454333,-0.35110398453454333,-0.026265137850036382,-0.026265137850036382,-0.026265137850036382,-0.026265137850036382,1.0
13950,46.45249183899978,0.6321123965392593,2.0793945303063177,0.0037406703922897577,0.05660967901349068,0.2683290398860007,-2.834457484394528,0.006349217337556183,0.013178334608674049,0.0037406703922897577,-0.05660967901349068,-2.2375354766845703,-0.7554471492767334,0.006349217337556183,0.013178334608674049,0.36378335665325867,0.7550629540882103,0.0037406703922897577,-0.05660967901349068,-2.2375354766845703,-0.7554471492767334,-0.11510994085681371,-0.052821205698054235,165.76836155486473,5.609327097999946,-0.0006681425828603333,-0.03608492840717285,0.5,0.24353060267707796,0.49933185741713965,0.20744567426990512,-0.38422191656032595,0.1546244685718509,-0.38422191656032595,-0.38422191656032595,-0.38422191656032595,-0.38422191656032595,0.0585689894317694,0.0585689894317694,0.0585689894317694,0.0585689894317694,1.0
14000,46.61878094500025,0.009582882137553506,2.175123260062043,-0.09077966213226318,-0.013510105200111866,0.2683290398860007,-2.834457484394528,-0.004515972379595041,0.011507553085684775,-0.09077966213226318,0.013510105200111866,-1.6480153799057007,-1.8788572549819946,-0.004515972379595041,0.011507553085684775,-0.25874615774844717,0.659334224332485,-0.09077966213226318,0.013510105200111866,-1.6480153799057007,-1.8788572549819946,0.2355534250084583,-0.15044662630847583,165.77000255341505,5.609422159044145,0.0004752229191360114,-0.03150967545901552,0.5,-0.07914386508537223,0.500475222919136,-0.11065354054438775,-0.7360286479275944,-0.2611001668528636,-0.7360286479275944,-0.7360286479275944,-0.7360286479275944,-0.7360286479275944,-0.4451073288347622,-0.4451073288347622,-0.4451073288347622,-0.4451073288347622,1.0
14050,46.82757437700002,-0.4156180248514808,1.9741481453855914,0.11949122697114944,-0.08031810820102692,0.2683290398860007,-2.834457484394528,-0.011937128189019859,0.015015230551362037,0.11949122697114944,0.08031810820102692,-5.767396450042725,-1.9681909084320068,-0.011937128189019859,0.015015230551362037,-0.6839470647374816,0.8603093390089368,0.11949122697114944,0.08031810820102692,-5.767396450042725,-1.9681909084320068,-0.052366538956134245,-0.3221313081732067,165.7599432944611,5.609207736201754,0.0012562135540409955,-0.04111523864667656,0.5,-0.27678619100409,0.501256213554041,-0.31790142965076656,-0.4488896745979068,-0.6400327378239732,-0.4488896745979068,-0.4488896745979068,-0.4488896745979068,-0.4488896745979068,-0.7522551564734499,-0.7522551564734499,-0.7522551564734499,-0.7522551564734499,1.0
14100,47.027106083000035,0.44702035316914335,2.2709320310971046,-0.033263128250837326,0.07660186290740967,0.2683290398860007,-2.834457484394528,0.0031187517615035177,0.00983537457883358,-0.033263128250837326,-0.07660186290740967,-7.117336750030518,-3.129897356033325,0.0031187517615035177,0.00983537457883358,0.17869131328314267,0.5635254532974237,-0.033263128250837326,-0.07660186290740967,-7.117336750030518,-3.129897356033325,0.0011464028068652043,0.027412123053556545,165.77088139343758,5.609504416179633,-0.0003281900262414976,-0.026930726072469473,0.5,0.2732317733950647,0.4996718099737585,0.24630104732259525,-0.5008182127806237,0.2737131703761518,-0.5008182127806237,-0.5008182127806237,-0.5008182127806237,-0.5008182127806237,0.14850861718099587,0.14850861718099587,0.14850861718099587,0.14850861718099587,1.0
14150,47.22503215600045,0.9363200041874887,2.4393514759815136,0.0021107811480760574,0.0074871620163321495,0.2683290398860007,-2.834457484394528,0.01165864170063287,0.00689590074121952,0.0021107811480760574,-0.0074871620163321495,-3.829352855682373,0.4125351309776306,0.01165864170063287,0.00689590074121952,0.6679909643014881,0.3951060084130146,0.0021107811480760574,-0.0074871620163321495,-3.829352855682373,0.4125351309776306,-0.21320901334388093,-0.0618179000952101,165.76048464775803,5.609617770654326,-0.0012269041349668086,-0.01888178044723711,0.5,0.04459018676570443,0.4987730958650332,0.025708406318467318,-0.2855640825211523,-0.03610949377674278,-0.2855640825211523,-0.2855640825211523,-0.2855640825211523,-0.2855640825211523,-0.10750051440703084,-0.10750051440703084,-0.10750051440703084,-0.10750051440703084,1.0
14200,47.42240268600017,0.8751597155948443,2.408938991484974,-0.053409822285175323,-0.03376549482345581,0.2683290398860007,-2.834457484394528,0.010591193293221295,0.0074266987293958656,-0.053409822285175323,0.03376549482345581,-4.92643404006958,-7.220387935638428,0.010591193293221295,0.0074266987293958656,0.6068306757088435,0.4255184929095541,-0.053409822285175323,0.03376549482345581,-4.92643404006958,-7.220387935638428,-0.08368507683967194,-0.1307054954929884,165.76244131642494,5.60960024829251,-0.0011145618186240499,-0.02033520499541532,0.5,-0.1765385629723771,0.49888543818137593,-0.19687376796779243,-0.415200361341704,-0.3275792634607808,-0.415200361341704,-0.415200361341704,-0.415200361341704,-0.415200361341704,-0.43137935379620684,-0.43137935379620684,-0.43137935379620684,-0.43137935379620684,1.0
14250,47.613483244000236,1.1154011609228762,2.7059160434839518,0.02565912902355194,0.07303749024868011,0.2683290398860007,-2.834457484394528,0.0147841975139454,0.002243471369147293,0.02565912902355194,-0.07303749024868011,-3.122131109237671,-7.7089033126831055,0.0147841975139454,0.002243471369147293,0.8470721210368755,0.1285414409105762,0.02565912902355194,-0.07303749024868011,-3.122131109237671,-7.7089033126831055,-0.2863683233613496,0.1606751664725383,165.75367577694274,5.6097157736816845,-0.0015558663494957645,-0.006142822462867059,0.5,0.2693394381509757,0.4984441336505042,0.26319661568810865,-0.21207581028915462,0.4238717821606469,-0.21207581028915462,-0.21207581028915462,-0.21207581028915462,-0.21207581028915462,0.37085282958835825,0.37085282958835825,0.37085282958835825,0.37085282958835825,1.0
14300,47.70101656499992,1.230279926842319,2.920994858466245,0.033596839755773544,0.020564571022987366,0.2683290398860007,-2.834457484394528,0.016789210219867526,-0.0015103621035814294,0.033596839755773544,-0.020564571022987366,-4.899064064025879,-1.3941636085510254,0.016789210219867526,-0.0015103621035814294,0.9619508869563181,-0.08653737407171679,0.033596839755773544,-0.020564571022987366,-4.899064064025879,-1.3941636085510254,-0.3292488361351128,0.09274267139913459,165.7484605518645,5.609722116593771,-0.0017669077733815828,0.0041355018608384714,0.5,0.1168705981950866,0.49823309222661843,0.12100610005592508,-0.16898425609150564,0.21374877145505966,-0.16898425609150564,-0.16898425609150564,-0.16898425609150564,-0.16898425609150564,0.17150270743218327,0.17150270743218327,0.17150270743218327,0.17150270743218327,1.0
14350,47.75814024400006,1.3984227490653425,2.949406951309617,0.07889322936534882,0.05903959646821022,0.2683290398860007,-2.834457484394528,0.01972385608125478,-0.00200624667108059,0.07889322936534882,-0.05903959646821022,-3.7512166500091553,-11.009756088256836,0.01972385608125478,-0.00200624667108059,1.1300937091793417,-0.11494946691508888,0.07889322936534882,-0.05903959646821022,-3.7512166500091553,-11.009756088256836,-0.48056905779853865,0.17245987434078905,165.73963316203557,5.609718097300781,-0.0020758253600340034,0.005493278966068795,0.5,0.24831034848930328,0.497924174639966,0.25380362745537205,-0.017355116841427376,0.4262635017961611,-0.017355116841427376,-0.017355116841427376,-0.017355116841427376,-0.017355116841427376,0.42192472258580427,0.42192472258580427,0.42192472258580427,0.42192472258580427,1.0
14400,47.91465065600005,2.1931654181980433,3.42201378007901,0.06728371977806091,0.12213654816150665,0.2683290398860007,-2.834457484394528,0.033594732363708316,-0.010254791900515557,0.06728371977806091,-0.12213654816150665,-3.288820266723633,-0.5099917650222778,0.033594732363708316,-0.010254791900515557,1.9248363783120426,-0.5875562956844818,0.06728371977806091,-0.12213654816150665,-3.288820266723633,-0.5099917650222778,-0.6370563669881488,0.43610389558010976,165.6787103141552,5.60948499534738,-0.0035365215354278934,0.028079211186217236,0.5,0.2955006160078499,0.4964634784645721,0.32357982719406714,0.1405928885235767,0.7596837227741768,0.1405928885235767,0.1405928885235767,0.1405928885235767,0.1405928885235767,0.794831944905071,0.794831944905071,0.794831944905071,0.794831944905071,1.0
14450,48.10115329400014,2.9667178523176028,3.5397049831109113,0.04424724355340004,-0.07358627021312714,0.2683290398860007,-2.834457484394528,0.04709576927591115,-0.012308890894055367,0.04424724355340004,0.07358627021312714,-1.1764742136001587,0.2285696268081665,0.04709576927591115,-0.012308890894055367,2.698388812431602,-0.705247498716383,0.04424724355340004,0.07358627021312714,-1.1764742136001587,0.2285696268081665,-0.8046074077117179,0.05749053719656208,165.58898375848756,5.609378171722245,-0.004959563080984891,0.03370403439853514,0.5,-0.2699718246100722,0.4950404369190151,-0.23626779021153704,0.3095669707927028,-0.17877725301497496,0.3095669707927028,0.3095669707927028,0.3095669707927028,0.3095669707927028,-0.10138551031679927,-0.10138551031679927,-0.10138551031679927,-0.10138551031679927,1.0
14500,48.28378705199975,2.7554752557713296,3.604343758981796,-0.2727075517177582,-0.037477318197488785,0.2683290398860007,-2.834457484394528,0.043408890445716684,-0.013437050357460976,-0.2727075517177582,0.037477318197488785,27.893354415893555,0.09125187993049622,0.043408890445716684,-0.013437050357460976,2.487146215885329,-0.7698862745872681,-0.2727075517177582,0.037477318197488785,27.893354415893555,0.09125187993049622,-0.21672083340275,0.20613028804187877,165.61646484548416,5.609311227593679,-0.004570800802147675,0.03679340599081442,-0.5,-0.19046347247316606,-0.5045708008021477,-0.15367006648235165,0.7212916342048976,0.05246022155952712,0.7212916342048976,0.7212916342048976,0.7212916342048976,0.7212916342048976,0.23278313011075152,0.23278313011075152,0.23278313011075152,0.23278313011075152,1.0
14550,48.4780029880003,-1.2518351500892329,3.480077858543523,-0.3221392333507538,-0.21773868799209595,0.2683290398860007,-2.834457484394528,-0.026531870285980405,-0.011268201246857644,-0.3221392333507538,0.21773868799209595,-21.381816864013672,-0.6105191707611084,-0.026531870285980405,-0.011268201246857644,-1.5201641899752336,-0.6456203741489949,-0.3221392333507538,0.21773868799209595,-21.381816864013672,-0.6105191707611084,1.0947958233042514,-0.11347961627780406,165.71369142915765,5.609434723549502,0.0027926212638306985,0.03085424755023981,0.5,-0.29990101459399,0.5027926212638307,-0.2690467670437502,-1.5975884445680821,-0.38252638332155425,-1.5975884445680821,-1.5975884445680821,-1.5975884445680821,-1.5975884445680821,-0.7819234944635748,-0.7819234944635748,-0.7819234944635748,-0.7819234944635748,1.0
14600,48.677970173000176,0.10260053372088618,0.4189430729972341,0.4767704904079437,-0.24745137989521027,0.2683290398860007,-2.834457484394528,-0.0028925080969929694,0.042158679608255624,0.4767704904079437,0.24745137989521027,2.6249475479125977,2.8595387935638428,-0.0028925080969929694,0.042158679608255624,-0.1657285061651145,2.415514411397294,0.4767704904079437,0.24745137989521027,2.6249475479125977,2.8595387935638428,-0.9361515785025349,-1.1561452536871815,165.77099343879217,5.605631421842667,0.00030438199459059933,-0.11548417038877473,-0.5,-0.2999698381021477,-0.4996956180054094,-0.41545400849092246,1.4358471965079445,-1.5715992621781039,1.4358471965079445,1.4358471965079445,1.4358471965079445,1.4358471965079445,-1.2126374630511179,-1.2126374630511179,-1.2126374630511179,-1.2126374630511179,1.0
14650,48.83175649900022,1.8617612245744397,2.0518419740813094,-0.04476834833621979,0.40390098094940186,0.2683290398860007,-2.834457484394528,0.027810638030059634,0.013659217432141303,-0.04476834833621979,-0.40390098094940186,22.636592864990234,6.663969993591309,0.027810638030059634,0.013659217432141303,1.593432184688439,0.7826155103132186,-0.04476834833621979,-0.40390098094940186,22.636592864990234,6.663969993591309,-0.33323618371633007,0.440081160759876,165.70796702266523,5.609297352972602,-0.0029272856246707543,-0.03740180009687963,-0.5,0.2999999422339704,-0.5029272856246707,0.26259814213709076,0.8361634693410007,0.7026793028969668,0.8361634693410007,0.8361634693410007,0.8361634693410007,0.8361634693410007,0.911720170232217,0.911720170232217,0.911720170232217,0.911720170232217,1.0
14700,48.88689809199968,1.3534603608110891,3.1963453971188467,-0.2385834902524948,0.30393365025520325,0.2683290398860007,-2.834457484394528,0.01893911436665803,-0.006316135600209244,-0.2385834902524948,-0.30393365025520325,16.311580657958984,5.657558917999268,0.01893911436665803,-0.006316135600209244,1.0851313209250883,-0.3618879127243187,-0.2385834902524948,-0.30393365025520325,16.311580657958984,5.657558917999268,0.15791503681188118,0.7592265706970069,165.7421326294349,5.6096354255005805,-0.001993215711167524,0.01729428352688254,-0.5,0.2999968502166448,-0.5019932157111675,0.31729113374352735,0.3440781788992863,1.0765177044405343,0.3440781788992863,0.3440781788992863,0.3440781788992863,0.3440781788992863,1.1625372491653558,1.1625372491653558,1.1625372491653558,1.1625372491653558,1.0
14750,48.94264667199968,0.3362752657601599,3.929348065353098,-0.4167311191558838,0.1616690456867218,0.2683290398860007,-2.834457484394528,0.001185885355807841,-0.019109445586800576,-0.4167311191558838,-0.1616690456867218,3.4432530403137207,3.314842462539673,0.001185885355807841,-0.019109445586800576,0.06794622587415923,-1.0948905809585698,-0.4167311191558838,-0.1616690456867218,3.4432530403137207,3.314842462539673,0.7713794418131781,0.6643180470037067,165.77156686676787,5.608885730874153,-0.0001247918097249326,0.05232794946891345,-0.5,0.29906889685296245,-0.5001247918097249,0.3513968463218759,-0.27125465000345317,1.0157148933255826,-0.27125465000345317,-0.27125465000345317,-0.27125465000345317,-0.27125465000345317,0.9479012308247193,0.9479012308247193,0.9479012308247193,0.9479012308247193,1.0
14800,48.998328568000034,-0.7728671740467368,4.191886876670048,-0.20071062445640564,-0.10318993031978607,0.2683290398860007,-2.834457484394528,-0.018172302092425527,-0.023691612258553506,-0.20071062445640564,0.10318993031978607,-4.5343828201293945,4.595061779022217,-0.018172302092425527,-0.023691612258553506,-1.0411962139327375,-1.35742939227552,-0.20071062445640564,0.10318993031978607,-4.5343828201293945,4.595061779022217,0.6685701012170284,0.19046965702151294,165.74447698906764,5.608433732262901,0.001912495843494102,0.06487853715890364,0.5,-0.29048052742124203,0.5019124958434941,-0.2256019902623384,-1.1704825970605226,-0.03513233324082546,-1.1704825970605226,-1.1704825970605226,-1.1704825970605226,-1.1704825970605226,-0.3277529825059561,-0.3277529825059561,-0.3277529825059561,-0.3277529825059561,1.0
14850,49.05427306999991,-0.5898936632580882,3.4574838062125326,0.09336201846599579,-0.18893621861934662,0.2683290398860007,-2.834457484394528,-0.014978811885230243,-0.010873860642313965,0.09336201846599579,0.18893621861934662,7.87343168258667,-0.7916810512542725,-0.014978811885230243,-0.010873860642313965,-0.858222703144089,-0.6230263218180047,0.09336201846599579,0.18893621861934662,7.87343168258667,-0.7916810512542725,0.011429970949463186,-0.20334073079001685,165.75319859027664,5.60945484808798,0.001576350284808033,0.029774412554496053,-0.5,-0.2996868400382492,-0.498423649715192,-0.26991242748375316,0.4869936787657288,-0.47325315827377,0.4869936787657288,0.4869936787657288,0.4869936787657288,0.4869936787657288,-0.35150473858233783,-0.35150473858233783,-0.35150473858233783,-0.35150473858233783,1.0
14900,49.10894419200031,-0.25968248490298895,3.093909421598169,-0.10799449682235718,0.11212033033370972,0.2683290398860007,-2.834457484394528,-0.009215539596043527,-0.004528290554881104,-0.10799449682235718,-0.11212033033370972,-5.835599422454834,0.37468796968460083,-0.009215539596043527,-0.004528290554881104,-0.5280115247889897,-0.2594519372036409,-0.10799449682235718,-0.11212033033370972,-5.835599422454834,0.37468796968460083,0.3646525136516072,0.2688247426771335,165.7646860634904,5.609680112326788,0.0009697864857864296,0.01239890574173584,0.5,0.2933080816537542,0.5009697864857864,0.30570698739549007,-0.8656223001373936,0.5745317300726236,-0.8656223001373936,-0.8656223001373936,-0.8656223001373936,-0.8656223001373936,0.35812615503827516,0.35812615503827516,0.35812615503827516,0.35812615503827516,1.0
14950,49.24313799399988,0.059015395749848924,2.129351174226026,0.10999185591936111,-0.1505529135465622,0.2683290398860007,-2.834457484394528,-0.0036532122595235705,0.012306426689028739,0.10999185591936111,0.1505529135465622,-3.914496660232544,1.362926721572876,-0.0036532122595235705,0.012306426689028739,-0.20931364413615178,0.7051063101685023,0.10999185591936111,0.1505529135465622,-3.914496660232544,1.362926721572876,-0.23670044927194872,-0.5251288910518316,165.77058321104144,5.609378311525268,0.0003844324115524737,-0.033697286447321194,0.5,-0.29854879896257175,0.5003844324115525,-0.3322460854098929,-0.2636839831396038,-0.8573749764617244,-0.2636839831396038,-0.2636839831396038,-0.2636839831396038,-0.2636839831396038,-0.9232959722466254,-0.9232959722466254,-0.9232959722466254,-0.9232959722466254,1.0
15000,49.395406444999935,0.9841059286116021,1.6445903439937126,0.0516178235411644,0.04056775942444801,0.2683290398860007,-2.834457484394528,0.012492663417942822,0.020767099261283874,0.0516178235411644,-0.04056775942444801,-1.7573983669281006,0.6110706329345703,0.012492663417942822,0.020767099261283874,0.7157768887256013,1.1898671404008156,0.0516178235411644,-0.04056775942444801,-1.7573983669281006,0.6110706329345703,-0.3108791331729204,-0.17986412650976025,165.75882521378156,5.608733386036251,-0.0013146816571750176,-0.05686806873523105,0.5,0.20110115088526473,0.498685318342825,0.14423308215003366,-0.1878061851699046,-0.03563104435972658,-0.1878061851699046,-0.1878061851699046,-0.1878061851699046,-0.1878061851699046,-0.08258259065220273,-0.08258259065220273,-0.08258259065220273,-0.08258259065220273,1.0
15050,49.544254637999984,1.2356397043500749,1.6793349826930386,-0.020945532247424126,0.030754828825592995,0.2683290398860007,-2.834457484394528,0.016882755984552203,0.020160690918564792,-0.020945532247424126,-0.030754828825592995,-1.5667855739593506,1.028790831565857,0.016882755984552203,0.020160690918564792,0.9673106644640741,1.1551225017014894,-0.020945532247424126,-0.030754828825592995,-1.5667855739593506,1.028790831565857,-0.23190317664761734,-0.19721520758518582,165.74820105944798,5.608790586347354,-0.0017767544414381512,-0.05520716170702011,0.5,0.1643114272668925,0.49822324555856184,0.10910426555987238,-0.2663200689109445,-0.08811094202531344,-0.2663200689109445,-0.2663200689109445,-0.2663200689109445,-0.2663200689109445,-0.15469095925304957,-0.15469095925304957,-0.15469095925304957,-0.15469095925304957,1.0
15100,49.69556053799988,0.6852035103186214,1.8362598595345507,-0.09933048486709595,-0.027251610532402992,0.2683290398860007,-2.834457484394528,0.007275832076556981,0.017421835139393806,-0.09933048486709595,0.027251610532402992,8.743993759155273,0.3458152413368225,0.007275832076556981,0.017421835139393806,0.41687447043262066,0.9981976248599773,-0.09933048486709595,0.027251610532402992,8.743993759155273,0.3458152413368225,0.052426635174427555,-0.23406464490275192,165.76732142756225,5.6090278191184995,-0.0007656555526799174,-0.04770599848334942,-0.5,-0.14903631141783902,-0.5007656555526799,-0.19674230990118843,0.44833902037825235,-0.4308069548039404,0.44833902037825235,0.44833902037825235,0.44833902037825235,0.44833902037825235,-0.3187221997093773,-0.3187221997093773,-0.3187221997093773,-0.3187221997093773,1.0
15150,49.85155598599977,-1.4032589498845347,2.564483956670732,-0.09747274965047836,-0.08190007507801056,0.2683290398860007,-2.834457484394528,-0.029174714158289136,0.004711926952004432,-0.09747274965047836,0.08190007507801056,-20.874011993408203,6.948638916015625,-0.029174714158289136,0.004711926952004432,-1.6715879897705355,0.26997352772379596,-0.09747274965047836,0.08190007507801056,-20.874011993408203,6.948638916015625,0.6333194230843587,-0.1994555448251451,165.70156384386596,5.609676201355228,0.0030709441095660155,-0.01290172563813178,0.5,-0.27815780083624664,0.503070944109566,-0.29105952647437844,-1.1363903671939246,-0.49051507129952354,-1.1363903671939246,-1.1363903671939246,-1.1363903671939246,-1.1363903671939246,-0.7746126630980047,-0.7746126630980047,-0.7746126630980047,-0.7746126630980047,1.0
15200,50.00680300499971,0.1281843346083846,1.5783266234305993,0.17725957930088043,0.0587146021425724,0.2683290398860007,-2.834457484394528,-0.0024459865363314747,0.02192361935973167,0.17725957930088043,-0.0587146021425724,-2.79229736328125,-0.22523081302642822,-0.0024459865363314747,0.02192361935973167,-0.1401447052776161,1.2561308609639288,0.17725957930088043,-0.0587146021425724,-2.79229736328125,-0.22523081302642822,-0.39049040709328453,-0.12272468110081802,165.77118982605018,5.608619597400186,0.00025739380823728766,-0.06003577637900013,0.5,0.24769297039884147,0.5002573938082373,0.18765719401984135,-0.10976698671495277,0.06493251291902333,-0.10976698671495277,-0.10976698671495277,-0.10976698671495277,-0.10976698671495277,0.037490766240285134,0.037490766240285134,0.037490766240285134,0.037490766240285134,1.0
15250,50.088519232999715,0.6934427995309195,1.978504098528767,-0.02282073348760605,0.06634438037872314,0.2683290398860007,-2.834457484394528,0.007419634801335633,0.014939204826951026,-0.02282073348760605,-0.06634438037872314,-5.888064384460449,0.9166675209999084,0.007419634801335633,0.014939204826951026,0.42511375964491877,0.8559533858657612,-0.02282073348760605,-0.06634438037872314,-5.888064384460449,0.9166675209999084,-0.0877494144657661,-0.07011126644417004,165.76714732739975,5.609212984889225,-0.0007807888486597926,-0.04090703955128588,0.5,0.2605459757738193,0.4992192111513402,0.21963893622253344,-0.4114697966855741,0.1495276697783634,-0.4114697966855741,-0.4114697966855741,-0.4114697966855741,-0.4114697966855741,0.04666022060696988,0.04666022060696988,0.04666022060696988,0.04666022060696988,1.0
15300,50.14876406900021,0.43637809134904365,2.1406598330574513,-0.0990196093916893,0.028570979833602905,0.2683290398860007,-2.834457484394528,0.002933009252883494,0.01210905335843563,-0.0990196093916893,-0.028570979833602905,-8.496634483337402,0.6824206709861755,0.002933009252883494,0.01210905335843563,0.16804905146304297,0.6937976513370768,-0.0990196093916893,-0.028570979833602905,-8.496634483337402,0.6824206709861755,0.13846196028352373,-0.09599566566059109,165.7709740006889,5.609389418305924,-0.00030864400243190126,-0.03315680251666433,0.5,0.15492032212743218,0.4996913559975681,0.12176351961076784,-0.6381533162810918,0.02576785395017675,-0.6381533162810918,-0.6381533162810918,-0.6381533162810918,-0.6381533162810918,-0.1337704751200962,-0.1337704751200962,-0.1337704751200962,-0.1337704751200962,1.0
15350,50.20910977400035,0.20302185023035482,1.9023622168785226,0.04192795604467392,-0.024502677842974663,0.2683290398860007,-2.834457484394528,-0.001139825484715402,0.016268131360411643,0.04192795604467392,0.024502677842974663,-4.977797985076904,-1.9537827968597412,-0.001139825484715402,0.016268131360411643,-0.06530718965564586,0.9320952675160055,0.04192795604467392,0.024502677842974663,-4.977797985076904,-1.9537827968597412,-0.05398937048809761,-0.32323961065374596,165.77157569209717,5.609117400875667,0.00011994488276503951,-0.04454640264146175,0.5,-0.13627768171634502,0.500119944882765,-0.18082408435780678,-0.4461305743946674,-0.5040636950115527,-0.4461305743946674,-0.4461305743946674,-0.4461305743946674,-0.4461305743946674,-0.6155963386102196,-0.6155963386102196,-0.6155963386102196,-0.6155963386102196,1.0
15400,50.27539696199983,0.2860077948723635,1.7848964100892317,0.029675116762518883,0.0536838173866272,0.2683290398860007,-2.834457484394528,0.0003085524821653963,0.018318296447396278,0.029675116762518883,-0.0536838173866272,-4.842594146728516,-1.4182485342025757,0.0003085524821653963,0.018318296447396278,0.017678754986362812,1.0495610743052963,0.029675116762518883,-0.0536838173866272,-4.842594146728516,-1.4182485342025757,-0.08834589866463664,-0.14806133900874113,165.77167488443277,5.608953976036718,-3.2469248211972416e-05,-0.05016116005261961,0.5,0.2372526822207068,0.499967530751788,0.1870915221680872,-0.41162163208715136,0.03903018315934606,-0.41162163208715136,-0.41162163208715136,-0.41162163208715136,-0.41162163208715136,-0.06387522486244178,-0.06387522486244178,-0.06387522486244178,-0.06387522486244178,1.0
15450,50.33714491499995,0.24260108892328622,1.8993078416590576,0.026613855734467506,0.005069939885288477,0.2683290398860007,-2.834457484394528,-0.0004490374540910124,0.016321440264582633,0.026613855734467506,-0.005069939885288477,-5.156406402587891,0.1511482149362564,-0.0004490374540910124,0.016321440264582633,-0.025727950962714474,0.9351496427354705,0.026613855734467506,-0.005069939885288477,-5.156406402587891,0.1511482149362564,-0.053746169561861776,-0.20928492941408527,165.7716661161078,5.609113396780108,4.725260663469268e-05,-0.04469239534015773,0.5,0.03031581093851774,0.5000472526066347,-0.01437658440163999,-0.44630108304477295,-0.22366151381572527,-0.44630108304477295,-0.44630108304477295,-0.44630108304477295,-0.44630108304477295,-0.3352367845769185,-0.3352367845769185,-0.3352367845769185,-0.3352367845769185,1.0
15500,50.392721961999996,0.25092842354285405,1.8901193162346863,0.01293235458433628,0.018462777137756348,0.2683290398860007,-2.834457484394528,-0.0003036980470642447,0.01648181028664112,0.01293235458433628,-0.018462777137756348,-4.211090087890625,0.15500730276107788,-0.0003036980470642447,0.01648181028664112,-0.01740061634314666,0.9443381681598417,0.01293235458433628,-0.018462777137756348,-4.211090087890625,0.15500730276107788,-0.0353088091770063,-0.1816968450111369,165.77167512929424,5.6091012722241205,3.1958411718929526e-05,-0.045131588616209674,0.5,0.10600211152187092,0.5000319584117189,0.060870522905661244,-0.4647231492347126,-0.12082632210547564,-0.4647231492347126,-0.4647231492347126,-0.4647231492347126,-0.4647231492347126,-0.2370071094141538,-0.2370071094141538,-0.2370071094141538,-0.2370071094141538,1.0
15550,50.44776563300002,0.18517863469414444,2.0103255229850334,-0.0174764022231102,0.052715498954057693,0.2683290398860007,-2.834457484394528,-0.0014512483449652786,0.014383816197514533,-0.0174764022231102,-0.052715498954057693,-4.734564304351807,0.07116115093231201,-0.0014512483449652786,0.014383816197514533,-0.08315040519185624,0.8241319614094949,-0.0174764022231102,-0.052715498954057693,-4.734564304351807,0.07116115093231201,0.02883747065254053,-0.09243709383028981,165.77150921336394,5.609250519799028,0.00015271623711745954,-0.039386098836043555,0.5,0.23504290460877886,0.5001527162371174,0.1956568057727353,-0.5289901868896579,0.1032197119424455,-0.5289901868896579,-0.5289901868896579,-0.5289901868896579,-0.5289901868896579,-0.02902783477996898,-0.02902783477996898,-0.02902783477996898,-0.02902783477996898,1.0
15600,50.599210606999804,0.24489795347511456,2.2423694606485807,0.016329897567629814,0.03512689843773842,0.2683290398860007,-2.834457484394528,-0.00040894960518926375,0.010333885475993156,0.016329897567629814,-0.03512689843773842,-5.430462837219238,-0.4197256863117218,-0.00040894960518926375,0.010333885475993156,-0.023431086410886124,0.5920880237459476,0.016329897567629814,-0.03512689843773842,-5.430462837219238,-0.4197256863117218,-0.06729000572527524,-0.060387295387509435,165.77166894975684,5.6094812420996405,4.303412651177471e-05,-0.028295792919455207,0.5,0.18179287671566982,0.5000430341265117,0.15349708379621463,-0.43275302840123653,0.0931097884087052,-0.43275302840123653,-0.43275302840123653,-0.43275302840123653,-0.43275302840123653,-0.015078468691603938,-0.015078468691603938,-0.015078468691603938,-0.015078468691603938,1.0
15650,50.75227254699985,0.4806363031081247,2.3918569018141835,0.008406230248510838,0.030226046219468117,0.2683290398860007,-2.834457484394528,0.003705460769124329,0.007724837437272071,0.008406230248510838,-0.030226046219468117,-5.1808905601501465,-1.1497559547424316,0.003705460769124329,0.007724837437272071,0.212307263222124,0.44260058258034446,0.008406230248510838,-0.030226046219468117,-5.1808905601501465,-1.1497559547424316,-0.11095605723344296,-0.028689536631909818,165.77055153542946,5.609589836724948,-0.0003899306416118848,-0.021151568396188397,0.5,0.1620776227933075,0.49961006935838814,0.1409260543971191,-0.3886540121249452,0.11223651776520929,-0.3886540121249452,-0.3886540121249452,-0.3886540121249452,-0.3886540121249452,0.01507301473397299,0.01507301473397299,0.01507301473397299,0.01507301473397299,1.0
15700,50.90314745999967,0.46539073391127445,2.4122157747392876,-0.03251105919480324,0.013874657452106476,0.2683290398860007,-2.834457484394528,0.0034393753902986646,0.007369508072733878,-0.03251105919480324,-0.013874657452106476,-5.406028747558594,-1.540988564491272,0.0034393753902986646,0.007369508072733878,0.19706169402527374,0.42224170965524055,-0.03251105919480324,-0.013874657452106476,-5.406028747558594,-1.540988564491272,-0.02731600565529932,-0.08531987212011347,165.7707081618207,5.609602198661395,-0.00036192989051751914,-0.020178605847127263,0.5,0.08117500478843541,0.49963807010948247,0.06099639894130815,-0.4723220644541831,-0.024323473178805316,-0.4723220644541831,-0.4723220644541831,-0.4723220644541831,-0.4723220644541831,-0.1424039892923511,-0.1424039892923511,-0.1424039892923511,-0.1424039892923511,1.0
15750,51.05407640799967,0.228138750325166,2.3413231069096097,0.0017781981732696295,0.0032355058938264847,0.2683290398860007,-2.834457484394528,-0.0007014528801664709,0.008606818541884421,0.0017781981732696295,-0.0032355058938264847,-6.27462911605835,-2.2006993293762207,-0.0007014528801664709,0.008606818541884421,-0.040190289560834674,0.4931343774849185,0.0017781981732696295,-0.0032355058938264847,-6.27462911605835,-2.2006993293762207,-0.01160006227556807,-0.09997137940241031,165.77164219113664,5.60955663734985,7.381451123234711e-05,-0.02356662556566359,0.5,0.019385983961474392,0.5000738145112323,-0.0041806416041891975,-0.48847375223566425,-0.10415202100659951,-0.48847375223566425,-0.48847375223566425,-0.48847375223566425,-0.48847375223566425,-0.22627045906551557,-0.22627045906551557,-0.22627045906551557,-0.22627045906551557,1.0
15800,51.205518271000074,0.2185025807058945,2.3460671001750066,-0.009147601202130318,0.04583750292658806,0.2683290398860007,-2.834457484394528,-0.0008696357673034071,0.008524020239710807,-0.009147601202130318,-0.04583750292658806,-8.064839363098145,-3.105475425720215,-0.0008696357673034071,0.008524020239710807,-0.049826459180106177,0.4883903842195215,-0.009147601202130318,-0.04583750292658806,-8.064839363098145,-3.105475425720215,0.0032074218293632745,-0.022759874755156187,165.77162042230952,5.60955990653859,9.151255420189613e-05,-0.023339904605025365,0.5,0.2173068975833715,0.5000915125542019,0.19396699297834613,-0.5032989343835652,0.17120711822318996,-0.5032989343835652,-0.5032989343835652,-0.5032989343835652,-0.5032989343835652,0.045382384627298655,0.045382384627298655,0.045382384627298655,0.045382384627298655,1.0
15850,51.2657743310001,0.26576340765713663,2.355977277773872,0.005083372816443443,3.2232142984867096e-05,0.2683290398860007,-2.834457484394528,-4.477872978895896e-05,0.00835105501115322,0.005083372816443443,-3.2232142984867096e-05,-7.78231954574585,-2.601442575454712,-4.477872978895896e-05,0.00835105501115322,-0.002565632228864084,0.47848020662065616,0.005083372816443443,-3.2232142984867096e-05,-7.78231954574585,-2.601442575454712,-0.024553462972827737,-0.11657206849166594,165.7716825627519,5.6095666338977646,4.712104848974541e-06,-0.022866286434935944,0.5,0.00019339283112014365,0.500004712104849,-0.022672893603815802,-0.47545124913202125,-0.13924496209548176,-0.47545124913202125,-0.47545124913202125,-0.47545124913202125,-0.47545124913202125,-0.2581077743784871,-0.2581077743784871,-0.2581077743784871,-0.2581077743784871,1.0
15900,51.33281267100028,0.2656584201790741,2.343254342897431,0.02870733104646206,-0.009384645149111748,0.2683290398860007,-2.834457484394528,-4.661110695451491e-05,0.008573112115263938,0.02870733104646206,0.009384645149111748,-8.256196975708008,-1.408698558807373,-4.661110695451491e-05,0.008573112115263938,-0.0026706197069265845,0.4912031414970974,0.02870733104646206,0.009384645149111748,-8.256196975708008,-1.408698558807373,-0.06779433825023755,-0.1295409594674704,165.77168254895554,5.609557972020236,4.9049274989203765e-06,-0.02347432952121142,0.5,-0.05565584109624642,0.5000049049274989,-0.07913017061745783,-0.4322105666772614,-0.20867113008492824,-0.4322105666772614,-0.4322105666772614,-0.4322105666772614,-0.4322105666772614,-0.3167237717542436,-0.3167237717542436,-0.3167237717542436,-0.3167237717542436,1.0
15950,51.398996122000426,0.35951530457624564,2.368350805785585,0.022377239540219307,0.025288507342338562,0.2683290398860007,-2.834457484394528,0.0015915005514398218,0.008135096207261085,0.022377239540219307,-0.025288507342338562,-8.133089065551758,-4.136126518249512,0.0015915005514398218,0.008135096207261085,0.09118626469024496,0.46610667860894334,0.022377239540219307,-0.025288507342338562,-8.133089065551758,-4.136126518249512,-0.08101630206206684,-0.048252922210472234,165.77147405503467,5.6095748398789915,-0.0001674751331778562,-0.022274943473088435,0.5,0.13999288738916735,0.49983252486682217,0.11771794391607891,-0.41881622280475533,0.06946502170560667,-0.41881622280475533,-0.41881622280475533,-0.41881622280475533,-0.41881622280475533,-0.03523903399558216,-0.03523903399558216,-0.03523903399558216,-0.03523903399558216,1.0
16000,51.46571359900008,0.42892528774750194,2.3812084234547224,0.0053711989894509315,0.03796776011586189,0.2683290398860007,-2.834457484394528,0.0028029332915320993,0.007910688444972037,0.0053711989894509315,-0.03796776011586189,-8.854278564453125,-3.5027246475219727,0.0028029332915320993,0.007910688444972037,0.16059624786150126,0.45324906093980594,0.0053711989894509315,-0.03796776011586189,-8.854278564453125,-3.5027246475219727,-0.06812234095893899,-0.03545372519865783,165.77103546935976,5.609583139139944,-0.0002949558838209513,-0.02166046700693465,0.5,0.1922091015701268,0.49970504411617905,0.17054863456319214,-0.43158270315724007,0.1350949093645343,-0.43158270315724007,-0.43158270315724007,-0.43158270315724007,-0.43158270315724007,0.027199233575224288,0.027199233575224288,0.027199233575224288,0.027199233575224288,1.0
16050,51.64607075300046,0.22621666572361568,2.453755277724013,-0.07788319140672684,-0.009826630353927612,0.2683290398860007,-2.834457484394528,-0.0007349995849654078,0.006644506976008414,-0.07788319140672684,0.009826630353927612,-8.32969856262207,-3.5840516090393066,-0.0007349995849654078,0.006644506976008414,-0.04211237416238502,0.38070220667051546,-0.07788319140672684,0.009826630353927612,-8.32969856262207,-3.5840516090393066,0.13946492335514468,-0.07244706808605493,165.7716382211077,5.609625616290616,7.734466208321954e-05,-0.018193419876198356,0.5,-0.05821222135143558,0.5000773446620832,-0.07640564122763394,-0.6395422680172279,-0.14885270931368888,-0.6395422680172279,-0.6395422680172279,-0.6395422680172279,-0.6395422680172279,-0.3087382763179959,-0.3087382763179959,-0.3087382763179959,-0.3087382763179959,1.0
16100,51.84757767599967,0.3979617724035863,2.48698073294154,0.00011612789239734411,0.018779747188091278,0.2683290398860007,-2.834457484394528,0.0022625180007889876,0.006064613386988632,0.00011612789239734411,-0.018779747188091278,-9.674003601074219,-3.312714099884033,0.0022625180007889876,0.006064613386988632,0.12963273251758564,0.34747675145298806,0.00011612789239734411,-0.018779747188091278,-9.674003601074219,-3.312714099884033,-0.021098139680173794,-0.050595405620105616,165.7712609960176,5.609642602877194,-0.00023808714790657116,-0.016605575034216002,0.5,0.10766274864840951,0.4997619128520934,0.0910571736141935,-0.47866377317191966,0.04046176799408789,-0.47866377317191966,-0.47866377317191966,-0.47866377317191966,-0.47866377317191966,-0.07920417529889202,-0.07920417529889202,-0.07920417529889202,-0.07920417529889202,1.0
16150,52.032516491000024,0.563367022790757,2.59589450255974,-0.042891740798950195,-0.002480332739651203,0.2683290398860007,-2.834457484394528,0.005149384220130742,0.004163709506392478,-0.042891740798950195,0.002480332739651203,-10.130423545837402,-6.873267650604248,0.005149384220130742,0.004163709506392478,0.29503798290475636,0.23856298183478825,-0.042891740798950195,0.002480332739651203,-10.130423545837402,-6.873267650604248,-0.032687506551135906,-0.0029762352885204235,165.76949817679986,5.609687416275021,-0.0005418789451905853,-0.011400638083796757,0.5,-0.014869801136128858,0.4994581210548094,-0.026270439219925616,-0.4667706145036735,-0.02924667450844604,-0.4667706145036735,-0.4667706145036735,-0.4667706145036735,-0.4667706145036735,-0.14593932813436442,-0.14593932813436442,-0.14593932813436442,-0.14593932813436442,1.0
16200,52.19481332800024,0.599129786563238,2.59327235024869,-0.006673620082437992,0.03502512723207474,0.2683290398860007,-2.834457484394528,0.005773562197573483,0.004209474697709083,-0.006673620082437992,-0.03502512723207474,-8.734376907348633,-6.9758782386779785,0.005773562197573483,0.004209474697709083,0.3308007466772373,0.24118513414583848,-0.006673620082437992,-0.03502512723207474,-8.734376907348633,-6.9758782386779785,-0.11500435206629578,-0.006122321263322968,165.76893648425448,5.609686533052966,-0.0006075636825098089,-0.011525948668783585,0.5,0.18140599956502343,0.4993924363174902,0.16988005089623984,-0.3843880842511944,0.16375772963291688,-0.3843880842511944,-0.3843880842511944,-0.3843880842511944,-0.3843880842511944,0.06766070857011827,0.06766070857011827,0.06766070857011827,0.06766070857011827,1.0
16250,52.39418194500013,0.6554039285783846,2.6966869638113833,0.018552260473370552,0.009723507799208164,0.2683290398860007,-2.834457484394528,0.006755731259472668,0.0024045491963624946,0.018552260473370552,-0.009723507799208164,-7.521585941314697,-7.831270217895508,0.006755731259472668,0.0024045491963624946,0.38707488869238393,0.1377705205831448,0.018552260473370552,-0.009723507799208164,-7.521585941314697,-7.831270217895508,-0.16081212090872662,0.005429425185662945,165.76792266028656,5.609714048047808,-0.0007109222185950596,-0.006583868963156926,0.5,0.05761654498207271,0.49928907778140497,0.05103267601891578,-0.3384769568726783,0.05646210120457872,-0.3384769568726783,-0.3384769568726783,-0.3384769568726783,-0.3384769568726783,-0.028157138013590856,-0.028157138013590856,-0.028157138013590856,-0.028157138013590856,1.0
16300,52.525783404999856,0.545484947213429,2.7347691104156127,-0.0038285544142127037,-0.04675915092229843,0.2683290398860007,-2.834457484394528,0.004837283124215901,0.0017398903518915168,-0.0038285544142127037,0.04675915092229843,-5.652767181396484,-5.448232650756836,0.004837283124215901,0.0017398903518915168,0.2771559073274283,0.09968837397891556,-0.0038285544142127037,0.04675915092229843,-5.652767181396484,-5.448232650756836,-0.08316035007677874,-0.10487151457023022,165.76975496002677,5.609720397109169,-0.0005090354625287288,-0.004763970892604409,0.5,-0.21990037518221853,0.49949096453747127,-0.22466434607482294,-0.4163306144606925,-0.32953586064505314,-0.4163306144606925,-0.4163306144606925,-0.4163306144606925,-0.4163306144606925,-0.43361851426022624,-0.43361851426022624,-0.43361851426022624,-0.43361851426022624,1.0
16350,52.58981275699989,0.47879423310548397,2.709025060216777,-0.047704264521598816,-0.04092152789235115,0.2683290398860007,-2.834457484394528,0.0036733105825260282,0.0021892087906598967,-0.047704264521598816,0.04092152789235115,-4.465213775634766,-4.158837795257568,0.0036733105825260282,0.0021892087906598967,0.2104651932194833,0.12543242417775105,-0.047704264521598816,0.04092152789235115,-4.465213775634766,-4.158837795257568,0.011015805652946492,-0.1318774335375983,165.77057107968565,5.609716328066994,-0.00038654740376131843,-0.005994246385404881,0.5,-0.20226442576073886,0.4996134525962387,-0.20825867214614374,-0.5106292582491851,-0.34013610568374203,-0.5106292582491851,-0.5106292582491851,-0.5106292582491851,-0.5106292582491851,-0.4677934202460383,-0.4677934202460383,-0.4677934202460383,-0.4677934202460383,1.0
16400,52.71690792499976,-0.03528937630111423,2.60188308435796,-0.05161895602941513,-0.11054189503192902,0.2683290398860007,-2.834457484394528,-0.005299141032155603,0.004059189036488532,-0.05161895602941513,0.11054189503192902,-7.667335510253906,-2.4716010093688965,-0.005299141032155603,0.004059189036488532,-0.30361841618711494,0.232574400036568,-0.05161895602941513,0.11054189503192902,-7.667335510253906,-2.4716010093688965,0.1670637275983399,-0.2504613080949189,165.76936926514355,5.609689397210395,0.000557638411574175,-0.0111144486268332,0.5,-0.29287712548503186,0.5005576384115742,-0.30399157411186506,-0.6676213660099141,-0.554452882206784,-0.6676213660099141,-0.6676213660099141,-0.6676213660099141,-0.6676213660099141,-0.7213582237092625,-0.7213582237092625,-0.7213582237092625,-0.7213582237092625,1.0
16450,52.86937619800028,0.15270416677998824,1.9375355566699728,0.06542064994573593,-0.089884914457798,0.2683290398860007,-2.834457484394528,-0.00201803473290056,0.015654240772128104,0.06542064994573593,0.089884914457798,8.33183479309082,1.0042665004730225,-0.00201803473290056,0.015654240772128104,-0.11562487310601245,0.8969219277245555,0.06542064994573593,0.089884914457798,8.33183479309082,1.0042665004730225,-0.10304016261760347,-0.4353842396977658,165.77134721467232,5.609162567010828,0.00021235984318107486,-0.04286520433975301,-0.5,-0.283970139374169,-0.4997876401568189,-0.326835343713922,0.6028278027744224,-0.7622195834116878,0.6028278027744224,0.6028278027744224,0.6028278027744224,0.6028278027744224,-0.6115126327180822,-0.6115126327180822,-0.6115126327180822,-0.6115126327180822,1.0
16500,53.02082062200043,-0.90376145290939,2.1244673755260552,-0.08423120528459549,-0.11823835968971252,0.2683290398860007,-2.834457484394528,-0.020456838230602445,0.012391665056347846,-0.08423120528459549,0.11823835968971252,2.245408773422241,7.005349159240723,-0.020456838230602445,0.012391665056347846,-1.1720904927953908,0.709990108868473,-0.08423120528459549,0.11823835968971252,2.245408773422241,7.005349159240723,0.4780428244108431,-0.4097506451374863,165.73720691961773,5.609373459391903,0.002152988574082634,-0.03393070240431088,-0.5,-0.29474802893298674,-0.49784701142591736,-0.32867873133729764,0.01980418701507425,-0.738429376474784,0.01980418701507425,0.01980418701507425,0.01980418701507425,0.01980418701507425,-0.7334783297210155,-0.7334783297210155,-0.7334783297210155,-0.7334783297210155,1.0
16550,53.168338907999896,-0.6738310852679915,1.8427237798103218,0.0869264081120491,0.19197885692119598,0.2683290398860007,-2.834457484394528,-0.016443796264939012,0.017309018447995185,0.0869264081120491,-0.19197885692119598,7.486806869506836,1.8346410989761353,-0.016443796264939012,0.017309018447995185,-0.9421601251539923,0.9917337045842065,0.0869264081120491,-0.19197885692119598,7.486806869506836,1.8346410989761353,0.06853694862759485,0.03661713808160577,165.74940622729366,5.609036849627585,0.0017305496138150314,-0.0473970285581747,-0.5,0.2997227087498361,-0.498269450386185,0.2523256801916614,0.4297325017585901,0.2889428182732672,0.4297325017585901,0.4297325017585901,0.4297325017585901,0.4297325017585901,0.39637594371291474,0.39637594371291474,0.39637594371291474,0.39637594371291474,1.0
16600,53.320543095000176,-0.7355828255540767,2.560653287763413,0.028537753969430923,-0.003718283958733082,0.2683290398860007,-2.834457484394528,-0.017521567451767625,0.004778784736990928,0.028537753969430923,0.003718283958733082,5.39038610458374,5.91128396987915,-0.017521567451767625,0.004778784736990928,-1.0039118654400776,0.27380419663111527,0.028537753969430923,0.003718283958733082,5.39038610458374,5.91128396987915,0.20443125540259952,-0.083614637710493,165.7463904829447,5.60967473886026,0.001843996848367131,-0.01308479094477008,-0.5,-0.02226866841310223,-0.4981560031516329,-0.03535345935787231,0.29372474774903334,-0.11896809706836531,0.29372474774903334,0.29372474774903334,0.29372474774903334,0.29372474774903334,-0.04553691013110697,-0.04553691013110697,-0.04553691013110697,-0.04553691013110697,1.0
16650,53.468913030000294,-0.3702904349200432,2.6522365195797635,0.005520697683095932,0.10523784160614014,0.2683290398860007,-2.834457484394528,-0.011146012502722442,0.003180355802178382,0.005520697683095932,-0.10523784160614014,4.974649906158447,3.2536072731018066,-0.011146012502722442,0.003180355802178382,-0.638619474806044,0.18222096481476463,0.005520697683095932,-0.10523784160614014,4.974649906158447,3.2536072731018066,0.12285288559741615,0.10357385488902338,165.76144774468207,5.609704061533384,0.0011729527649496768,-0.008708105471385069,-0.5,0.29121828573845243,-0.49882704723505034,0.28251018026706737,0.3759741616376342,0.38608403515609074,0.3759741616376342,0.3759741616376342,0.3759741616376342,0.3759741616376342,0.4800775755654993,0.4800775755654993,0.4800775755654993,0.4800775755654993,1.0
16700,53.623579092,-0.2969796933611956,2.83527939947717,0.024386223405599594,0.02280620113015175,0.2683290398860007,-2.834457484394528,-0.009866498685441911,-1.4345124363900064e-05,0.024386223405599594,-0.02280620113015175,4.022172927856445,4.3202009201049805,-0.009866498685441911,-1.4345124363900064e-05,-0.5653087332471963,-0.0008219150826417633,0.024386223405599594,-0.02280620113015175,4.022172927856445,4.3202009201049805,0.09497133197183433,0.0523620406024064,165.7636627129039,5.609727373958957,0.001038293661380201,3.927816734490968e-05,-0.5,0.12807597718430608,-0.4989617063386198,0.128115255351651,0.4039903743667855,0.1804772959540574,0.4039903743667855,0.4039903743667855,0.4039903743667855,0.4039903743667855,0.2814748895457538,0.2814748895457538,0.2814748895457538,0.2814748895457538,1.0
16750,53.69788252200033,-0.15145908465927574,2.858181877537869,0.053372982889413834,0.004659520927816629,0.2683290398860007,-2.834457484394528,-0.007326684934087098,-0.0004140687733888704,0.053372982889413834,-0.004659520927816629,7.058756351470947,4.24189567565918,-0.007326684934087098,-0.0004140687733888704,-0.4197881245452764,-0.023724393143341165,0.053372982889413834,-0.004659520927816629,7.058756351470947,4.24189567565918,-0.013629931862101971,0.032264445676272055,165.767260250051,5.609726979257586,0.0007710071259916155,0.0011337554726633219,-0.5,0.027876474926680852,-0.4992289928740084,0.029010230399344174,0.5128589247361104,0.06127467607561623,0.5128589247361104,0.5128589247361104,0.5128589247361104,0.5128589247361104,0.18948940725964383,0.18948940725964383,0.18948940725964383,0.18948940725964383,1.0
16800,53.75428285199996,0.001042505667684881,2.841453250156627,-0.03644963353872299,0.06523927301168442,0.2683290398860007,-2.834457484394528,-0.004665030068354099,-0.00012209914624691787,-0.03644963353872299,-0.06523927301168442,4.126937389373779,3.9023287296295166,-0.004665030068354099,-0.00012209914624691787,-0.26728653421831583,-0.0069957657620989995,-0.03644963353872299,-0.06523927301168442,4.126937389373779,3.9023287296295166,0.09146916886071954,0.1301305740593158,165.76988980886915,5.609727340071885,0.0004909087174902187,0.0003343178207813021,-0.5,0.25888500809639325,-0.49950909128250975,0.25921932591717456,0.4080399224217902,0.3893498999764904,0.4080399224217902,0.4080399224217902,0.4080399224217902,0.4080399224217902,0.4913598805819379,0.4913598805819379,0.4913598805819379,0.4913598805819379,1.0
16850,53.809271750000335,-0.14550489393074356,2.9896687820327266,0.006813917774707079,0.03654471039772034,0.2683290398860007,-2.834457484394528,-0.007222764701582491,-0.002708948180079461,0.006813917774707079,-0.03654471039772034,3.8604490756988525,3.217466115951538,-0.007222764701582491,-0.002708948180079461,-0.41383393381674427,-0.15521129763819844,0.006813917774707079,-0.03654471039772034,3.8604490756988525,3.217466115951538,0.0851888545696727,0.12541671559373452,165.76738481487703,5.6097104604313595,0.0007600709356365487,0.007417343197657478,-0.5,0.18708363356941984,-0.49923992906436343,0.1945009767670773,0.4140510744946907,0.3199176923608118,0.4140510744946907,0.4140510744946907,0.4140510744946907,0.4140510744946907,0.42343046098448445,0.42343046098448445,0.42343046098448445,0.42343046098448445,1.0
16900,53.863609809999616,-0.1626670915819361,2.966593628252073,0.026890859007835388,0.01955413818359375,0.2683290398860007,-2.834457484394528,-0.007522301557473838,-0.002306210771203042,0.026890859007835388,-0.01955413818359375,6.709917068481445,2.8720479011535645,-0.007522301557473838,-0.002306210771203042,-0.4309961314679368,-0.13213614385754505,0.026890859007835388,-0.01955413818359375,6.709917068481445,2.8720479011535645,0.043628097628006096,0.08684916162467743,165.7670209453882,5.609715115771965,0.0007915931586665256,0.006314608918918968,-0.5,0.11168798813289005,-0.4992084068413335,0.11800259705180902,0.4555803092133274,0.20485175867648645,0.4555803092133274,0.4555803092133274,0.4555803092133274,0.4555803092133274,0.3187468359798183,0.3187468359798183,0.3187468359798183,0.3187468359798183,1.0
16950,53.91918591800004,-0.08610794140229952,2.940968466033478,-0.00906603317707777,0.014519082382321358,0.2683290398860007,-2.834457484394528,-0.006186092314310372,-0.0018589673191308984,-0.00906603317707777,-0.014519082382321358,4.0409440994262695,3.499807119369507,-0.006186092314310372,-0.0018589673191308984,-0.3544369812883002,-0.10651098163894969,-0.00906603317707777,-0.014519082382321358,4.0409440994262695,3.499807119369507,0.0877000166512356,0.07206033968963522,165.76853001819833,5.609719409380983,0.0006509761259037149,0.005090014503390928,-0.5,0.08474581299215035,-0.4993490238740963,0.08983582749554128,0.4116490072228607,0.16189616718517652,0.4116490072228607,0.4116490072228607,0.4116490072228607,0.4116490072228607,0.2648084189908917,0.2648084189908917,0.2648084189908917,0.2648084189908917,1.0
17000,53.975778078000076,-0.18253639202198085,3.0320287614914996,-0.004318436607718468,0.007714991457760334,0.2683290398860007,-2.834457484394528,-0.007869086270220578,-0.0034482692927122194,-0.004318436607718468,-0.007714991457760334,5.3309760093688965,3.1877925395965576,-0.007869086270220578,-0.0034482692927122194,-0.45086543190798156,-0.19757127709697164,-0.004318436607718468,-0.007714991457760334,5.3309760093688965,3.1877925395965576,0.11055730255918826,0.09539557095171299,165.76658121546677,5.609699968337878,0.0008280877589828501,0.009441681241017102,-0.5,0.04592605011672362,-0.49917191224101715,0.05536773135774072,0.38861460968182887,0.1507633023094537,0.38861460968182887,0.38861460968182887,0.38861460968182887,0.38861460968182887,0.24791695472991093,0.24791695472991093,0.24791695472991093,0.24791695472991093,1.0
17050,54.02994623399991,-0.20425333867379342,3.046609080935361,0.018446527421474457,0.013616442680358887,0.2683290398860007,-2.834457484394528,-0.008248118492774665,-0.0037027438730001527,0.018446527421474457,-0.013616442680358887,4.3599066734313965,3.0632498264312744,-0.008248118492774665,-0.0037027438730001527,-0.4725823785597941,-0.21215159654083324,0.018446527421474457,-0.013616442680358887,4.3599066734313965,3.0632498264312744,0.079046291803307,0.08198538814759454,165.7660779307601,5.609695774068657,0.0008679762181907093,0.010138460756475318,-0.5,0.07973715143153796,-0.49913202378180926,0.08987561218801328,0.4200857319785023,0.1718610003356078,0.4200857319785023,0.4200857319785023,0.4200857319785023,0.4200857319785023,0.2768824333302334,0.2768824333302334,0.2768824333302334,0.2768824333302334,1.0
17100,54.086420822000036,-0.16744762369135,3.0608192895035726,0.03029133379459381,0.014704875648021698,0.2683290398860007,-2.834457484394528,-0.007605737582780421,-0.003950758799910546,0.03029133379459381,-0.014704875648021698,2.5986762046813965,3.1430091857910156,-0.007605737582780421,-0.003950758799910546,-0.4357766635773507,-0.22636180510904438,0.03029133379459381,-0.014704875648021698,2.5986762046813965,3.1430091857910156,0.04015696562334796,0.10536731663013006,165.76691695703835,5.609691399026494,0.0008003737023066984,0.010817553952440535,-0.5,0.08577053624580779,-0.4991996262976933,0.09658809019824832,0.45904266067434535,0.20195540682837837,0.45904266067434535,0.45904266067434535,0.45904266067434535,0.45904266067434535,0.3167160719969647,0.3167160719969647,0.3167160719969647,0.3167160719969647,1.0
17150,54.14204254000015,-0.04622400223420218,3.120175340938276,0.051658082753419876,0.030261296778917313,0.2683290398860007,-2.834457484394528,-0.005489986257161945,-0.004986717328429223,0.051658082753419876,-0.030261296778917313,2.7228572368621826,2.71225905418396,-0.005489986257161945,-0.004986717328429223,-0.31455304212020285,-0.2857178565437477,0.051658082753419876,-0.030261296778917313,2.7228572368621826,2.71225905418396,-0.03415189324540728,0.15544103113107444,165.76919962911774,5.609670058700679,0.0005777218005070403,0.013654137963970607,-0.5,0.16222733560541117,-0.499422278199493,0.17588147356938177,0.5335741714449003,0.3313225047004562,0.5335741714449003,0.5335741714449003,0.5335741714449003,0.5335741714449003,0.4647160475616813,0.4647160475616813,0.4647160475616813,0.4647160475616813,1.0
17200,54.294694848999825,0.7392758768217909,3.2863487208028084,-0.0577525720000267,0.1171330139040947,0.2683290398860007,-2.834457484394528,0.008219572906382382,-0.007886989936232568,-0.0577525720000267,-0.1171330139040947,4.59490442276001,2.668269634246826,0.008219572906382382,-0.007886989936232568,0.4709468369357902,-0.4518912364082804,-0.0577525720000267,-0.1171330139040947,4.59490442276001,2.668269634246826,-0.1094711959200902,0.3666662294505242,165.7661166582512,5.609584002029109,-0.0008649721393846843,0.021595575513705282,-0.5,0.2945127805178787,-0.5008649721393846,0.316108356031584,0.6103361680594749,0.6827745854821081,0.6103361680594749,0.6103361680594749,0.6103361680594749,0.6103361680594749,0.8353586274969769,0.8353586274969769,0.8353586274969769,0.8353586274969769,1.0
17250,54.44316885900025,0.16246673491954464,3.555469273158712,-0.02691425196826458,0.018650155514478683,0.2683290398860007,-2.834457484394528,-0.0018476457754150032,-0.012584029659628869,-0.02691425196826458,-0.018650155514478683,4.516366958618164,1.126364827156067,-0.0018476457754150032,-0.012584029659628869,-0.10586230496645604,-0.721011788764184,-0.02691425196826458,-0.018650155514478683,4.516366958618164,1.126364827156067,0.08682852455716335,0.2247534626551095,165.7714014796606,5.609362386101346,0.00019442959794368407,0.03445747318683558,-0.5,0.1069847115677667,-0.4998055704020563,0.1414421847546023,0.412977045844893,0.3661956474097118,0.412977045844893,0.412977045844893,0.412977045844893,0.412977045844893,0.469439908870935,0.469439908870935,0.469439908870935,0.469439908870935,1.0
17300,54.599493665999944,-0.21128855358082554,3.5227155278807394,-0.0245051309466362,0.0009836454410105944,0.2683290398860007,-2.834457484394528,-0.008370906156487763,-0.012012368962168701,-0.0245051309466362,-0.0009836454410105944,3.0389883518218994,0.2219960242509842,-0.008370906156487763,-0.012012368962168701,-0.47961759346682625,-0.6882580434862114,-0.0245051309466362,-0.0009836454410105944,3.0389883518218994,0.2219960242509842,0.1464360672957001,0.2152338281143034,165.76590981522347,5.609394793498383,0.0008808981554435048,0.032892044225009055,-0.5,0.005901111376424236,-0.4991191018445565,0.03879315560143329,0.3526830345488564,0.2540269837157367,0.3526830345488564,0.3526830345488564,0.3526830345488564,0.3526830345488564,0.34219774235295075,0.34219774235295075,0.34219774235295075,0.34219774235295075,1.0
17350,54.75051688300027,-0.3264709294130033,3.413744341984829,0.014843912795186043,-0.004661932121962309,0.2683290398860007,-2.834457484394528,-0.010381217855028808,-0.010110462978482254,0.014843912795186043,0.004661932121962309,1.7401034832000732,-0.5555552244186401,-0.010381217855028808,-0.010110462978482254,-0.594799969299004,-0.5792868575903009,0.014843912795186043,0.004661932121962309,1.7401034832000732,-0.5555552244186401,0.11007222641722195,0.2081925335211946,165.76280411158166,5.609491769905267,0.0010924635119218522,0.027683996334155556,-0.5,-0.027890817111689448,-0.4989075364880782,-0.00020682077753389136,0.38883531007085625,0.2079857127436607,0.38883531007085625,0.38883531007085625,0.38883531007085625,0.38883531007085625,0.30519454026137477,0.30519454026137477,0.30519454026137477,0.30519454026137477,1.0
17400,54.90637201499976,0.010450947320983223,3.683230309461328,0.010850857011973858,0.07080908119678497,0.2683290398860007,-2.834457484394528,-0.004500821784022264,-0.014813880398869515,0.010850857011973858,-0.07080908119678497,2.6405203342437744,-0.7405775785446167,-0.004500821784022264,-0.014813880398869515,-0.2578780925650175,-0.8487728250667997,0.010850857011973858,-0.07080908119678497,2.6405203342437744,-0.7405775785446167,0.03221409049087275,0.376255791555556,165.77001380809037,5.609221578921174,0.00047362857661859133,0.04056383499362989,-0.5,0.2666398942658166,-0.4995263714233814,0.30720372925944645,0.46731228093250865,0.6834595208150025,0.46731228093250865,0.46731228093250865,0.46731228093250865,0.46731228093250865,0.8002875910481296,0.8002875910481296,0.8002875910481296,0.8002875910481296,1.0
17450,55.000340563000464,-0.13060090089346008,3.8890862346299886,-0.04278033226728439,0.01688721589744091,0.2683290398860007,-2.834457484394528,-0.006962640951387584,-0.018406744077801705,-0.04278033226728439,-0.01688721589744091,1.798279881477356,-1.585750937461853,-0.006962640951387584,-0.018406744077801705,-0.39892994077946076,-1.0546287502354603,-0.04278033226728439,-0.01688721589744091,1.798279881477356,-1.585750937461853,0.16437143496695344,0.3549202462386653,165.76768881286202,5.6089464897005445,0.0007326965214304237,0.0504033970007645,-0.5,0.09763863903916577,-0.49926730347856957,0.14804203603993027,0.3348958685116161,0.5029622822785955,0.3348958685116161,0.3348958685116161,0.3348958685116161,0.3348958685116161,0.5866862494064995,0.5866862494064995,0.5866862494064995,0.5866862494064995,1.0
17500,55.05659345300046,-0.2820173368910629,3.876738533271075,-0.005892325192689896,0.014866520650684834,0.2683290398860007,-2.834457484394528,-0.009605356301181018,-0.018191236034035684,-0.005892325192689896,-0.014866520650684834,1.2356462478637695,-1.7336924076080322,-0.009605356301181018,-0.018191236034035684,-0.5503463767770636,-1.0422810488765466,-0.005892325192689896,-0.014866520650684834,1.2356462478637695,-1.7336924076080322,0.15063817197054105,0.3265572342265514,165.76408163224383,5.608964667512591,0.0010108108386484842,0.049813172914251316,-0.5,0.08666030374479601,-0.49898918916135154,0.13647347665904733,0.3483510171908105,0.4630307108855988,0.3483510171908105,0.3483510171908105,0.3483510171908105,0.3483510171908105,0.5501184651833014,0.5501184651833014,0.5501184651833014,0.5501184651833014,1.0
17550,55.19001660200047,-0.25771779166040537,3.8989814711900443,0.009133487939834595,0.10260588675737381,0.2683290398860007,-2.834457484394528,-0.00918124923016876,-0.0185794485360384,0.009133487939834595,-0.10260588675737381,0.5514277219772339,-2.081937551498413,-0.00918124923016876,-0.0185794485360384,-0.5260468315464061,-1.0645239867955163,0.009133487939834595,-0.10260588675737381,0.5514277219772339,-2.081937551498413,0.10343132432434116,0.42583033084700905,165.76473803443363,5.608931767807229,0.0009661777780724151,0.050876394957520735,-0.4999999997365372,0.29025917084605224,-0.4990338219584648,0.34113556580357296,0.39560249763412364,0.766965896650582,0.39560249763412364,0.39560249763412364,0.39560249763412364,0.39560249763412364,0.8658665210591129,0.8658665210591129,0.8658665210591129,0.8658665210591129,1.0
17600,55.34305075700013,0.3583114570546045,3.4569574547596185,0.22660508751869202,-0.19676220417022705,0.2683290398860007,-2.834457484394528,0.0015704894484952102,-0.010864674076437958,0.22660508751869202,0.19676220417022705,-3.6955554485321045,-1.3143950700759888,0.0015704894484952102,-0.010864674076437958,0.08998241716860382,-0.6224999703650905,0.22660508751869202,0.19676220417022705,-3.6955554485321045,-1.3143950700759888,-0.5252932824679029,-0.20564197216607888,165.77147952849205,5.609455308365915,-0.00016526411098708243,0.029749256780672792,0.5,-0.2997709787045726,0.4998347358890129,-0.2700217219238998,0.025458546578889962,-0.47566369408997866,0.025458546578889962,0.025458546578889962,0.025458546578889962,0.025458546578889962,-0.4692990574452562,-0.4692990574452562,-0.4692990574452562,-0.4692990574452562,1.0
17650,55.49359072700008,1.2576886222079338,3.656696732083121,-0.1513073593378067,0.22481906414031982,0.2683290398860007,-2.834457484394528,0.017267582197673617,-0.014350782111287118,-0.1513073593378067,-0.22481906414031982,3.9812240600585938,-1.2210227251052856,0.017267582197673617,-0.014350782111287118,0.9893595823219331,-0.8222392476885927,-0.1513073593378067,-0.22481906414031982,3.9812240600585938,-1.2210227251052856,0.012885805068757472,0.7179657230707843,165.74711840184432,5.609252707549231,-0.0018172617428251902,0.039295635026118596,-0.5,0.2999254255414352,-0.5018172617428251,0.3392210605675538,0.4889314566740677,1.0571867836383382,0.4889314566740677,0.4889314566740677,0.4889314566740677,0.4889314566740677,1.179419647806855,1.179419647806855,1.179419647806855,1.179419647806855,1.0
17700,55.64950676799981,-0.5558769733138976,4.390866082004975,-0.042227376252412796,-0.02714518830180168,0.2683290398860007,-2.834457484394528,-0.014385108645074071,-0.02716445453464985,-0.042227376252412796,0.02714518830180168,-12.508127212524414,-7.796080112457275,-0.014385108645074071,-0.02716445453464985,-0.8242060131998984,-1.5564085976104471,-0.042227376252412796,0.02714518830180168,-12.508127212524414,-7.796080112457275,0.3722301189843575,0.41472628698483854,165.75463480849422,5.608026702606243,0.0015138610251329942,0.07439198670724587,0.5,-0.1485548584571318,0.501513861025133,-0.07416287174988592,-0.8737439800094904,0.3405634152349526,-0.8737439800094904,-0.8737439800094904,-0.8737439800094904,-0.8737439800094904,0.12212742023258,0.12212742023258,0.12212742023258,0.12212742023258,1.0
17750,55.802473112999905,0.9140910468119765,3.334540828039126,0.14275424182415009,-0.07873089611530304,0.2683290398860007,-2.834457484394528,0.011270673205144703,-0.0087281008809805,0.14275424182415009,0.07873089611530304,-3.9774670600891113,-6.189161777496338,0.011270673205144703,-0.0087281008809805,0.6457620069259757,-0.5000833436445983,0.14275424182415009,0.07873089611530304,-3.9774670600891113,-6.189161777496338,-0.5057945872817103,0.025860398230044684,165.76121752393425,5.609551791619991,-0.0011860725527796624,0.023898725175725694,0.5,-0.2753271608327698,0.49881392744722036,-0.2514284356570441,0.006980659834489977,-0.2255680374269994,0.006980659834489977,0.006980659834489977,0.006980659834489977,0.006980659834489977,-0.2238228724683769,-0.2238228724683769,-0.2238228724683769,-0.2238228724683769,1.0
17800,55.91594765300033,1.988821739600306,3.5306910543971983,0.022840674966573715,0.0009590028785169125,0.2683290398860007,-2.834457484394528,0.03002826236654073,-0.012151568159461022,0.022840674966573715,-0.0009590028785169125,-4.873191833496094,-2.5627362728118896,0.03002826236654073,-0.012151568159461022,1.720492699714305,-0.6962335700026703,0.022840674966573715,-0.0009590028785169125,-4.873191833496094,-2.5627362728118896,-0.516336590444031,0.22552758203671175,165.69740128164355,5.609387041046005,-0.003160841775773947,0.03327322419796752,0.5,0.005753311789296049,0.49683915822422603,0.03902653598726357,0.01949743221980499,0.2645541180239753,0.01949743221980499,0.01949743221980499,0.01949743221980499,0.01949743221980499,0.26942847607892656,0.26942847607892656,0.26942847607892656,0.26942847607892656,1.0
17850,55.97152089300016,2.059926143294254,3.5624108797895606,0.04617994651198387,-0.04272981360554695,0.2683290398860007,-2.834457484394528,0.031269268323667346,-0.012705183550715447,0.04617994651198387,0.04272981360554695,-3.7095561027526855,-2.218263626098633,0.031269268323667346,-0.012705183550715447,1.7915971034082536,-0.7279533953950327,0.04617994651198387,0.04272981360554695,-3.7095561027526855,-2.218263626098633,-0.5763616312760655,0.13345068472670818,165.69113512272398,5.609355324448605,-0.0032915555700910783,0.03478924167776501,0.5,-0.20803891450789383,0.4967084444299089,-0.17324967283012882,0.07965318684615663,-0.03979898810342064,0.07965318684615663,0.07965318684615663,0.07965318684615663,0.07965318684615663,-0.019885691391881483,-0.019885691391881483,-0.019885691391881483,-0.019885691391881483,1.0
17900,56.02527881900005,2.318409743234921,3.581898476708665,0.05834393575787544,-0.06668003648519516,0.2683290398860007,-2.834457484394528,0.035780658205039804,-0.013045306280255319,0.05834393575787544,0.06668003648519516,-1.178770661354065,-3.819277048110962,0.035780658205039804,-0.013045306280255319,2.0500807033489203,-0.7474409923141369,0.05834393575787544,0.06668003648519516,-1.178770661354065,-3.819277048110962,-0.6695826867933035,0.09279753473250837,165.66621905371198,5.609335138256824,-0.0037668230027713646,0.03572063967905811,0.5,-0.2610379865986091,0.49623317699722863,-0.225317346919551,0.17334950979607483,-0.13251981218704262,0.17334950979607483,0.17334950979607483,0.17334950979607483,0.17334950979607483,-0.08918243473802391,-0.08918243473802391,-0.08918243473802391,-0.08918243473802391,1.0
17950,56.08025464500042,2.481093963650635,3.5751878158491275,0.014418277889490128,-0.04463477432727814,0.2683290398860007,-2.834457484394528,0.038620033492334185,-0.012928183153271676,0.014418277889490128,0.04463477432727814,-1.5220551490783691,-2.399665594100952,0.038620033492334185,-0.012928183153271676,2.212764923764634,-0.7407303314545993,0.014418277889490128,0.04463477432727814,-1.5220551490783691,-2.399665594100952,-0.6275093048373691,0.13170654946637267,165.64881894208173,5.609342149677028,-0.004066023263227904,0.0353999069943837,0.5,-0.213816759738869,0.4959339767367721,-0.1784168527444853,0.13157532810059702,-0.046710303278112625,0.13157532810059702,0.13157532810059702,0.13157532810059702,0.13157532810059702,-0.01381647125296337,-0.01381647125296337,-0.01381647125296337,-0.01381647125296337,1.0
18000,56.144354295000085,2.6099077028590787,3.646425408231891,0.0417013093829155,-0.0703897476196289,0.2683290398860007,-2.834457484394528,0.040868257363326846,-0.014171513691544534,0.0417013093829155,0.0703897476196289,-0.12875023484230042,-0.9884110689163208,0.040868257363326846,-0.014171513691544534,2.341578662973078,-0.8119679238373629,0.0417013093829155,0.0703897476196289,-0.12875023484230042,-0.9884110689163208,-0.7159028596931715,0.10108920945835509,165.63409985541608,5.609264492256352,-0.0043029766350140405,0.03880470974183083,0.49423408829222365,-0.2661074893276312,0.4899311116572096,-0.22730277958580034,0.22597174803596187,-0.12621357012744525,0.22597174803596187,0.22597174803596187,0.22597174803596187,0.22597174803596187,-0.06972063311845478,-0.06972063311845478,-0.06972063311845478,-0.06972063311845478,1.0
18050,56.21162915500008,2.695300435409871,3.7063137875350325,-0.08005249500274658,0.16827510297298431,0.2683290398860007,-2.834457484394528,0.0423586417036131,-0.015216763094067574,-0.08005249500274658,-0.16827510297298431,4.701088905334473,-0.0034072846174240112,0.0423586417036131,-0.015216763094067574,2.42697139552387,-0.8718563031405041,-0.08005249500274658,-0.16827510297298431,4.701088905334473,-0.0034072846174240112,-0.48246463601454403,0.5409394410203716,165.62388366019889,5.609193693823157,-0.004460080547826741,0.04166714422709814,-0.5,0.299284852945176,-0.5044600805478268,0.34095199717227415,0.9869247165623708,0.8818914381926457,0.9869247165623708,0.9869247165623708,0.9869247165623708,0.9869247165623708,1.1286226173332383,1.1286226173332383,1.1286226173332383,1.1286226173332383,1.0
18100,56.278781128000446,1.6187253781022264,4.096773931156682,-0.21908389031887054,-0.0564127042889595,0.2683290398860007,-2.834457484394528,0.02356886230874807,-0.02203157819807531,-0.21908389031887054,0.0564127042889595,6.921497821807861,0.8496044278144836,0.02356886230874807,-0.02203157819807531,1.3503963382162258,-1.2623164467621544,-0.21908389031887054,0.0564127042889595,6.921497821807861,0.8496044278144836,0.08344277235542619,0.2559896296869838,165.72592023070158,5.608608660890994,-0.0024806271488563383,0.06033148146318702,-0.5,-0.24312626405750792,-0.5024806271488563,-0.18279478259432091,0.41903785479343014,0.07319484709266288,0.41903785479343014,0.41903785479343014,0.41903785479343014,0.41903785479343014,0.17795431079102042,0.17795431079102042,0.17795431079102042,0.17795431079102042,1.0
18150,56.336548672999925,0.7649184346784286,4.038762573214825,-0.20955567061901093,-0.09010486304759979,0.2683290398860007,-2.834457484394528,0.00866711996961385,-0.021019088998436943,-0.20955567061901093,0.09010486304759979,4.516440391540527,1.469497799873352,0.00866711996961385,-0.021019088998436943,0.4965893947924279,-1.2043050888202975,-0.20955567061901093,0.09010486304759979,4.516440391540527,1.469497799873352,0.2657991907972548,0.17122886793113065,165.76549402725965,5.608709118300477,-0.0009120712357581044,0.057558258713686965,-0.5,-0.2841068313137957,-0.5009120712357581,-0.22654857260010874,0.2351128804385033,-0.05531970466897809,0.2351128804385033,0.2351128804385033,0.2351128804385033,0.2351128804385033,0.003458515440647736,0.003458515440647736,0.003458515440647736,0.003458515440647736,1.0
18200,56.390809403000276,0.04068035656759802,3.856966416284357,-0.1628110110759735,-0.10390615463256836,0.2683290398860007,-2.834457484394528,-0.003973219061736017,-0.017846147492527963,-0.1628110110759735,0.10390615463256836,2.7439301013946533,2.7249701023101807,-0.003973219061736017,-0.017846147492527963,-0.22764868331840268,-1.022508931889829,-0.1628110110759735,0.10390615463256836,2.7439301013946533,2.7249701023101807,0.36295306550402795,0.0938672358730003,165.77038214806817,5.60899332944935,0.0004181074923543201,0.04886806642361829,-0.5,-0.2907452339913814,-0.4995818925076457,-0.24187716756776312,0.13662882700361773,-0.14800993169476281,0.13662882700361773,0.13662882700361773,0.13662882700361773,0.13662882700361773,-0.11385272494385838,-0.11385272494385838,-0.11385272494385838,-0.11385272494385838,1.0
18250,56.44897756899991,-0.28405670864726706,3.437409880241865,0.0006074311677366495,-0.1516730636358261,0.2683290398860007,-2.834457484394528,-0.00964095005299896,-0.010523504540324212,0.0006074311677366495,0.1516730636358261,5.464366436004639,4.648128509521484,-0.00964095005299896,-0.010523504540324212,-0.5523857485332677,-0.6029523958473368,0.0006074311677366495,0.1516730636358261,5.464366436004639,4.648128509521484,0.11520835194206741,-0.10672677363562938,165.76402519483827,5.609472126624011,0.001014556743981091,0.028815027373158053,-0.5,-0.2986122392232438,-0.4989854432560189,-0.26979721185008576,0.3837770913139515,-0.37652398548571514,0.3837770913139515,0.3837770913139515,0.3837770913139515,0.3837770913139515,-0.28057971265722725,-0.28057971265722725,-0.28057971265722725,-0.28057971265722725,1.0
18300,56.50436281400016,-0.24225821876303688,3.1004461260772826,0.022450750693678856,-0.06641314923763275,0.2683290398860007,-2.834457484394528,-0.0089114287821576,-0.0046423775702715,0.022450750693678856,0.06641314923763275,7.249854564666748,2.159973621368408,-0.0089114287821576,-0.0046423775702715,-0.5105872586490375,-0.2659886416827547,0.022450750693678856,0.06641314923763275,7.249854564666748,2.159973621368408,0.06028798255161952,-0.02267706822662721,165.7651402180453,5.609677700862028,0.0009377820337817727,0.012711290479355817,-0.5,-0.2606472466057751,-0.49906221796621825,-0.24793595612641928,0.4387742354145987,-0.27061302435304646,0.4387742354145987,0.4387742354145987,0.4387742354145987,0.4387742354145987,-0.16091946549939679,-0.16091946549939679,-0.16091946549939679,-0.16091946549939679,1.0
18350,56.56069577800008,-0.18390717897189068,3.109324518224653,-0.020294729620218277,0.022107601165771484,0.2683290398860007,-2.834457484394528,-0.007893011015839875,-0.0047973347455263216,-0.020294729620218277,-0.022107601165771484,5.329079627990723,-0.6712564826011658,-0.007893011015839875,-0.0047973347455263216,-0.4522362188578914,-0.274867033830125,-0.020294729620218277,-0.022107601165771484,5.329079627990723,-0.6712564826011658,0.14459754121907392,0.1452972394446505,165.7665501477442,5.6096743294325275,0.0008306055358238358,0.013135583294731181,-0.5,0.12462799841048094,-0.4991693944641762,0.13776358170521213,0.35457185324510226,0.28306082114986264,0.35457185324510226,0.35457185324510226,0.35457185324510226,0.35457185324510226,0.3717037844611382,0.3717037844611382,0.3717037844611382,0.3717037844611382,1.0
18400,56.616947319000246,-0.2177287949781261,3.075733220999707,-0.0005632028914988041,-0.04894343763589859,0.2683290398860007,-2.834457484394528,-0.008483309573493898,-0.0042110560089349755,-0.0005632028914988041,0.04894343763589859,6.248337745666504,7.712893962860107,-0.008483309573493898,-0.0042110560089349755,-0.4860578348641268,-0.2412757366051788,-0.0005632028914988041,0.04894343763589859,6.248337745666504,7.712893962860107,0.1179483547583145,-0.0344188637101349,165.76575373944746,5.609686502362692,0.000892727297640858,0.01153027848928458,-0.5,-0.22577273397952674,-0.49910727270235916,-0.21424245549024215,0.38115891794404466,-0.24866131920037704,0.38115891794404466,0.38115891794404466,0.38115891794404466,0.38115891794404466,-0.15337158971436587,-0.15337158971436587,-0.15337158971436587,-0.15337158971436587,1.0
18450,56.673964343999614,-0.25100262180879856,3.0194242877084756,0.017910461872816086,0.013997943140566349,0.2683290398860007,-2.834457484394528,-0.009064047406427562,-0.003228279724717141,0.017910461872816086,-0.013997943140566349,7.088342666625977,-1.4425705671310425,-0.009064047406427562,-0.003228279724717141,-0.5193316616947993,-0.1849668033139474,0.017910461872816086,-0.013997943140566349,7.088342666625977,-1.4425705671310425,0.08005761437182052,0.12551513707905626,165.76491420439353,5.609703353648835,0.00095384351060597,0.008839326223553599,-0.5,0.08186010201869166,-0.49904615648939404,0.09069942824224526,0.4189885421175735,0.2162145653213015,0.4189885421175735,0.4189885421175735,0.4189885421175735,0.4189885421175735,0.32096170085069486,0.32096170085069486,0.32096170085069486,0.32096170085069486,1.0
18500,56.775253738000174,-0.19282468462442992,3.0290983968941525,0.016978992149233818,0.04963429644703865,0.2683290398860007,-2.834457484394528,-0.00804865085054189,-0.003397124782204629,0.016978992149233818,-0.04963429644703865,6.892604827880859,2.0479865074157715,-0.00804865085054189,-0.003397124782204629,-0.46115372451043063,-0.19464091249962423,0.016978992149233818,-0.04963429644703865,6.892604827880859,2.0479865074157715,0.08325783842447951,0.12274890296765406,165.76634573765105,5.609700775279058,0.0008469846827968236,0.009301642030990568,-0.5,0.22755158482253862,-0.4991530153172032,0.2368532268535292,0.4158951768927237,0.3596021298211832,0.4158951768927237,0.4158951768927237,0.4158951768927237,0.4158951768927237,0.46357592404436415,0.46357592404436415,0.46357592404436415,0.46357592404436415,1.0
18550,56.92698076099987,-0.14937746444779534,3.0229343646116273,0.014125685207545757,0.031539540737867355,0.2683290398860007,-2.834457484394528,-0.007290353807620704,-0.003289542123675347,0.014125685207545757,-0.031539540737867355,6.736258029937744,3.915336847305298,-0.007290353807620704,-0.003289542123675347,-0.417706504333796,-0.18847688021709927,0.014125685207545757,-0.031539540737867355,6.736258029937744,3.915336847305298,0.05518843490367196,0.13749170353838902,165.76730400094954,5.609702433324381,0.0007671837674500693,0.009007069173709898,-0.5,0.1675789537996371,-0.49923281623254995,0.176586022973347,0.44404438132887797,0.31407772651173604,0.44404438132887797,0.44404438132887797,0.44404438132887797,0.44404438132887797,0.4250888218439555,0.4250888218439555,0.4250888218439555,0.4250888218439555,1.0
18600,57.077553660000376,-0.027823530973620676,3.063007724802327,0.02189960889518261,-0.023481326177716255,0.2683290398860007,-2.834457484394528,-0.005168837449746206,-0.003988954201340676,0.02189960889518261,0.023481326177716255,6.875540733337402,4.530617713928223,-0.005168837449746206,-0.003988954201340676,-0.2961525708596214,-0.22855024040779878,0.02189960889518261,0.023481326177716255,6.875540733337402,4.530617713928223,-0.008963481589048874,0.0524451504039381,165.76948164016179,5.6096907000541565,0.0005439260795276063,0.010922137409002136,-0.5,-0.13136925103396013,-0.4994560739204724,-0.120447113624958,0.5084195555095213,-0.0680019632210199,0.5084195555095213,0.5084195555095213,0.5084195555095213,0.5084195555095213,0.05910292565636044,0.05910292565636044,0.05910292565636044,0.05910292565636044,1.0
18650,57.230479435000234,0.03458865158611315,3.0829781307183866,0.010385031811892986,0.053526926785707474,0.2683290398860007,-2.834457484394528,-0.004079539370723069,-0.004337503537535675,0.010385031811892986,-0.053526926785707474,6.166815757751465,3.219942331314087,-0.004079539370723069,-0.004337503537535675,-0.23374038829988755,-0.24852064632385865,0.010385031811892986,-0.053526926785707474,6.166815757751465,3.219942331314087,0.018943454899898658,0.18034611093115172,165.77031161182757,5.609684010941181,0.000429295851081053,0.011876507182951319,-0.5,0.23689920857084826,-0.49957070414891896,0.2487757157537996,0.4806272492490203,0.4291218266849513,0.4806272492490203,0.4806272492490203,0.4806272492490203,0.4806272492490203,0.5492786389972064,0.5492786389972064,0.5492786389972064,0.5492786389972064,1.0
18700,57.38012081600027,-0.024840279100952323,3.1871722396201076,-0.017990365624427795,0.017088091000914574,0.2683290398860007,-2.834457484394528,-0.005116769882151857,-0.006156033799052239,-0.017990365624427795,-0.017088091000914574,5.993230819702148,2.7483417987823486,-0.005116769882151857,-0.006156033799052239,-0.29316931898695303,-0.35271475522557966,-0.017990365624427795,-0.017088091000914574,5.993230819702148,2.7483417987823486,0.07164838971581446,0.1551906635991529,165.7695257614208,5.609640027861244,0.0005384468203068777,0.016855898724333383,-0.5,0.09871480983565821,-0.4994615531796931,0.11557070855999159,0.42781316346387865,0.2707613721591445,0.42781316346387865,0.42781316346387865,0.42781316346387865,0.42781316346387865,0.37771466302511414,0.37771466302511414,0.37771466302511414,0.37771466302511414,1.0
18750,57.535690704000444,-0.22113069609225525,3.15002988435699,0.029862679541110992,0.05609229952096939,0.2683290398860007,-2.834457484394528,-0.008542683948762715,-0.005507777407765389,0.029862679541110992,-0.05609229952096939,5.176071643829346,2.3702995777130127,-0.008542683948762715,-0.005507777407765389,-0.4894597359782559,-0.31557239996246184,0.029862679541110992,-0.05609229952096939,5.176071643829346,2.3702995777130127,0.07393512846685202,0.18776503016333806,165.76567045596963,5.609657455159543,0.0008989757637354271,0.015080873463066972,-0.5,0.24246301662729217,-0.49910102423626457,0.25754389009035916,0.42516589576941255,0.4453089202536972,0.42516589576941255,0.42516589576941255,0.42516589576941255,0.42516589576941255,0.5516003941960503,0.5516003941960503,0.5516003941960503,0.5516003941960503,1.0
18800,57.72416039000018,-0.10573447664211794,3.281318286479094,-0.01793443039059639,0.020136550068855286,0.2683290398860007,-2.834457484394528,-0.006528639975003898,-0.007799192294478417,-0.01793443039059639,-0.020136550068855286,5.298649787902832,1.418988823890686,-0.006528639975003898,-0.007799192294478417,-0.37406351652811864,-0.446860802084566,-0.01793443039059639,-0.020136550068855286,5.298649787902832,1.418988823890686,0.11294747246687703,0.21866933130042868,165.7681711971752,5.60958717627744,0.0006870241594909237,0.02135516728897009,-0.5,0.11468498548968935,-0.4993129758405091,0.13604015277865944,0.38636550337363207,0.3547094840790881,0.38636550337363207,0.38636550337363207,0.38636550337363207,0.38636550337363207,0.45130085992249613,0.45130085992249613,0.45130085992249613,0.45130085992249613,1.0
18850,57.88952471799985,-0.2553142054027956,3.1506975353483586,0.022202352061867714,0.004230591934174299,0.2683290398860007,-2.834457484394528,-0.00913929873611778,-0.005519430115818978,0.022202352061867714,-0.004230591934174299,4.315774917602539,0.05649803951382637,-0.00913929873611778,-0.005519430115818978,-0.5236432452887962,-0.3162400509538306,0.022202352061867714,-0.004230591934174299,4.315774917602539,0.05649803951382637,0.0696925752776149,0.135281181939216,165.76480135168399,5.609657158993367,0.0009617629238519131,0.015112780276762681,-0.5,0.025323149573788863,-0.4990382370761481,0.04043592985055154,0.4293456617985332,0.17571711178976757,0.4293456617985332,0.4293456617985332,0.4293456617985332,0.4293456617985332,0.28305352723940086,0.28305352723940086,0.28305352723940086,0.28305352723940086,1.0
18900,58.04114478199972,0.06320230171106674,3.1829703926200805,0.04111108556389809,0.026399068534374237,0.2683290398860007,-2.834457484394528,-0.0035801369650289416,-0.006082697734236718,0.04111108556389809,-0.026399068534374237,3.592799425125122,0.12305200099945068,-0.0035801369650289416,-0.006082697734236718,-0.20512673817493396,-0.3485129082255524,0.04111108556389809,-0.026399068534374237,3.592799425125122,0.12305200099945068,-0.03562627673532621,0.17311110677302063,165.7706267583824,5.609642096556629,0.00037674253480919395,0.016655092849224815,-0.5,0.1451509585792389,-0.4996232574651908,0.16180605142846372,0.535249534200517,0.3349171582014844,0.535249534200517,0.535249534200517,0.535249534200517,0.535249534200517,0.46872954175161363,0.46872954175161363,0.46872954175161363,0.46872954175161363,1.0
18950,58.24223732900009,0.257324415452895,3.4853699744898137,-0.07620518654584885,0.041278351098299026,0.2683290398860007,-2.834457484394528,-0.00019206692930310958,-0.011360566094517709,-0.07620518654584885,-0.041278351098299026,4.134162425994873,-1.095637559890747,-0.00019206692930310958,-0.011360566094517709,-0.011004624433105736,-0.6509124900952854,-0.07620518654584885,-0.041278351098299026,4.134162425994873,-1.095637559890747,0.11503999810188362,0.28618528476919836,165.77167968875722,5.609429906250591,2.0211370969900357e-05,0.031107174058186422,-0.5,0.20342655648105554,-0.4999797886290301,0.23453373053924195,0.38493979052714644,0.5207190153084403,0.38493979052714644,0.38493979052714644,0.38493979052714644,0.38493979052714644,0.616953962940227,0.616953962940227,0.616953962940227,0.616953962940227,1.0
19000,58.42913160500029,-0.0692694173445289,3.6178210028747007,-0.061171915382146835,0.02830827236175537,0.2683290398860007,-2.834457484394528,-0.005892204628325999,-0.013672272637486459,-0.061171915382146835,-0.02830827236175537,3.3462390899658203,-1.6713060140609741,-0.005892204628325999,-0.013672272637486459,-0.3375984572305296,-0.7833635184801726,-0.061171915382146835,-0.02830827236175537,3.3462390899658203,-1.6713060140609741,0.1653031305838975,0.3233333758871186,165.768822458371,5.609296530580853,0.0006200489500678115,0.03743755124766686,-0.5,0.15376128051187254,-0.4993799510499322,0.1911988317595394,0.3340768204660347,0.514532207646658,0.3340768204660347,0.3340768204660347,0.3340768204660347,0.3340768204660347,0.5980514127631666,0.5980514127631666,0.5980514127631666,0.5980514127631666,1.0
19050,58.57741624400023,-0.12286584506055286,3.758769213473907,-0.0001540375524200499,0.07030164450407028,0.2683290398860007,-2.834457484394528,-0.006827638759277761,-0.016132282987236977,-0.0001540375524200499,-0.07030164450407028,2.4672160148620605,-2.2911996841430664,-0.006827638759277761,-0.016132282987236977,-0.3911948849465535,-0.9243117290793789,-0.0001540375524200499,-0.07030164450407028,2.4672160148620605,-2.2911996841430664,0.10093219263470007,0.3981934679157402,165.76784219084962,5.609127545389877,0.0007184894534974943,0.04417436674459494,-0.5,0.26599461854678336,-0.4992815105465025,0.3101689852913783,0.3983493179118024,0.7083624532071184,0.3983493179118024,0.3983493179118024,0.3983493179118024,0.3983493179118024,0.807949782685069,0.807949782685069,0.807949782685069,0.807949782685069,1.0
19100,58.63190450999991,-0.09233381891332482,3.8135345240127156,-0.00064448406919837,0.029192781075835228,0.2683290398860007,-2.834457484394528,-0.006294754375703633,-0.017088117972016335,-0.00064448406919837,-0.029192781075835228,1.622253656387329,-2.389704704284668,-0.006294754375703633,-0.017088117972016335,-0.3606628587993255,-0.9790770396181874,-0.00064448406919837,-0.029192781075835228,1.622253656387329,-2.389704704284668,0.0835598403832031,0.352378490539928,165.76841828769625,5.609054361910916,0.0006624111708202374,0.04679205322659582,-0.5,0.1576386378082366,-0.4993375888291798,0.2044306910348324,0.4157777484459767,0.5568091815747604,0.4157777484459767,0.4157777484459767,0.4157777484459767,0.4157777484459767,0.6607536186862546,0.6607536186862546,0.6607536186862546,0.6607536186862546,1.0
19150,58.687250478999886,-0.09168547121048928,3.823360178020602,0.00024364801356568933,-0.0008348249830305576,0.2683290398860007,-2.834457484394528,-0.006283438573591411,-0.01725960798561573,0.00024364801356568933,0.0008348249830305576,1.5072193145751953,-2.701448440551758,-0.006283438573591411,-0.01725960798561573,-0.36001451109648996,-0.9889026936260739,0.00024364801356568933,0.0008348249830305576,1.5072193145751953,-2.701448440551758,0.077703658934596,0.31452270863223314,165.7684300137887,5.609040786258174,0.000661220352407302,0.04726170890619135,-0.5,-0.005008484496581371,-0.4993387796475927,0.04225322440960998,0.4216351207129967,0.35677593304184313,0.4216351207129967,0.4216351207129967,0.4216351207129967,0.4216351207129967,0.4621847132200923,0.4621847132200923,0.4621847132200923,0.4621847132200923,1.0
19200,58.83364969499962,0.05902886269509722,3.925051022591514,-0.0009247246198356152,0.00894392654299736,0.2683290398860007,-2.834457484394528,-0.003652977216988802,-0.01903444804251194,-0.0009247246198356152,-0.00894392654299736,1.9090629816055298,-3.0595858097076416,-0.003652977216988802,-0.01903444804251194,-0.20930017719090346,-1.0905935381969856,-0.0009247246198356152,-0.00894392654299736,1.9090629816055298,-3.0595858097076416,0.041148439281108284,0.3367343312908728,165.77058335251948,5.608892323994191,0.0003844076774941614,0.052122545099597524,-0.5,0.053098424232799174,-0.49961559232250585,0.10522096933239669,0.45846715304139757,0.4419553006232695,0.45846715304139757,0.45846715304139757,0.45846715304139757,0.45846715304139757,0.5565720888836189,0.5565720888836189,0.5565720888836189,0.5565720888836189,1.0
19250,58.99235624100038,-0.017343756285626566,4.01781779812498,-0.039714448153972626,0.051547735929489136,0.2683290398860007,-2.834457484394528,-0.004985930876573548,-0.020653533712029458,-0.039714448153972626,-0.051547735929489136,1.2112905979156494,-4.061697959899902,-0.004985930876573548,-0.020653533712029458,-0.2856727961716273,-1.1833603137304525,-0.039714448153972626,-0.051547735929489136,1.2112905979156494,-4.061697959899902,0.1311507863903967,0.4220503058872401,165.76963466081358,5.6087442272407335,0.0005246781693134643,0.05655701889673771,-0.5,0.23228728862590078,-0.49947532183068655,0.2888443075226385,0.36832453544028987,0.7108946134098786,0.36832453544028987,0.36832453544028987,0.36832453544028987,0.36832453544028987,0.802975747269951,0.802975747269951,0.802975747269951,0.802975747269951,1.0
19300,59.185940415000005,0.6925061031192757,3.4541901609287056,0.2646932899951935,-0.09450468420982361,0.2683290398860007,-2.834457484394528,0.0074032863648608345,-0.0108163756877184,0.2646932899951935,0.09450468420982361,-4.305027484893799,-5.295804500579834,0.0074032863648608345,-0.0108163756877184,0.4241770632332751,-0.6197326765341776,0.2646932899951935,0.09450468420982361,-4.305027484893799,-5.295804500579834,-0.6160109504747096,-0.06064220210687557,165.76716729190852,5.609457721879169,-0.0007790683947633594,0.029617000309235652,0.5,-0.28661438908771525,0.4992209316052366,-0.2569973887784796,0.11679001886947293,-0.3176395908853552,0.11679001886947293,0.11679001886947293,0.11679001886947293,0.11679001886947293,-0.28844208616798694,-0.28844208616798694,-0.28844208616798694,-0.28844208616798694,1.0
19350,59.35451613999976,2.12876719305199,4.090185786815382,-0.2592815160751343,0.4206007421016693,0.2683290398860007,-2.834457484394528,0.03247077130246907,-0.02191659338772297,-0.2592815160751343,-0.4206007421016693,6.51628303527832,-3.4749372005462646,0.03247077130246907,-0.02191659338772297,1.860438153165989,-1.2557283024208532,-0.2592815160751343,-0.4206007421016693,6.51628303527832,-3.4749372005462646,-0.12130250824723132,1.0973056140183282,165.68482676641818,5.608620307287695,-0.003418118136612894,0.0600165318981145,-0.5,0.2999999703811649,-0.5034181181366129,0.3600165022792794,0.6247206263838442,1.4573221162976076,0.6247206263838442,0.6247206263838442,0.6247206263838442,0.6247206263838442,1.6135022728935686,1.6135022728935686,1.6135022728935686,1.6135022728935686,1.0
19400,59.506305668000095,-1.2212932121635804,5.416681094391789,-0.32540446519851685,-0.15309804677963257,0.2683290398860007,-2.834457484394528,-0.025998812909238042,-0.045068304017186166,-0.32540446519851685,0.15309804677963257,-26.089622497558594,-8.439756393432617,-0.025998812909238042,-0.045068304017186166,-1.4896222520495812,-2.582223609997261,-0.32540446519851685,0.15309804677963257,-26.089622497558594,-8.439756393432617,1.014149171903202,0.4442111967402655,165.71599812136006,5.60504663823741,0.0027364888043040466,0.12346208559584,0.5,-0.29868896050855775,0.502736488804304,-0.17522687491271777,-1.516885660707506,0.2689843218275477,-1.516885660707506,-1.516885660707506,-1.516885660707506,-1.516885660707506,-0.1102370933493288,-0.1102370933493288,-0.1102370933493288,-0.1102370933493288,1.0
19450,59.65513770600046,-0.9491076124176335,2.035506082577343,0.49726632237434387,-0.404953271150589,0.2683290398860007,-2.834457484394528,-0.021248278017155828,0.013944332525134086,0.49726632237434387,0.404953271150589,-14.946013450622559,-9.44240665435791,-0.021248278017155828,0.013944332525134086,-1.2174366523036344,0.798951401817185,0.49726632237434387,0.404953271150589,-14.946013450622559,-9.44240665435791,-0.5360345126733694,-1.164836543065789,165.73448780001678,5.609279213836385,0.002236308375292946,-0.038182578366225184,0.5,-0.29999994461497365,0.502236308375293,-0.33818252298119883,0.03379820429807645,-1.5030190660469878,0.03379820429807645,0.03379820429807645,0.03379820429807645,0.03379820429807645,-1.4945695149724687,-1.4945695149724687,-1.4945695149724687,-1.4945695149724687,1.0
19500,59.76309453799968,1.308813228475714,1.1434166759075644,0.12901902198791504,0.0684693232178688,0.2683290398860007,-2.834457484394528,0.01815987490583211,0.029514229893684386,0.12901902198791504,-0.0684693232178688,7.641368389129639,-4.988251686096191,0.01815987490583211,0.029514229893684386,1.0404841885897131,1.6910408084869637,0.12901902198791504,-0.0684693232178688,7.641368389129639,-4.988251686096191,-0.6387307949718182,-0.25399989024976005,165.74451418478463,5.607719777002275,-0.001911187692048794,-0.08082966018732575,-0.5,0.26356568795215796,-0.5019111876920488,0.18273602776483222,1.140641982663867,-0.07126386248492783,1.140641982663867,1.140641982663867,1.140641982663867,1.140641982663867,0.2138966331810389,0.2138966331810389,0.2138966331810389,0.2138966331810389,1.0
19550,59.881404280000424,0.607214329302153,3.100597244012669,-0.18806135654449463,0.16668619215488434,0.2683290398860007,-2.834457484394528,0.00591466408688575,-0.004645015075802804,-0.18806135654449463,-0.16668619215488434,4.123736381530762,-0.6909987926483154,0.00591466408688575,-0.004645015075802804,0.3388852894161523,-0.26613975961814085,-0.18806135654449463,-0.16668619215488434,4.123736381530762,-0.6909987926483154,0.27256040439968365,0.46772509701951703,165.76880061176,5.609677644403329,-0.0006224124601317831,0.012718512307317702,-0.5,0.29923798486658426,-0.5006224124601318,0.31195649717390195,0.22806200806044818,0.779681594193419,0.22806200806044818,0.22806200806044818,0.22806200806044818,0.22806200806044818,0.836697096208531,0.836697096208531,0.836697096208531,0.836697096208531,1.0
19600,60.0489305860001,-0.6569039555139958,2.8529548618321052,0.18036238849163055,-0.2712845206260681,0.2683290398860007,-2.834457484394528,-0.01614836211781949,-0.00032284013926982963,0.18036238849163055,0.2712845206260681,-6.577227592468262,-3.3411364555358887,-0.01614836211781949,-0.00032284013926982963,-0.9252329953999966,-0.01849737743757695,0.18036238849163055,0.2712845206260681,-6.577227592468262,-3.3411364555358887,-0.16138929087283446,-0.4647144019984719,165.75019947197802,5.6097271342071,0.001699452637514186,0.0008839637089460377,0.5,-0.2999883735260886,0.5016994526375141,-0.29910440981714254,-0.34031016176467965,-0.7638188118156144,-0.34031016176467965,-0.34031016176467965,-0.34031016176467965,-0.34031016176467965,-0.8488963522567843,-0.8488963522567843,-0.8488963522567843,-0.8488963522567843,1.0
19650,60.19935095999972,1.0803712551039963,2.0955643628360883,0.15629975497722626,-0.00323999160900712,0.2683290398860007,-2.834457484394528,0.014172810320742428,0.01289611779153347,0.15629975497722626,0.00323999160900712,9.038269996643066,1.2233998775482178,0.014172810320742428,0.01289611779153347,0.8120422152179957,0.7388931215584398,0.15629975497722626,0.00323999160900712,9.038269996643066,1.2233998775482178,-0.5374301532711916,-0.19235231366429778,165.75513428026258,5.609344058202215,-0.0014915161726219482,-0.035312098589197434,-0.5,-0.01941278571009331,-0.501491516172622,-0.054724884299290746,1.0389216694438135,-0.2470771979635885,1.0389216694438135,1.0389216694438135,1.0389216694438135,1.0389216694438135,0.012653219397364857,0.012653219397364857,0.012653219397364857,0.012653219397364857,1.0
19700,60.349093904000256,-0.12954331546959236,3.2796681554643015,-0.14849770069122314,-0.04202853888273239,0.2683290398860007,-2.834457484394528,-0.006944182603619993,-0.007770392075181008,-0.14849770069122314,0.04202853888273239,1.5651987791061401,2.0659050941467285,-0.006944182603619993,-0.007770392075181008,-0.39787235535559307,-0.44521067106977325,-0.14849770069122314,0.04202853888273239,1.5651987791061401,2.0659050941467285,0.40930269714950684,0.11900244780946011,165.76770996088874,5.609588209785036,0.000730754040305571,0.021276306344296447,-0.5,-0.20583337961336576,-0.4992692459596944,-0.1845570732690693,0.08996654881018756,-0.0655546254596092,0.08996654881018756,0.08996654881018756,0.08996654881018756,0.08996654881018756,-0.04306298825706231,-0.04306298825706231,-0.04306298825706231,-0.04306298825706231,1.0
19750,60.50151334699967,-0.4329589947000705,2.8088075072449046,0.07827018201351166,-0.02911084145307541,0.2683290398860007,-2.834457484394528,-0.012239785208366811,0.0004476765543222419,0.07827018201351166,0.02911084145307541,7.278487682342529,2.533175468444824,-0.012239785208366811,0.0004476765543222419,-0.7012880345860711,0.025649977149623592,0.07827018201351166,0.02911084145307541,7.278487682342529,2.533175468444824,0.009789407514912002,-0.025770435511207244,165.759340466195,5.609726912505629,0.0012880670292034345,-0.0012257764401830086,-0.5,-0.1572824399749303,-0.4987119329707966,-0.1585082164151133,0.48892252545588455,-0.18427865192632056,0.48892252545588455,0.48892252545588455,0.48892252545588455,0.48892252545588455,-0.062048020562349426,-0.062048020562349426,-0.062048020562349426,-0.062048020562349426,1.0
19800,60.651959464000356,-0.45964275619873846,3.045941003057169,0.009174022823572159,-0.0457167811691761,0.2683290398860007,-2.834457484394528,-0.012705504703335464,-0.00369108371436596,0.009174022823572159,0.0457167811691761,3.6897737979888916,3.302194595336914,-0.012705504703335464,-0.00369108371436596,-0.7279717960847392,-0.21148351866264098,0.009174022823572159,0.0457167811691761,3.6897737979888916,3.302194595336914,0.15211284946707604,0.02333380949638568,165.7583833728632,5.6096959727778835,0.0013370826551237795,0.01010653393338227,-0.5,-0.21696201504437987,-0.4986629173448762,-0.2068554811109976,0.3465500678778002,-0.18352167161461191,0.3465500678778002,0.3465500678778002,0.3465500678778002,0.3465500678778002,-0.09688415464516187,-0.09688415464516187,-0.09688415464516187,-0.09688415464516187,1.0
19850,60.743186802999844,-0.2596372348997376,3.0343657534047015,0.03408253192901611,-0.02153569646179676,0.2683290398860007,-2.834457484394528,-0.009214749834500253,-0.003489057496190072,0.03408253192901611,0.02153569646179676,4.286502838134766,4.431549072265625,-0.009214749834500253,-0.003489057496190072,-0.5279662747857383,-0.19990826901017342,0.03408253192901611,0.02153569646179676,4.286502838134766,4.431549072265625,0.050917788718907175,0.06391979518989009,165.76468726264335,5.60969931615243,0.0009697033714955325,0.009553363786455257,-0.5,-0.1217753331299035,-0.49903029662850446,-0.11222196934344825,0.4481125079095973,-0.048302174153558156,0.4481125079095973,0.4481125079095973,0.4481125079095973,0.4481125079095973,0.06372595282384116,0.06372595282384116,0.06372595282384116,0.06372595282384116,1.0
19900,60.7988124350004,-0.1636389127749952,3.040236087552916,0.03482401743531227,0.00982583686709404,0.2683290398860007,-2.834457484394528,-0.007539263037033379,-0.003591514155268677,0.03482401743531227,-0.00982583686709404,4.47274112701416,4.602665424346924,-0.007539263037033379,-0.003591514155268677,-0.4319679526609959,-0.20577860315838822,0.03482401743531227,-0.00982583686709404,4.47274112701416,4.602665424346924,0.02875221719094541,0.10462887601543136,165.7669998987712,5.609697644088606,0.0007933781302875929,0.009833901386097526,-0.5,0.058207639673608993,-0.49920662186971243,0.06804154105970651,0.47045440467876704,0.17267041707513786,0.47045440467876704,0.47045440467876704,0.47045440467876704,0.47045440467876704,0.29028401824482963,0.29028401824482963,0.29028401824482963,0.29028401824482963,1.0
19950,60.85331399900042,-0.06859194795622826,3.0652499478407953,0.016845783218741417,0.007592657580971718,0.2683290398860007,-2.834457484394528,-0.005880380556918681,-0.004028088375926019,0.016845783218741417,-0.007592657580971718,4.622019290924072,4.140016555786133,-0.005880380556918681,-0.004028088375926019,-0.33692098784222896,-0.23079246344626703,0.016845783218741417,-0.007592657580971718,4.622019290924072,4.140016555786133,0.03733618497671528,0.13021672198978387,165.76883392640465,5.609689976927368,0.0006188046499838933,0.011029291359989785,-0.5,0.045208981496986676,-0.4993811953500161,0.05623827285697646,0.46204501037330087,0.18645499484676034,0.46204501037330087,0.46204501037330087,0.46204501037330087,0.46204501037330087,0.30196624744008554,0.30196624744008554,0.30196624744008554,0.30196624744008554,1.0
20000,60.909392714000205,0.00445607352782017,3.0426941018804743,0.01292478758841753,0.01626950316131115,0.2683290398860007,-2.834457484394528,-0.004605452069954481,-0.0036344145983457574,0.01292478758841753,-0.01626950316131115,5.1937785148620605,5.157539367675781,-0.004605452069954481,-0.0036344145983457574,-0.2638729663581805,-0.20823661748594616,0.01292478758841753,-0.01626950316131115,5.1937785148620605,5.157539367675781,0.016236183124180417,0.10766486270135235,165.769935311788,5.609696929592686,0.00048463913919586933,0.009951367561651256,-0.5,0.0943117445082184,-0.4995153608608041,0.10426311206986966,0.4832791777366237,0.211927974771222,0.4832791777366237,0.4832791777366237,0.4832791777366237,0.4832791777366237,0.3327477692053779,0.3327477692053779,0.3327477692053779,0.3327477692053779,1.0
20050,61.06738124399999,-0.10305591523945562,3.083275243947282,-0.06277485936880112,-0.027663622051477432,0.2683290398860007,-2.834457484394528,-0.006481890259310603,-0.004342689141631127,-0.06277485936880112,0.027663622051477432,5.61539363861084,4.7814106941223145,-0.006481890259310603,-0.004342689141631127,-0.37138495512545633,-0.2488177595527538,-0.06277485936880112,0.027663622051477432,5.61539363861084,4.7814106941223145,0.22041347109446088,0.03481009719410924,165.7682213070697,5.609683907194884,0.0006821044397677078,0.01189070600277574,-0.5,-0.15089064580333675,-0.4993178955602323,-0.138999939800561,0.27890442446577146,-0.10418984260645175,0.27890442446577146,0.27890442446577146,0.27890442446577146,0.27890442446577146,-0.03446373649000889,-0.03446373649000889,-0.03446373649000889,-0.03446373649000889,1.0
20100,61.23483172200031,-0.33513747897439744,2.880123433359712,0.014068791642785072,-0.00953707192093134,0.2683290398860007,-2.834457484394528,-0.010532477679662406,-0.0007970211654901513,0.014068791642785072,0.00953707192093134,5.829833507537842,6.166740417480469,-0.010532477679662406,-0.0007970211654901513,-0.6034665188603981,-0.045665948965183605,0.014068791642785072,0.00953707192093134,5.829833507537842,6.166740417480469,0.15376370412999626,-0.0011244147118695327,165.7625434968028,5.609725910285415,0.001108382440262954,0.0021823118974921662,-0.5,-0.05653842297106866,-0.49889161755973704,-0.0543561110735765,0.3451279134297408,-0.05548052578544603,0.3451279134297408,0.3451279134297408,0.3451279134297408,0.3451279134297408,0.03080145257198917,0.03080145257198917,0.03080145257198917,0.03080145257198917,1.0
20150,61.387249166999936,-0.5528800677329958,2.7637242032980005,-0.07859180122613907,0.013816667720675468,0.2683290398860007,-2.834457484394528,-0.01433280277531594,0.001234528645873069,-0.07859180122613907,-0.013816667720675468,5.600729942321777,2.5095858573913574,-0.01433280277531594,0.001234528645873069,-0.8212091076189965,0.07073328109652745,-0.07859180122613907,-0.013816667720675468,5.600729942321777,2.5095858573913574,0.3463845190005147,0.11266374357033591,165.75475855727734,5.609723861680899,0.0015083557080358787,-0.0033802454101599573,-0.5,0.08085243974727986,-0.49849164429196413,0.07747219433711991,0.15210712529144943,0.1901359379074558,0.15210712529144943,0.15210712529144943,0.15210712529144943,0.15210712529144943,0.22816271923031817,0.22816271923031817,0.22816271923031817,0.22816271923031817,1.0
20200,61.55091593100042,-1.0355288220470413,2.685682461841435,-0.10789584368467331,0.030892379581928253,0.2683290398860007,-2.834457484394528,-0.02275661266874522,0.0025966139882802886,-0.10789584368467331,-0.030892379581928253,4.786111354827881,2.840345859527588,-0.02275661266874522,0.0025966139882802886,-1.303857861933042,0.14877502255309275,-0.10789584368467331,-0.030892379581928253,4.786111354827881,2.840345859527588,0.4853167822059256,0.14954220397314413,165.72901995553727,5.6097118341193735,0.0023951079462420422,-0.0071097610657037385,-0.5,0.16488828590217533,-0.49760489205375796,0.1577785248364716,0.012288109847832351,0.3073207288096157,0.012288109847832351,0.012288109847832351,0.012288109847832351,0.012288109847832351,0.3103927562715738,0.3103927562715738,0.3103927562715738,0.3103927562715738,1.0
20250,61.65381143099967,-1.7346571670926145,2.4642761169233593,-0.0931929275393486,0.09584133327007294,0.2683290398860007,-2.834457484394528,-0.03495870418380946,0.006460883691906928,-0.0931929275393486,-0.09584133327007294,-5.767795085906982,2.2009057998657227,-0.03495870418380946,0.006460883691906928,-2.0029862069786155,0.37018136747116864,-0.0931929275393486,-0.09584133327007294,-5.767795085906982,2.2009057998657227,0.7215372936505167,0.10663382140273028,165.67100833868523,5.60963116280137,0.003680220742287678,-0.01769062793137622,0.5,0.28729651335238837,0.5036802207422877,0.26960588542101216,-1.2252175143928044,0.3762397068237424,-1.2252175143928044,-1.2252175143928044,-1.2252175143928044,-1.2252175143928044,0.06993532822554133,0.06993532822554133,0.06993532822554133,0.06993532822554133,1.0
20300,61.71234815000025,-1.6038735586388566,2.0249306018646362,0.1449970155954361,-0.15139521658420563,0.2683290398860007,-2.834457484394528,-0.032676099608652295,0.014128909483551978,0.1449970155954361,0.15139521658420563,-2.8952572345733643,1.1043763160705566,-0.032676099608652295,0.014128909483551978,-1.8722025985248576,0.809526882529892,0.1449970155954361,0.15139521658420563,-2.8952572345733643,1.1043763160705566,0.1732291432421289,-0.5065890692071492,165.68372492735975,5.609267271177209,0.003439747747708626,-0.03868803869283131,0.5,-0.2985967660605384,0.5034397477477086,-0.33728480475336975,-0.6766688909898375,-0.8438738739605189,-0.6766688909898375,-0.6766688909898375,-0.6766688909898375,-0.6766688909898375,-1.0130410967079784,-1.0130410967079784,-1.0130410967079784,-1.0130410967079784,1.0
20350,61.76843801399991,-1.0442888598227,1.5724267273698833,0.16330990195274353,-0.0698203444480896,0.2683290398860007,-2.834457484394528,-0.022909504170529546,0.02202659197151661,0.16330990195274353,0.0698203444480896,-4.5779547691345215,3.5551013946533203,-0.022909504170529546,0.02202659197151661,-1.3126178997087008,1.262030757024645,0.16330990195274353,0.0698203444480896,-4.5779547691345215,3.5551013946533203,0.0038842540553681304,-0.42129911723971564,165.72844479077122,5.608609167191758,0.002411205167438871,-0.06031782389689909,0.5,-0.26537175396313195,0.5024112051674389,-0.32568957786003105,-0.506295459222807,-0.7469886950997466,-0.506295459222807,-0.506295459222807,-0.506295459222807,-0.506295459222807,-0.8735625599054484,-0.8735625599054484,-0.8735625599054484,-0.8735625599054484,1.0
20400,61.826096920000055,-0.28095737690924155,1.3234091292886196,0.20366649329662323,-0.014302710071206093,0.2683290398860007,-2.834457484394528,-0.009586856509558856,0.026372768953442573,0.20366649329662323,0.014302710071206093,-0.5723660588264465,4.639906883239746,-0.009586856509558856,0.026372768953442573,-0.5492864167952423,1.5110483551059084,0.20366649329662323,0.014302710071206093,-0.5723660588264465,4.639906883239746,-0.28390694644376857,-0.3891198449273144,165.7641108830475,5.6081243817730675,0.0010088639117625255,-0.07222314598473771,0.49999999988597943,-0.08354972137726667,0.501008863797742,-0.15577286736200438,-0.21710191735397344,-0.5448927122893188,-0.21710191735397344,-0.21710191735397344,-0.21710191735397344,-0.21710191735397344,-0.5991681916278122,-0.5991681916278122,-0.5991681916278122,-0.5991681916278122,1.0
20450,61.8812243780003,0.3286661949009277,1.3625755684235885,0.16700489819049835,0.05860206484794617,0.2683290398860007,-2.834457484394528,0.0010530820162966848,0.025689185634255405,0.16700489819049835,-0.05860206484794617,9.05622673034668,2.7685043811798096,0.0010530820162966848,0.025689185634255405,0.06033715501492702,1.4718819159709395,0.16700489819049835,-0.05860206484794617,9.05622673034668,2.7685043811798096,-0.37148688212336056,-0.23165774039827694,165.77159136356192,5.608206399572817,-0.0001108167809405092,-0.0703505073378566,-0.5,0.24747763793596075,-0.5001108167809405,0.17712713059810414,0.871597698904301,-0.0545306098001728,0.871597698904301,0.871597698904301,0.871597698904301,0.871597698904301,0.16336881492590247,0.16336881492590247,0.16336881492590247,0.16336881492590247,1.0
20500,61.94218600899967,0.6196820925800708,1.5875875061714901,-0.057205405086278915,0.13042804598808289,0.2683290398860007,-2.834457484394528,0.006132267606444657,0.021761986464262008,-0.057205405086278915,-0.13042804598808289,9.112045288085938,6.273486137390137,0.006132267606444657,0.021761986464262008,0.35135305269407013,1.246869978223038,-0.057205405086278915,-0.13042804598808289,9.112045288085938,6.273486137390137,-0.013258988293377336,0.024069447880282535,165.76858464231236,5.60863587081992,-0.0006453118919540955,-0.05959305707152619,-0.5,0.29676380080884956,-0.500645311891954,0.2371707437373234,0.5139043001853314,0.2612401916176059,0.5139043001853314,0.5139043001853314,0.5139043001853314,0.5139043001853314,0.38971626666393877,0.38971626666393877,0.38971626666393877,0.38971626666393877,1.0
20550,62.100004343000364,-1.2471687435039391,2.5906145528879083,-0.2413690686225891,-0.07103978097438812,0.2683290398860007,-2.834457484394528,-0.02645042612683028,0.0042558620125055305,-0.2413690686225891,0.07103978097438812,-7.056384086608887,6.466036796569824,-0.02645042612683028,0.0042558620125055305,-1.51549778338994,0.24384293150661968,-0.2413690686225891,0.07103978097438812,-7.056384086608887,6.466036796569824,0.8778517534464307,-0.057520556670425806,165.71404689060532,5.609685627972026,0.0027840448609090574,-0.011652962738601932,0.5,-0.2669294352523115,0.5027840448609091,-0.27858239799091344,-1.3806357983073398,-0.33610295466133927,-1.3806357983073398,-1.3806357983073398,-1.3806357983073398,-1.3806357983073398,-0.6812619042381742,-0.6812619042381742,-0.6812619042381742,-0.6812619042381742,1.0
20600,62.254083865999746,-0.6410817689408084,1.1426669559244498,0.11235648393630981,-0.0880378857254982,0.2683290398860007,-2.834457484394528,-0.01587221286725253,0.029527314975857734,0.11235648393630981,0.0880378857254982,-3.4639508724212646,3.6487576961517334,-0.01587221286725253,0.029527314975857734,-0.9094108088268091,1.6917905284700785,0.11235648393630981,0.0880378857254982,-3.4639508724212646,3.6487576961517334,-0.00024254953615043817,-0.5160400830291932,165.75092793417804,5.607717996607418,0.0016703858278692188,-0.08086551113681507,0.5,-0.2827762726247104,0.5016703858278693,-0.36364178376152545,-0.5014278362917188,-0.8796818667907187,-0.5014278362917188,-0.5014278362917188,-0.5014278362917188,-0.5014278362917188,-1.0050388258636485,-1.0050388258636485,-1.0050388258636485,-1.0050388258636485,1.0
20650,62.40248497399989,0.5259368390871467,1.3556454877369641,0.08239740133285522,0.026805736124515533,0.2683290398860007,-2.834457484394528,0.004496104274876416,0.02581013835966587,0.08239740133285522,-0.026805736124515533,-0.7878569960594177,4.402192115783691,0.004496104274876416,0.02581013835966587,0.257607799201146,1.478811996657564,0.08239740133285522,-0.026805736124515533,-0.7878569960594177,4.402192115783691,-0.25527598192882806,-0.27251848723652067,165.77001730478753,5.608192044201231,-0.0004731321390558299,-0.07068184708509327,0.4999999999999794,0.1470123980185972,0.4995268678609236,0.07633055093350392,-0.24425088593209554,-0.19618793630301673,-0.24425088593209554,-0.24425088593209554,-0.24425088593209554,-0.24425088593209554,-0.2572506577860406,-0.2572506577860406,-0.2572506577860406,-0.2572506577860406,1.0
20700,62.45910451300006,0.7141848567406317,1.4156117738853258,-0.005071242339909077,0.017402049154043198,0.2683290398860007,-2.834457484394528,0.007781651993282139,0.02476352922618389,-0.005071242339909077,-0.017402049154043198,-2.1303329467773438,3.2099103927612305,0.007781651993282139,0.02476352922618389,0.44585581685463105,1.4188457105092023,-0.005071242339909077,-0.017402049154043198,-2.1303329467773438,3.2099103927612305,-0.13840713318043055,-0.28037250181038387,165.76669395200634,5.608314029617326,-0.0008188864153014737,-0.06781479944033846,0.5,0.10039111316063856,0.4991811135846985,0.03257631372030011,-0.360773980404268,-0.24779618809008375,-0.360773980404268,-0.360773980404268,-0.360773980404268,-0.360773980404268,-0.33798968319115075,-0.33798968319115075,-0.33798968319115075,-0.33798968319115075,1.0
20750,62.52583718900041,0.6859574991699673,1.5546745321084912,-0.04014262184500694,0.00865345448255539,0.2683290398860007,-2.834457484394528,0.007288991664536297,0.022336426228284835,-0.04014262184500694,-0.00865345448255539,-2.072749137878418,4.417946815490723,0.007288991664536297,0.022336426228284835,0.4176284592839666,1.279782952286037,-0.04014262184500694,-0.00865345448255539,-2.072749137878418,4.417946815490723,-0.05891494477994223,-0.27493888483258927,165.76730563704822,5.608577489017101,-0.0007670404203952808,-0.06116648224981857,0.5,0.05140847115803225,0.49923295957960473,-0.009758011091786319,-0.4403180147996625,-0.2846968959243756,-0.4403180147996625,-0.4403180147996625,-0.4403180147996625,-0.4403180147996625,-0.39477639962429123,-0.39477639962429123,-0.39477639962429123,-0.39477639962429123,1.0
20800,62.66265463800028,0.5335770993648935,1.5339582481907252,-0.03264369070529938,0.00018990691751241684,0.2683290398860007,-2.834457484394528,0.004629451972432435,0.022697993591427802,-0.03264369070529938,-0.00018990691751241684,-2.186584949493408,2.8949174880981445,0.004629451972432435,0.022697993591427802,0.26524805947889285,1.300499236203803,-0.03264369070529938,-0.00018990691751241684,-2.186584949493408,2.8949174880981445,-0.02762094465415295,-0.31748417972464266,165.76991705211896,5.608539962147587,-0.0004871647232554958,-0.062156852199264465,0.5,0.0011394360259668337,0.4995128352767445,-0.06101741617329763,-0.47189189062259157,-0.3785015958979403,-0.47189189062259157,-0.47189189062259157,-0.47189189062259157,-0.47189189062259157,-0.4964745685535882,-0.4964745685535882,-0.4964745685535882,-0.4964745685535882,1.0
20850,62.851323707999654,0.45910375822368926,1.510629630358841,-0.018696926534175873,0.010746337473392487,0.2683290398860007,-2.834457484394528,0.003329646964557469,0.023105154782533645,-0.018696926534175873,-0.010746337473392487,-2.7400527000427246,2.9866740703582764,0.003329646964557469,0.023105154782533645,0.19077471833768858,1.3238278540356874,-0.018696926534175873,-0.010746337473392487,-2.7400527000427246,2.9866740703582764,-0.044063149113416966,-0.29304703439547847,165.7707693541308,5.608496981892755,-0.0003503829413554727,-0.06327212256988926,0.5,0.06350321087267564,0.4996496170586445,0.0002310883027863836,-0.45558646794522756,-0.29281594609269207,-0.45558646794522756,-0.45558646794522756,-0.45558646794522756,-0.45558646794522756,-0.40671256307899895,-0.40671256307899895,-0.40671256307899895,-0.40671256307899895,1.0
20900,63.05482248200042,0.3639140798038661,1.5076263748364451,-0.004486960358917713,0.0209527425467968,0.2683290398860007,-2.834457484394528,0.0016682736622169615,0.023157571479678153,-0.004486960358917713,-0.0209527425467968,-4.185153484344482,2.742645025253296,0.0016682736622169615,0.023157571479678153,0.0955850399178654,1.326831109558083,-0.004486960358917713,-0.0209527425467968,-4.185153484344482,2.742645025253296,-0.01937685242512497,-0.26350432781843197,165.77145343691544,5.608491393236602,-0.00017555405595091794,-0.06341570020704394,0.5,0.11884016884418491,0.49982444594404907,0.05542446863714097,-0.4804475935189241,-0.20807985918129102,-0.4804475935189241,-0.4804475935189241,-0.4804475935189241,-0.4804475935189241,-0.32819175756102204,-0.32819175756102204,-0.32819175756102204,-0.32819175756102204,1.0
20950,63.253519376999975,0.29981969135417225,1.4914331702531085,-0.008286340162158012,-0.001798262819647789,0.2683290398860007,-2.834457484394528,0.0005496155517175803,0.023440196216106414,-0.008286340162158012,0.001798262819647789,-4.21514892578125,1.9523146152496338,0.0005496155517175803,0.023440196216106414,0.03149065146817157,1.3430243141414198,-0.008286340162158012,0.001798262819647789,-4.21514892578125,1.9523146152496338,-0.00045291242128962794,-0.3172077682228197,165.77165784105844,5.608461041661492,-5.783653031760842e-05,-0.06418985854822733,0.5,-0.010784927218907286,0.4999421634696824,-0.07497478576713461,-0.49948925104839276,-0.39218255398995433,-0.49948925104839276,-0.49948925104839276,-0.49948925104839276,-0.49948925104839276,-0.5170548667520525,-0.5170548667520525,-0.5170548667520525,-0.5170548667520525,1.0
21000,63.45158589699986,0.4458252835078027,1.6041277697420282,-0.007319615222513676,-0.007428648881614208,0.2683290398860007,-2.834457484394528,0.0030978938611224303,0.021473304405808444,-0.007319615222513676,0.007428648881614208,-4.4644694328308105,1.284414529800415,0.0030978938611224303,0.021473304405808444,0.17749624362180202,1.2303297146524999,-0.007319615222513676,0.007428648881614208,-4.4644694328308105,1.284414529800415,-0.06434777110695082,-0.2896072403640158,165.7708920760773,5.60866463616552,-0.0003259951101522315,-0.05880235042276991,0.5,-0.04424680443754957,0.49967400488984776,-0.10304915486031949,-0.4353262337828969,-0.39265639522433526,-0.4353262337828969,-0.4353262337828969,-0.4353262337828969,-0.4353262337828969,-0.5014879536700595,-0.5014879536700595,-0.5014879536700595,-0.5014879536700595,1.0
21050,63.654537149000134,0.5437186496218931,1.660016006069069,-0.033864062279462814,-0.009728631936013699,0.2683290398860007,-2.834457484394528,0.004806455415673554,0.020497870668768882,-0.033864062279462814,0.009728631936013699,-4.958227157592773,1.1191385984420776,0.004806455415673554,0.020497870668768882,0.2753896097358924,1.174441478325459,-0.033864062279462814,0.009728631936013699,-4.958227157592773,1.1191385984420776,-0.019795527039679697,-0.33095459909751107,165.76977945277793,5.608758990586079,-0.0005057913610897008,-0.05613066805662128,0.5,-0.057646155191734605,0.4994942086389103,-0.11377682324835589,-0.4796986815992306,-0.44473142234586693,-0.4796986815992306,-0.4796986815992306,-0.4796986815992306,-0.4796986815992306,-0.5646560927456746,-0.5646560927456746,-0.5646560927456746,-0.5646560927456746,1.0
21100,63.855854565999834,0.23442463211526693,1.5214405391545016,0.006596021354198456,-0.028841227293014526,0.2683290398860007,-2.834457484394528,-0.0005917435465380549,0.02291646882891655,0.006596021354198456,0.028841227293014526,-5.373579025268555,1.0946574211120605,-0.0005917435465380549,0.02291646882891655,-0.03390440777073376,1.3130169452400264,0.006596021354198456,0.028841227293014526,-5.373579025268555,1.0946574211120605,0.0013743126381641924,-0.3438413643156438,165.77165387968626,5.6085169947190305,6.226969743890948e-05,-0.0627552839574092,0.5,-0.15610608427901282,0.5000622696974389,-0.21886136823642202,-0.5014365823356032,-0.5627027325520658,-0.5014365823356032,-0.5014365823356032,-0.5014365823356032,-0.5014365823356032,-0.6880618781359666,-0.6880618781359666,-0.6880618781359666,-0.6880618781359666,1.0
21150,63.94120381199991,0.367609692392519,1.5491485889048335,0.029773669317364693,0.01435814518481493,0.2683290398860007,-2.834457484394528,0.0017327742697671056,0.022432872131466865,0.029773669317364693,-0.01435814518481493,-5.822226524353027,0.5505436658859253,0.0017327742697671056,0.022432872131466865,0.09928065250651831,1.2853088954896945,0.029773669317364693,-0.01435814518481493,-5.822226524353027,0.5505436658859253,-0.09124635675071008,-0.28794619700551866,165.77143536397028,5.608567537872236,-0.0001823415306714577,-0.06143065627853849,0.5,0.08385643936636776,0.4998176584693285,0.02242578308782927,-0.40857130171861844,-0.2655204139176894,-0.40857130171861844,-0.40857130171861844,-0.40857130171861844,-0.40857130171861844,-0.367663239347344,-0.367663239347344,-0.367663239347344,-0.367663239347344,1.0
21200,64.00737742799993,0.4955428708065602,1.6734413832129638,0.036898862570524216,0.012263265438377857,0.2683290398860007,-2.834457484394528,0.0039656294556334615,0.020263553634285926,0.036898862570524216,-0.012263265438377857,-4.856546878814697,0.7129865884780884,0.0039656294556334615,0.020263553634285926,0.2272138309205595,1.1610161011815645,0.036898862570524216,-0.012263265438377857,-4.856546878814697,0.7129865884780884,-0.1445317432868643,-0.2453480879619015,165.77038711202724,5.6087810030365475,-0.0004173088190050851,-0.055488892860383304,0.5,0.07213885458338475,0.4995826911809949,0.01664996172300144,-0.3550509478941306,-0.22869812623890007,-0.3550509478941306,-0.3550509478941306,-0.3550509478941306,-0.3550509478941306,-0.3174608632124327,-0.3174608632124327,-0.3174608632124327,-0.3174608632124327,1.0
21250,64.0731746069996,0.6573752385667266,1.7576538804195185,0.01690852642059326,0.0603765994310379,0.2683290398860007,-2.834457484394528,0.006790137109346688,0.018793768286705016,0.01690852642059326,-0.0603765994310379,-4.782102584838867,0.21681636571884155,0.006790137109346688,0.018793768286705016,0.389046198680726,1.0768036039750095,0.01690852642059326,-0.0603765994310379,-4.782102584838867,0.21681636571884155,-0.1536771923189134,-0.14978749344182413,165.76788426407268,5.608913307341847,-0.0007145429408147383,-0.05146337076389495,0.5,0.25078129070021554,0.49928545705918526,0.1993179199363206,-0.34560826474027184,0.04953042649449646,-0.34560826474027184,-0.34560826474027184,-0.34560826474027184,-0.34560826474027184,-0.0368716396905715,-0.0368716396905715,-0.0368716396905715,-0.0368716396905715,1.0
21300,64.2299799680004,0.4372762345444739,1.9432581879773856,-0.06652466207742691,0.0429646261036396,0.2683290398860007,-2.834457484394528,0.0029486848087981344,0.015554362013936042,-0.06652466207742691,-0.0429646261036396,-5.685488700866699,-0.2550845146179199,0.0029486848087981344,0.015554362013936042,0.16894719465847322,0.8911992964171426,-0.06652466207742691,-0.0429646261036396,-5.685488700866699,-0.2550845146179199,0.07725981829248252,-0.14493633924480198,165.77096640482213,5.609169751155682,-0.0003102935690092889,-0.042591679037054936,0.5,0.20876789478352914,0.4996897064309907,0.1661762157464742,-0.5769495247234733,0.021239876501672222,-0.5769495247234733,-0.5769495247234733,-0.5769495247234733,-0.5769495247234733,-0.1229975046791961,-0.1229975046791961,-0.1229975046791961,-0.1229975046791961,1.0
21350,64.3819790409998,0.2534796592804125,2.1227792515840043,-0.00793830119073391,0.029885010793805122,0.2683290398860007,-2.834457484394528,-0.00025917058344930317,0.012421128377318381,-0.00793830119073391,-0.029885010793805122,-5.641859531402588,-0.1847488433122635,-0.00025917058344930317,0.012421128377318381,-0.014849380605588177,0.711678232810524,-0.00793830119073391,-0.029885010793805122,-5.641859531402588,-0.1847488433122635,0.020319187764484544,-0.10426114221885296,165.7716771941398,5.6093717744246625,2.7272747463487748e-05,-0.034011384573942406,0.5,0.16062332128262308,0.5000272727474635,0.12661193670868068,-0.520346460511948,0.022350794489827713,-0.520346460511948,-0.520346460511948,-0.520346460511948,-0.520346460511948,-0.10773582063815929,-0.10773582063815929,-0.10773582063815929,-0.10773582063815929,1.0
21400,64.53262770099991,0.3863818003156379,2.221645172602881,0.001330270548351109,0.00585497310385108,0.2683290398860007,-2.834457484394528,0.0020604093605652452,0.010695592537522315,0.001330270548351109,-0.00585497310385108,-6.862265586853027,-1.0069725513458252,0.0020604093605652452,0.010695592537522315,0.11805276042963722,0.6128123117916472,0.001330270548351109,-0.00585497310385108,-6.862265586853027,-1.0069725513458252,-0.048351122205140186,-0.13575015431045065,165.771332976551,5.609463710452495,-0.00021681898063646949,-0.029286257766436185,0.5,0.034970144366902274,0.49978318101936353,0.005683886600466089,-0.4514320588142233,-0.13006626770998456,-0.4514320588142233,-0.4514320588142233,-0.4514320588142233,-0.4514320588142233,-0.2429242824135404,-0.2429242824135404,-0.2429242824135404,-0.2429242824135404,1.0
21450,64.68695239499993,0.6353851777296061,2.2449730433828248,-0.010554231703281403,0.014229567721486092,0.2683290398860007,-2.834457484394528,0.0064063381450250746,0.010288444384932517,-0.010554231703281403,-0.014229567721486092,-7.385724067687988,-1.4244693517684937,0.0064063381450250746,0.010288444384932517,0.36705613784360547,0.5894844410117034,-0.010554231703281403,-0.014229567721486092,-7.385724067687988,-1.4244693517684937,-0.08913963536049321,-0.11631075804055409,165.7683015283191,5.609483401951823,-0.0006741536976144455,-0.028171361665714226,0.5,0.08314474086240538,0.4993258463023856,0.05497337919669115,-0.41018621094189234,-0.061337378843862936,-0.41018621094189234,-0.41018621094189234,-0.41018621094189234,-0.41018621094189234,-0.163883931579336,-0.163883931579336,-0.163883931579336,-0.163883931579336,1.0
21500,64.81499847899977,0.597660442118039,2.2930415668838475,-0.03163449093699455,0.027982516214251518,0.2683290398860007,-2.834457484394528,0.005747917299158871,0.009449490383267395,-0.03163449093699455,-0.027982516214251518,-7.263617515563965,-2.4327218532562256,0.005747917299158871,0.009449490383267395,0.32933140223203833,0.5414159175106804,-0.03163449093699455,-0.027982516214251518,-7.263617515563965,-2.4327218532562256,-0.037357476742457915,-0.06768175743461732,165.76896082643134,5.609521568074543,-0.0006048649587021837,-0.025874070429642893,0.5,0.15231538253917207,0.49939513504129784,0.12644131210952916,-0.4620376582988399,0.05875955467491184,-0.4620376582988399,-0.4620376582988399,-0.4620376582988399,-0.4620376582988399,-0.05674985989979814,-0.05674985989979814,-0.05674985989979814,-0.05674985989979814,1.0
21550,64.86953673100015,0.49855493086968294,2.3136584928935306,-0.019656291231513023,-0.007145386654883623,0.2683290398860007,-2.834457484394528,0.0040181998210027815,0.009089657142758369,-0.019656291231513023,0.007145386654883623,-7.508864879608154,-1.6568934917449951,0.0040181998210027815,0.009089657142758369,0.23022589098368224,0.5207989915009973,-0.019656291231513023,0.007145386654883623,-7.508864879608154,-1.6568934917449951,-0.02697607187701695,-0.13919912350665128,165.7703525337251,5.609536943603453,-0.00042284093182779446,-0.024888754462512482,0.5,-0.042582829525182504,0.4995771590681722,-0.06747158398769498,-0.47260108719115523,-0.20667070749434627,-0.47260108719115523,-0.47260108719115523,-0.47260108719115523,-0.47260108719115523,-0.32482097929213505,-0.32482097929213505,-0.32482097929213505,-0.32482097929213505,1.0
21600,64.92545521299962,0.471835711084269,2.3117810446454237,-0.007676570676267147,0.016653191298246384,0.2683290398860007,-2.834457484394528,0.0035518614621832967,0.00912242479622364,-0.007676570676267147,-0.016653191298246384,-6.944818019866943,-3.1983277797698975,0.0035518614621832967,0.00912242479622364,0.20350667119826835,0.5226764397491046,-0.007676570676267147,-0.016653191298246384,-6.944818019866943,-3.1983277797698975,-0.03916424346349702,-0.06535411937335538,165.77064337234532,5.609535568155435,-0.000373767041453578,-0.024978480527802292,0.5,0.09638132049713767,0.4996262329585464,0.07140283996933539,-0.4604619894950494,0.006048720595980009,-0.4604619894950494,-0.4604619894950494,-0.4604619894950494,-0.4604619894950494,-0.10906677677778234,-0.10906677677778234,-0.10906677677778234,-0.10906677677778234,1.0
21650,64.98290118099976,0.49048111366219893,2.319615698510251,-0.005547100678086281,0.02659056894481182,0.2683290398860007,-2.834457484394528,0.003877285127528012,0.008985684290528297,-0.005547100678086281,-0.02659056894481182,-7.019581317901611,-3.1321284770965576,0.003877285127528012,0.008985684290528297,0.22215207377619825,0.5148417858842769,-0.005547100678086281,-0.02659056894481182,-7.019581317901611,-3.1321284770965576,-0.05686084112341491,-0.0735498260616643,165.77044419513712,5.609541275178078,-0.0004080121265231937,-0.024604050937293245,0.5,0.1460293500683601,0.4995919878734768,0.12142529913106685,-0.44273114675006187,0.047875473069402555,-0.44273114675006187,-0.44273114675006187,-0.44273114675006187,-0.44273114675006187,-0.06280731361811291,-0.06280731361811291,-0.06280731361811291,-0.06280731361811291,1.0
21700,65.09100896499967,0.41890740126707665,2.4130196026272337,-0.006512455176562071,-0.014537647366523743,0.2683290398860007,-2.834457484394528,0.0026280881883576513,0.007355478629469864,-0.006512455176562071,0.014537647366523743,-6.7665863037109375,-3.3306798934936523,0.0026280881883576513,0.007355478629469864,0.15057836138107594,0.42143788176729424,-0.006512455176562071,0.014537647366523743,-6.7665863037109375,-3.3306798934936523,-0.027376092918446678,-0.08193986387228365,165.77111370182953,5.6096026748035905,-0.00027655664640815813,-0.020140190515884504,0.5,-0.08484830341046837,0.49972344335359187,-0.10498849392635287,-0.4723473504351452,-0.18692835779863654,-0.4723473504351452,-0.4723473504351452,-0.4723473504351452,-0.4723473504351452,-0.30501519540742283,-0.30501519540742283,-0.30501519540742283,-0.30501519540742283,1.0
21750,65.24122250500022,0.6101645441367755,2.515756533358215,-0.0349421463906765,0.01602337136864662,0.2683290398860007,-2.834457484394528,0.005966155049391093,0.005562380924820899,-0.0349421463906765,-0.01602337136864662,-9.065150260925293,-3.8585634231567383,0.005966155049391093,0.005562380924820899,0.3418355042507748,0.3187009510363132,-0.0349421463906765,-0.01602337136864662,-9.065150260925293,-3.8585634231567383,-0.06599107379205801,-0.021152050657963578,165.7687502121215,5.609656061946675,-0.000627831088572749,-0.015230385880349168,0.5,0.09297885312913937,0.49937216891142727,0.0777484672487902,-0.4333810951193693,0.05659641659082662,-0.4333810951193693,-0.4333810951193693,-0.4333810951193693,-0.4333810951193693,-0.0517488571890157,-0.0517488571890157,-0.0517488571890157,-0.0517488571890157,1.0
21800,65.39285742300035,0.7310029169113187,2.682320301222496,0.018622994422912598,-0.0030266745015978813,0.2683290398860007,-2.834457484394528,0.008075182517059147,0.0026552947610616676,0.018622994422912598,0.0030266745015978813,-7.15603494644165,-1.0836119651794434,0.008075182517059147,0.0026552947610616676,0.46267387702531804,0.15213718317203193,0.018622994422912598,0.0030266745015978813,-7.15603494644165,-1.0836119651794434,-0.17343471584258927,-0.01666487068503042,165.76631049401496,5.609711123793323,-0.0008497768130647874,-0.00727043481093731,0.5,-0.018137898165627424,0.4991502231869352,-0.025408332976564734,-0.32571550734434596,-0.04207320366159516,-0.32571550734434596,-0.32571550734434596,-0.32571550734434596,-0.32571550734434596,-0.12350208049768165,-0.12350208049768165,-0.12350208049768165,-0.12350208049768165,1.0
21850,65.5502122959997,0.9149860150366597,2.7185467708065976,0.03909264877438545,-0.1594061702489853,0.2683290398860007,-2.834457484394528,0.011286293347366154,0.0020230235904455177,0.03909264877438545,0.1594061702489853,-4.821923732757568,1.1218458414077759,0.011286293347366154,0.0020230235904455177,0.646656975150659,0.11591071358793054,0.03909264877438545,0.1594061702489853,-4.821923732757568,1.1218458414077759,-0.2519257851085397,-0.31843830642404963,165.76118849647304,5.609717941494999,-0.0011877164812021332,-0.005539215730995565,0.5,-0.29898083588713503,0.49881228351879786,-0.3045200516181306,-0.24688649841025817,-0.6229583580421802,-0.24688649841025817,-0.24688649841025817,-0.24688649841025817,-0.24688649841025817,-0.6846799826447448,-0.6846799826447448,-0.6846799826447448,-0.6846799826447448,1.0
21900,65.75053370400019,0.749196940034646,2.613925348194927,0.02333195134997368,-0.06328843533992767,0.2683290398860007,-2.834457484394528,0.00839272812474519,0.0038490118831396095,0.02333195134997368,0.06328843533992767,-1.778405785560608,-2.0228545665740967,0.00839272812474519,0.0038490118831396095,0.4808679001486453,0.22053213619960085,0.02333195134997368,0.06328843533992767,-1.778405785560608,-2.0228545665740967,-0.18806382819579454,-0.1599047328686884,165.765879677559,5.609693228167714,-0.0008831946600998383,-0.010538959159219933,0.5,-0.2557940089299349,0.49911680533990016,-0.26633296808915485,-0.3110529771441056,-0.42623770095784325,-0.3110529771441056,-0.3110529771441056,-0.3110529771441056,-0.3110529771441056,-0.5040009452438696,-0.5040009452438696,-0.5040009452438696,-0.5040009452438696,1.0
21950,65.85782654400009,0.8923737132939804,2.6092140117714995,-0.04724930226802826,-0.00615619495511055,0.2683290398860007,-2.834457484394528,0.01089163423050195,0.003931240215897559,-0.04724930226802826,0.00615619495511055,-0.9428929686546326,-0.43562835454940796,0.01089163423050195,0.003931240215897559,0.6240446734079798,0.2252434726230287,-0.04724930226802826,0.00615619495511055,-0.9428929686546326,-0.43562835454940796,-0.08676499236324951,-0.04174484591251767,165.76190958199956,5.60969175361839,-0.00114618109611756,-0.010764109805624344,0.49999999999999994,-0.03675164502630704,0.49885381890388236,-0.047515754831931385,-0.41208882654063284,-0.08926060074444905,-0.41208882654063284,-0.41208882654063284,-0.41208882654063284,-0.41208882654063284,-0.19228280737960726,-0.19228280737960726,-0.19228280737960726,-0.19228280737960726,1.0
22000,65.91396006000014,0.8358135571073395,2.6156017327493424,-0.04301092401146889,-0.015578895807266235,0.2683290398860007,-2.834457484394528,0.009904473279602826,0.0038197534531354896,-0.04301092401146889,0.015578895807266235,-0.698671817779541,-0.714451014995575,0.009904473279602826,0.0038197534531354896,0.5674845172213389,0.21885575164518584,-0.04301092401146889,0.015578895807266235,-0.698671817779541,-0.714451014995575,-0.0745089099921836,-0.07193928222951801,165.76360085906353,5.609693745322619,-0.001042290148093227,-0.01045884623309329,0.4999999999992708,-0.09056157160030458,0.4989577098511776,-0.10102041783339787,-0.424448799858994,-0.1729597000629159,-0.424448799858994,-0.424448799858994,-0.424448799858994,-0.424448799858994,-0.27907190002766435,-0.27907190002766435,-0.27907190002766435,-0.27907190002766435,1.0
22050,65.9702171099998,0.7855335464191138,2.6228541129874263,-0.031433623284101486,-0.02454722672700882,0.2683290398860007,-2.834457484394528,0.009026921545155346,0.0036931755393743507,-0.031433623284101486,0.02454722672700882,3.7619211673736572,-0.5557429790496826,0.009026921545155346,0.0036931755393743507,0.5172045065331131,0.21160337140710167,-0.031433623284101486,0.02454722672700882,3.7619211673736572,-0.5557429790496826,-0.08113192478767456,-0.087897746997728,165.76496953749643,5.609695937175707,-0.0009499364070166918,-0.010112261584896249,-0.5,-0.13648973285029187,-0.5009499364070167,-0.14660199443518812,0.5820818611946912,-0.23449974143291613,0.5820818611946912,0.5820818611946912,0.5820818611946912,0.5820818611946912,-0.08897927613424333,-0.08897927613424333,-0.08897927613424333,-0.08897927613424333,1.0
22100,66.02695794600004,0.7827112375488705,2.6568428418447025,-0.05537346750497818,0.021994665265083313,0.2683290398860007,-2.834457484394528,0.00897766296286136,0.0030999603122472755,-0.05537346750497818,-0.021994665265083313,6.181543827056885,0.6913081407546997,0.00897766296286136,0.0030999603122472755,0.5143821976628699,0.17761464254982573,-0.05537346750497818,-0.021994665265083313,6.181543827056885,0.6913081407546997,-0.035525636898084745,0.000301267480273662,165.76504260288985,5.609705225278101,-0.0009447524670774452,-0.00848797421005467,-0.5,0.12406679976981314,-0.5009447524670775,0.11557882555975846,0.5364703893651622,0.11588009304003212,0.5364703893651622,0.5364703893651622,0.5364703893651622,0.5364703893651622,0.2499976903813227,0.2499976903813227,0.2499976903813227,0.2499976903813227,1.0
22150,66.08411995900042,0.24235138681218407,3.18920059236019,-0.21210850775241852,0.040743760764598846,0.2683290398860007,-2.834457484394528,-0.00045339557807892554,-0.006191435232758523,-0.21210850775241852,-0.040743760764598846,1.9442564249038696,3.80379056930542,-0.00045339557807892554,-0.006191435232758523,-0.02597765307381662,-0.35474310796566183,-0.21210850775241852,-0.040743760764598846,1.9442564249038696,3.80379056930542,0.4205053366156083,0.3222485282252745,165.7716657920913,5.609639020369993,4.771121592089405e-05,0.016952833559498323,-0.5,0.20168126844026132,-0.4999522887840791,0.21863410199975963,0.07944695216847081,0.5408826302250341,0.07944695216847081,0.07944695216847081,0.07944695216847081,0.07944695216847081,0.5607443682671518,0.5607443682671518,0.5607443682671518,0.5607443682671518,1.0
22200,66.1400666999998,-0.3933824507302101,3.1660088984768233,-0.16596490144729614,-0.03839888796210289,0.2683290398860007,-2.834457484394528,-0.011549044209532441,-0.005786663815379144,-0.16596490144729614,0.03839888796210289,-8.169364929199219,7.066855430603027,-0.011549044209532441,-0.005786663815379144,-0.6617114906162109,-0.3315514140822951,-0.16596490144729614,0.03839888796210289,-8.169364929199219,7.066855430603027,0.4964714207858328,0.01372554590826787,165.76069419178478,5.609650195186073,0.001215369556243781,0.01584450594857931,0.5,-0.19372560434716304,0.5012153695562438,-0.17788109839858374,-0.9976867903420765,-0.16415555249031588,-0.9976867903420765,-0.9976867903420765,-0.9976867903420765,-0.9976867903420765,-0.413577250075835,-0.413577250075835,-0.413577250075835,-0.413577250075835,1.0
22250,66.19448969699988,-0.6458152501181859,3.070263093248173,0.10986509174108505,-0.07001392543315887,0.2683290398860007,-2.834457484394528,-0.015954827698878946,-0.004115584269165994,0.10986509174108505,0.07001392543315887,-6.9010772705078125,1.4379817247390747,-0.015954827698878946,-0.004115584269165994,-0.9141442900041866,-0.23580560885364482,0.10986509174108505,0.07001392543315887,-6.9010772705078125,1.4379817247390747,0.10712979698071023,-0.05787968016490211,165.75071131917625,5.609688334629147,0.0016790816407832307,0.01126886544767,0.5,-0.26562355010780636,0.5016790816407832,-0.2543546846601364,-0.6088088786214935,-0.3122343648250385,-0.6088088786214935,-0.6088088786214935,-0.6088088786214935,-0.6088088786214935,-0.4644365844804119,-0.4644365844804119,-0.4644365844804119,-0.4644365844804119,1.0
22300,66.24991741299982,-0.20251453526170948,2.572031529147008,0.14559532701969147,-0.18648377060890198,0.2683290398860007,-2.834457484394528,-0.008217770648188889,0.00458019696176052,0.14559532701969147,0.18648377060890198,-1.7264848947525024,1.3214733600616455,-0.008217770648188889,0.00458019696176052,-0.4708435751477102,0.2624259552475203,0.14559532701969147,0.18648377060890198,-1.7264848947525024,1.3214733600616455,-0.1749920427830875,-0.4178390924152051,165.76611909884966,5.609679022616682,0.0008647824734858004,-0.012541032046404587,0.5,-0.2996545809748522,0.5008647824734858,-0.3121956130212568,-0.32587273969039826,-0.730034705436462,-0.32587273969039826,-0.32587273969039826,-0.32587273969039826,-0.32587273969039826,-0.8115028903590615,-0.8115028903590615,-0.8115028903590615,-0.8115028903590615,1.0
22350,66.30485800899987,0.19761007257145688,2.1563682009314227,0.07874850928783417,-0.09578145295381546,0.2683290398860007,-2.834457484394528,-0.001234278823249042,0.011834890618920325,0.07874850928783417,0.09578145295381546,-1.610932469367981,2.477785587310791,-0.001234278823249042,0.011834890618920325,-0.07071896731454382,0.6780892834631054,0.07874850928783417,0.09578145295381546,-1.610932469367981,2.477785587310791,-0.1524167548416399,-0.35446604259099757,165.77155721772925,5.609404548308035,0.0001298843039615163,-0.03240604284674223,0.5,-0.2872666958438746,0.5001298843039615,-0.31967273869061685,-0.34771312946232164,-0.6741387812816144,-0.34771312946232164,-0.34771312946232164,-0.34771312946232164,-0.34771312946232164,-0.7610670636471948,-0.7610670636471948,-0.7610670636471948,-0.7610670636471948,1.0
22400,66.39456551800049,0.670692880148635,1.8034175352407793,-0.037137262523174286,0.047771330922842026,0.2683290398860007,-2.834457484394528,0.007022573803551495,0.017995041832327842,-0.037137262523174286,-0.047771330922842026,7.907508850097656,5.7368645668029785,0.007022573803551495,0.017995041832327842,0.4023638402626344,1.031039949153749,-0.037137262523174286,-0.047771330922842026,7.907508850097656,5.7368645668029785,-0.1228704085753552,-0.2702630679317397,165.76761975977038,5.608981030086884,-0.0007390036134110396,-0.04927584769048737,-0.5,0.22266898454159342,-0.5007390036134111,0.17339313685110605,0.6236094121887663,-0.09686993108063366,0.6236094121887663,0.6236094121887663,0.6236094121887663,0.6236094121887663,0.05903242196655792,0.05903242196655792,0.05903242196655792,0.05903242196655792,1.0
22450,66.54936796600032,-0.42066644178261936,2.6756341863552886,-0.12989486753940582,-0.023333579301834106,0.2683290398860007,-2.834457484394528,-0.012025239686481655,0.002771989479660987,-0.12989486753940582,0.023333579301834106,3.6644022464752197,4.740402698516846,-0.012025239686481655,0.002771989479660987,-0.6889954816686201,0.1588232980392397,-0.12989486753940582,0.023333579301834106,3.6644022464752197,4.740402698516846,0.3993722913713139,-0.02203069550112665,165.75976935244316,5.609709664043333,0.0012654869229552276,-0.007589956573191215,-0.5,-0.1306518300776851,-0.49873451307704475,-0.13824178665087633,0.09936222170573084,-0.160272482152003,0.09936222170573084,0.09936222170573084,0.09936222170573084,0.09936222170573084,-0.13543192672557028,-0.13543192672557028,-0.13543192672557028,-0.13543192672557028,1.0
22500,66.70110466500046,-1.0042646983383658,2.655566663686968,-0.068634033203125,-0.01390671357512474,0.2683290398860007,-2.834457484394528,-0.022210950772278013,0.0031222338229417793,-0.068634033203125,0.01390671357512474,3.208075523376465,4.280783176422119,-0.022210950772278013,0.0031222338229417793,-1.2725937382243666,0.1788908207075603,-0.068634033203125,0.01390671357512474,3.208075523376465,4.280783176422119,0.45011723713262336,-0.04809276377891429,165.73104129366786,5.60970490584731,0.0023376586926860776,-0.008548961404153399,-0.5,-0.08135322858299575,-0.4976623413073139,-0.08990218998714915,0.047545104174690545,-0.13799495376606344,0.047545104174690545,0.047545104174690545,0.047545104174690545,0.047545104174690545,-0.12610867772239082,-0.12610867772239082,-0.12610867772239082,-0.12610867772239082,1.0
22550,66.86548854000011,-1.6106167696186575,2.532131058119674,-0.04773526266217232,-0.07103775441646576,0.2683290398860007,-2.834457484394528,-0.03279379084240645,0.005276591554284095,-0.04773526266217232,0.07103775441646576,2.3806631565093994,5.417362689971924,-0.03279379084240645,0.005276591554284095,-1.8789458095046583,0.30232642627485384,-0.04773526266217232,0.07103775441646576,2.3806631565093994,5.417362689971924,0.5670158014352648,-0.1641274850868969,165.6830902386911,5.609663201602946,0.00345214565949404,-0.014447853499784561,-0.5,-0.26692690214235487,-0.49654785434050597,-0.28137475564213943,-0.07046794709475879,-0.4455022407290363,-0.07046794709475879,-0.07046794709475879,-0.07046794709475879,-0.07046794709475879,-0.46311922750272605,-0.46311922750272605,-0.46311922750272605,-0.46311922750272605,1.0
22600,67.0124787650002,-2.091470945089135,2.137315174798261,-0.04094737768173218,-0.07324148714542389,0.2683290398860007,-2.834457484394528,-0.04118627942632884,0.012167428657412528,-0.04094737768173218,0.07324148714542389,2.846747636795044,3.471153497695923,-0.04118627942632884,0.012167428657412528,-2.359799984975136,0.6971423095962674,-0.04094737768173218,0.07324148714542389,2.846747636795044,3.471153497695923,0.687594088890034,-0.31554312779360305,165.631950587357,5.609386152055714,0.004336498257999886,-0.03331665629107884,-0.5,-0.2695759720447463,-0.49566350174200013,-0.30289262833582514,-0.1919305871480339,-0.6184357561294282,-0.1919305871480339,-0.1919305871480339,-0.1919305871480339,-0.1919305871480339,-0.6664184029164367,-0.6664184029164367,-0.6664184029164367,-0.6664184029164367,1.0
22650,67.06747797299977,-2.1755098060803837,2.0789559040955563,-0.027069393545389175,0.013445643708109856,0.2683290398860007,-2.834457484394528,-0.04265303425025195,0.01318599008023738,-0.027069393545389175,-0.013445643708109856,3.040412187576294,4.444447040557861,-0.04265303425025195,0.01318599008023738,-2.4438388459663845,0.7555015802989716,-0.027069393545389175,-0.013445643708109856,3.040412187576294,4.444447040557861,0.6901170897108118,-0.16065720515879633,165.62182242673893,5.6093266328196965,0.004491115264266764,-0.03610589240640599,-0.5,0.07878389195101239,-0.49550888473573323,0.042677999544606396,-0.19460820497507852,-0.11797920561418994,-0.19460820497507852,-0.19460820497507852,-0.19460820497507852,-0.19460820497507852,-0.16663125685795957,-0.16663125685795957,-0.16663125685795957,-0.16663125685795957,1.0
22700,67.12361202600005,-2.289248890903786,1.9919170959547912,-0.008538189344108105,0.028412533923983574,0.2683290398860007,-2.834457484394528,-0.04463815576862544,0.014705103859305381,-0.008538189344108105,-0.028412533923983574,2.8715131282806396,1.7403119802474976,-0.04463815576862544,0.014705103859305381,-2.557577930789787,0.842540388439737,-0.008538189344108105,-0.028412533923983574,2.8715131282806396,1.7403119802474976,0.7021661884410004,-0.16254066595689773,165.60755084436886,5.609228979507444,0.004700406234630653,-0.04026594806267712,-0.5,0.15422202297744653,-0.49529959376536936,0.1139560749147694,-0.20686659467563107,-0.048584591042128325,-0.20686659467563107,-0.20686659467563107,-0.20686659467563107,-0.20686659467563107,-0.10030123971103609,-0.10030123971103609,-0.10030123971103609,-0.10030123971103609,1.0
22750,67.21673292800006,-2.4312845956849056,1.9107797847003287,-0.04864385724067688,-0.015461703762412071,0.2683290398860007,-2.834457484394528,-0.04711714647244663,0.0161212170869112,-0.04864385724067688,0.015461703762412071,3.3008670806884766,4.127999782562256,-0.04711714647244663,0.0161212170869112,-2.6996136355709064,0.9236776996941994,-0.04864385724067688,0.015461703762412071,3.3008670806884766,4.127999782562256,0.7950275103588259,-0.24373913945593403,165.5888178941012,5.609128367992378,0.004961817575920733,-0.04414406159710679,-0.5,-0.08992204391982349,-0.49503818242407926,-0.13406610551693027,-0.29998932793474664,-0.3778052449728643,-0.29998932793474664,-0.29998932793474664,-0.29998932793474664,-0.29998932793474664,-0.4528025769565509,-0.4528025769565509,-0.4528025769565509,-0.4528025769565509,1.0
22800,67.40047159799997,-2.9449669014622857,1.6989025141697731,-0.020283600315451622,-0.021828576922416687,0.2683290398860007,-2.834457484394528,-0.0560825940174982,0.019819173067808147,-0.020283600315451622,0.021828576922416687,3.459014892578125,3.396019458770752,-0.0560825940174982,0.019819173067808147,-3.2132959413482864,1.135554970224755,-0.020283600315451622,0.021828576922416687,3.459014892578125,3.396019458770752,0.9096008028568292,-0.3352186697567567,165.51262596541304,5.608822054484944,0.00590775939862471,-0.0542717830498849,-0.5,-0.1232395714675503,-0.4940922406013753,-0.1775113545174352,-0.4155085622554539,-0.5127300242741919,-0.4155085622554539,-0.4155085622554539,-0.4155085622554539,-0.4155085622554539,-0.6166071648380553,-0.6166071648380553,-0.6166071648380553,-0.6166071648380553,1.0
22850,67.60120093099977,-2.980347708249775,1.6528144253629369,-0.016186216846108437,0.0017839609645307064,0.2683290398860007,-2.834457484394528,-0.05670010558795184,0.020623561963438987,-0.016186216846108437,-0.0017839609645307064,3.384523630142212,3.6024515628814697,-0.05670010558795184,0.020623561963438987,-3.2486767481357757,1.1816430590315914,-0.016186216846108437,-0.0017839609645307064,3.384523630142212,3.6024515628814697,0.8532349247594637,-0.2870538607839361,165.5068912752269,5.608747078492892,0.005972945883700998,-0.056474928092419587,-0.5,0.010699226110303646,-0.494027054116299,-0.04577570198211594,-0.35920787064316473,-0.332829562766052,-0.35920787064316473,-0.35920787064316473,-0.35920787064316473,-0.35920787064316473,-0.4226315304268432,-0.4226315304268432,-0.4226315304268432,-0.4226315304268432,1.0
22900,67.80984635599998,-3.033433432582995,1.6744531049837719,-0.0049827368929982185,-0.02868252620100975,0.2683290398860007,-2.834457484394528,-0.0576266262633726,0.020245895758271217,-0.0049827368929982185,0.02868252620100975,3.4499926567077637,3.107611656188965,-0.0576266262633726,0.020245895758271217,-3.3017624724689956,1.1600043794107562,-0.0049827368929982185,0.02868252620100975,3.4499926567077637,3.107611656188965,0.8879086083972718,-0.3573704921132558,165.49816921816586,5.608782651617787,0.006070760862639254,-0.05544052956352239,-0.5,-0.15541055827546027,-0.49392923913736075,-0.21085108783898265,-0.39397936925991106,-0.5682215799522384,-0.39397936925991106,-0.39397936925991106,-0.39397936925991106,-0.39397936925991106,-0.6667164222672162,-0.6667164222672162,-0.6667164222672162,-0.6667164222672162,1.0
22950,67.96440666400031,-3.043751500541357,1.7041221660778378,-0.041735149919986725,-0.028598560020327568,0.2683290398860007,-2.834457484394528,-0.057806710521690556,0.019728072956204414,-0.041735149919986725,0.028598560020327568,2.890639066696167,2.7927286624908447,-0.057806710521690556,0.019728072956204414,-3.3120805404273583,1.1303353183166902,-0.041735149919986725,0.028598560020327568,2.890639066696167,2.7927286624908447,0.9487359240050619,-0.32980877767339295,165.49645755449149,5.608830357811122,0.006089773981260247,-0.05402227175116059,-0.5,-0.15504163981650462,-0.49391022601873974,-0.2090639115676652,-0.45482569798632216,-0.5388726892410581,-0.45482569798632216,-0.45482569798632216,-0.45482569798632216,-0.45482569798632216,-0.6525791137376387,-0.6525791137376387,-0.6525791137376387,-0.6525791137376387,1.0
23000,68.06188660499993,-3.076090738714075,1.7289080688021679,0.060918163508176804,-0.038660548627376556,0.2683290398860007,-2.834457484394528,-0.05837113670539112,0.019295477345585822,0.060918163508176804,0.038660548627376556,3.1021342277526855,2.5913031101226807,-0.05837113670539112,0.019295477345585822,-3.3444197786000758,1.1055494155923602,0.060918163508176804,0.038660548627376556,3.1021342277526855,2.5913031101226807,0.7623608123678645,-0.34739592089180993,165.49105823802046,5.60886926470605,0.006149368091823451,-0.05283745783178459,-0.5,-0.19463780916726622,-0.4938506319081766,-0.2474752669990508,-0.2685101804596879,-0.5948711878908608,-0.2685101804596879,-0.2685101804596879,-0.2685101804596879,-0.2685101804596879,-0.6619987330057828,-0.6619987330057828,-0.6619987330057828,-0.6619987330057828,1.0
23050,68.11707175399988,-2.812073191441817,1.773239731775253,0.06499597430229187,-0.0041323015466332436,0.2683290398860007,-2.834457484394528,-0.05376316122245044,0.01852174386382103,0.06499597430229187,0.0041323015466332436,2.9800467491149902,2.9591763019561768,-0.05376316122245044,0.01852174386382103,-3.0804022313278177,1.0612177526192752,0.06499597430229187,0.0041323015466332436,2.9800467491149902,2.9591763019561768,0.6891010392970167,-0.2795460069093167,165.53360566143988,5.608936702034883,0.0056629522935292545,-0.0507183548299858,-0.5,-0.02473751281746815,-0.49433704770647074,-0.07545586764745395,-0.19476399159054597,-0.3550018745567706,-0.19476399159054597,-0.19476399159054597,-0.19476399159054597,-0.19476399159054597,-0.4036928724544071,-0.4036928724544071,-0.4036928724544071,-0.4036928724544071,1.0
23100,68.17223682900021,-2.6156696077542194,1.8500651659510277,0.0382087305188179,-0.004354441072791815,0.2683290398860007,-2.834457484394528,-0.05033527202438563,0.017180887088179587,0.0382087305188179,0.004354441072791815,2.4957847595214844,3.5550694465637207,-0.05033527202438563,0.017180887088179587,-2.88399864764022,0.9843923184435006,0.0382087305188179,0.004354441072791815,2.4957847595214844,3.5550694465637207,0.6968510179481355,-0.25931859339972696,165.5629907650838,5.609047034865067,0.005301262036769377,-0.047046117578332866,-0.5,-0.026060794018764995,-0.4946987379632306,-0.07310691159709787,-0.20215227998490493,-0.3324255049968248,-0.20215227998490493,-0.20215227998490493,-0.20215227998490493,-0.20215227998490493,-0.38296357499305106,-0.38296357499305106,-0.38296357499305106,-0.38296357499305106,1.0
23150,68.30630882900005,-2.070691161756429,1.9721157372206894,0.06367091089487076,0.03500596061348915,0.2683290398860007,-2.834457484394528,-0.04082360378932208,0.015050702765583991,0.06367091089487076,-0.03500596061348915,2.612347364425659,1.4935460090637207,-0.04082360378932208,0.015050702765583991,-2.33902020164243,0.8623417471738387,0.06367091089487076,-0.03500596061348915,2.612347364425659,1.4935460090637207,0.5015200742045856,-0.13723034206285548,165.63440030169386,5.6092052781451684,0.004298269923121586,-0.04121238066038654,-0.5,0.18133303212379645,-0.4957017300768784,0.1401206514634099,-0.0058183441277071535,0.0028903094005544305,-0.0058183441277071535,-0.0058183441277071535,-0.0058183441277071535,-0.0058183441277071535,0.0014357233686276422,0.0014357233686276422,0.0014357233686276422,0.0014357233686276422,1.0
