tick,time_s,euler_roll_deg,euler_pitch_deg,gyro_roll_rad_s,gyro_pitch_rad_s,roll_offset_deg,pitch_offset_deg,roll_rad,pitch_rad,rolldot_rad_s,pitchdot_rad_s,vel_roll_raw_rad_s,vel_pitch_raw_rad_s,roll_f_rad,pitch_f_rad,roll_f_deg,pitch_f_deg,rolldot_f_rad_s,pitchdot_f_rad_s,vel_roll_f_rad_s,vel_pitch_f_rad_s,tau_fb_roll_nm,tau_fb_pitch_nm,denom_roll,denom_pitch,tau_ff_roll_g_nm,tau_ff_pitch_g_nm,tau_ff_roll_f_nm,tau_ff_pitch_f_nm,tau_ff_roll_nm,tau_ff_pitch_nm,tau_roll_total_nm,tau_pitch_total_nm,tau_motor1_raw_nm,tau_motor1_sat_nm,tau_motor1_ramped_nm,tau_motor1_final_nm,tau_motor2_raw_nm,tau_motor2_sat_nm,tau_motor2_ramped_nm,tau_motor2_final_nm,ramp_scale
50,11.780867713999669,-0.4908381511288908,-3.1898044237715015,-0.000625204760581255,0.0020657763816416264,1.104659784520183,-0.1339851778516943,-0.02784669218584895,0.05801107219187543,-0.000625204760581255,-0.0020657763816416264,-0.2259010225534439,0.060895439237356186,-0.02784669218584895,0.05801107219187543,-1.595497935649074,3.323789601623196,-0.000625204760581255,-0.0020657763816416264,-0.2259010225534439,0.060895439237356186,0.42656918430540236,-0.881310407390574,165.70780172214307,5.601973027397262,0.002931082548093069,-0.15896990630137142,0.499880972968627,0.012387610653573975,0.50281205551672,-0.14658229564779746,-0.9293812398221224,-1.0278927030383715,-0.9293812398221224,-0.9293812398221224,-0.030868460754589856,-0.030868460754589856,-1.2602380129939021,-1.2602380129939021,-0.041857534861571004,-0.041857534861571004,0.03321399166664681
100,11.881131474000085,-0.5054395481096442,-3.215640468080721,-0.01017624419182539,0.013945478945970535,1.104659784520183,-0.1339851778516943,-0.028101534638553857,0.05846199623076245,-0.01017624419182539,-0.013945478945970535,0.03261393681168556,-0.049258653074502945,-0.028101534638553857,0.05846199623076245,-1.6100993326298274,3.349625645932415,-0.01017624419182539,-0.013945478945970535,0.03261393681168556,-0.049258653074502945,0.43897620474956267,-0.8512177190676555,165.7066272193906,5.601852043203434,0.002957920648893251,-0.16020764757598926,-0.28660099899240493,0.08156867128850427,-0.28364307834351166,-0.078638976287485,-0.15533312640605101,-0.9298566953551405,-0.15533312640605101,-0.15533312640605101,-0.010349868891060444,-0.010349868891060444,-0.9686899769566533,-0.9686899769566533,-0.06454395459328865,-0.06454395459328865,0.06663014599992796
150,11.980789337999795,-0.5348233954450093,-3.107346538129699,-0.008788992650806904,0.012414606288075447,1.104659784520183,-0.1339851778516943,-0.028614379521459343,0.056571910593193026,-0.008788992650806904,-0.012414606288075447,0.1126556545495987,-0.022898904979228973,-0.028614379521459343,0.056571910593193026,-1.6394831799651925,3.241331715981394,-0.008788992650806904,-0.012414606288075447,0.1126556545495987,-0.022898904979228973,0.4529604840541005,-0.8361318568909042,165.70423122757623,5.602352899399606,0.003011930794141754,-0.1550198678139993,-0.48908050691268024,0.07299376950188585,-0.4860685761185385,-0.08202609831211344,0.03310809206443799,-0.9181579552030177,0.03310809206443799,0.03310809206443799,0.003305754351231566,0.003305754351231566,-0.9098809321869081,-0.9098809321869081,-0.09084917502420155,-0.09084917502420155,0.09984732266654343
200,12.080805379999674,-0.6098078801960538,-3.015324253215764,-0.008978093974292278,0.010898763313889503,1.104659784520183,-0.1339851778516943,-0.029923105668276547,0.05496581873623655,-0.008978093974292278,-0.010898763313889503,-0.6223467588424683,-0.017355183139443398,-0.029923105668276547,0.05496581873623655,-1.714467664716237,3.1493094310674588,-0.008978093974292278,-0.010898763313889503,-0.6223467588424683,-0.017355183139443398,0.48399262503056006,-0.8252564826637742,165.69792058792981,5.602765578270361,0.0031497661856522995,-0.1506122154185649,0.4999999999845571,0.06437622110574927,0.5031497661702093,-0.08623599431281563,-0.9871423912007694,-0.9114924769765897,-0.9871423912007694,-0.9871423912007694,-0.13147392162852087,-0.13147392162852087,-1.158278074776782,-1.158278074776782,-0.15426686381282617,-0.15426686381282617,0.13318637999994584
250,12.181125193999833,-0.6710608032293166,-2.982923970227339,-0.0259004645049572,0.0060092369094491005,1.104659784520183,-0.1339851778516943,-0.030992170851677655,0.05440032711951062,-0.0259004645049572,-0.0060092369094491005,-1.575757384300232,0.05419532582163811,-0.030992170851677655,0.05440032711951062,-1.7757205877494997,3.116909148079033,-0.0259004645049572,-0.0060092369094491005,-1.575757384300232,0.05419532582163811,0.5197894968696751,-0.8176893556903421,165.69255625384187,5.602908053004813,0.003262368339829957,-0.14906045425872722,0.5,0.03588281934153785,0.50326236833983,-0.11317763491718937,-1.023051865209505,-0.9308669906075314,-1.023051865209505,-1.023051865209505,-0.1704676310753405,-0.1704676310753405,-1.1866299569099077,-1.1866299569099077,-0.19772408867661964,-0.19772408867661964,0.1666265776666478
300,12.280778965000081,-0.7404133701228625,-2.9785050512777524,-0.009728373028337955,0.03181499242782593,1.104659784520183,-0.1339851778516943,-0.03220260148867965,0.054323202434461565,-0.009728373028337955,-0.03181499242782593,-0.3450334072113037,0.14745086431503296,-0.03220260148867965,0.054323202434461565,-1.8450731546430459,3.1124902291294467,-0.009728373028337955,-0.03181499242782593,-0.3450334072113037,0.14745086431503296,0.511095361330642,-0.7709788155547752,165.6862553718294,5.6029273703867295,0.003389869131197677,-0.14884882244959155,0.49999898572582796,0.16871246902452136,0.5033888548570257,0.01986364657492981,-1.0144842161876677,-0.7511151689798454,-1.0144842161876677,-1.0144842161876677,-0.20274043208994,-0.20274043208994,-1.0047362230267622,-1.0047362230267622,-0.20079233638384952,-0.20079233638384952,0.1998458219998914
350,12.380788933000076,-0.8451462101953686,-2.8474845206371597,0.010787218809127808,0.008910870179533958,1.104659784520183,-0.1339851778516943,-0.03403053438290954,0.05203646278707311,0.010787218809127808,-0.008910870179533958,0.6461779475212097,0.0365704670548439,-0.03403053438290954,0.05203646278707311,-1.949805994715552,2.981469698488854,0.010787218809127808,-0.008910870179533958,0.6461779475212097,0.0365704670548439,0.5143385488071066,-0.769380018407226,165.6762827649052,5.603487687788762,0.0035824333594215527,-0.1425745419918641,-0.49999999999404693,0.052906276963778795,-0.4964175666346254,-0.0896682650280853,-0.017920982172481226,-0.8590482834353114,-0.017920982172481226,-0.017920982172481226,-0.004178841223689282,-0.004178841223689282,-0.8635285289784317,-0.8635285289784317,-0.2013588641513178,-0.2013588641513178,0.23318148433327224
400,12.481023341999844,-0.8613688166086481,-2.7516253769569694,0.029307857155799866,-0.003397767897695303,1.104659784520183,-0.1339851778516943,-0.03431367227807641,0.05036340511171147,0.029307857155799866,0.003397767897695303,-0.6383864879608154,0.021666979417204857,-0.03431367227807641,0.05036340511171147,-1.9660286011288313,2.8856105548086637,0.029307857155799866,0.003397767897695303,-0.6383864879608154,0.021666979417204857,0.46574021207336314,-0.7881756395570246,165.67468884035793,5.603882386530456,0.003612262711863093,-0.13798475796668833,0.49999999999187,-0.020355283931516397,0.503612262703733,-0.15834004189820472,-0.9693524747770962,-0.9465156814552294,-0.9693524747770962,-0.9693524747770962,-0.2583760353560471,-0.2583760353560471,-1.1888538001495035,-1.1888538001495035,-0.3168830115910453,-0.3168830115910453,0.2665449793331997
450,12.635524485999667,-0.7428442771371523,-2.700083915706407,0.003712620120495558,-0.020613156259059906,1.104659784520183,-0.1339851778516943,-0.03224502881988883,0.049463836911600084,0.003712620120495558,0.020613156259059906,0.6433731913566589,0.02812011167407036,-0.03224502881988883,0.049463836911600084,-1.8475040616573357,2.834069093558101,0.003712620120495558,0.020613156259059906,0.6433731913566589,0.02812011167407036,0.47464823900789355,-0.7803296492047266,165.686030139833,5.604089280604803,0.0033943383935189416,-0.13551716248166296,-0.49999999999334016,-0.11711777510276136,-0.4966056615998212,-0.25263493758442435,0.021957422591927678,-1.0329645867891508,0.021957422591927678,0.021957422591927678,0.006982488650753618,0.006982488650753618,-1.0274752311411688,-1.0274752311411688,-0.32673844620594034,-0.32673844620594034,0.31800128733326954
500,12.800365320999845,-0.6799322584658112,-2.693468664051838,0.02773609571158886,-0.007984003983438015,1.104659784520183,-0.1339851778516943,-0.03114700695499778,0.04934837898937986,0.02773609571158886,0.007984003983438015,-0.26232051849365234,-0.08830764889717102,-0.03114700695499778,0.04934837898937986,-1.7845920429859945,2.827453841903533,0.02773609571158886,0.007984003983438015,-0.26232051849365234,-0.08830764889717102,0.4515899534118733,-0.7666224640784584,165.69176371520757,5.60411556529875,0.003278677474353878,-0.13520046286334728,0.49997226591717453,-0.047500986100016414,0.5032509433915284,-0.18270144896336368,-0.9548408968034017,-0.9493239130418221,-0.9548408968034017,-0.9548408968034017,-0.35612289296152483,-0.35612289296152483,-1.1880341372426724,-1.1880341372426724,-0.4430959705520674,-0.4430959705520674,0.3729656889998599
550,12.952689356000064,-0.3840908854989069,-2.6212558487216433,0.05374140664935112,0.020167436450719833,1.104659784520183,-0.1339851778516943,-0.025983600933104752,0.048088027599733324,0.05374140664935112,-0.020167436450719833,-0.7720516324043274,0.02373434603214264,-0.025983600933104752,0.048088027599733324,-1.48875067001909,2.755241026573338,0.05374140664935112,-0.020167436450719833,-0.7720516324043274,0.02373434603214264,0.3054467319600839,-0.7211894298545336,165.716063261061,5.604398500061279,0.002734886962686906,-0.13174350570158835,0.49999999999996125,0.11484318389310413,0.5027348869626481,-0.01690032180848422,-0.808181618922732,-0.7380897516630178,-0.808181618922732,-0.808181618922732,-0.34244249385874076,-0.34244249385874076,-0.9401351563937008,-0.9401351563937008,-0.39835381055667907,-0.39835381055667907,0.423719725666615
600,13.103780579999693,-0.11539680641951912,-2.5333323176399505,-0.0012988541275262833,9.765848517417908e-05,1.104659784520183,-0.1339851778516943,-0.02129400457255542,0.04655347249237821,-0.0012988541275262833,-9.765848517417908e-05,1.3284826278686523,0.2077077478170395,-0.02129400457255542,0.04655347249237821,-1.2200565909397023,2.667317495491645,-0.0012988541275262833,-9.765848517417908e-05,1.3284826278686523,0.2077077478170395,0.3224245540330677,-0.7485555654058701,165.73432754593296,5.604733116453783,0.0022411223787764506,-0.12753486226126617,-0.5,0.0005859501659369915,-0.49775887762122356,-0.12694891209532919,0.17533432358815587,-0.8755044775011993,0.17533432358815587,0.17533432358815587,0.08312703705187106,0.08312703705187106,-0.8316708966041604,-0.8316708966041604,-0.39430007782941023,-0.39430007782941023,0.4741058986666455
650,13.267891594000048,-0.11599911704652317,-2.1954633499669294,0.016191264614462852,0.03969784826040268,1.104659784520183,-0.1339851778516943,-0.021304516876116394,0.04065654656616971,0.016191264614462852,-0.03969784826040268,1.3557865619659424,1.0971903800964355,-0.021304516876116394,0.04065654656616971,-1.2206589015667062,2.329448527818624,0.016191264614462852,-0.03969784826040268,1.3557865619659424,1.0971903800964355,0.30913562541006173,-0.5771645838860762,165.73429065563502,5.6059180637488115,0.0022422290951155904,-0.11136603124027175,-0.5,0.19819344314427934,-0.49775777090488443,0.08682741190400758,0.1886221454948227,-0.4903371719820686,0.1886221454948227,0.1886221454948227,0.09974511768775955,0.09974511768775955,-0.44318163560836293,-0.44318163560836293,-0.23435850697617727,-0.23435850697617727,0.5288091566665875
700,13.417462659999728,0.05726604689921246,-1.654027317549143,0.03828444704413414,0.08861562609672546,1.104659784520183,-0.1339851778516943,-0.018280469286255537,0.03120670511154458,0.03828444704413414,-0.08861562609672546,2.254427433013916,1.8484472036361694,-0.018280469286255537,0.03120670511154458,-1.0473937376209705,1.7880124954008374,0.03828444704413414,-0.08861562609672546,2.254427433013916,1.8484472036361694,0.23162631233120587,-0.3386197003646388,165.7441521601761,5.607482945624578,0.0019238821196830053,-0.08546693255107218,-0.5,0.28315869811520633,-0.49807611788031697,0.19769176556413415,0.26644980554911113,-0.14092793480050464,0.26644980554911113,0.26644980554911113,0.15420881784233473,0.15420881784233473,-0.07431548341322686,-0.07431548341322686,-0.04301036294966656,-0.04301036294966656,0.578753726333313
750,13.47134615999994,0.13648580255451362,-1.4115681951749726,0.02471376210451126,0.056347887963056564,1.104659784520183,-0.1339851778516943,-0.016897823717445134,0.026974995124619455,0.02471376210451126,-0.056347887963056564,1.6586822271347046,1.4963325262069702,-0.016897823717445134,0.026974995124619455,-0.9681739819656695,1.5455533730266668,0.02471376210451126,-0.056347887963056564,1.6586822271347046,1.4963325262069702,0.22497450646771514,-0.3285471298797161,165.74815912731614,5.608050341231806,0.0017783404804626618,-0.07387295218159576,-0.5,0.24299264698097547,-0.49822165951953734,0.16911969479937972,0.27324715305182223,-0.1594274350803364,0.27324715305182223,0.27324715305182223,0.16305249266445238,0.16305249266445238,-0.09111564681738085,-0.09111564681738085,-0.054370679322284524,-0.054370679322284524,0.596721652333296
800,13.525724523000008,0.20561067868877478,-1.245928957447876,0.032610051333904266,0.051712293177843094,1.104659784520183,-0.1339851778516943,-0.015691367033869027,0.02408404505578801,0.032610051333904266,-0.051712293177843094,1.8033668994903564,1.9741473197937012,-0.015691367033869027,0.02408404505578801,-0.8990491058314083,1.3799141352995703,0.032610051333904266,-0.051712293177843094,1.8033668994903564,1.9741473197937012,0.1927116338341632,-0.2983130815464127,165.75139818473036,5.608390523094735,0.0016513505650878185,-0.06595350078341432,-0.5,0.2326816870640159,-0.4983486494349122,0.1667281862806016,0.30563701560074896,-0.13158489526581107,0.30563701560074896,0.30563701560074896,0.18792015535709206,0.18792015535709206,-0.055175641365623834,-0.055175641365623834,-0.03392460522811694,-0.03392460522811694,0.6148475013333154
850,13.58377039600009,0.3024863732969597,-1.0659863431034207,0.03507428616285324,0.06069840118288994,1.104659784520183,-0.1339851778516943,-0.014000567197799681,0.02094345397083089,0.03507428616285324,-0.06069840118288994,2.5033090114593506,1.3775875568389893,-0.014000567197799681,0.02094345397083089,-0.8021734112232234,1.199971520955115,0.03507428616285324,-0.06069840118288994,2.5033090114593506,1.3775875568389893,0.16280254242992276,-0.23558101498188508,165.75553405838443,5.60871643302795,0.0014733873136994892,-0.05735109678833236,-0.5,0.2513597466409093,-0.4985266126863005,0.19400864985257696,0.33572407025637774,-0.04157236512930812,0.33572407025637774,0.33572407025637774,0.2129074981289764,0.2129074981289764,0.042358652434786315,0.042358652434786315,0.02686275877424641,0.02686275877424641,0.6341740643332135
900,13.649388506999912,0.43861908708789543,-0.7975439004660523,0.0458870455622673,0.06909814476966858,1.104659784520183,-0.1339851778516943,-0.011624603122472762,0.0162582494947128,0.0458870455622673,-0.06909814476966858,4.027238845825195,0.3404659628868103,-0.011624603122472762,0.0162582494947128,-0.6660406974322877,0.9315290783177467,0.0458870455622673,-0.06909814476966858,4.027238845825195,0.3404659628868103,0.10289461574751296,-0.1526590977406295,165.7605499394145,5.6091181416753555,0.001223321744559794,-0.044519340011373865,-0.5,0.26441701494541325,-0.4987766782554402,0.2198976749340394,0.39588206250792723,0.06723857719340989,0.39588206250792723,0.39588206250792723,0.25971683249533895,0.25971683249533895,0.1662090928203917,0.1662090928203917,0.10904080585457575,0.10904080585457575,0.6560459719999017
950,13.8052656509999,0.4989600998256822,-0.36828070511761984,-0.008315615355968475,0.031425394117832184,1.104659784520183,-0.1339851778516943,-0.010571453776210545,0.008766193378251045,-0.008315615355968475,-0.031425394117832184,3.4518282413482666,2.8968231678009033,-0.010571453776210545,0.008766193378251045,-0.605699684694501,0.5022658829693142,-0.008315615355968475,-0.031425394117832184,3.4518282413482666,2.8968231678009033,0.1827007111268319,-0.06643184135389849,165.76247573167967,5.60955025567529,0.0011124843815224464,-0.024003031511136075,-0.5,0.16710717633334052,-0.49888751561847755,0.14310414482220443,0.31618680449164566,0.07667230346830595,0.31618680449164566,0.31618680449164566,0.2238396339795347,0.2238396339795347,0.15571900459121735,0.15571900459121735,0.1102388983227684,0.1102388983227684,0.7079347739998715
1000,13.950897361999978,0.6248940071644666,-0.18557844088442818,0.02342788502573967,0.032655902206897736,1.104659784520183,-0.1339851778516943,-0.008373492453247306,0.0055774373165331775,0.02342788502573967,-0.032655902206897736,3.317190647125244,2.435117483139038,-0.008373492453247306,0.0055774373165331775,-0.4797657773557164,0.3195636187361225,0.02342788502573967,-0.032655902206897736,3.317190647125244,2.435117483139038,0.11093786798590732,-0.05029847022542172,165.76590624746524,5.609655675364335,0.0008811703326152531,-0.015271612495031716,-0.5,0.1721295813959051,-0.49911882966738474,0.15685796890087336,0.3881809616814774,0.10655949867545164,0.3881809616814774,0.3881809616814774,0.2936379235770635,0.2936379235770635,0.203604739095821,0.203604739095821,0.1540159840904413,0.1540159840904413,0.7564459686665638
1050,14.100725685999805,0.9813925292421086,0.05955169900182715,0.060301050543785095,0.02195073664188385,1.104659784520183,-0.1339851778516943,-0.002151419464498757,0.001299109279643744,0.060301050543785095,-0.02195073664188385,4.364994049072266,2.4552016258239746,-0.002151419464498757,0.001299109279643744,-0.12326725527807443,0.07443347884986716,0.060301050543785095,-0.02195073664188385,4.364994049072266,2.4552016258239746,-0.07917011956260428,-0.004946651167082421,165.77130139651774,5.609723484550115,0.00022639609545794655,-0.003557072871461497,-0.5,0.12384822696704768,-0.49977360390454206,0.12029115409558619,0.5789437234671464,0.11534450292850376,0.5789437234671464,0.5789437234671464,0.46685678566054606,0.46685678566054606,0.26008043379529033,0.26008043379529033,0.20972731962221539,0.20972731962221539,0.8063940703332264
1100,14.265620949000095,1.364258996610585,0.28485365298519,0.036653339862823486,0.048665400594472885,1.104659784520183,-0.1339851778516943,0.004530860986560584,-0.0026331516285426917,0.036653339862823486,-0.048665400594472885,5.005537986755371,2.644136428833008,0.004530860986560584,-0.0026331516285426917,0.2595992120904019,-0.15086847513349572,0.036653339862823486,-0.048665400594472885,5.005537986755371,2.644136428833008,-0.11077852572516694,0.074491301315386,165.7699914565129,5.6097113936989285,-0.00047678969201878465,0.007209804725226042,-0.5,0.22504631076821321,-0.5004767896920188,0.23225611549343925,0.6112553154171858,0.3067474168088252,0.6112553154171858,0.6112553154171858,0.5265064472942093,0.5265064472942093,0.4595612456631217,0.4595612456631217,0.3958443430517261,0.3958443430517261,0.8613527506666591
1150,14.423540297999807,1.6753811569372474,0.576069093573718,0.047537799924612045,0.05047544836997986,1.104659784520183,-0.1339851778516943,0.00996096706017852,-0.007715819899458439,0.047537799924612045,-0.05047544836997986,6.168176174163818,2.65095853805542,0.00996096706017852,-0.007715819899458439,0.5707213724170642,-0.4420839157220237,0.047537799924612045,-0.05047544836997986,6.168176174163818,2.65095853805542,-0.22105804101713983,0.14481849534147762,165.76350840111033,5.6095901576433995,-0.0010482356192142244,0.021126876534557023,-0.5,0.22966765397898992,-0.5010482356192142,0.25079453051354694,0.722106276636354,0.39561302585502456,0.722106276636354,0.722106276636354,0.6600231822814749,0.6600231822814749,0.576139595014113,0.576139595014113,0.5266059875713741,0.5266059875713741,0.914024989999992
1200,14.57935114699967,1.7220160877645077,0.7811755655635283,-0.024440372362732887,0.012762942351400852,1.104659784520183,-0.1339851778516943,0.010774900149554015,-0.011295603152830154,-0.024440372362732887,-0.012762942351400852,8.02136516571045,2.2979607582092285,0.010774900149554015,-0.011295603152830154,0.6173563032443247,-0.647190387711834,-0.024440372362732887,-0.012762942351400852,8.02136516571045,2.2979607582092285,-0.09489981143506677,0.1583694080587702,165.7621179500868,5.609433298502691,-0.0011338956380932198,0.030929283289855104,-0.5,0.07495669571804515,-0.5011338956380932,0.10588597900790025,0.59603370707316,0.26425538706667046,0.59603370707316,0.59603370707316,0.5758029873435279,0.5758029873435279,0.41326381383496047,0.41326381383496047,0.39923671386917325,0.39923671386917325,0.9660577589999472
1250,14.635996582999724,1.6033447525867097,0.8324160716037872,-0.030094962567090988,-0.001208052970468998,1.104659784520183,-0.1339851778516943,0.008703694622963672,-0.012189918693620714,-0.030094962567090988,0.001208052970468998,7.759308815002441,2.5210514068603516,0.008703694622963672,-0.012189918693620714,0.49868496806652673,-0.6984308937520929,-0.030094962567090988,0.001208052970468998,7.759308815002441,2.5210514068603516,-0.04668750873019682,0.13704691941041466,165.76544168559576,5.609384889488074,-0.0009159203062003092,0.03337824260972105,-0.5,-0.007246907733819992,-0.5009159203062004,0.026131334875901056,0.5476034290363971,0.16317825428631572,0.5476034290363971,0.5476034290363971,0.5393561816983753,0.5393561816983753,0.300079111545415,0.300079111545415,0.29555973397642543,0.29555973397642543,0.984939379666533
1300,14.735955707999892,1.3941708495853038,0.8382920086415551,0.017372066155076027,0.05113118886947632,1.104659784520183,-0.1339851778516943,0.005052921306341888,-0.012292473141569645,0.017372066155076027,-0.05113118886947632,9.07254695892334,1.4004493951797485,0.005052921306341888,-0.012292473141569645,0.2895110650651207,-0.7043068307898608,0.017372066155076027,-0.05113118886947632,9.07254695892334,1.4004493951797485,-0.03633303598910083,0.18804122574898693,165.76957925598938,5.60937910263115,-0.0005317278067551236,0.03365907621620625,-0.5,0.23127991744104304,-0.5005317278067551,0.26493899365724927,0.536864763795856,0.45298021940623623,0.536864763795856,0.536864763795856,0.536864763795856,0.536864763795856,0.5871964103552002,0.5871964103552002,0.5871964103552002,0.5871964103552002,1.0
1350,14.886693832999754,1.1637765093280203,0.8322705565579541,-0.006017238367348909,0.00351871270686388,1.104659784520183,-0.1339851778516943,0.0010317814908921731,-0.012187378976959736,-0.006017238367348909,-0.00351871270686388,8.23682689666748,1.889286756515503,0.0010317814908921731,-0.012187378976959736,0.059116724807837306,-0.6982853787062598,-0.006017238367348909,-0.00351871270686388,8.23682689666748,1.889286756515503,0.03711198869517465,0.0732575873686528,165.7715950222084,5.609385032181945,-0.0001085753056343407,0.03337128789315478,-0.5,0.021077492047329355,-0.5001085753056344,0.05444877994048414,0.4629965866104597,0.12770636730913693,0.4629965866104597,0.4629965866104597,0.4629965866104597,0.4629965866104597,0.24345551396175186,0.24345551396175186,0.24345551396175186,0.24345551396175186,1.0
1400,15.039378333000059,1.3068420785699306,0.8984374271730708,0.015315826050937176,0.06741160154342651,1.104659784520183,-0.1339851778516943,0.003528746720403434,-0.013342208724934608,0.015315826050937176,-0.06741160154342651,10.257135391235352,1.9424338340759277,0.003528746720403434,-0.013342208724934608,0.20218229404974752,-0.7644522493213766,0.015315826050937176,-0.06741160154342651,10.257135391235352,1.9424338340759277,-0.0582078328208595,0.26699227581640583,165.77065685611367,5.609317081285393,-0.0003713346267760509,0.03653368744485793,-0.5,0.2620906041663937,-0.5003713346267761,0.2986242916112516,0.5585791674476356,0.5656165674276574,0.5585791674476356,0.5585791674476356,0.5585791674476356,0.5585791674476356,0.7052613592895663,0.7052613592895663,0.7052613592895663,0.7052613592895663,1.0
1450,15.188970312000038,1.3198098330394346,0.9600938649758933,0.03129560500383377,-0.031010502949357033,1.104659784520183,-0.1339851778516943,0.0037550767324864877,-0.014418316569644958,0.03129560500383377,0.031010502949357033,11.170896530151367,1.7522839307785034,0.0037550767324864877,-0.014418316569644958,0.2151500485192514,-0.826108687124199,0.03129560500383377,0.031010502949357033,11.170896530151367,1.7522839307785034,-0.07337204895190973,0.1376607902946518,165.77052103941256,5.609248229571335,-0.000395151844767405,0.039480578135594156,-0.5,-0.16538228005035982,-0.5003951518447673,-0.12590170191476566,0.5737672007966771,0.011759088379886151,0.5737672007966771,0.5737672007966771,0.5737672007966771,0.5737672007966771,0.15520088857905542,0.15520088857905542,0.15520088857905542,0.15520088857905542,1.0
1500,15.317755061999833,1.270378366633877,1.0655541201950058,0.024298405274748802,-0.030983611941337585,1.104659784520183,-0.1339851778516943,0.0028923348896205438,-0.016258945253212004,0.024298405274748802,0.030983611941337585,10.3291597366333,1.0151960849761963,0.0028923348896205438,-0.016258945253212004,0.16571858211369397,-0.9315689423433114,0.024298405274748802,0.030983611941337585,10.3291597366333,1.0151960849761963,-0.07336776594203422,0.16168709086424674,165.7709935213408,5.609118089532153,-0.00030436376767641006,0.04452124542614143,-0.5,-0.1652699343033392,-0.5003043637676764,-0.12074868887719777,0.5736721297097106,0.04093840198704897,0.5736721297097106,0.5736721297097106,0.5736721297097106,0.5736721297097106,0.18435643441447663,0.18435643441447663,0.18435643441447663,0.18435643441447663,1.0
1550,15.37321048199965,1.3319297902782106,1.0149090145513018,0.02967025525867939,-0.023022055625915527,1.104659784520183,-0.1339851778516943,0.0039666098915040506,-0.015375021409709007,0.02967025525867939,0.023022055625915527,11.0860013961792,1.0537738800048828,0.0039666098915040506,-0.015375021409709007,0.22727000575802747,-0.8809238366996074,0.02967025525867939,0.023022055625915527,11.0860013961792,1.0537738800048828,-0.09709526597182845,0.15168266050665322,165.77038647130993,5.60918253548135,-0.0004174119927363091,0.042100543202755705,-0.5,-0.12913309861490313,-0.5004174119927363,-0.08703255541214742,0.5975126779645648,0.06465010509450579,0.5975126779645648,0.5975126779645648,0.5975126779645648,0.5975126779645648,0.214028274585647,0.214028274585647,0.214028274585647,0.214028274585647,1.0
1600,15.464420796000013,1.3997430032875648,0.9997133377519043,0.04555694758892059,-0.016817832365632057,1.104659784520183,-0.1339851778516943,0.0051501737348735345,-0.015109806817490608,0.04555694758892059,0.016817832365632057,11.80095386505127,0.7893014550209045,0.0051501737348735345,-0.015109806817490608,0.29508321876738175,-0.86572815990021,0.04555694758892059,0.016817832365632057,11.80095386505127,0.7893014550209045,-0.1109326781720988,0.17828204864863076,165.76949750686975,5.609201169631701,-0.0005419620286999756,0.04137423953323764,-0.5,-0.09726626686395612,-0.5005419620286999,-0.05589202733071848,0.6114746402007988,0.12239002131791228,0.6114746402007988,0.6114746402007988,0.6114746402007988,0.6114746402007988,0.275258681368112,0.275258681368112,0.275258681368112,0.275258681368112,1.0
1650,15.609485521999886,1.4488497155424294,1.0494452257592366,0.02794024348258972,0.02689114585518837,1.104659784520183,-0.1339851778516943,0.006007247548550369,-0.01597779200645164,0.02794024348258972,-0.02689114585518837,12.925968170166016,0.6694344878196716,0.006007247548550369,-0.01597779200645164,0.3441899310222462,-0.9154600479075423,0.02794024348258972,-0.02689114585518837,12.925968170166016,0.6694344878196716,-0.0921850064600009,0.21810301275973526,165.76870967712614,5.609138978675096,-0.0006321554417336036,0.04375127744224721,-0.5,0.1474014683253721,-0.5006321554417336,0.19115274576761931,0.5928171619017345,0.4092557585273546,0.5928171619017345,0.5928171619017345,0.5928171619017345,0.5928171619017345,0.5574600490027882,0.5574600490027882,0.5574600490027882,0.5574600490027882,1.0
1700,15.761940602999857,1.4665709615091447,1.263553193384036,0.017274845391511917,0.007765078917145729,1.104659784520183,-0.1339851778516943,0.006316541638225318,-0.01971468099625781,0.017274845391511917,-0.007765078917145729,14.779927253723145,0.4408954083919525,0.006316541638225318,-0.01971468099625781,0.36191117698896164,-1.1295680155323418,0.017274845391511917,-0.007765078917145729,14.779927253723145,0.4408954083919525,-0.12633389382830726,0.26381214122408203,165.76839565104973,5.608831575197579,-0.0006647039538223916,0.05398559297869334,-0.5,0.04621948680344667,-0.5006647039538223,0.10020507978214001,0.6269985977821296,0.364017221006222,0.6269985977821296,0.6269985977821296,0.6269985977821296,0.6269985977821296,0.5207668704517544,0.5207668704517544,0.5207668704517544,0.5207668704517544,1.0
1750,15.917611090999799,1.3820200497735569,1.4289845372282703,0.017006805166602135,-0.01237004715949297,1.104659784520183,-0.1339851778516943,0.004840849842876197,-0.022602002632338553,0.017006805166602135,0.01237004715949297,12.925103187561035,-0.5090628862380981,0.004840849842876197,-0.022602002632338553,0.2773602652533738,-1.294999359376576,0.017006805166602135,0.01237004715949297,12.925103187561035,-0.5090628862380981,-0.08000487700490538,0.2934707776287475,165.7697521161464,5.608549983737052,-0.000509410800158079,0.0618939220012899,-0.5,-0.0727421879160438,-0.5005094108001581,-0.010848265914753893,0.5805142878050635,0.2826225117139936,0.5805142878050635,0.5805142878050635,0.5805142878050635,0.5805142878050635,0.4277510836652595,0.4277510836652595,0.4277510836652595,0.4277510836652595,1.0
1800,16.075909754999884,1.5432288426068423,1.9029709574883,-0.017728600651025772,0.04867257550358772,1.104659784520183,-0.1339851778516943,0.007654474060982467,-0.030874626275617628,-0.017728600651025772,-0.04867257550358772,14.333474159240723,-1.4415321350097656,0.007654474060982467,-0.030874626275617628,0.4385690580866593,-1.7689857796366057,-0.017728600651025772,-0.04867257550358772,14.333474159240723,-1.4415321350097656,-0.10224384900694047,0.5535160511174427,165.7668556848958,5.607530454824802,-0.0008055025803639181,0.08455703037702444,-0.5,0.22506513290909377,-0.5008055025803639,0.30962216328611825,0.6030493515873044,0.863138214403561,0.6030493515873044,0.6030493515873044,0.6030493515873044,0.6030493515873044,1.013900552300387,1.013900552300387,1.013900552300387,1.013900552300387,1.0
1850,16.226726937999956,0.6917751661563786,1.7328943379565167,-0.14883136749267578,-0.11275756359100342,1.104659784520183,-0.1339851778516943,-0.007206196021288632,-0.027906229284126314,-0.14883136749267578,0.11275756359100342,5.82509708404541,-1.4934511184692383,-0.007206196021288632,-0.027906229284126314,-0.4128846183638046,-1.5989091601048224,-0.14883136749267578,0.11275756359100342,5.82509708404541,-1.4934511184692383,0.46334505349082944,0.17561337451933223,165.76740451059348,5.6079325607257475,0.0007583273090071338,0.076424157557048,-0.5,-0.2934746670062492,-0.49924167269099284,-0.21705050944920118,0.035896619200163404,-0.041437134929868946,0.035896619200163404,0.035896619200163404,0.035896619200163404,0.035896619200163404,-0.032462980129828095,-0.032462980129828095,-0.032462980129828095,-0.032462980129828095,1.0
1900,16.28335783900002,0.4747137286849303,1.4025962080916319,-0.016106873750686646,-0.0908007025718689,1.104659784520183,-0.1339851778516943,-0.0109946327842772,-0.02214143940480426,-0.016106873750686646,0.0908007025718689,8.073760986328125,-0.7670451402664185,-0.0109946327842772,-0.02214143940480426,-0.6299460558352529,-1.2686110302399376,-0.016106873750686646,0.0908007025718689,8.073760986328125,-0.7670451402664185,0.2260043371533506,0.11568499212432576,165.76172386710624,5.60859747652503,0.0011570210102072025,0.06063239829515649,-0.5,-0.28453184854681707,-0.4988429789897928,-0.22389945025166058,0.2728386418364422,-0.10821445812733482,0.2728386418364422,0.2728386418364422,0.2728386418364422,0.2728386418364422,-0.040004797668224276,-0.040004797668224276,-0.040004797668224276,-0.040004797668224276,1.0
1950,16.340830003000065,0.7287538636836804,1.0196629329353364,0.11258472502231598,-0.06262565404176712,1.104659784520183,-0.1339851778516943,-0.006560795996338128,-0.0154579929378815,0.11258472502231598,0.06262565404176712,9.83077335357666,-1.5351974964141846,-0.006560795996338128,-0.0154579929378815,-0.37590592083650265,-0.8856777550836421,0.11258472502231598,0.06262565404176712,9.83077335357666,-1.5351974964141846,-0.010455102931032953,0.001809019567143133,165.76813652087756,5.609176639268996,0.0006904081093338524,0.042327765846502385,-0.5,-0.2546960533823503,-0.49930959189066615,-0.2123682875358479,0.5097646948216991,-0.21055926796870478,0.5097646948216991,0.5097646948216991,0.5097646948216991,0.5097646948216991,-0.08311809426328001,-0.08311809426328001,-0.08311809426328001,-0.08311809426328001,1.0
2000,16.39710246499999,0.9120808367618771,0.9944595348979893,-0.08166415244340897,0.06140153110027313,1.104659784520183,-0.1339851778516943,-0.003361136708408593,-0.015018110659439117,-0.08166415244340897,-0.06140153110027313,3.6036417484283447,-4.691845417022705,-0.003361136708408593,-0.015018110659439117,-0.192578947758306,-0.860474357046295,-0.08166415244340897,-0.06140153110027313,3.6036417484283447,-4.691845417022705,0.22371864857857282,0.3010548229162526,165.77075199620262,5.609207536840224,0.00035369667135501707,0.04112312592983742,-0.5,0.2526021416994076,-0.49964630332864496,0.293725267629245,0.27592765475007214,0.5947800905454976,0.27592765475007214,0.27592765475007214,0.27592765475007214,0.27592765475007214,0.6637620042330157,0.6637620042330157,0.6637620042330157,0.6637620042330157,1.0
2050,16.487286539999786,0.7514151506893134,0.9802722714965209,-0.04226416349411011,-0.07808052748441696,1.104659784520183,-0.1339851778516943,-0.006165281925350426,-0.014770496201235802,-0.04226416349411011,0.07808052748441696,3.3730664253234863,2.1460764408111572,-0.006165281925350426,-0.014770496201235802,-0.3532446338308697,-0.8462870936448266,-0.04226416349411011,0.07808052748441696,3.3730664253234863,2.1460764408111572,0.20513242066079082,0.007584967109403873,165.76855119426517,5.609224537093023,0.0006487861477303848,0.040445026336196885,-0.5,-0.274704296911755,-0.4993512138522696,-0.23425927057555812,0.2942187931914788,-0.22667430346615425,0.2942187931914788,0.2942187931914788,0.2942187931914788,0.2942187931914788,-0.15311960516828454,-0.15311960516828454,-0.15311960516828454,-0.15311960516828454,1.0
2100,16.646933441999863,0.6842264197413394,1.0243737357502354,-0.07361024618148804,-0.024465667083859444,1.104659784520183,-0.1339851778516943,-0.007337946500629184,-0.015540211957413704,-0.07361024618148804,0.024465667083859444,0.1191752552986145,-0.7229345440864563,-0.007337946500629184,-0.015540211957413704,-0.4204333647788437,-0.890388557898541,-0.07361024618148804,0.024465667083859444,0.1191752552986145,-0.7229345440864563,0.3165435780519336,0.1565865710877317,165.76724664442125,5.609170765231753,0.0007721922536129946,0.04255292812019531,-0.4915659653418235,-0.13610138119663645,-0.49079377308821054,-0.09354845307644113,0.17425019503627692,0.06303811801129056,0.17425019503627692,0.17425019503627692,0.17425019503627692,0.17425019503627692,0.10660066677035979,0.10660066677035979,0.10660066677035979,0.10660066677035979,1.0
2150,16.792423313999734,1.3906582113612131,0.3602450142395263,0.15551871061325073,-0.02397431805729866,1.104659784520183,-0.1339851778516943,0.0049916142039001,-0.0039489791099913425,0.15551871061325073,0.02397431805729866,-2.3893649578094482,-0.3075259327888489,0.0049916142039001,-0.0039489791099913425,0.2859984268410301,-0.22625983638783204,0.15551871061325073,0.02397431805729866,-2.3893649578094482,-0.3075259327888489,-0.36657165348548193,-0.07029345507961515,165.76962998908988,5.609691431430682,-0.0005252762455619355,0.010812680954781453,0.5,-0.13374964792615104,0.4994747237544381,-0.12293696697136959,-0.13290307026895615,-0.19323042205098473,-0.13290307026895615,-0.13290307026895615,-0.13290307026895615,-0.13290307026895615,-0.22645618961822378,-0.22645618961822378,-0.22645618961822378,-0.22645618961822378,1.0
2200,16.974136369999997,1.5288680497117733,0.8195005574092632,-0.21360750496387482,0.025265105068683624,1.104659784520183,-0.1339851778516943,0.007403830941766502,-0.011964500446338207,-0.21360750496387482,-0.025265105068683624,4.845004558563232,0.5071299076080322,0.007403830941766502,-0.011964500446338207,0.4242082651915901,-0.6855153795575689,-0.21360750496387482,-0.025265105068683624,4.845004558563232,0.5071299076080322,0.32355732587238023,0.36533277777838563,165.76716662758693,5.609397438812703,-0.0007791257041795839,0.03276096236671624,-0.5,0.13988302562423613,-0.5007791257041796,0.17264398799095237,0.17722179983179936,0.537976765769338,0.17722179983179936,0.17722179983179936,0.17722179983179936,0.17722179983179936,0.5822822157272878,0.5822822157272878,0.5822822157272878,0.5822822157272878,1.0
2250,17.12119043699977,0.2739287654077546,0.623765318404122,0.008048681542277336,0.04101213812828064,1.104659784520183,-0.1339851778516943,-0.014498991481959819,-0.008548276063520462,0.008048681542277336,-0.04101213812828064,-4.999941349029541,-2.053438663482666,-0.014498991481959819,-0.008548276063520462,-0.8307310191124285,-0.4897801405524277,0.008048681542277336,-0.04101213812828064,-4.999941349029541,-2.053438663482666,0.2810415441677496,0.07087869420945189,165.75436381765937,5.609558952100111,0.0015258474927966736,0.02340632265360746,0.5,0.2025605952468422,0.5015258474927967,0.22596691790044965,-0.7825673916605463,0.29684561210990157,-0.7825673916605463,-0.7825673916605463,-0.7825673916605463,-0.7825673916605463,0.10120376419476498,0.10120376419476498,0.10120376419476498,0.10120376419476498,1.0
2300,17.272277785999904,1.7475780707332804,-0.03758347942880548,0.15500003099441528,-0.0015417698305100203,1.104659784520183,-0.1339851778516943,0.011221040915697814,0.002994437962770462,0.15500003099441528,0.0015417698305100203,8.52314567565918,-1.2773497104644775,0.011221040915697814,0.002994437962770462,0.6429182862130973,0.1715686572804998,0.15500003099441528,0.0015417698305100203,8.52314567565918,-1.2773497104644775,-0.46630366850492977,-0.06174174348998915,165.76130949056807,5.609706707522636,-0.001180849049002826,-0.008199043100518676,-0.5,-0.009247688201341892,-0.5011808490490028,-0.017446731301860568,0.9674845175539326,-0.07918847479184972,0.9674845175539326,0.9674845175539326,0.9674845175539326,0.9674845175539326,0.16268265459663345,0.16268265459663345,0.16268265459663345,0.16268265459663345,1.0
2350,17.394734764000077,1.520092644010482,0.7397435846973781,-0.12584161758422852,0.13706709444522858,1.104659784520183,-0.1339851778516943,0.007250671219080688,-0.01057247867109254,-0.12584161758422852,-0.13706709444522858,5.064851760864258,1.9349300861358643,0.007250671219080688,-0.01057247867109254,0.4154328594902989,-0.6057584068456838,-0.12584161758422852,-0.13706709444522858,5.064851760864258,1.9349300861358643,0.17408755640461063,0.40157135175443354,165.7673515392631,5.6094697453811,-0.0007630077152519914,0.02894913362820966,-0.5,0.2975154381067612,-0.500763007715252,0.32646457173497084,0.32667545131064135,0.7280359234894044,0.32667545131064135,0.32667545131064135,0.32667545131064135,0.32667545131064135,0.8097047863170648,0.8097047863170648,0.8097047863170648,0.8097047863170648,1.0
2400,17.451880990000063,1.0370580373691838,0.9632314831258679,-0.0697396919131279,0.012792645022273064,1.104659784520183,-0.1339851778516943,-0.0011798730678856326,-0.014473078337032349,-0.0697396919131279,-0.012792645022273064,5.447529315948486,1.1092253923416138,-0.0011798730678856326,-0.014473078337032349,-0.06760174715099922,-0.8292463052741736,-0.0697396919131279,-0.012792645022273064,5.447529315948486,1.1092253923416138,0.20845479764091523,0.19058600886605448,165.77156803859256,5.609244583072261,0.00012415913053845208,0.03963054342542394,-0.5,0.07512376128372224,-0.4998758408694616,0.11475430470914619,0.29142104322854634,0.30534031357520064,0.29142104322854634,0.29142104322854634,0.29142104322854634,0.29142104322854634,0.3781955743823372,0.3781955743823372,0.3781955743823372,0.3781955743823372,1.0
2450,17.609346265999648,0.43738866586151465,0.8587570696639115,0.021373609080910683,-0.05482175946235657,1.104659784520183,-0.1339851778516943,-0.011646078024059533,-0.012649655838031322,0.021373609080910683,0.05482175946235657,-9.047170639038086,4.522670269012451,-0.011646078024059533,-0.012649655838031322,-0.6672711186586684,-0.7247718918122172,0.021373609080910683,0.05482175946235657,-9.047170639038086,4.522670269012451,0.17177790794487727,0.06949747615752322,165.76050876920664,5.6093585693705945,0.0012255818704064707,0.03463718418726057,0.5,-0.23976446340539634,0.5012255818704064,-0.20512727921813578,-0.6730034898152837,-0.13562980306061256,-0.6730034898152837,-0.6730034898152837,-0.6730034898152837,-0.6730034898152837,-0.3038806755144335,-0.3038806755144335,-0.3038806755144335,-0.3038806755144335,1.0
2500,17.79923533200008,2.2303131095464503,0.8492069711003528,-0.09633370488882065,0.2185952067375183,1.104659784520183,-0.1339851778516943,0.019646356757730247,-0.012482975174207243,-0.09633370488882065,-0.2185952067375183,8.390007972717285,1.2652066946029663,0.019646356757730247,-0.012482975174207243,1.125653325026267,-0.7152217932486585,-0.09633370488882065,-0.2185952067375183,8.390007972717285,1.2652066946029663,-0.12412737865667661,0.6299176091961641,165.73988451858548,5.609368224475384,-0.0020676669061046146,0.03418074558768183,-0.5,0.29990434794005916,-0.5020676669061046,0.33408509352774096,0.6261950455627812,0.9640027027239051,0.6261950455627812,0.6261950455627812,0.6261950455627812,0.6261950455627812,1.1205514641146004,1.1205514641146004,1.1205514641146004,1.1205514641146004,1.0
2550,17.950884377999955,0.917413293512953,1.401236680281682,-0.052795249968767166,-0.04834779351949692,1.104659784520183,-0.1339851778516943,-0.003268067780882119,-0.022117711168248205,-0.052795249968767166,0.04834779351949692,3.7628979682922363,-0.46683216094970703,-0.003268067780882119,-0.022117711168248205,-0.18724649100723012,-1.2672515024299875,-0.052795249968767166,0.04834779351949692,3.7628979682922363,-0.46683216094970703,0.17451131396247233,0.22844832810414956,165.77080282594528,5.608599896875941,0.000343902840190362,0.06056740505557146,-0.5,-0.22420905516608167,-0.49965609715980963,-0.1636416501105102,0.3251447831973373,0.06480667799363934,0.3251447831973373,0.3251447831973373,0.3251447831973373,0.3251447831973373,0.14609287379297367,0.14609287379297367,0.14609287379297367,0.14609287379297367,1.0
2600,18.098973708999893,1.2322977141335287,1.4379948374039866,-0.09234374761581421,0.003263492602854967,1.104659784520183,-0.1339851778516943,0.0022277021221816552,-0.022759262036997824,-0.09234374761581421,-0.003263492602854967,3.2068710327148438,0.11473403871059418,0.0022277021221816552,-0.022759262036997824,0.1276379296133457,-1.304009659552292,-0.09234374761581421,-0.003263492602854967,3.2068710327148438,0.11473403871059418,0.14314995970907715,0.35807507551671713,165.77127387546435,5.608533543435027,-0.0002344234242919029,0.062324673906507665,-0.5,0.019553196959188845,-0.5002344234242919,0.0818778708656965,0.35708446371521474,0.43995294638241367,0.35708446371521474,0.35708446371521474,0.35708446371521474,0.35708446371521474,0.5292240623112173,0.5292240623112173,0.5292240623112173,0.5292240623112173,1.0
2650,18.24829299899966,0.6331064025069078,1.2444474467282178,-0.07119174301624298,-0.038324374705553055,1.104659784520183,-0.1339851778516943,-0.008230159115046261,-0.019381222811061888,-0.07119174301624298,0.038324374705553055,1.455253005027771,0.2327401340007782,-0.008230159115046261,-0.019381222811061888,-0.47155338201327535,-1.1104622688765236,-0.07119174301624298,0.038324374705553055,1.455253005027771,0.2327401340007782,0.30471801211508376,0.19637208585179655,165.76610231171819,5.608861621443957,0.0008660862100499965,0.05307230052527616,-0.5,-0.19346470415531922,-0.49913391378995,-0.14039240363004307,0.19441590167486622,0.05597968222175348,0.19441590167486622,0.19441590167486622,0.19441590167486622,0.19441590167486622,0.10458365764047003,0.10458365764047003,0.10458365764047003,0.10458365764047003,1.0
2700,18.39768719599988,0.7433808738738215,0.5039564899252523,0.15447892248630524,-0.26993298530578613,1.104659784520183,-0.1339851778516943,-0.006305506508797406,-0.0064572175336070365,0.15447892248630524,0.26993298530578613,-3.1588685512542725,-0.2972486913204193,-0.006305506508797406,-0.0064572175336070365,-0.36127891064636164,-0.369971312073558,0.15447892248630524,0.26993298530578613,-3.1588685512542725,-0.2972486913204193,-0.2101691933538455,-0.3608233304140303,165.7684071261625,5.609631271958503,0.0006635426716808839,0.017680589372152278,0.5,-0.29998772769536475,0.5006635426716809,-0.28230713832321247,-0.29049434931783535,-0.6431304687372428,-0.29049434931783535,-0.29049434931783535,-0.29049434931783535,-0.29049434931783535,-0.7157540560667016,-0.7157540560667016,-0.7157540560667016,-0.7157540560667016,1.0
2750,18.509403122000094,1.5463350845753172,-0.15675108054364725,0.012770859524607658,-0.02944202721118927,1.104659784520183,-0.1339851778516943,0.007708688210695983,0.005074304963927716,0.012770859524607658,0.02944202721118927,-2.6540164947509766,0.916915774345398,0.007708688210695983,0.005074304963927716,0.44167530005513417,0.29073625839534156,0.012770859524607658,0.02944202721118927,-2.6540164947509766,0.916915774345398,-0.11887331195185918,-0.16976847851940102,165.76678706633913,5.609668027614609,-0.0008112079162910608,-0.013893964785974613,0.5,-0.1587183606941935,0.4991887920837089,-0.17261232548016814,-0.38031548013184974,-0.34238080399956916,-0.38031548013184974,-0.38031548013184974,-0.38031548013184974,-0.38031548013184974,-0.4374596740325316,-0.4374596740325316,-0.4374596740325316,-0.4374596740325316,1.0
2800,18.56335888700005,1.4991968541835916,-0.20893890180527505,-0.022785965353250504,-0.032677143812179565,1.104659784520183,-0.1339851778516943,0.006885970886796714,0.005985154274385422,-0.022785965353250504,0.032677143812179565,-5.802236080169678,1.0057717561721802,0.006885970886796714,0.005985154274385422,0.3945370696634085,0.34292407965696936,-0.022785965353250504,0.032677143812179565,-5.802236080169678,1.0057717561721802,-0.025415604598033215,-0.17578220444259518,165.76777628730437,5.6096448096874925,-0.0007246280802221757,-0.016388003457802437,0.5,-0.17221505293022457,0.49927537191977783,-0.18860305638802702,-0.4738597673217446,-0.36438526083062217,-0.4738597673217446,-0.4738597673217446,-0.4738597673217446,-0.4738597673217446,-0.4828502026610583,-0.4828502026610583,-0.4828502026610583,-0.4828502026610583,1.0
2850,18.66583499499984,1.6320058271696698,-0.4587588870314565,0.046066079288721085,-0.02453773468732834,1.104659784520183,-0.1339851778516943,0.009203924741595985,0.01034533555386588,0.046066079288721085,0.02453773468732834,-1.1037523746490479,1.4924943447113037,0.009203924741595985,0.01034533555386588,0.5273460426494867,0.5927440648831508,0.046066079288721085,0.02453773468732834,-1.1037523746490479,1.4924943447113037,-0.21517430519288477,-0.25995316450146133,165.76470368881849,5.609480696366758,-0.0009685641417711912,-0.02832714665953652,0.5,-0.13644456547505046,0.4990314358582288,-0.16477171213458697,-0.283857130665344,-0.4247248766360483,-0.283857130665344,-0.283857130665344,-0.283857130665344,-0.283857130665344,-0.49568915930238433,-0.49568915930238433,-0.49568915930238433,-0.49568915930238433,1.0
2900,18.82509461599966,1.8763564850571106,-0.4814685723306613,0.021012531593441963,-0.008840924128890038,1.104659784520183,-0.1339851778516943,0.01346864825114608,0.010741694334428757,0.021012531593441963,0.008840924128890038,-1.9881768226623535,1.6273962259292603,0.01346864825114608,0.010741694334428757,0.7716967005369276,0.6154537501823556,0.021012531593441963,0.008840924128890038,-1.9881768226623535,1.6273962259292603,-0.23208878647486653,-0.19941387745875244,165.75673779268917,5.609461432605218,-0.0014174025523292018,-0.029412499022292725,0.5,-0.05249955286286855,0.4985825974476708,-0.08191205188516128,-0.2664938109728043,-0.2813259293439137,-0.2664938109728043,-0.2664938109728043,-0.2664938109728043,-0.2664938109728043,-0.3479493820871148,-0.3479493820871148,-0.3479493820871148,-0.3479493820871148,1.0
2950,18.971950377999747,2.097156437242936,-0.3694045647207779,0.006888954900205135,-0.0467623695731163,1.104659784520183,-0.1339851778516943,0.017322334405034782,0.00878580842865631,0.006888954900205135,0.0467623695731163,4.006717681884766,1.826185941696167,0.017322334405034782,0.00878580842865631,0.9924966527227529,0.5033897425724722,0.006888954900205135,0.0467623695731163,4.006717681884766,1.826185941696167,-0.2803174598417177,-0.1903093888167338,165.74696238119614,5.609549462159168,-0.001823025073563077,-0.02405674221353162,-0.5,-0.21990931055601132,-0.501823025073563,-0.24396605276954295,0.7821404849152807,-0.43427544158627673,0.7821404849152807,0.7821404849152807,0.7821404849152807,0.7821404849152807,-0.23874032035745657,-0.23874032035745657,-0.23874032035745657,-0.23874032035745657,1.0
3000,19.118612088999726,1.000098709831481,0.25363710047686655,-0.26080694794654846,0.005732078105211258,1.104659784520183,-0.1339851778516943,-0.001824935022741555,-0.0020883200061507525,-0.26080694794654846,-0.005732078105211258,1.0177228450775146,3.040377140045166,-0.001824935022741555,-0.0020883200061507525,-0.104561074688702,-0.11965192262517224,-0.26080694794654846,-0.005732078105211258,1.0177228450775146,3.040377140045166,0.568560156825626,0.08472989918796582,165.77140835121872,5.6097173227409485,0.00019203971761831253,0.005718003409552211,-0.5,0.034242586697043824,-0.49980796028238167,0.039960590106596035,-0.06875219654324433,0.12469048929456186,-0.06875219654324433,-0.06875219654324433,-0.06875219654324433,-0.06875219654324433,0.10750244015875078,0.10750244015875078,0.10750244015875078,0.10750244015875078,1.0
3050,19.254326192999997,0.20177107183859624,-0.5895380131735716,0.16869716346263885,-0.26412567496299744,1.104659784520183,-0.1339851778516943,-0.01575838081538677,0.012627861897926777,0.16869716346263885,0.26412567496299744,-5.400510311126709,0.22017252445220947,-0.01575838081538677,0.012627861897926777,-0.9028887126815869,0.7235231910252659,0.16869716346263885,0.26412567496299744,-5.400510311126709,0.22017252445220947,-0.06946361169951348,-0.7450815432655311,165.75122455824422,5.609359839078608,0.0016584042120939173,-0.03457750354666743,0.5,-0.29998451871100357,0.501658404212094,-0.334562022257671,-0.4321947925125805,-1.0796435655232022,-0.4321947925125805,-0.4321947925125805,-0.4321947925125805,-0.4321947925125805,-1.1876922636513474,-1.1876922636513474,-1.1876922636513474,-1.1876922636513474,1.0
3100,19.32828500000005,0.9102418083278512,-1.2968315825676306,0.11609236150979996,-0.038177333772182465,1.104659784520183,-0.1339851778516943,-0.0033932338096201407,0.024972463462036104,0.11609236150979996,0.038177333772182465,-3.9296553134918213,1.9356893301010132,-0.0033932338096201407,0.024972463462036104,-0.19441797619233195,1.4308167604193252,0.11609236150979996,0.038177333772182465,-3.9296553134918213,1.9356893301010132,-0.24511683078358648,-0.5042707823779656,165.77073413533924,5.608290080975926,0.00035707431552429504,-0.06838713836875174,0.5,-0.19294838318785262,0.5003570743155243,-0.26133552155660433,-0.25524024353193786,-0.76560630393457,-0.25524024353193786,-0.25524024353193786,-0.25524024353193786,-0.25524024353193786,-0.8294163648175544,-0.8294163648175544,-0.8294163648175544,-0.8294163648175544,1.0
3150,19.50849249799967,1.7517212207951278,-0.771237533599454,-0.17061291635036469,0.317268431186676,1.104659784520183,-0.1339851778516943,0.011293352525681258,0.015799116778653116,-0.17061291635036469,-0.317268431186676,7.329955577850342,3.8049354553222656,0.011293352525681258,0.015799116778653116,0.6470614362749447,0.9052227114511484,-0.17061291635036469,-0.317268431186676,7.329955577850342,3.8049354553222656,0.1823783049655193,0.2986463705000793,165.7611753649641,5.609152064556029,-0.0011884594185358585,-0.04326195902114767,-0.5,0.2999981522944849,-0.5011884594185358,0.25673619327333724,0.3188101544530165,0.5553825637734165,0.3188101544530165,0.3188101544530165,0.3188101544530165,0.3188101544530165,0.6350851023866707,0.6350851023866707,0.6350851023866707,0.6350851023866707,1.0
3200,19.700260371999775,0.5694459978737741,0.12049179403501807,0.003337658243253827,0.013581549748778343,1.104659784520183,-0.1339851778516943,-0.009341242779046296,0.0002355039748363195,0.003337658243253827,-0.013581549748778343,3.4913625717163086,2.84995698928833,-0.009341242779046296,0.0002355039748363195,-0.535213786646409,0.013493383816676249,0.003337658243253827,-0.013581549748778343,3.4913625717163086,2.84995698928833,0.17632120409863578,-0.014687723211984327,165.76449388919426,5.609727246600626,0.0009830154700682617,-0.000644829868614449,-0.5,0.07954254775932025,-0.49901698452993176,0.0788977178907058,0.322695780431296,0.06420999467872147,0.322695780431296,0.322695780431296,0.322695780431296,0.322695780431296,0.14488393978654546,0.14488393978654546,0.14488393978654546,0.14488393978654546,1.0
3250,19.93831466699976,0.6279451807327582,0.30470335665201065,0.002233542036265135,0.017452988773584366,1.104659784520183,-0.1339851778516943,-0.008320239428430794,-0.0029795943130739035,0.002233542036265135,-0.017452988773584366,3.1397719383239746,3.066375732421875,-0.008320239428430794,-0.0029795943130739035,-0.47671460378742486,-0.17071817880031637,0.002233542036265135,-0.017452988773584366,3.1397719383239746,3.066375732421875,0.12460153878383083,0.04874521885950443,165.76597948694547,5.609706911909444,0.0008755660833937041,0.008158399662860649,-0.5,0.10066243237641224,-0.49912443391660627,0.1088208320392729,0.3745228951327754,0.15756605089877734,0.3745228951327754,0.3745228951327754,0.3745228951327754,0.3745228951327754,0.2511967746819712,0.2511967746819712,0.2511967746819712,0.2511967746819712,1.0
3300,20.142020871999648,0.8563994804614935,0.40744650392235393,0.024229662492871284,-0.011998958885669708,1.104659784520183,-0.1339851778516943,-0.004332959707826375,-0.004772800516802818,0.024229662492871284,0.011998958885669708,3.8560311794281006,3.128446102142334,-0.004332959707826375,-0.004772800516802818,-0.24826030405868957,-0.27346132607065965,0.024229662492871284,0.011998958885669708,3.8560311794281006,3.128446102142334,0.013771456929000517,0.07593315002146767,165.7701359741065,5.609674870602977,0.0004559639621899665,0.013068405368487022,-0.5,-0.07064282457689676,-0.49954403603781006,-0.057574419208409736,0.48577257910880955,0.01835873081305793,0.48577257910880955,0.48577257910880955,0.48577257910880955,0.48577257910880955,0.1398018755902603,0.1398018755902603,0.1398018755902603,0.1398018755902603,1.0
3350,20.291725532999862,1.2294033147510302,0.5401951257838128,0.055236347019672394,0.006867642048746347,1.104659784520183,-0.1339851778516943,0.0021771853230893624,-0.007089701045770199,0.055236347019672394,-0.006867642048746347,3.7148303985595703,3.4386043548583984,0.0021771853230893624,-0.007089701045770199,0.12474353023084701,-0.40620994793211845,0.055236347019672394,-0.006867642048746347,3.7148303985595703,3.4386043548583984,-0.16948395297515706,0.09849794609299621,165.77129220801402,5.609611523570708,-0.00022910747184742654,0.01941244113170958,-0.5,0.040948665767498234,-0.5002291074718475,0.06036110689920782,0.6697130604470045,0.15885905299220404,0.6697130604470045,0.6697130604470045,0.6697130604470045,0.6697130604470045,0.32628731810395517,0.32628731810395517,0.32628731810395517,0.32628731810395517,1.0
3400,20.440869944000042,1.372264938813192,0.6637486588359949,0.003586365142837167,-0.029130486771464348,1.104659784520183,-0.1339851778516943,0.004670591037720443,-0.009246117000002416,0.003586365142837167,0.029130486771464348,5.8505682945251465,2.2774932384490967,0.004670591037720443,-0.009246117000002416,0.26760515429300885,-0.5297634809843006,0.003586365142837167,0.029130486771464348,5.8505682945251465,2.2774932384490967,-0.06884526281583395,0.09483174759983098,165.76988553181525,5.609530331474087,-0.0004914939157887449,0.02531718120430037,-0.5,-0.15736789552527902,-0.5004914939157887,-0.13205071432097865,0.5693367567316227,-0.03721896672114766,0.5693367567316227,0.5693367567316227,0.5693367567316227,0.5693367567316227,0.105115222461758,0.105115222461758,0.105115222461758,0.105115222461758,1.0
3450,20.494260591000057,1.320878117314307,0.6594742944368891,-0.010530371218919754,0.017105193808674812,1.104659784520183,-0.1339851778516943,0.003773721810430293,-0.009171515267807991,-0.010530371218919754,-0.017105193808674812,6.355807781219482,2.6096272468566895,0.003773721810430293,-0.009171515267807991,0.21621833279412392,-0.5254891165851948,-0.010530371218919754,-0.017105193808674812,6.355807781219482,2.6096272468566895,-0.007380019356401039,0.16931934358711462,165.77050947452443,5.609533498282692,-0.0003971139101564029,0.025112902642413785,-0.5,0.09880630569685239,-0.5003971139101564,0.12391920833926617,0.5077771332665575,0.2932385519263808,0.5077771332665575,0.5077771332665575,0.5077771332665575,0.5077771332665575,0.4201828352430202,0.4201828352430202,0.4201828352430202,0.4201828352430202,1.0
3500,20.558542661000047,1.2491158810259215,0.714907896297301,-0.02363460697233677,0.025510523468255997,1.104659784520183,-0.1339851778516943,0.0025212345086038125,-0.010139014136511833,-0.02363460697233677,-0.025510523468255997,6.031299114227295,2.4082412719726562,0.0025212345086038125,-0.010139014136511833,0.14445609650573848,-0.5809227184456067,-0.02363460697233677,-0.025510523468255997,6.031299114227295,2.4082412719726562,0.03790310526200343,0.20645573217022306,165.77115903245308,5.609490437380264,-0.0002653122664870212,0.02776217769798624,-0.5,0.1410327510708029,-0.5002653122664871,0.16879492876878915,0.46236220700448366,0.3752506609390122,0.46236220700448366,0.46236220700448366,0.46236220700448366,0.46236220700448366,0.49084121269013314,0.49084121269013314,0.49084121269013314,0.49084121269013314,1.0
3550,20.730972634999944,1.2226034345454593,0.7870422178128933,0.020406847819685936,-0.010357844643294811,1.104659784520183,-0.1339851778516943,0.0020585050247609628,-0.011397995550651104,0.020406847819685936,0.010357844643294811,6.32882833480835,2.497394323348999,0.0020585050247609628,-0.011397995550651104,0.1179436500252762,-0.653057039961199,0.020406847819685936,0.010357844643294811,6.32882833480835,2.497394323348999,-0.045825007965982434,0.13321262469304274,165.77133362276828,5.609427942916531,-0.00021661858487426075,0.03120966880683341,-0.5,-0.06127307476827483,-0.5002166185848742,-0.03006340596144142,0.5460416265508566,0.10314921873160132,0.5460416265508566,0.5460416265508566,0.5460416265508566,0.5460416265508566,0.23965962536931548,0.23965962536931548,0.23965962536931548,0.23965962536931548,1.0
3600,20.89392397699976,1.3278025417505246,0.8009870094988264,0.0011075484799221158,-0.04263034462928772,1.104659784520183,-0.1339851778516943,0.0038945758156478417,-0.011641378079075369,0.0011075484799221158,0.04263034462928772,8.562453269958496,2.812131643295288,0.0038945758156478417,-0.011641378079075369,0.2231427572303415,-0.6670018316471321,0.0011075484799221158,0.04263034462928772,8.562453269958496,2.812131643295288,-0.06258553513753681,0.08621652961161155,165.77043312408773,5.609415018953546,-0.0004098316679630882,0.031876135608673466,-0.5,-0.2077286754783237,-0.500409831667963,-0.17585253986965022,0.5629953668054999,-0.08963601025803866,0.5629953668054999,0.5629953668054999,0.5629953668054999,0.5629953668054999,0.05111283144333631,0.05111283144333631,0.05111283144333631,0.05111283144333631,1.0
3650,21.04210488999979,1.1562765347325232,0.8388543786701704,0.014057089574635029,-0.002698267810046673,1.104659784520183,-0.1339851778516943,0.0009008822403848184,-0.012302288350183519,0.014057089574635029,0.002698267810046673,8.430865287780762,2.251950740814209,0.0009008822403848184,-0.012302288350183519,0.05161675021234018,-0.7048692008184761,0.014057089574635029,0.002698267810046673,8.430865287780762,2.251950740814209,-0.012506643041681548,0.17401540705344978,165.77161586452408,5.609378546244822,-9.480065040898943e-05,0.033685954067640834,-0.5,-0.016173909033442135,-0.500094800650409,0.0175120450341987,0.5126014436920906,0.1915274520876485,0.5126014436920906,0.5126014436920906,0.5126014436920906,0.5126014436920906,0.3196778130106711,0.3196778130106711,0.3196778130106711,0.3196778130106711,1.0
3700,21.192226879999907,1.1909751763766574,0.8058515982917563,-0.019973745569586754,0.017359551042318344,1.104659784520183,-0.1339851778516943,0.001506487783044578,-0.011726281170267612,-0.019973745569586754,-0.017359551042318344,8.38956069946289,1.929132342338562,0.001506487783044578,-0.011726281170267612,0.08631539185647433,-0.6718664204400621,-0.019973745569586754,-0.017359551042318344,8.38956069946289,1.929132342338562,0.007762424078262459,0.2064531421184771,165.77149575286677,5.609410446239138,-0.00015852914403272837,0.03210863072545106,-0.5,0.10016461425083033,-0.5001585291440327,0.1322732449762814,0.49239610506577025,0.3387263870947585,0.49239610506577025,0.49239610506577025,0.49239610506577025,0.49239610506577025,0.4618254133612011,0.4618254133612011,0.4618254133612011,0.4618254133612011,1.0
3750,21.341340665999724,1.2952264881126776,0.815410021148366,-0.0008458709344267845,0.02370990812778473,1.104659784520183,-0.1339851778516943,0.0033260164223611367,-0.011893107120413334,-0.0008458709344267845,-0.02370990812778473,10.956506729125977,2.2146248817443848,0.0033260164223611367,-0.011893107120413334,0.19056670359249459,-0.6814248432966717,-0.0008458709344267845,-0.02370990812778473,10.956506729125977,2.2146248817443848,-0.052652387800628225,0.21452919680705435,165.77077134487115,5.6094013645338805,-0.00035000089203651117,0.032565461004438814,-0.5,0.13247553102904147,-0.5003500008920365,0.16504099203348027,0.5530023886926647,0.3795701888405346,0.5530023886926647,0.5530023886926647,0.5530023886926647,0.5530023886926647,0.5178207860137007,0.5178207860137007,0.5178207860137007,0.5178207860137007,1.0
3800,21.414333085999715,1.2409771770213225,0.8916651345284445,-0.027133436873555183,0.0065574366599321365,1.104659784520183,-0.1339851778516943,0.0023791873268783105,-0.013224009920377285,-0.027133436873555183,-0.0065574366599321365,10.464112281799316,1.8806527853012085,0.0023791873268783105,-0.013224009920377285,0.1363173925011394,-0.7576799566767503,-0.027133436873555183,-0.0065574366599321365,10.464112281799316,1.8806527853012085,0.03731080269170449,0.21100661778349888,165.7712163804475,5.609324318564158,-0.00025036442853615116,0.036210007253533634,-0.5,0.03912058549683912,-0.5002503644285361,0.07533059275037275,0.4629395617368316,0.2863372105338716,0.4629395617368316,0.4629395617368316,0.4629395617368316,0.4629395617368316,0.40207210096807955,0.40207210096807955,0.40207210096807955,0.40207210096807955,1.0
3850,21.469530407000093,1.2265053935522408,0.8475093489264872,0.006083801854401827,-0.030217964202165604,1.104659784520183,-0.1339851778516943,0.0021266070567071485,-0.012453346077818424,0.006083801854401827,0.030217964202165604,10.295745849609375,2.435107707977295,0.0021266070567071485,-0.012453346077818424,0.12184560903205774,-0.7135241710747929,0.006083801854401827,0.030217964202165604,10.295745849609375,2.435107707977295,-0.03288521464306296,0.08858170241739356,165.77131014161478,5.609369927358285,-0.0002237850522761219,0.03409960936837939,-0.5,-0.1620432815423042,-0.5002237850522762,-0.12794367217392483,0.5331089996953391,-0.039361969756531265,0.5331089996953391,0.5331089996953391,0.5331089996953391,0.5331089996953391,0.09391528016730351,0.09391528016730351,0.09391528016730351,0.09391528016730351,1.0
3900,21.62251070100001,1.254509169149293,0.9174394403308694,0.010853393003344536,0.04614204168319702,1.104659784520183,-0.1339851778516943,0.002615365143865348,-0.013673856419045479,0.010853393003344536,-0.04614204168319702,10.922061920166016,1.8284138441085815,0.002615365143865348,-0.013673856419045479,0.14984938462910982,-0.7834542624791752,0.010853393003344536,-0.04614204168319702,10.922061920166016,1.8284138441085815,-0.038287896584052517,0.26358385028806613,165.77111919800436,5.6092964307596365,-0.00027521778020444973,0.037441888369920726,-0.5,0.2181715701363789,-0.5002752177802045,0.25561345850629963,0.538563114364257,0.5191973087943658,0.538563114364257,0.538563114364257,0.538563114364257,0.538563114364257,0.65383808738543,0.65383808738543,0.65383808738543,0.65383808738543,1.0
3950,21.768762761999824,1.4569199042119167,0.9710542908813539,0.03744089603424072,0.011165857315063477,1.104659784520183,-0.1339851778516943,0.006148098912090064,-0.014609612089116127,0.03744089603424072,-0.011165857315063477,12.275446891784668,1.5862336158752441,0.006148098912090064,-0.014609612089116127,0.35226011969173365,-0.8370691130296596,0.03744089603424072,-0.011165857315063477,12.275446891784668,1.5862336158752441,-0.11375152015786429,0.2618609642301667,165.7685686254326,5.609235431313881,-0.0006469778963167257,0.04000444233867935,-0.5,0.06590322570960715,-0.5006469778963167,0.1059076680482865,0.614398498054181,0.3677686322784532,0.614398498054181,0.614398498054181,0.614398498054181,0.614398498054181,0.5213682567919984,0.5213682567919984,0.5213682567919984,0.5213682567919984,1.0
4000,21.918135454000094,1.4257189597530637,1.067863257742999,-0.01276050042361021,0.05570937320590019,1.104659784520183,-0.1339851778516943,0.0056035397015512,-0.016299247306305914,-0.01276050042361021,-0.05570937320590019,13.410099983215332,1.3039271831512451,0.0056035397015512,-0.016299247306305914,0.3210591752328807,-0.9338780798913047,-0.01276050042361021,-0.05570937320590019,13.410099983215332,1.3039271831512451,-0.05946876525176226,0.3119795983327306,165.76909584753966,5.609115065311174,-0.000589671492972232,0.04463161729331996,-0.5,0.24166128477443435,-0.5005896714929722,0.2862929020677543,0.5600584367447344,0.598272500400485,0.5600584367447344,0.5600584367447344,0.5600584367447344,0.5600584367447344,0.7382871095866685,0.7382871095866685,0.7382871095866685,0.7382871095866685,1.0
4050,22.065660251999816,1.3855846614683631,0.8414629773245863,-0.12184422463178635,-0.009903698228299618,1.104659784520183,-0.1339851778516943,0.00490306405350566,-0.01234781698556617,-0.12184422463178635,0.009903698228299618,11.048186302185059,0.4008190929889679,0.00490306405350566,-0.01234781698556617,0.28092487694817997,-0.707477799472892,-0.12184422463178635,0.009903698228299618,11.048186302185059,0.4008190929889679,0.2028115254004204,0.1602003000964123,165.76970217323037,5.6093759595948525,-0.0005159578098754221,0.03381062920771977,-0.5,-0.058657084724071745,-0.5005159578098755,-0.02484645551635198,0.29770443240945504,0.13535384458006033,0.29770443240945504,0.29770443240945504,0.29770443240945504,0.29770443240945504,0.2097799526824241,0.2097799526824241,0.2097799526824241,0.2097799526824241,1.0
4100,22.23305520599979,0.9870269016988403,0.5621233947532858,-0.04388514161109924,0.009136846289038658,1.104659784520183,-0.1339851778516943,-0.0020530811138451087,-0.007472421538550407,-0.04388514161109924,-0.009136846289038658,6.168432712554932,0.3405921161174774,-0.0020530811138451087,-0.007472421538550407,-0.11763288282134282,-0.42813821690159154,-0.04388514161109924,-0.009136846289038658,6.168432712554932,0.3405921161174774,0.16602551741163266,0.06503229886286041,165.7713354600435,5.6095986781655895,0.0002160478196009032,0.020460403015443187,-0.5,0.054218910207280056,-0.4997839521803991,0.07467931322272324,0.33375843476876643,0.13971161208558364,0.33375843476876643,0.33375843476876643,0.33375843476876643,0.33375843476876643,0.22315122077777524,0.22315122077777524,0.22315122077777524,0.22315122077777524,1.0
4150,22.381265176999932,0.7319908931025905,0.46365255748921197,-0.04251153767108917,-0.03842834010720253,1.104659784520183,-0.1339851778516943,-0.006504299174994229,-0.005753781211096794,-0.04251153767108917,0.03842834010720253,5.151434421539307,1.0918426513671875,-0.006504299174994229,-0.005753781211096794,-0.37266889141759263,-0.3296673796375177,-0.04251153767108917,0.03842834010720253,5.151434421539307,1.0918426513671875,0.18603019123978493,0.0296809087487247,165.76819733242908,5.6096510698306306,0.0006844626480590652,0.015754468392534835,-0.5,-0.19382858953194335,-0.49931553735194095,-0.17807412113940851,0.313285346112156,-0.14839321239068382,0.313285346112156,0.313285346112156,0.313285346112156,0.313285346112156,-0.07007187586264481,-0.07007187586264481,-0.07007187586264481,-0.07007187586264481,1.0
4200,22.515827920999982,0.5638264063732933,0.5646489639206038,-0.11126179248094559,-0.02166084013879299,1.104659784520183,-0.1339851778516943,-0.009439323153346776,-0.007516501036006958,-0.11126179248094559,0.02166084013879299,1.528242588043213,1.8177003860473633,-0.009439323153346776,-0.007516501036006958,-0.5408333781468898,-0.43066378606890954,-0.11126179248094559,0.02166084013879299,1.528242588043213,1.8177003860473633,0.3915804115470932,0.06702442022312824,165.76434213629807,5.609597155346786,0.0009933374554324686,0.020581101385038165,-0.5,-0.12240183840619578,-0.49900666254456755,-0.10182073702115763,0.10742625099747433,-0.034796316798029386,0.10742625099747433,0.10742625099747433,0.10742625099747433,0.10742625099747433,-0.007939754048660805,-0.007939754048660805,-0.007939754048660805,-0.007939754048660805,1.0
4250,22.57812027,0.275221885636282,0.4035251482455468,-0.013500607572495937,-0.05136262997984886,1.104659784520183,-0.1339851778516943,-0.014476422276347874,-0.004704359949100763,-0.013500607572495937,0.05136262997984886,-10.433000564575195,5.054919719696045,-0.014476422276347874,-0.004704359949100763,-0.8294378988839011,-0.2695399703938525,-0.013500607572495937,0.05136262997984886,-10.433000564575195,5.054919719696045,0.26711435636269615,-0.03808820768523667,165.75441769216621,5.609676365583235,0.0015234720215273078,0.012881006205835502,0.5,-0.23184123186247974,0.5015234720215274,-0.21896022565664425,-0.7686378283842235,-0.25704843334188093,-0.7686378283842235,-0.7686378283842235,-0.7686378283842235,-0.7686378283842235,-0.4492078904379368,-0.4492078904379368,-0.4492078904379368,-0.4492078904379368,1.0
4300,22.707985431999987,1.3406150161381165,-0.29946662927102075,0.1846221387386322,-0.06347328424453735,1.104659784520183,-0.1339851778516943,0.004118195679038764,0.007565161183010786,0.1846221387386322,0.06347328424453735,0.6293133497238159,1.5995676517486572,0.004118195679038764,0.007565161183010786,0.2359552316179334,0.433451807122715,0.1846221387386322,0.06347328424453735,0.6293133497238159,1.5995676517486572,-0.4087641948548521,-0.22281626097908028,165.77028550430757,5.609595463878902,-0.000433363755893317,-0.020714342545816194,-0.4999999999883129,-0.2560958315645037,-0.5004333637442062,-0.27681017411031994,0.9091975585990584,-0.4996264350894002,0.9091975585990584,0.9091975585990584,0.9091975585990584,0.9091975585990584,-0.2723270454396356,-0.2723270454396356,-0.2723270454396356,-0.2723270454396356,1.0
4350,22.865714778999973,1.2532533748373627,0.41362857217315596,-0.14796242117881775,0.05317447707056999,1.104659784520183,-0.1339851778516943,0.0025934473983943475,-0.00488069796236232,-0.14796242117881775,-0.05317447707056999,3.1778481006622314,1.727875828742981,0.0025934473983943475,-0.00488069796236232,0.1485935903171795,-0.2796433943214616,-0.14796242117881775,-0.05317447707056999,3.1778481006622314,1.727875828742981,0.3301511064238536,0.2397999052074634,165.7711286036085,5.609672469894341,-0.00027291134120245656,0.013363842769587549,-0.5,0.23609872868357404,-0.5002729113412024,0.24946257145316159,0.17012180491734885,0.48926247666062495,0.17012180491734885,0.17012180491734885,0.17012180491734885,0.17012180491734885,0.5317929278899621,0.5317929278899621,0.5317929278899621,0.5317929278899621,1.0
4400,23.01553079999985,0.5285483192276188,0.3982570446830571,-0.11117330193519592,-0.020440062507987022,1.104659784520183,-0.1339851778516943,-0.010055041927844283,-0.0046124141965992755,-0.11117330193519592,0.020440062507987022,0.45082974433898926,1.6694438457489014,-0.010055041927844283,-0.0046124141965992755,-0.5761114652925643,-0.26427186683136283,-0.11117330193519592,0.020440062507987022,0.45082974433898926,1.6694438457489014,0.3854883337449998,0.018976533284123846,165.7633532708809,5.6096783400094745,0.001058136182348329,0.012629246933549198,-0.49999998526720374,-0.11623630836487084,-0.4989418490848554,-0.10360706143132165,0.11345351533985559,-0.08463052814719779,0.11345351533985559,0.11345351533985559,0.11345351533985559,0.11345351533985559,-0.056267149312233894,-0.056267149312233894,-0.056267149312233894,-0.056267149312233894,1.0
4450,23.160519718999694,0.094881145968409,-0.4138935888490377,0.19001080095767975,-0.23708666861057281,1.104659784520183,-0.1339851778516943,-0.017623961959034203,0.009562288380693644,0.19001080095767975,0.23708666861057281,-7.480208873748779,-0.6093223094940186,-0.017623961959034203,0.009562288380693644,-1.0097786385517742,0.547878766700732,0.19001080095767975,0.23708666861057281,-7.480208873748779,-0.6093223094940186,-0.09649717933334195,-0.6683308087989297,165.74609401552115,5.609516625390538,0.0018547752097358389,-0.026182941361783247,0.5,-0.29995434367767776,0.5018547752097359,-0.326137285039461,-0.4053575958763939,-0.9944680938383907,-0.4053575958763939,-0.4053575958763939,-0.4053575958763939,-0.4053575958763939,-1.0958074928074892,-1.0958074928074892,-1.0958074928074892,-1.0958074928074892,1.0
4500,23.314672701999825,1.7772221589481936,-1.100115944612328,0.14546801149845123,-0.002795628970488906,1.104659784520183,-0.1339851778516943,0.011738427858799697,0.02153912788955495,0.14546801149845123,0.002795628970488906,6.492918014526367,0.4283480644226074,0.011738427858799697,0.02153912788955495,0.6725623744280105,1.2341011224640226,0.14546801149845123,0.002795628970488906,6.492918014526367,0.4283480644226074,-0.5004822898853802,-0.3242206223782139,165.7603308564839,5.608658111073618,-0.0012353012408231015,-0.058982641789062075,-0.5,-0.016756316170136086,-0.501235301240823,-0.07573895795919816,1.0017175911262033,-0.3999595803374121,1.0017175911262033,1.0017175911262033,1.0017175911262033,1.0017175911262033,-0.14953018255586126,-0.14953018255586126,-0.14953018255586126,-0.14953018255586126,1.0
4550,23.47076828099989,1.255012148548641,0.20276319683618027,-0.1433626115322113,0.048907168209552765,1.104659784520183,-0.1339851778516943,0.0026241437904536737,-0.0012004028842784466,-0.1433626115322113,-0.048907168209552765,3.4886903762817383,1.6400089263916016,0.0026241437904536737,-0.0012004028842784466,0.15035236402845778,-0.06877801898448595,-0.1433626115322113,-0.048907168209552765,3.4886903762817383,1.6400089263916016,0.2838520425171414,0.15210342483574593,165.77111540860622,5.6097240532009485,-0.0002761415711349961,0.0032868060787025867,-0.5,0.22567831745137046,-0.500276141571135,0.22896512353007303,0.21642409905399357,0.38106854836581894,0.21642409905399357,0.21642409905399357,0.21642409905399357,0.21642409905399357,0.43517457312931734,0.43517457312931734,0.43517457312931734,0.43517457312931734,1.0
4600,23.587625705999926,0.5592031153571351,0.29824829427781974,-0.023748736828565598,-0.015647035092115402,1.104659784520183,-0.1339851778516943,-0.00952001480385661,-0.00286693222122267,-0.023748736828565598,0.015647035092115402,1.1840263605117798,1.429877519607544,-0.00952001480385661,-0.00286693222122267,-0.545456669163048,-0.16426311642612546,-0.023748736828565598,0.015647035092115402,1.1840263605117798,1.429877519607544,0.21216089225331092,-0.0012469710481133288,165.7642160993601,5.609708430079296,0.0010018294644963638,0.007849919367268414,-0.5,-0.09093299845195335,-0.49899817053550366,-0.08308307908468493,0.28683727828219274,-0.08433005013279826,0.28683727828219274,0.28683727828219274,0.28683727828219274,0.28683727828219274,-0.012620730562250077,-0.012620730562250077,-0.012620730562250077,-0.012620730562250077,1.0
4650,23.737730206999913,0.14961167857134597,0.1908747990185235,-0.050688356161117554,-0.004806535318493843,1.104659784520183,-0.1339851778516943,-0.01666873396374285,-0.0009929111995734276,-0.050688356161117554,0.004806535318493843,1.3521926403045654,0.06472612172365189,-0.01666873396374285,-0.0009929111995734276,-0.9550481059488372,-0.05688962116682919,-0.050688356161117554,0.004806535318493843,1.3521926403045654,0.06472612172365189,0.35699764216753616,0.0035025492349605816,165.7487926244621,5.609725102131372,0.0017542264351665265,0.0027186757433034525,-0.5,-0.02875070359348844,-0.49824577356483346,-0.026032027850184988,0.1412481313972973,-0.022529478615224405,0.1412481313972973,0.1412481313972973,0.1412481313972973,0.1412481313972973,0.012782554234099922,0.012782554234099922,0.012782554234099922,0.012782554234099922,1.0
4700,23.92827773099998,-0.31565182972642375,0.08906545333355471,-0.03044361248612404,-0.005697555374354124,1.104659784520183,-0.1339851778516943,-0.02478911407291889,0.0007839970919303592,-0.03044361248612404,0.005697555374354124,1.0518996715545654,-0.8771630525588989,-0.02478911407291889,0.0007839970919303592,-1.4203116142466068,0.044919724518139595,-0.03044361248612404,0.005697555374354124,1.0518996715545654,-0.8771630525588989,0.4561841316666122,-0.018269199890095535,165.72105920631225,5.609725957745545,0.0026091097435209125,-0.002146650862983542,-0.5,-0.03403813288420709,-0.4973908902564791,-0.03618478374719063,0.04120675858986689,-0.054453983637286166,0.04120675858986689,0.04120675858986689,0.04120675858986689,0.04120675858986689,-0.044152293989819444,-0.044152293989819444,-0.044152293989819444,-0.044152293989819444,1.0
4750,24.082492790999822,-0.20811813184653638,-0.47404031472144936,0.3558060824871063,-0.23440660536289215,1.104659784520183,-0.1339851778516943,-0.02291229698807001,0.010612046781461685,0.3558060824871063,0.23440660536289215,-4.241032123565674,0.1522303819656372,-0.02291229698807001,0.010612046781461685,-1.3127779163667195,0.6080254925731436,0.3558060824871063,0.23440660536289215,-4.241032123565674,0.1522303819656372,-0.22009520535081156,-0.6477708183858486,165.72843424861844,5.609467813407556,0.002411499210991069,-0.02905748337645336,0.5,-0.2999491776604828,0.502411499210991,-0.32900666103693615,-0.2823162938601795,-0.9767774794227848,-0.2823162938601795,-0.2823162938601795,-0.2823162938601795,-0.2823162938601795,-1.0473565528878297,-1.0473565528878297,-1.0473565528878297,-1.0473565528878297,1.0
4800,24.240918536999743,1.9017265823988885,-0.7795602791856732,-0.06448180973529816,0.28998684883117676,1.104659784520183,-0.1339851778516943,0.013911439981311561,0.015944376091938467,-0.06448180973529816,-0.28998684883117676,6.44412088394165,-0.8269212245941162,0.013911439981311561,0.015944376091938467,0.7970667978787053,0.9135454570373676,-0.06448180973529816,-0.28998684883117676,6.44412088394165,-0.8269212245941162,-0.11543843275272299,0.2265273946719898,165.7557390045959,5.609141437188255,-0.0014640065684184329,-0.04365976475516863,-0.5,0.29999449750398566,-0.5014640065684184,0.256334732748817,0.6169024393211414,0.4828621274208068,0.6169024393211414,0.6169024393211414,0.6169024393211414,0.6169024393211414,0.6370877372510921,0.6370877372510921,0.6370877372510921,0.6370877372510921,1.0
4850,24.394280369999706,0.8302183515166297,0.687148673489047,-0.06193289905786514,0.0007892386056482792,1.104659784520183,-0.1339851778516943,-0.004789906609803437,-0.009654524300713093,-0.06193289905786514,-0.0007892386056482792,1.0987977981567383,1.2815667390823364,-0.004789906609803437,-0.009654524300713093,-0.2744414330035534,-0.5531634956373527,-0.06193289905786514,-0.0007892386056482792,1.0987977981567383,1.2815667390823364,0.24455538281332204,0.1522748976123872,165.7697925362858,5.609512540127694,0.000504049876063747,0.026435508217002832,-0.5,0.004735038381230727,-0.49949595012393627,0.03117054659823356,0.2549405673106142,0.18344544421062076,0.2549405673106142,0.2549405673106142,0.2549405673106142,0.2549405673106142,0.2471805860382743,0.2471805860382743,0.2471805860382743,0.2471805860382743,1.0
4900,24.541652880999663,1.0652206148644388,0.6057735329132505,0.07140480726957321,-0.012519468553364277,1.104659784520183,-0.1339851778516943,-0.0006883433647453772,-0.008234260168392212,0.07140480726957321,0.012519468553364277,2.8297536373138428,1.0735304355621338,-0.0006883433647453772,-0.008234260168392212,-0.03943916965574434,-0.4717883550615563,0.07140480726957321,0.012519468553364277,2.8297536373138428,1.0735304355621338,-0.10835353482094574,0.09148548431231918,165.77164369216993,5.609571098550279,7.243498481446987e-05,0.02254647613617606,-0.5,-0.07358539262063542,-0.49992756501518554,-0.05103891648445936,0.6082810998361313,0.04044656782785982,0.6082810998361313,0.6082810998361313,0.6082810998361313,0.6082810998361313,0.19251684278689266,0.19251684278689266,0.19251684278689266,0.19251684278689266,1.0
4950,24.602056228000038,1.0794686029164968,0.7266723635341191,0.02073098160326481,0.01391278300434351,1.104659784520183,-0.1339851778516943,-0.0004396690614521491,-0.010344342824537308,0.02073098160326481,-0.01391278300434351,1.8254739046096802,1.5016202926635742,-0.0004396690614521491,-0.010344342824537308,-0.025191181603686177,-0.5926871856824248,0.02073098160326481,-0.01391278300434351,1.8254739046096802,1.5016202926635742,-0.009060121558166719,0.16197873751770014,165.77166680203186,5.609480743706086,4.626676230196278e-05,0.028324428269307988,-0.5,0.08138696607467566,-0.49995373323769804,0.10971139434398365,0.5090138547958648,0.2716901318616838,0.5090138547958648,0.5090138547958648,0.5090138547958648,0.5090138547958648,0.39894359556064996,0.39894359556064996,0.39894359556064996,0.39894359556064996,1.0
5000,24.674119985999823,1.308182823359663,0.7487500428916861,0.012147564440965652,0.08077222108840942,1.104659784520183,-0.1339851778516943,0.003552147131413226,-0.01072967102052644,0.012147564440965652,-0.08077222108840942,2.1129374504089355,1.6730793714523315,0.003552147131413226,-0.01072967102052644,0.20352303883948006,-0.6147648650399918,0.012147564440965652,-0.08077222108840942,2.1129374504089355,1.6730793714523315,-0.10379824094763687,0.2609282935569561,165.7706432051521,5.609462027610404,-0.00037379710305199536,0.029379575389055668,-0.5,0.2771881650271622,-0.500373797103052,0.30656774041621787,0.6041720380506889,0.567496033973174,0.6041720380506889,0.6041720380506889,0.6041720380506889,0.6041720380506889,0.7185390434858463,0.7185390434858463,0.7185390434858463,0.7185390434858463,1.0
5050,24.82598334799968,1.8250308150956382,1.0200364589055715,0.09615054726600647,0.027609633281826973,1.104659784520183,-0.1339851778516943,0.012572846319526435,-0.015464512195903809,0.09615054726600647,-0.027609633281826973,1.8307284116744995,1.276309847831726,0.012572846319526435,-0.015464512195903809,0.7203710305754553,-0.8860512810538772,0.09615054726600647,-0.027609633281826973,1.8307284116744995,1.276309847831726,-0.33268677505229133,0.2613211618254844,165.75865963696785,5.609176174645911,-0.0013231206874015874,0.04234561925446772,-0.5,0.1506485294947753,-0.5013231206874016,0.19299414874924303,0.8340098957396929,0.45431531057472746,0.8340098957396929,0.8340098957396929,0.8340098957396929,0.8340098957396929,0.6628177845096507,0.6628177845096507,0.6628177845096507,0.6628177845096507,1.0
5100,24.981451315999948,2.9894542714041057,1.2476242317442143,0.14402829110622406,0.02369704470038414,1.104659784520183,-0.1339851778516943,0.03289586951956153,-0.019436668169219046,0.14402829110622406,-0.02369704470038414,14.197403907775879,1.220200538635254,0.03289586951956153,-0.019436668169219046,1.8847944868839226,-1.1136390538925198,0.14402829110622406,-0.02369704470038414,14.197403907775879,1.220200538635254,-0.7539986596902757,0.3421505557819472,165.6825378986306,5.6088566610621315,-0.0034628989792994435,0.053224156524561694,-0.5,0.13241339341647065,-0.5034628989792994,0.18563754994103235,1.2574615586695752,0.5277881057229795,1.2574615586695752,1.2574615586695752,1.2574615586695752,1.2574615586695752,0.8421534953903733,0.8421534953903733,0.8421534953903733,0.8421534953903733,1.0
5150,25.128470780000043,4.039779417627511,1.6606242130703175,-0.08458444476127625,0.07917426526546478,1.104659784520183,-0.1339851778516943,0.05122750153765082,-0.026644877654034643,-0.08458444476127625,-0.07917426526546478,20.869665145874023,1.4378924369812012,0.05122750153765082,-0.026644877654034643,2.9351196331073273,-1.5266390352186232,-0.08458444476127625,-0.07917426526546478,20.869665145874023,1.4378924369812012,-0.5627578465539771,0.6208188781593011,165.55552839072809,5.608091134406387,-0.005395392471936296,0.0729685863963147,-0.5,0.2757433367031298,-0.5053953924719363,0.3487119230994445,1.0681532390259134,0.9695308012587456,1.0681532390259134,1.0681532390259134,1.0681532390259134,1.0681532390259134,1.236569111015224,1.236569111015224,1.236569111015224,1.236569111015224,1.0
5200,25.277254510999683,0.9508695877800853,2.043184282421495,-0.254758358001709,-0.22999431192874908,1.104659784520183,-0.1339851778516943,-0.002684145290404557,-0.03332181045087054,-0.254758358001709,0.22999431192874908,5.2640581130981445,-1.316852331161499,-0.002684145290404557,-0.03332181045087054,-0.1537901967400978,-1.909199104569801,-0.254758358001709,0.22999431192874908,5.2640581130981445,-1.316852331161499,0.6215510795061303,0.22479840415322633,165.77108916830935,5.607168421842401,0.0002824556254592491,0.09126269096406034,-0.5,-0.29993936869161,-0.49971754437454075,-0.20867667772754964,-0.12183353513158957,0.01612172642567669,-0.12183353513158957,-0.12183353513158957,-0.12183353513158957,-0.12183353513158957,-0.0143366573572207,-0.0143366573572207,-0.0143366573572207,-0.0143366573572207,1.0
5250,25.430305834999672,1.2623249332721973,0.9882884589828828,0.09886456280946732,0.11527988314628601,1.104659784520183,-0.1339851778516943,0.0027517759613692773,-0.014910405066329986,0.09886456280946732,-0.11527988314628601,6.866412162780762,-7.13810396194458,0.0027517759613692773,-0.014910405066329986,0.15766514875201426,-0.8543032811311885,0.09886456280946732,-0.11527988314628601,6.866412162780762,-7.13810396194458,-0.22802093100724746,0.3963518876884603,165.77105888042772,5.6092149662185165,-0.0002895725121356099,0.040828170493892306,-0.5,0.29409474001999675,-0.5002895725121356,0.33492291051388906,0.7283105035193831,0.7312747982023493,0.7283105035193831,0.7283105035193831,0.7283105035193831,0.7283105035193831,0.9133524240821951,0.9133524240821951,0.9133524240821951,0.9133524240821951,1.0
5300,25.484722969999893,1.3935161119203345,1.1784684596761295,0.019478529691696167,-0.014543026685714722,1.104659784520183,-0.1339851778516943,0.005041493978351356,-0.018229672249872236,0.019478529691696167,0.014543026685714722,7.4244384765625,-0.2558267116546631,0.005041493978351356,-0.018229672249872236,0.2888563274001515,-1.044483281824435,0.019478529691696167,0.014543026685714722,7.4244384765625,-0.2558267116546631,-0.08893479404339677,0.2368544179594877,165.76958875933664,5.608961441153981,-0.0005305252686935581,0.049918440106116714,-0.5,-0.08487799662326258,-0.5005305252686936,-0.034959556517145864,0.5894653193120903,0.20189486144234184,0.5894653193120903,0.5894653193120903,0.5894653193120903,0.5894653193120903,0.3492611912703644,0.3492611912703644,0.3492611912703644,0.3492611912703644,1.0
5350,25.539267956000003,1.4190385011362625,1.2832861435047318,-0.01794535666704178,0.010587591677904129,1.104659784520183,-0.1339851778516943,0.0054869437031447935,-0.020059085946995764,-0.01794535666704178,-0.010587591677904129,8.481196403503418,-0.40451210737228394,0.0054869437031447935,-0.020059085946995764,0.3143787166160795,-1.1493009656530375,-0.01794535666704178,-0.010587591677904129,8.481196403503418,-0.40451210737228394,-0.03986919910829487,0.322884720042014,165.7692023806182,5.608800004605472,-0.0005774016203329206,0.05492887623528217,-0.5,0.06259280514468538,-0.5005774016203329,0.11752168137996755,0.5404466007286278,0.44040640142198156,0.5404466007286278,0.5404466007286278,0.5404466007286278,0.5404466007286278,0.5755180516041385,0.5755180516041385,0.5755180516041385,0.5755180516041385,1.0
5400,25.64162222999994,1.2490545160450972,1.4056986080786986,-0.11373284459114075,0.012368729338049889,1.104659784520183,-0.1339851778516943,0.0025201634876430047,-0.022195586499292402,-0.11373284459114075,-0.012368729338049889,7.905811786651611,-0.9652026891708374,0.0025201634876430047,-0.022195586499292402,0.14439473152491417,-1.2717134302270041,-0.11373284459114075,-0.012368729338049889,7.905811786651611,-0.9652026891708374,0.19188140216234723,0.3267525490030238,165.77115947729024,5.608591943643281,-0.00026519956130623704,0.06078071102479157,-0.5,0.0727347458167944,-0.5002651995613062,0.13351545684158597,0.308383797398959,0.4602680058446098,0.308383797398959,0.308383797398959,0.308383797398959,0.308383797398959,0.5373639551943495,0.5373639551943495,0.5373639551943495,0.5373639551943495,1.0
5450,25.789695475999906,0.43158996865830607,1.1983127205359552,-0.1431884914636612,-0.007121426053345203,1.104659784520183,-0.1339851778516943,-0.01174728438258171,-0.018576019939500837,-0.1431884914636612,0.007121426053345203,-3.4284017086029053,-0.34726184606552124,-0.01174728438258171,-0.018576019939500837,-0.6730698158618771,-1.0643275426842609,-0.1431884914636612,0.007121426053345203,-3.4284017086029053,-0.34726184606552124,0.4779457890203409,0.2523166694517356,165.760313720477,5.608932061409485,0.0012362333479198325,0.050867004795283416,0.5,-0.04244195285725978,0.5012362333479198,0.008425051938023634,-0.9791820223682607,0.2607417213897592,-0.9791820223682607,-0.9791820223682607,-0.9791820223682607,-0.9791820223682607,0.015946215797694036,0.015946215797694036,0.015946215797694036,0.015946215797694036,1.0
5500,25.936733387999993,1.3635473762764343,0.32093756905079385,0.1479502171278,-0.05355614423751831,1.104659784520183,-0.1339851778516943,0.004518440868705512,-0.0032629347709007563,0.1479502171278,0.05355614423751831,-2.990992546081543,-0.48663192987442017,0.004518440868705512,-0.0032629347709007563,0.2588875917562512,-0.1869523911990995,0.1479502171278,0.05355614423751831,-2.990992546081543,-0.48663192987442017,-0.3450869560328302,-0.1098520074159395,165.77000071610576,5.609702835162966,-0.00047548268565368606,0.0089342154119312,0.5,-0.23696516820584335,0.49952451731434633,-0.22803095279391214,-0.15443756128151614,-0.33788296020985165,-0.15443756128151614,-0.15443756128151614,-0.15443756128151614,-0.15443756128151614,-0.37649235053023067,-0.37649235053023067,-0.37649235053023067,-0.37649235053023067,1.0
5550,26.088810528000067,1.6393297109506275,0.7767751628298948,-0.27630487084388733,0.209359273314476,1.104659784520183,-0.1339851778516943,0.009331750627607108,-0.01121880163671449,-0.27630487084388733,-0.209359273314476,3.6294596195220947,3.1537959575653076,0.009331750627607108,-0.01121880163671449,0.5346699264304444,-0.6427899849782005,-0.27630487084388733,-0.209359273314476,3.6294596195220947,3.1537959575653076,0.4547506680040938,0.6333905546508473,165.76450849161554,5.609437283851484,-0.0009820165163932333,0.03071897469955352,-0.5,0.29986160895694525,-0.5009820165163932,0.3305805836564988,0.046231348512299375,0.963971138307346,0.046231348512299375,0.046231348512299375,0.046231348512299375,0.046231348512299375,0.9755289754354208,0.9755289754354208,0.9755289754354208,0.9755289754354208,1.0
5600,26.238966738999807,0.08726044911335322,0.4441873721283219,0.19604557752609253,-0.17953145503997803,1.104659784520183,-0.1339851778516943,-0.017756968210451304,-0.005414049637038261,0.19604557752609253,0.17953145503997803,-8.138711929321289,-1.0197131633758545,-0.017756968210451304,-0.005414049637038261,-1.0173993354068298,-0.3102021942766276,0.19604557752609253,0.17953145503997803,-8.138711929321289,-1.0197131633758545,-0.033775800140169565,-0.3695479552275328,165.74570633745668,5.6096598145872205,0.001868775915223675,0.014824233269248385,0.5,-0.2995439208761489,0.5018687759152237,-0.28471968760690053,-0.46809297577505415,-0.6542676428344334,-0.46809297577505415,-0.46809297577505415,-0.46809297577505415,-0.46809297577505415,-0.7712908867781969,-0.7712908867781969,-0.7712908867781969,-0.7712908867781969,1.0
5650,26.398868521999702,1.5747351178659361,-0.5346182763264974,0.14722183346748352,0.014974181540310383,1.104659784520183,-0.1339851778516943,0.008204362299293281,0.011669331665616482,0.14722183346748352,-0.014974181540310383,-1.4929661750793457,0.4887775778770447,0.008204362299293281,0.011669331665616482,0.47007533334575297,0.6686034541781917,0.14722183346748352,-0.014974181540310383,-1.4929661750793457,0.4887775778770447,-0.40929093805578554,-0.17897159857617823,165.76613723948807,5.609413517097017,-0.0008633714069470806,-0.03195268251773252,0.5,0.08725199785940226,0.4991366285930529,0.055299315341669736,-0.08984569053726738,-0.12367228323450849,-0.08984569053726738,-0.08984569053726738,-0.08984569053726738,-0.08984569053726738,-0.14613370586882535,-0.14613370586882535,-0.14613370586882535,-0.14613370586882535,1.0
5700,26.548252911999953,1.4972683929601207,-0.25201012807222833,-0.0288291834294796,-0.07980349659919739,1.104659784520183,-0.1339851778516943,0.006852312888950111,0.006736888985615223,-0.0288291834294796,0.07980349659919739,-0.5591973066329956,-0.4200787842273712,0.006852312888950111,0.006736888985615223,0.3926086084399377,0.38599530592392267,-0.0288291834294796,0.07980349659919739,-0.5591973066329956,-0.4200787842273712,0.054332447761606895,-0.214751507908766,165.76781438247534,5.609622767038808,-0.0007210860540952173,-0.018446377950798443,0.49999999980691534,-0.27632244755975216,0.49927891375282013,-0.2947688255105506,-0.553611361514427,-0.5095203334193166,-0.553611361514427,-0.553611361514427,-0.553611361514427,-0.553611361514427,-0.6479231737979233,-0.6479231737979233,-0.6479231737979233,-0.6479231737979233,1.0
5750,26.702000360000056,1.5851789039937088,-0.43296174278399435,0.009444053284823895,-0.014689610339701176,1.104659784520183,-0.1339851778516943,0.008386640753597026,0.00989509044913575,0.009444053284823895,0.014689610339701176,-1.190954566001892,0.4428766071796417,0.008386640753597026,0.00989509044913575,0.48051911947352577,0.5669469206356886,0.009444053284823895,0.014689610339701176,-1.190954566001892,0.4428766071796417,-0.12185058354891522,-0.17749218571242859,165.7658880925352,5.609501700582831,-0.0008825540360347178,-0.027094244849366976,0.5,-0.08568642375895609,0.4991174459639653,-0.11278066860832306,-0.3772668624150501,-0.29027285432075167,-0.3772668624150501,-0.3772668624150501,-0.3772668624150501,-0.3772668624150501,-0.3845895699245142,-0.3845895699245142,-0.3845895699245142,-0.3845895699245142,1.0
5800,26.776826943999822,1.7993049075867853,-0.5316776130845424,0.05459027364850044,0.034921400249004364,1.104659784520183,-0.1339851778516943,0.012123844530433418,0.011618007409851997,0.05459027364850044,-0.034921400249004364,7.979753017425537,-0.6364709138870239,0.012123844530433418,0.011618007409851997,0.6946451230666022,0.6656627909362367,0.05459027364850044,-0.034921400249004364,7.979753017425537,-0.6364709138870239,-0.2676064165818778,-0.12287632549812665,165.75957317867045,5.609416271820173,-0.0012758646960751747,-0.03181213839293648,-0.5,0.1810107064753962,-0.5012758646960752,0.1491985680824597,0.768882281277953,0.026322242584333064,0.768882281277953,0.768882281277953,0.768882281277953,0.768882281277953,0.21854281290382133,0.21854281290382133,0.21854281290382133,0.21854281290382133,1.0
5850,26.9091782229998,0.7578256567513406,0.18841052813096373,-0.10931971669197083,0.019504865631461143,1.104659784520183,-0.1339851778516943,-0.006053397487848996,-0.0009499015589244666,-0.10931971669197083,-0.019504865631461143,1.4058096408843994,0.8607028126716614,-0.006053397487848996,-0.0009499015589244666,-0.3468341277688425,-0.05442535027926941,-0.10931971669197083,-0.019504865631461143,1.4058096408843994,0.8607028126716614,0.36072500843864097,0.02980174966201865,165.76866382160654,5.609725294725011,0.000637012015162759,0.0026009116174607757,-0.5,0.1114332351729115,-0.49936298798483725,0.11403414679037227,0.13863797954619628,0.14383589645239092,0.13863797954619628,0.13863797954619628,0.13863797954619628,0.13863797954619628,0.17849539133894,0.17849539133894,0.17849539133894,0.17849539133894,1.0
5900,27.07540273399991,0.23581252121852825,0.2630966189926433,-0.02588430978357792,0.02387920208275318,1.104659784520183,-0.1339851778516943,-0.015164245441555976,-0.002253419749904424,-0.02588430978357792,-0.02387920208275318,1.121795892715454,0.8649686574935913,-0.015164245441555976,-0.002253419749904424,-0.8688472633016548,-0.129111441140949,-0.02588430978357792,-0.02387920208275318,1.121795892715454,0.8649686574935913,0.28666704802906423,0.07211999848665415,165.7527381092232,5.609715670569581,0.0015958680129805041,0.006170062074145448,-0.5,0.13329199960278465,-0.4984041319870195,0.1394620616769301,0.21173708395795526,0.21158206016358425,0.21173708395795526,0.21173708395795526,0.21173708395795526,0.21173708395795526,0.26451633115307305,0.26451633115307305,0.26451633115307305,0.26451633115307305,1.0
5950,27.223830292000002,0.10137225359872765,0.1166653406350771,-0.022957930341362953,-0.03261007368564606,1.104659784520183,-0.1339851778516943,-0.017510670758783816,0.00030228818533942084,-0.022957930341362953,0.03261007368564606,0.4913708567619324,2.4562716484069824,-0.017510670758783816,0.00030228818533942084,-1.0032875309214555,0.017319837216617222,-0.022957930341362953,0.03261007368564606,0.4913708567619324,2.4562716484069824,0.3218943032572607,-0.07579151644590479,165.74642193094053,5.609727163819086,0.0018428498311453807,-0.0008276907117225325,-0.4999999970891895,-0.17194503557440693,-0.49815714725804416,-0.17277272628612947,0.17626284400078346,-0.24856424273203426,0.17626284400078346,0.17626284400078346,0.17626284400078346,0.17626284400078346,-0.2044985317318384,-0.2044985317318384,-0.2044985317318384,-0.2044985317318384,1.0
6000,27.370456918999935,-0.03494081320487209,0.10581424444708296,-0.011322969570755959,0.004769067279994488,1.104659784520183,-0.1339851778516943,-0.019889782587997614,0.0004916755412705241,-0.011322969570755959,-0.004769067279994488,0.5131441354751587,0.29460516571998596,-0.019889782587997614,0.0004916755412705241,-1.1396005977250552,0.028170933404611357,-0.011322969570755959,-0.004769067279994488,0.5131441354751587,0.29460516571998596,0.337085757733792,-0.0019472473950947998,165.7390916792056,5.60972681724437,0.002093292741045347,-0.0013462494181741835,-0.4999999987816464,0.028527944152703117,-0.49790670604060105,0.027181694734528934,0.16082094830680904,0.025234447339434134,0.16082094830680904,0.16082094830680904,0.16082094830680904,0.16082094830680904,0.0654396844161364,0.0654396844161364,0.0654396844161364,0.0654396844161364,1.0
6050,27.536081550999825,-0.09651256066405035,0.13443477145195284,0.0054865446873009205,0.020409321412444115,1.104659784520183,-0.1339851778516943,-0.020964412307366728,-7.84688862040658e-06,0.0054865446873009205,-0.020409321412444115,0.9608232975006104,0.8221941590309143,-0.020964412307366728,-7.84688862040658e-06,-1.2011723451842335,-0.00044959360025853014,0.0054865446873009205,-0.020409321412444115,0.9608232975006104,0.8221941590309143,0.3257435849802298,0.030421807673535015,165.7354749344482,5.609727374291339,0.0022064237479836766,2.1485446660467183e-05,-0.5,0.11607951374273537,-0.4977935762520163,0.11610099918939583,0.1720499912717865,0.14652280686293084,0.1720499912717865,0.1720499912717865,0.1720499912717865,0.1720499912717865,0.18953530468087748,0.18953530468087748,0.18953530468087748,0.18953530468087748,1.0
6100,27.703787595999984,-0.10901574220807438,0.1736239156298266,-0.012295961380004883,-0.035196468234062195,1.104659784520183,-0.1339851778516943,-0.021182633992284535,-0.0006918264855630698,-0.012295961380004883,0.035196468234062195,0.14097362756729126,1.9394863843917847,-0.021182633992284535,-0.0006918264855630698,-1.2136755267282575,-0.039638737778132274,-0.012295961380004883,0.035196468234062195,0.14097362756729126,1.9394863843917847,0.3603385943446253,-0.06150900556144831,165.73471725503998,5.609726271270486,0.0022293975152749435,0.0018942798235123764,-0.49645598640851135,-0.18205679361094007,-0.4942265888932364,-0.1801625137874277,0.1338879945486111,-0.241671519348876,0.1338879945486111,0.1338879945486111,0.1338879945486111,0.1338879945486111,-0.20819952071172323,-0.20819952071172323,-0.20819952071172323,-0.20819952071172323,1.0
6150,27.85994106199996,-0.12767388468963192,0.022418813622570824,0.005357065703719854,0.0029025550466030836,1.104659784520183,-0.1339851778516943,-0.02150828001089394,0.0019472003902774302,0.005357065703719854,-0.0029025550466030836,0.747439980506897,0.12406963855028152,-0.02150828001089394,0.0019472003902774302,-1.232333669209815,0.11156636422912349,0.005357065703719854,-0.0029025550466030836,0.747439980506897,0.12406963855028152,0.34041955347318664,-0.023821868413155818,165.73357200365612,5.609718635339386,0.002263681007405221,-0.005331604777745115,-0.49999999999989636,0.017395793797318888,-0.49773631899249116,0.012064189019573773,0.1573167655193045,-0.011757679393582045,0.1573167655193045,0.1573167655193045,0.1573167655193045,0.1573167655193045,0.027571511986244083,0.027571511986244083,0.027571511986244083,0.027571511986244083,1.0
6200,27.960328949000086,-0.11771336112606415,0.028577308049081703,0.0023566470481455326,-0.0007846449734643102,1.104659784520183,-0.1339851778516943,-0.021334436079487203,0.0018397143855690954,0.0023566470481455326,0.0007846449734643102,0.480183869600296,0.5049269199371338,-0.021334436079487203,0.0018397143855690954,-1.2223731456462472,0.10540786980261262,0.0023566470481455326,0.0007846449734643102,0.480183869600296,0.5049269199371338,0.3372625462880804,-0.034276484068342314,165.7341855620423,5.609719573511322,0.002245378937517792,-0.00503729820607095,-0.49999999544643225,-0.004707483414376974,-0.49775461650891445,-0.009744781620447923,0.16049207022083406,-0.04402126568879024,0.16049207022083406,0.16049207022083406,0.16049207022083406,0.16049207022083406,-0.003898248133581722,-0.003898248133581722,-0.003898248133581722,-0.003898248133581722,1.0
6250,28.016325875999883,-0.10225733672541287,0.03205971067990312,0.0034516979940235615,0.004160841461271048,1.104659784520183,-0.1339851778516943,-0.021064677564427255,0.0017789349937811492,0.0034516979940235615,-0.004160841461271048,1.0356154441833496,-0.015653148293495178,-0.021064677564427255,0.0017789349937811492,-1.206917121245596,0.1019254671717912,0.0034516979940235615,-0.004160841461271048,1.0356154441833496,-0.015653148293495178,0.3315325484444833,-0.022282693502272796,165.73512778132806,5.609720080441171,0.0022169793671920762,-0.0048708786765419,-0.5,0.02490757995926146,-0.49778302063280794,0.02003670128271956,0.16625047218832462,-0.0022459922195532354,0.16625047218832462,0.16625047218832462,0.16625047218832462,0.16625047218832462,0.039316625827527915,0.039316625827527915,0.039316625827527915,0.039316625827527915,1.0
6300,28.070401131999915,-0.08549813357546432,0.06292074317078883,0.007205274887382984,0.0031928513199090958,1.104659784520183,-0.1339851778516943,-0.020772174289450048,0.0012403083662502466,0.007205274887382984,-0.0031928513199090958,0.7023758888244629,0.4551718533039093,-0.020772174289450048,0.0012403083662502466,-1.1901579180956474,0.07106443468090548,0.007205274887382984,-0.0031928513199090958,0.7023758888244629,0.4551718533039093,0.3229515025393315,-0.016769164223253637,165.73613589762698,5.609723828712446,0.0021861856409908054,-0.003396070792573731,-0.4999999999993712,0.01913111121531996,-0.4978138143583804,0.01573504042274623,0.17486231181904888,-0.0010341238005074083,0.17486231181904888,0.17486231181904888,0.17486231181904888,0.17486231181904888,0.04268145415425481,0.04268145415425481,0.04268145415425481,0.04268145415425481,1.0
6350,28.127136176000022,-0.04977402307079606,0.07313882623104691,0.01304656732827425,-0.005433096084743738,1.104659784520183,-0.1339851778516943,-0.020148670938797294,0.001061969173606485,0.01304656732827425,0.005433096084743738,0.7070720195770264,0.7046597003936768,-0.020148670938797294,0.001061969173606485,-1.1544338075909792,0.0608463516206474,0.01304656732827425,0.005433096084743738,0.7070720195770264,0.7046597003936768,0.3016904863643074,-0.021057229656919748,165.73823776669857,5.60972477505773,0.0021205466107216578,-0.0029077624803819082,-0.4999999999994789,-0.032470877969195316,-0.4978794533887573,-0.035378640449577226,0.19618896702444988,-0.05643587010649698,0.19618896702444988,0.19618896702444988,0.19618896702444988,0.19618896702444988,-0.007388628350384507,-0.007388628350384507,-0.007388628350384507,-0.007388628350384507,1.0
6400,28.25886604299967,0.04917220936673455,0.17467117572865995,0.020192136988043785,0.018168486654758453,1.104659784520183,-0.1339851778516943,-0.01842173340031877,-0.0007101046224124732,0.020192136988043785,-0.018168486654758453,0.8932762145996094,0.9697685241699219,-0.01842173340031877,-0.0007101046224124732,-1.0554875751534485,-0.04068599787696564,0.020192136988043785,-0.018168486654758453,0.8932762145996094,0.9697685241699219,0.2673135659973286,0.03214936691052812,165.74372503793722,5.609726212209076,0.0019387524277161825,0.0019443269306773881,-0.4999999999999997,0.10445361808610931,-0.49806124757228354,0.1063979450167867,0.23074768157495495,0.13854731192731481,0.23074768157495495,0.23074768157495495,0.23074768157495495,0.23074768157495495,0.19623423232105355,0.19623423232105355,0.19623423232105355,0.19623423232105355,1.0
6450,28.426473922999776,0.20132768317171398,0.08932926272013984,0.027465002611279488,-0.00766215892508626,1.104659784520183,-0.1339851778516943,-0.015766119407489895,0.0007793927495367823,0.027465002611279488,0.00766215892508626,0.5553358793258667,1.4121376276016235,-0.015766119407489895,0.0007793927495367823,-0.9033321013484691,0.04465591513155447,0.027465002611279488,0.00766215892508626,0.5553358793258667,1.4121376276016235,0.21496148041147278,-0.04585959635430294,165.75120446061803,5.6097259743368335,0.0016592187514233969,-0.0021340437772998954,-0.4999999997746655,-0.045616433918460174,-0.49834078102324214,-0.04775047769576007,0.28337930061176936,-0.093610074050063,0.28337930061176936,0.28337930061176936,0.28337930061176936,0.28337930061176936,-0.022765248897120657,-0.022765248897120657,-0.022765248897120657,-0.022765248897120657,1.0
6500,28.595796127000085,0.46924813660589204,0.19011742175301902,0.030327223241329193,0.021395888179540634,1.104659784520183,-0.1339851778516943,-0.011090025361627339,-0.0009796924726106233,0.030327223241329193,-0.021395888179540634,0.7725668549537659,0.6761801242828369,-0.011090025361627339,-0.0009796924726106233,-0.6354116479142911,-0.056132243901324715,0.030327223241329193,-0.021395888179540634,0.7725668549537659,0.6761801242828369,0.14244561251285692,0.05624261898365301,165.76155030735492,5.6097251622313955,0.0011670604674620289,0.002682481721797195,-0.49999999999996203,0.12107390576295093,-0.4988329395325,0.12375638748474813,0.3563873270196431,0.17999900646840114,0.3563873270196431,0.3563873270196431,0.3563873270196431,0.3563873270196431,0.2690958382233119,0.2690958382233119,0.2690958382233119,0.2690958382233119,1.0
6550,28.745276617999934,0.6084255139410667,0.29767367793346594,0.011969397775828838,-0.0017815728206187487,1.104659784520183,-0.1339851778516943,-0.00866092188283801,-0.0028569032740779223,0.011969397775828838,0.0017815728206187487,1.1764017343521118,0.44924283027648926,-0.00866092188283801,-0.0028569032740779223,-0.4962342705791164,-0.16368850008177163,0.011969397775828838,0.0017815728206187487,1.1764017343521118,0.44924283027648926,0.13078316396827475,0.04123173599392215,165.76550287544657,5.6097085623876115,0.0009114189571540022,0.007822459094499561,-0.5,-0.010684915447735541,-0.499088581042846,-0.0028624563532359797,0.3683054170745712,0.03836927964068617,0.3683054170745712,0.3683054170745712,0.3683054170745712,0.3683054170745712,0.13044563390932898,0.13044563390932898,0.13044563390932898,0.13044563390932898,1.0
6600,28.919944898999802,0.7631839401552156,0.4659076404932269,0.05105799809098244,-0.009893380105495453,1.104659784520183,-0.1339851778516943,-0.005959877800196408,-0.005793139834422619,0.05105799809098244,0.009893380105495453,2.358732223510742,0.6668500900268555,-0.005959877800196408,-0.005793139834422619,-0.3414758443649675,-0.3319224626415326,0.05105799809098244,0.009893380105495453,2.358732223510742,0.6668500900268555,0.025792914211333617,0.07664892169916715,165.76875637970983,5.609650022342938,0.0006271705048814473,0.015862238273540826,-0.5,-0.05859754032463428,-0.4993728294951186,-0.04273530205109345,0.47357991528378496,0.0339136196480737,0.47357991528378496,0.47357991528378496,0.47357991528378496,0.47357991528378496,0.15230859846901995,0.15230859846901995,0.15230859846901995,0.15230859846901995,1.0
6650,29.10563675100002,1.218536910668363,0.8828731336019043,0.025947708636522293,0.022977080196142197,1.104659784520183,-0.1339851778516943,0.0019875307939946664,-0.013070560556370767,0.025947708636522293,-0.022977080196142197,2.7928361892700195,0.4457551836967468,0.0019875307939946664,-0.013070560556370767,0.11387712614817985,-0.74888795575021,0.025947708636522293,-0.022977080196142197,2.7928361892700195,0.4457551836967468,-0.05271211734750794,0.25674354511418623,165.77135728102294,5.609333618156423,-0.00020914987428822783,0.03578979666780049,-0.5,0.12891315969490766,-0.5002091498742882,0.16470295636270815,0.5529212672217961,0.4214465014768944,0.5529212672217961,0.5529212672217961,0.5529212672217961,0.5529212672217961,0.5596768182823434,0.5596768182823434,0.5596768182823434,0.5596768182823434,1.0
6700,29.17222605300003,1.2230538001438571,0.9411785098431892,0.004711296875029802,0.0038244284223765135,1.104659784520183,-0.1339851778516943,0.002066365387290721,-0.014088181343395264,0.004711296875029802,-0.0038244284223765135,3.533181667327881,0.006546426564455032,0.002066365387290721,-0.014088181343395264,0.1183940156236741,-0.8071933319914949,0.004711296875029802,-0.0038244284223765135,3.533181667327881,0.006546426564455032,-0.006886151489008641,0.21190965454162036,165.77133095157595,5.609269919906977,-0.0002174457411751682,0.03857650532651326,-0.5,0.0229019253645868,-0.5002174457411752,0.06147843069110005,0.5071035972301838,0.2733880852327204,0.5071035972301838,0.5071035972301838,0.5071035972301838,0.5071035972301838,0.40016398454026636,0.40016398454026636,0.40016398454026636,0.40016398454026636,1.0
6750,29.23743182299995,1.1305671690880663,0.9417650523381641,-0.00146566703915596,-0.0016649740282446146,1.104659784520183,-0.1339851778516943,0.0004521691612899316,-0.014098418441135437,-0.00146566703915596,0.0016649740282446146,3.3407673835754395,-0.05423218756914139,0.0004521691612899316,-0.014098418441135437,0.02590738456788328,-0.8077798744864698,-0.00146566703915596,0.0016649740282446146,3.3407673835754395,-0.05423218756914139,0.03305534018864243,0.2083328614092643,165.771665883589,5.609269254862933,-4.758215898480551e-05,0.03860453944759324,-0.5,-0.009986153375577969,-0.5000475821589848,0.02861838607201527,0.4669922419703424,0.23695124748127958,0.4669922419703424,0.4669922419703424,0.4669922419703424,0.4669922419703424,0.3536993079738652,0.3536993079738652,0.3536993079738652,0.3536993079738652,1.0
6800,29.395692052999948,1.0478059803584334,1.1242184015328338,0.01719733513891697,0.04693925753235817,1.104659784520183,-0.1339851778516943,-0.0009922860749065864,-0.017282830115873365,0.01719733513891697,-0.04693925753235817,3.949793577194214,-0.22737151384353638,-0.0009922860749065864,-0.017282830115873365,-0.05685380416174966,-0.9902332236811393,0.01719733513891697,-0.04693925753235817,3.949793577194214,-0.22737151384353638,0.024842220349038352,0.3024538074963797,165.771601608246,5.609038937505995,0.00010441916429572411,0.04732530696602169,-0.5,0.22039907814287507,-0.4998955808357043,0.26772438510889673,0.4750533604866659,0.5701781926052765,0.4750533604866659,0.4750533604866659,0.4750533604866659,0.4750533604866659,0.6889415327269429,0.6889415327269429,0.6889415327269429,0.6889415327269429,1.0
6850,29.598341354999775,1.168334700103652,1.4819985445752053,0.006974361836910248,0.019288623705506325,1.104659784520183,-0.1339851778516943,0.0011113369278609765,-0.02352727161021903,0.006974361836910248,-0.019288623705506325,4.995720386505127,-0.9499914646148682,0.0011113369278609765,-0.02352727161021903,0.06367491558346879,-1.3480133667235108,0.006974361836910248,-0.019288623705506325,4.995720386505127,-0.9499914646148682,0.011115249132192338,0.41832635290232734,165.77158097569517,5.608451616302028,-0.00011694700328113192,0.06442837471760886,-0.5,0.11031300135899406,-0.5001169470032811,0.17474137607660292,0.48900169787108877,0.5930677289789302,0.48900169787108877,0.48900169787108877,0.48900169787108877,0.48900169787108877,0.7153181534467025,0.7153181534467025,0.7153181534467025,0.7153181534467025,1.0
6900,29.77341191100004,0.4978279426098997,1.5058336636227283,0.02649736776947975,-0.03852733597159386,1.104659784520183,-0.1339851778516943,-0.010591213647276162,-0.023943272915203123,0.02649736776947975,0.03852733597159386,3.2099156379699707,-1.9042202234268188,-0.010591213647276162,-0.023943272915203123,-0.6068318419102834,-1.371848485771034,0.02649736776947975,0.03852733597159386,3.2099156379699707,-1.9042202234268188,0.20684780662697677,0.26167631201777275,165.76244128090514,5.608406104569262,0.0011145639607371264,0.06556789183680431,-0.5,-0.1941741737023763,-0.4988854360392629,-0.128606281865572,0.2920376294122861,0.13307003015220076,0.2920376294122861,0.2920376294122861,0.2920376294122861,0.2920376294122861,0.2060794375052723,0.2060794375052723,0.2060794375052723,0.2060794375052723,1.0
6950,29.93934208699966,0.7083145225924173,1.4591282964696524,0.0007288435008376837,0.08813897520303726,1.104659784520183,-0.1339851778516943,-0.006917529795318841,-0.02312811048002914,0.0007288435008376837,-0.08813897520303726,1.2393494844436646,-2.182404041290283,-0.006917529795318841,-0.02312811048002914,-0.3963452619277658,-1.325143118617958,0.0007288435008376837,-0.08813897520303726,1.2393494844436646,-2.182404041290283,0.1508641459369314,0.4815400110486136,165.7677403983877,5.608494535919943,0.0007279492084952861,0.06333500183049746,-0.5,0.28284379010915983,-0.4992720507915047,0.3461787919396573,0.3484079048545733,0.8277188029882709,0.3484079048545733,0.3484079048545733,0.3484079048545733,0.3484079048545733,0.9148207792019143,0.9148207792019143,0.9148207792019143,0.9148207792019143,1.0
7000,30.139578081999844,0.9660707073864776,1.507038978567824,0.05234174057841301,-0.02066945470869541,1.104659784520183,-0.1339851778516943,-0.002418835703283547,-0.023964309629518538,0.05234174057841301,0.02066945470869541,1.8307042121887207,-2.5419399738311768,-0.002418835703283547,-0.023964309629518538,-0.13858907713370552,-1.3730538007161297,0.05234174057841301,0.02066945470869541,1.8307042121887207,-2.5419399738311768,-0.03268445534611039,0.3455986323050162,165.77120070788894,5.608403781907989,0.0002545366856101637,0.06562551636488975,-0.5,-0.11740395842817727,-0.49974546331438985,-0.05177844206328752,0.5324299186605003,0.2938201902417287,0.5324299186605003,0.5324299186605003,0.5324299186605003,0.5324299186605003,0.4269276699068537,0.4269276699068537,0.4269276699068537,0.4269276699068537,1.0
7050,30.272028553999917,1.031882248082195,1.6323367711792982,-0.07479502260684967,-0.06732290238142014,1.104659784520183,-0.1339851778516943,-0.001270207632333039,-0.026151168656069788,-0.07479502260684967,0.06732290238142014,3.685532808303833,-3.224752902984619,-0.001270207632333039,-0.026151168656069788,-0.07277753643798814,-1.498351593327604,-0.07479502260684967,0.06732290238142014,3.685532808303833,-3.224752902984619,0.15578546793767123,0.2809194332482611,165.77154980438823,5.608151205735848,0.00013366512979749883,0.07161607888441468,-0.5,-0.26196440555150313,-0.4998663348702025,-0.19034832666708845,0.34408086693253126,0.09057110658117262,0.34408086693253126,0.34408086693253126,0.34408086693253126,0.34408086693253126,0.17659132331430544,0.17659132331430544,0.17659132331430544,0.17659132331430544,1.0
7100,30.49704014300005,0.4002536743960958,1.5552514696499458,-0.05113596096634865,-0.07653744518756866,1.104659784520183,-0.1339851778516943,-0.012294205892831086,-0.024805776339489966,-0.05113596096634865,0.07653744518756866,-12.708146095275879,0.4021497368812561,-0.012294205892831086,-0.024805776339489966,-0.7044061101240873,-1.4212662917982515,-0.05113596096634865,0.07653744518756866,-12.708146095275879,0.4021497368812561,0.3297920268103364,0.22545517359613715,165.75923047095486,5.608309203357976,0.0012937946194044399,0.06793052769367867,0.5,-0.27316579927554563,0.5012937946194045,-0.20523527158186694,-0.831085821429741,0.020219902014270208,-0.831085821429741,-0.831085821429741,-0.831085821429741,-0.831085821429741,-0.18755155334316503,-0.18755155334316503,-0.18755155334316503,-0.18755155334316503,1.0
7150,30.74363210799993,1.7502759954554354,-0.1603230293557259,-0.11320341378450394,-0.013323376886546612,1.104659784520183,-0.1339851778516943,0.011268128585070373,0.005136647231411188,-0.11320341378450394,0.013323376886546612,-3.1410458087921143,0.12951920926570892,0.011268128585070373,0.005136647231411188,0.6456162109352523,0.2943082072074202,-0.11320341378450394,0.013323376886546612,-3.1410458087921143,0.12951920926570892,0.07546132611925269,-0.036684286061968635,165.76122224888366,5.609666560404887,-0.0011858047464846718,-0.014064666462318803,0.5,-0.07810044669996699,0.49881419525351534,-0.09216511316228579,-0.574275521372768,-0.12884939922425442,-0.574275521372768,-0.574275521372768,-0.574275521372768,-0.574275521372768,-0.27241827956744646,-0.27241827956744646,-0.27241827956744646,-0.27241827956744646,1.0
7200,30.936924744999942,0.7181435383340359,-0.512375711933498,-0.18070867657661438,0.01589321717619896,1.104659784520183,-0.1339851778516943,-0.006745981108397244,0.011281125682871788,-0.18070867657661438,-0.01589321717619896,0.535305380821228,1.532263159751892,-0.006745981108397244,0.011281125682871788,-0.3865162461861472,0.6463608897851922,-0.18070867657661438,-0.01589321717619896,0.535305380821228,1.532263159751892,0.45999344388018976,-0.14322998938393794,165.76793350578407,5.609434051840407,0.0007098961553434691,-0.030889639048201977,-0.4999999994978967,0.09227237238298527,-0.49929010334255325,0.06138273333478329,0.03929665946236349,-0.08184725604915465,0.03929665946236349,0.03929665946236349,0.03929665946236349,0.03929665946236349,-0.07202309118356377,-0.07202309118356377,-0.07202309118356377,-0.07202309118356377,1.0
7250,31.120413974999792,0.3771895129511379,-1.3385447217676623,0.10293610394001007,0.00018125027418136597,1.104659784520183,-0.1339851778516943,-0.012696751449257134,0.02570049508241937,0.10293610394001007,-0.00018125027418136597,-5.750276565551758,0.7222557067871094,-0.012696751449257134,0.02570049508241937,-0.7274702715690452,1.4725298996193568,0.10293610394001007,-0.00018125027418136597,-5.750276565551758,0.7222557067871094,0.09326397936484662,-0.4977992009603348,165.7584016910604,5.608205060158953,0.0013361613952881381,-0.07038148854920279,0.5,0.0010874968816150538,0.5013361613952881,-0.06929399166758773,-0.5946001407601348,-0.5670931926279226,-0.5946001407601348,-0.5946001407601348,-0.5946001407601348,-0.5946001407601348,-0.7157432278179563,-0.7157432278179563,-0.7157432278179563,-0.7157432278179563,1.0
7300,31.28539583799966,1.8208712298911005,-1.222264699851309,0.12315540015697479,0.0005926061421632767,1.104659784520183,-0.1339851778516943,0.01250024786219001,0.023671025845687838,0.12315540015697479,-0.0005926061421632767,-0.6854707598686218,2.785743236541748,0.01250024786219001,0.023671025845687838,0.7162114453709174,1.3562498777030034,0.12315540015697479,-0.0005926061421632767,-0.6854707598686218,2.785743236541748,-0.40994574034437303,-0.3392242828723581,165.7588095973469,5.6084359793567735,-0.0013154798983876412,-0.06482214664911118,0.4999999999987636,0.003555470372227053,0.49868452010037595,-0.061266676276884126,-0.08873877975600292,-0.40049095914924226,-0.08873877975600292,-0.08873877975600292,-0.08873877975600292,-0.08873877975600292,-0.422675654088243,-0.422675654088243,-0.422675654088243,-0.422675654088243,1.0
7350,31.379001087999768,2.108356453377876,-0.914670438952664,-0.06698005646467209,0.08000283688306808,1.104659784520183,-0.1339851778516943,0.017517811562865974,0.01830249323276803,-0.06698005646467209,-0.08000283688306808,-4.391135215759277,1.7856322526931763,0.017517811562865974,0.01830249323276803,1.003696668857693,1.0486556168043584,-0.06698005646467209,-0.08000283688306808,-4.391135215759277,1.7856322526931763,-0.09057481124742628,-0.11718515007415897,165.74640132469753,5.608955309847185,-0.0018436014926575023,-0.05011787888045568,0.5,0.2765031283542375,0.4981563985073425,0.22638524947378183,-0.4075815872599162,0.10920009939962286,-0.4075815872599162,-0.4075815872599162,-0.4075815872599162,-0.4075815872599162,0.007304702584643802,0.007304702584643802,0.007304702584643802,0.007304702584643802,1.0
7400,31.444356487999812,1.843972210324553,-0.8681351861986035,0.042949382215738297,-0.081607386469841,1.104659784520183,-0.1339851778516943,0.012903436031192542,0.017490299853961916,0.042949382215738297,0.081607386469841,-0.09546060860157013,1.8696212768554688,0.012903436031192542,0.017490299853961916,0.73931242580437,1.0021203640502978,0.042949382215738297,0.081607386469841,-0.09546060860157013,1.8696212768554688,-0.24229618594162966,-0.41776995824037877,165.7579657859629,5.609022310199338,-0.0013579145260867141,-0.04789350253422975,0.47850960147472055,-0.27791004955384846,0.47715168694863386,-0.3258035520880782,-0.2348555010070042,-0.743573510328457,-0.2348555010070042,-0.2348555010070042,-0.2348555010070042,-0.2348555010070042,-0.8022873855802081,-0.8022873855802081,-0.8022873855802081,-0.8022873855802081,1.0
7450,31.508883587999662,2.0305285822196963,-1.0105414287421959,-0.005744941532611847,-0.0018232222646474838,1.104659784520183,-0.1339851778516943,0.016159458961337806,0.019975757661741228,-0.005744941532611847,0.0018232222646474838,7.538463115692139,4.631382465362549,0.016159458961337806,0.019975757661741228,0.9258687976995132,1.1445266065938904,-0.005744941532611847,0.0018232222646474838,7.538463115692139,4.631382465362549,-0.21555352967955319,-0.33774766312038756,165.75016993671628,5.608807693197607,-0.0017006206700624841,-0.054700649330963025,-0.5,-0.010934487649230436,-0.5017006206700625,-0.06563513698019346,0.7172541503496157,-0.40338280010058103,0.7172541503496157,0.7172541503496157,0.7172541503496157,0.7172541503496157,-0.2240692625131771,-0.2240692625131771,-0.2240692625131771,-0.2240692625131771,1.0
7500,31.69869984299976,0.018144752713315927,-0.07421555486088917,-0.1339889019727707,-0.04076910763978958,1.104659784520183,-0.1339851778516943,-0.018963264677440746,0.0036337882908992467,-0.1339889019727707,0.04076910763978958,-11.460625648498535,3.3110344409942627,-0.018963264677440746,0.0036337882908992467,-1.0865150318068673,0.2082007327125835,-0.1339889019727707,0.04076910763978958,-11.460625648498535,3.3110344409942627,0.6567389323642367,-0.16799751567264626,165.7420572217202,5.609696940084701,0.001995757974143144,-0.009949652662143618,0.5,-0.20176458844784934,0.5019957579741432,-0.21171424110999296,-1.15873469033838,-0.37971175678263924,-1.15873469033838,-1.15873469033838,-1.15873469033838,-1.15873469033838,-0.6693954293672342,-0.6693954293672342,-0.6693954293672342,-0.6693954293672342,1.0
7550,31.89759709200007,1.6961893282436913,-1.1383104691727453,0.17597629129886627,-0.023039329797029495,1.104659784520183,-0.1339851778516943,0.010324138160794975,0.022205748099368067,0.17597629129886627,0.023039329797029495,8.005498886108398,1.3633677959442139,0.010324138160794975,0.022205748099368067,0.5915295437235081,1.2722956470244395,0.17597629129886627,0.023039329797029495,8.005498886108398,1.3633677959442139,-0.5015776906184348,-0.32114853856755887,165.7629014779931,5.608590903800472,-0.0010864563278528037,-0.060808544396721835,-0.5,-0.12921752755117488,-0.5010864563278528,-0.19002607194789672,1.0026641469462876,-0.5111746105154555,1.0026641469462876,1.0026641469462876,1.0026641469462876,1.0026641469462876,-0.26050857377888365,-0.26050857377888365,-0.26050857377888365,-0.26050857377888365,1.0
7600,32.09585140799982,0.7209849503896141,0.29589054499284306,-0.13830645382404327,-0.030647817999124527,1.104659784520183,-0.1339851778516943,-0.0066963891126215445,-0.002825781733263284,-0.13830645382404327,0.030647817999124527,2.375993013381958,4.270108222961426,-0.0066963891126215445,-0.002825781733263284,-0.383674834130569,-0.16190536714114873,-0.13830645382404327,0.030647817999124527,2.375993013381958,4.270108222961426,0.42694217976093707,0.015493418129325254,165.76798842657084,5.609708970011226,0.000704677312691856,0.007737245171841651,-0.5,-0.16386144248823836,-0.49929532268730814,-0.1561241973163967,0.07235314292637107,-0.14063077918707145,0.07235314292637107,0.07235314292637107,0.07235314292637107,0.07235314292637107,-0.12254249345547868,-0.12254249345547868,-0.12254249345547868,-0.12254249345547868,1.0
7650,32.297762623999915,0.026577183200178673,0.0445763925197085,-0.004238015506416559,-0.013552585616707802,1.104659784520183,-0.1339851778516943,-0.018816091001499443,0.001560477684251964,-0.004238015506416559,0.013552585616707802,3.273646116256714,2.5819005966186523,-0.018816091001499443,0.001560477684251964,-1.0780826013200044,0.08940878533198582,-0.004238015506416559,0.013552585616707802,3.273646116256714,2.5819005966186523,0.31583012728919846,-0.04181964253241171,165.74251527019067,5.60972176188249,0.001980265282217703,-0.004272722808821011,-0.5,-0.07938095526919721,-0.49801973471778227,-0.08365367807801823,0.1821896074285838,-0.12547332061042993,0.1821896074285838,0.1821896074285838,0.1821896074285838,0.1821896074285838,-0.07992591875328398,-0.07992591875328398,-0.07992591875328398,-0.07992591875328398,1.0
7700,32.49870224599999,-0.16717784455934773,-0.03433785557752674,0.002570526907220483,-0.03015303611755371,1.104659784520183,-0.1339851778516943,-0.02219775417819619,0.002937791140284389,0.002570526907220483,0.03015303611755371,2.8396265506744385,5.528835773468018,-0.02219775417819619,0.002937791140284389,-1.2718376290795308,0.16832303342922106,0.002570526907220483,0.03015303611755371,2.8396265506744385,5.528835773468018,0.3784855276616521,-0.09989763202607968,165.7310895714,5.6097074820523405,0.0023362693248688573,-0.008043938295713433,-0.5,-0.16176717841314767,-0.49766373067513114,-0.1698111167088611,0.11917820301347903,-0.2697087487349408,0.11917820301347903,0.11917820301347903,0.11917820301347903,0.11917820301347903,-0.23991419798157101,-0.23991419798157101,-0.23991419798157101,-0.23991419798157101,1.0
7750,32.700206453999726,-0.01776277238295098,-0.06631690132312561,0.01713334023952484,-0.0342407152056694,1.104659784520183,-0.1339851778516943,-0.019589969216613098,0.0034959307801909743,0.01713334023952484,0.0342407152056694,3.366100549697876,6.753530979156494,-0.019589969216613098,0.0034959307801909743,-1.122422556903134,0.20030207917481993,0.01713334023952484,0.0342407152056694,3.366100549697876,6.753530979156494,0.2893920617039272,-0.1284555489656576,165.74006678061994,5.609699205496591,0.0020617309322693554,-0.009572183589253694,-0.5,-0.17839208580806462,-0.49793826906773064,-0.1879642693973183,0.20854620736380347,-0.31641981836297595,0.20854620736380347,0.20854620736380347,0.20854620736380347,0.20854620736380347,-0.26428326652202505,-0.26428326652202505,-0.26428326652202505,-0.26428326652202505,1.0
7800,32.862773512999865,0.12542259030617225,-0.04515926979110041,-0.0007596059003844857,0.0006861952133476734,1.104659784520183,-0.1339851778516943,-0.017090913197025655,0.0031266604480333624,-0.0007596059003844857,-0.0006861952133476734,4.000110626220703,5.9437103271484375,-0.017090913197025655,0.0031266604480333624,-0.9792371942140109,0.17914444764279472,-0.0007596059003844857,-0.0006861952133476734,4.000110626220703,5.9437103271484375,0.28903413728431504,-0.07007363031612751,165.74761846597985,5.609704842091399,0.0017986652714126624,-0.008561081965829638,-0.5,0.0041169128159308154,-0.49820133472858735,-0.004444169149898823,0.2091671974442723,-0.07451779946602634,0.2091671974442723,0.2091671974442723,0.2091671974442723,0.2091671974442723,-0.02222600010495826,-0.02222600010495826,-0.02222600010495826,-0.02222600010495826,1.0
7850,32.9178142589999,0.22083587738003402,0.04911929541098678,0.04017788916826248,0.05096575245261192,1.104659784520183,-0.1339851778516943,-0.015425637187436222,0.0014811890712007878,0.04017788916826248,-0.05096575245261192,4.30579948425293,-0.5306270122528076,-0.015425637187436222,0.0014811890712007878,-0.8838239071401491,0.08486588244070753,0.04017788916826248,-0.05096575245261192,4.30579948425293,-0.5306270122528076,0.17700135572465353,0.08374820024404933,165.75207938243173,5.609722317745187,0.001623380872353377,-0.004055623492626358,-0.5,0.2308762213382729,-0.49837661912764664,0.22682059784564654,0.3213752634029931,0.31056879808969584,0.3213752634029931,0.3213752634029931,0.3213752634029931,0.3213752634029931,0.39091261394044413,0.39091261394044413,0.39091261394044413,0.39091261394044413,1.0
7900,33.01062841599969,0.3791691472325309,0.12700167134534102,0.033581677824258804,0.08420052379369736,1.104659784520183,-0.1339851778516943,-0.012662200313061475,0.00012188518187031131,0.033581677824258804,-0.08420052379369736,5.115726947784424,0.5061919689178467,-0.012662200313061475,0.00012188518187031131,-0.7254906372876522,0.006983506506353296,0.033581677824258804,-0.08420052379369736,5.115726947784424,0.5061919689178467,0.16772768626579165,0.12086446958534496,165.75847387400185,5.609727340192208,0.0013325249697444573,-0.00033373196816209735,-0.5,0.2800140142778131,-0.49866747503025555,0.279680282309651,0.3309397887644639,0.40054475189499594,0.3309397887644639,0.3309397887644639,0.3309397887644639,0.3309397887644639,0.4832796990861119,0.4832796990861119,0.4832796990861119,0.4832796990861119,1.0
7950,33.21376052300002,0.7204130287683314,0.38622812105931265,0.05788605660200119,-0.0007157658692449331,1.104659784520183,-0.1339851778516943,-0.0067063710279762715,-0.004402469873894007,0.05788605660200119,0.0007157658692449331,5.662043571472168,4.38122034072876,-0.0067063710279762715,-0.004402469873894007,-0.3842467557518517,-0.25224294320761836,0.05788605660200119,0.0007157658692449331,5.662043571472168,4.38122034072876,0.03444284022096633,0.07221155054022267,165.76797740464565,5.609682702234405,0.0007057277651096256,0.012054393011449331,-0.5,-0.004294301878132324,-0.49929427223489037,0.007760091133317007,0.46485143201392404,0.07997164167353968,0.46485143201392404,0.46485143201392404,0.46485143201392404,0.46485143201392404,0.19618449967702067,0.19618449967702067,0.19618449967702067,0.19618449967702067,1.0
8000,33.410568626999975,1.2309738313733098,0.6029776376651882,0.0503365583717823,0.01410299725830555,1.104659784520183,-0.1339851778516943,0.002204596009105445,-0.00818546259077266,0.0503365583717823,-0.01410299725830555,5.24062442779541,3.8222110271453857,0.002204596009105445,-0.00818546259077266,0.1263140468531268,-0.46899245981349386,0.0503365583717823,-0.01410299725830555,5.24062442779541,3.8222110271453857,-0.11821813532582878,0.17312482951847463,165.77128231285357,5.609572945284728,-0.00023199193599795758,0.022412857631490188,-0.5,0.08244315988012561,-0.500231991935998,0.1048560175116158,0.6184501272618268,0.2779808470300904,0.6184501272618268,0.6184501272618268,0.6184501272618268,0.6184501272618268,0.4325933788455471,0.4325933788455471,0.4325933788455471,0.4325933788455471,1.0
8050,33.60839469699977,1.67206424632156,0.8261650611310503,-0.08642327785491943,0.05641461908817291,1.104659784520183,-0.1339851778516943,0.009903076048940425,-0.012080817979294807,-0.08642327785491943,-0.05641461908817291,8.403818130493164,3.3290839195251465,0.009903076048940425,-0.012080817979294807,0.567404461801377,-0.692179883279356,-0.08642327785491943,-0.05641461908817291,8.403818130493164,3.3290839195251465,0.0353540551367712,0.2694389609042615,165.76360313911334,5.609390992512925,-0.001042143101998258,0.0330794833673692,-0.5,0.2431302070964339,-0.5010421431019982,0.2762096904638031,0.46568808796522704,0.5456486513680646,0.46568808796522704,0.46568808796522704,0.46568808796522704,0.46568808796522704,0.6620706733593714,0.6620706733593714,0.6620706733593714,0.6620706733593714,1.0
8100,33.80188284299993,0.7107888653409602,0.6630479241158338,-0.05424853414297104,0.014650523662567139,1.104659784520183,-0.1339851778516943,-0.006874344367533921,-0.009233886871952564,-0.05424853414297104,-0.014650523662567139,1.2480827569961548,0.9166816473007202,-0.006874344367533921,-0.009233886871952564,-0.3938709191792229,-0.5290627462641395,-0.05424853414297104,-0.014650523662567139,1.2480827569961548,0.9166816473007202,0.29833790121980497,0.156606968650982,165.76778946766382,5.609530852395402,0.0007234045540528642,0.02528369198161778,-0.5,0.0854709876883798,-0.49927659544594716,0.11075467966999758,0.2009386942261422,0.2673616483209796,0.2009386942261422,0.2009386942261422,0.2009386942261422,0.2009386942261422,0.31759632187751513,0.31759632187751513,0.31759632187751513,0.31759632187751513,1.0
8150,33.95309665500008,0.8973551623547412,0.42833970574787916,-0.10450910031795502,0.048057641834020615,1.104659784520183,-0.1339851778516943,-0.003618148211389779,-0.005137455679941923,-0.10450910031795502,-0.048057641834020615,-3.3348984718322754,0.7403915524482727,-0.003618148211389779,-0.005137455679941923,-0.20730462216544193,-0.2943545278961848,-0.10450910031795502,-0.048057641834020615,-3.3348984718322754,0.7403915524482727,0.22352087644624363,0.1271026051156096,165.77060421636392,5.609666541260582,0.00038074254280993767,0.014066880105769227,0.5,0.22343719540066842,0.50038074254281,0.23750407550643765,-0.7239016189890536,0.36460668062204726,-0.7239016189890536,-0.7239016189890536,-0.7239016189890536,-0.7239016189890536,0.18363127587478387,0.18363127587478387,0.18363127587478387,0.18363127587478387,1.0
8200,34.10453405499993,1.0127006222935662,-0.46544377459904784,0.1634126901626587,-0.10209739208221436,1.104659784520183,-0.1339851778516943,-0.001604990158230065,0.010462008852045982,0.1634126901626587,0.10209739208221436,-3.886464834213257,-0.769919216632843,-0.001604990158230065,0.010462008852045982,-0.09195916222661692,0.5994289524507421,0.1634126901626587,0.10209739208221436,-3.886464834213257,-0.769919216632843,-0.291028381710693,-0.36772295762111495,165.77147050260788,5.609475101038866,0.00016889465987557245,-0.02864663338012027,0.5,-0.2900623309250539,0.5001688946598756,-0.31870896430517415,-0.20914051294918257,-0.6864319219262891,-0.20914051294918257,-0.20914051294918257,-0.20914051294918257,-0.20914051294918257,-0.7387170501635847,-0.7387170501635847,-0.7387170501635847,-0.7387170501635847,1.0
8250,34.254393907999656,1.8359083182357068,-0.30403079646217596,-0.05261840671300888,0.037563130259513855,1.104659784520183,-0.1339851778516943,0.012762694563716651,0.0076448209281079465,-0.05261840671300888,-0.037563130259513855,-5.339077472686768,-0.214406818151474,0.012762694563716651,0.0076448209281079465,0.7312485337155237,0.4380159743138703,-0.05261840671300888,-0.037563130259513855,-5.339077472686768,-0.214406818151474,-0.06549064244734557,-0.004599490316205518,165.75826337925318,5.609592671279279,-0.0013431017612419427,-0.02093246692719404,0.5,0.19077048022341478,0.4986568982387581,0.16983801329622072,-0.43316625579141255,0.1652385229800152,-0.43316625579141255,-0.43316625579141255,-0.43316625579141255,-0.43316625579141255,0.05694695903216207,0.05694695903216207,0.05694695903216207,0.05694695903216207,1.0
8300,34.332954401999814,1.6215144431611186,-0.37995939478341606,0.03573758900165558,-0.12432790547609329,1.104659784520183,-0.1339851778516943,0.009020815547555686,0.008970024965237825,0.03573758900165558,0.12432790547609329,-1.0832185745239258,2.2016804218292236,0.009020815547555686,0.008970024965237825,0.5168546586409356,0.5139445726351104,0.03573758900165558,0.12432790547609329,-1.0832185745239258,2.2016804218292236,-0.15645278333694151,-0.352941481128062,165.76497861624674,5.609541923237787,-0.0009492938157047721,-0.02456117184439061,0.5,-0.29587561987913563,0.4990507061842952,-0.32043679172352624,-0.3425979228473537,-0.6733782728515882,-0.3425979228473537,-0.3425979228473537,-0.3425979228473537,-0.3425979228473537,-0.7590277535634267,-0.7590277535634267,-0.7590277535634267,-0.7590277535634267,1.0
8350,34.38800818599975,1.8172597673674562,-0.539953294398512,0.10260868817567825,0.09646578133106232,1.104659784520183,-0.1339851778516943,0.012437215950340034,0.011762445296626537,0.10260868817567825,-0.09646578133106232,10.230753898620605,-4.812658786773682,0.012437215950340034,0.011762445296626537,0.7125999828472732,0.6739384722502063,0.10260868817567825,-0.09646578133106232,10.230753898620605,-4.812658786773682,-0.3586448077876998,-0.02669977743884755,165.75893909267216,5.609408488419364,-0.0013088459732621212,-0.03220766117765178,-0.5,0.28760341534767475,-0.5013088459732621,0.25539575417002297,0.8599536537609619,0.22869597673117542,0.8599536537609619,0.8599536537609619,0.8599536537609619,0.8599536537609619,0.4436843901714159,0.4436843901714159,0.4436843901714159,0.4436843901714159,1.0
8400,34.529263463999996,1.0744748808595714,0.3948450450275184,-0.16063210368156433,0.02783842571079731,1.104659784520183,-0.1339851778516943,-0.000526825953274964,-0.004552863568533213,-0.16063210368156433,-0.02783842571079731,-8.517107963562012,-1.63930344581604,-0.000526825953274964,-0.004552863568533213,-0.03018490366061175,-0.2608598671758241,-0.16063210368156433,-0.02783842571079731,-8.517107963562012,-1.63930344581604,0.3849863864165207,0.23631045600147865,165.7716598621206,5.6096795979951715,5.5438360280321114e-05,0.01246618975379603,0.5,0.15167276079333541,0.5000554383602803,0.16413895054713146,-0.885041824776801,0.4004494065486101,-0.885041824776801,-0.885041824776801,-0.885041824776801,-0.885041824776801,0.17918895035440985,0.17918895035440985,0.17918895035440985,0.17918895035440985,1.0
8450,34.677810637999755,1.7265530409206886,-0.39075176068269735,0.022960159927606583,0.015596040524542332,1.104659784520183,-0.1339851778516943,0.010854084920138122,0.009158387284260243,0.022960159927606583,-0.015596040524542332,-2.0200119018554688,-1.0950076580047607,0.010854084920138122,0.009158387284260243,0.6218932564005056,0.5247369385343916,0.022960159927606583,-0.015596040524542332,-2.0200119018554688,-1.0950076580047607,-0.22635371955174502,-0.12193174363581641,165.7619768517419,5.6095340529050155,-0.0011422292864576617,-0.025076954897819394,0.5,0.09065505618007412,0.4988577707135423,0.06557810128225472,-0.2725040511617973,-0.05635364235356169,-0.2725040511617973,-0.2725040511617973,-0.2725040511617973,-0.2725040511617973,-0.12447965514401102,-0.12447965514401102,-0.12447965514401102,-0.12447965514401102,1.0
8500,34.82871069899966,1.777840184346374,-0.38514908457258284,0.06373846530914307,0.032933901995420456,1.104659784520183,-0.1339851778516943,0.011749214436858894,0.009060602139215916,0.06373846530914307,-0.032933901995420456,-0.7965031266212463,-2.0349814891815186,0.011749214436858894,0.009060602139215916,0.6731803998261908,0.5191342624242772,0.06373846530914307,-0.032933901995420456,-0.7965031266212463,-2.0349814891815186,-0.2754406149910954,-0.04995791179835676,165.76030998440473,5.609538159070111,-0.0012364364769983495,-0.024809194597959622,0.49999999999998546,0.1732448944691548,0.4987635635229871,0.14843569987119518,-0.22332294853189172,0.09847778807283841,-0.22332294853189172,-0.22332294853189172,-0.22332294853189172,-0.22332294853189172,0.04264705093986548,0.04264705093986548,0.04264705093986548,0.04264705093986548,1.0
8550,35.00070023399985,2.2645513537518434,-0.2727431406173756,0.07504583150148392,0.02217225916683674,1.104659784520183,-0.1339851778516943,0.020243926849216224,0.007098748318385332,0.07504583150148392,-0.02217225916683674,-0.19733570516109467,-0.7257854342460632,0.020243926849216224,0.007098748318385332,1.15989156923166,0.4067283184690699,0.07504583150148392,-0.02217225916683674,-0.19733570516109467,-0.7257854342460632,-0.4160220398398282,-0.05139847120525319,165.73792079771013,5.609611227705283,-0.0021305745261150696,-0.01943721424496195,0.4996269512033804,0.12494882208770296,0.4974963766772653,0.10551160784274101,-0.0814743368374371,0.05411313663748782,-0.0814743368374371,-0.0814743368374371,-0.0814743368374371,-0.0814743368374371,0.033744552428128544,0.033744552428128544,0.033744552428128544,0.033744552428128544,1.0
8600,35.198432942999716,1.77313279662606,1.0302364926573393,-0.21869030594825745,0.060768648982048035,1.104659784520183,-0.1339851778516943,0.011667055021971465,-0.015642536368686705,-0.21869030594825745,-0.060768648982048035,4.996975421905518,-1.0102128982543945,0.011667055021971465,-0.015642536368686705,0.668473012105877,-0.8962513148056448,-0.21869030594825745,-0.060768648982048035,4.996975421905518,-1.0102128982543945,0.26590902921666754,0.40899675358449383,165.7604684801848,5.609163411271233,-0.001227789595466502,0.042833150940391015,-0.5,0.2514851938856772,-0.5012277895954665,0.2943183448260682,0.235318760378799,0.7033150984105621,0.235318760378799,0.235318760378799,0.235318760378799,0.235318760378799,0.7621447885052618,0.7621447885052618,0.7621447885052618,0.7621447885052618,1.0
8650,35.401921479000066,1.0236534709579164,1.1472346449318958,0.12776701152324677,-0.009647552855312824,1.104659784520183,-0.1339851778516943,-0.001413826886564492,-0.01768453934462741,0.12776701152324677,0.009647552855312824,5.792569160461426,-1.4053113460540771,-0.001413826886564492,-0.01768453934462741,-0.08100631356226679,-1.0132494670802015,0.12776701152324677,0.009647552855312824,5.792569160461426,-1.4053113460540771,-0.17883318648956198,0.2375501717300289,165.7715180463831,5.609006563392252,0.00014877833635714837,0.0484254672765554,-0.5,-0.05717749723485671,-0.4998512216636429,-0.008752029958301308,0.6786844081532049,0.22879814177172758,0.6786844081532049,0.6786844081532049,0.6786844081532049,0.6786844081532049,0.3984692438100288,0.3984692438100288,0.3984692438100288,0.3984692438100288,1.0
8700,35.56258326299985,1.3848502026891751,1.7167927005967405,-0.042404916137456894,0.009088344871997833,1.104659784520183,-0.1339851778516943,0.004890245329588653,-0.02762520269723609,-0.042404916137456894,-0.009088344871997833,4.420047760009766,-1.49677312374115,0.004890245329588653,-0.02762520269723609,0.28019041816899204,-1.582807522745046,-0.042404916137456894,-0.009088344871997833,4.420047760009766,-1.49677312374115,0.020885644391169286,0.4368648475181382,165.7697125157205,5.607968525366148,-0.000514608852310285,0.07565424815631545,-0.5,0.0539373577096526,-0.5005146088523102,0.12959160586596805,0.47962896446114095,0.5664564533841062,0.47962896446114095,0.47962896446114095,0.47962896446114095,0.47962896446114095,0.6863636944993915,0.6863636944993915,0.6863636944993915,0.6863636944993915,1.0
8750,35.68005206199996,0.8583752727614784,1.7542213901964698,-0.048641834408044815,-0.05080202966928482,1.104659784520183,-0.1339851778516943,-0.004298475626856087,-0.028278456565458326,-0.048641834408044815,0.05080202966928482,2.4323372840881348,-2.475496768951416,-0.004298475626856087,-0.028278456565458326,-0.2462845117587047,-1.6202362123447756,-0.048641834408044815,0.05080202966928482,2.4323372840881348,-2.475496768951416,0.18791846559400793,0.33079997699917113,165.77016049593837,5.607884364361692,0.00045233510525340316,0.07744393692635067,-0.5,-0.23047467761406165,-0.4995476648947466,-0.153030740687711,0.3116291993007387,0.17776923631146013,0.3116291993007387,0.3116291993007387,0.3116291993007387,0.3116291993007387,0.2556765361366448,0.2556765361366448,0.2556765361366448,0.2556765361366448,1.0
8800,35.75026562699986,0.784888893955341,1.7601252349602996,-0.021145813167095184,-0.01818590983748436,1.104659784520183,-0.1339851778516943,-0.005581054892390965,-0.028381498095113783,-0.021145813167095184,0.01818590983748436,2.308401346206665,-2.257511854171753,-0.005581054892390965,-0.028381498095113783,-0.31977089056484215,-1.6261400571086053,-0.021145813167095184,0.01818590983748436,2.308401346206665,-2.257511854171753,0.12274884065064161,0.3880070841499228,165.76911656610935,5.607870909610517,0.0005873053235370185,0.077726239333984,-0.5,-0.1045454729241204,-0.499412694676463,-0.02681923359013641,0.37666385402582137,0.3611878505597864,0.37666385402582137,0.37666385402582137,0.37666385402582137,0.37666385402582137,0.45535381406624176,0.45535381406624176,0.45535381406624176,0.45535381406624176,1.0
8850,35.90633027099966,0.5511654234470582,1.6469722657450487,-0.0015779705718159676,-0.015567203052341938,1.104659784520183,-0.1339851778516943,-0.009660298991948363,-0.02640660622389987,-0.0015779705718159676,0.015567203052341938,0.8023053407669067,-1.9118430614471436,-0.009660298991948363,-0.02640660622389987,-0.5534943610731249,-1.5129870878933542,-0.0015779705718159676,0.015567203052341938,0.8023053407669067,-1.9118430614471436,0.18300093749903484,0.3637185531182538,165.76399442760754,5.608120265971735,0.0010165930376538192,0.07231584258785757,-0.49999999999998845,-0.09049780369959073,-0.4989834069623346,-0.01818196111173316,0.3159824694632998,0.34553659200652065,0.3159824694632998,0.3159824694632998,0.3159824694632998,0.3159824694632998,0.4245322093723456,0.4245322093723456,0.4245322093723456,0.4245322093723456,1.0
8900,36.07135933499967,0.8248323204692516,1.4533454741201786,0.23613889515399933,-0.20002451539039612,1.104659784520183,-0.1339851778516943,-0.004883910585194825,-0.023027181189972906,0.23613889515399933,0.20002451539039612,-2.5822014808654785,-0.6066941022872925,-0.004883910585194825,-0.023027181189972906,-0.27982746405093156,-1.3193602962684843,0.23613889515399933,0.20002451539039612,-2.5822014808654785,-0.6066941022872925,-0.18204918924656066,0.0220126832183018,165.76971761676614,5.608505271991904,0.0005139422258476919,0.06305854101884999,0.5,-0.2997989870686834,0.5005139422258477,-0.2367404460498334,-0.318464752979287,-0.2147277628315316,-0.318464752979287,-0.318464752979287,-0.318464752979287,-0.318464752979287,-0.29434395107635336,-0.29434395107635336,-0.29434395107635336,-0.29434395107635336,1.0
8950,36.22295905400006,2.1686239081799528,0.46314648316039636,-0.24932892620563507,0.15450716018676758,1.104659784520183,-0.1339851778516943,0.018569677080959083,-0.005744948547799141,-0.24932892620563507,-0.15450716018676758,3.3024282455444336,-6.105480194091797,0.018569677080959083,-0.005744948547799141,1.0639641236597697,-0.3291613053087021,-0.24932892620563507,-0.15450716018676758,3.3024282455444336,-6.105480194091797,0.19142094556492023,0.35913306286497493,165.74327419514623,5.609651303921457,-0.001954325949234712,0.01573028322551405,-0.5,0.2987606642483311,-0.5019543259492347,0.31449094747384515,0.3105333803843145,0.67362401033882,0.3105333803843145,0.3105333803843145,0.3105333803843145,0.3105333803843145,0.7512573554348987,0.7512573554348987,0.7512573554348987,0.7512573554348987,1.0
9000,36.36921636399984,0.49901420773051336,0.6554635860119165,-0.09587734937667847,-0.0747203603386879,1.104659784520183,-0.1339851778516943,-0.010570509415119885,-0.009101515200454742,-0.09587734937667847,0.0747203603386879,-18.480066299438477,-2.4102835655212402,-0.010570509415119885,-0.009101515200454742,-0.6056455767896697,-0.5214784081602222,-0.09587734937667847,0.0747203603386879,-18.480066299438477,-2.4102835655212402,0.4260881700631819,0.04419317833005655,165.76247737653568,5.609536446423618,0.0011123849945749028,0.02492122479829068,0.5,-0.27123974014399654,0.5011123849945749,-0.24631851534570587,-0.9272005550577568,-0.20212533701564933,-0.9272005550577568,-0.9272005550577568,-0.9272005550577568,-0.9272005550577568,-0.43392547578008855,-0.43392547578008855,-0.43392547578008855,-0.43392547578008855,1.0
9050,36.52507125200009,1.2287681071582188,-0.7962133475992221,0.2325769066810608,-0.09564570337533951,1.104659784520183,-0.1339851778516943,0.00216609885916114,0.016235026966314764,0.2325769066810608,0.09564570337533951,-2.222637414932251,0.0564083568751812,0.00216609885916114,0.016235026966314764,0.12410832263803583,0.9301985254509165,0.2325769066810608,0.09564570337533951,-2.222637414932251,0.0564083568751812,-0.4667253995016318,-0.517626983907951,165.7712961750262,5.60911988079375,-0.0002279408281130936,-0.04445574246136271,0.5,-0.28719884532456086,0.4997720591718869,-0.33165458778592355,-0.03304665967025511,-0.8492815716938746,-0.03304665967025511,-0.03304665967025511,-0.03304665967025511,-0.03304665967025511,-0.8575432366114384,-0.8575432366114384,-0.8575432366114384,-0.8575432366114384,1.0
9100,36.59109112999977,1.8502790362494135,-1.0256684834847758,-0.016909074038267136,0.0012438800185918808,1.104659784520183,-0.1339851778516943,0.013013510908931495,0.02023977457312867,-0.016909074038267136,-0.0012438800185918808,10.144356727600098,-0.6712462306022644,0.013013510908931495,0.02023977457312867,0.7456192517292305,1.1596536613364703,-0.016909074038267136,-0.0012438800185918808,10.144356727600098,-0.6712462306022644,-0.15127411327772652,-0.2878788625177951,165.75773076181991,5.608783222770751,-0.0013694997293241965,-0.055423764206834085,-0.5,0.0074617408303626715,-0.5013694997293242,-0.047962023376471416,0.6526436130070508,-0.3358408858942665,0.6526436130070508,0.6526436130070508,0.6526436130070508,0.6526436130070508,-0.17267998264250384,-0.17267998264250384,-0.17267998264250384,-0.17267998264250384,1.0
9150,36.645581279,1.670857650715995,-0.5513669140275735,-0.167183056473732,0.20774373412132263,1.104659784520183,-0.1339851778516943,0.009882016982883216,0.011961650538723915,-0.167183056473732,-0.20774373412132263,5.469270706176758,3.0141732692718506,0.009882016982883216,0.011961650538723915,0.5661978661958118,0.6853520918792678,-0.167183056473732,-0.20774373412132263,5.469270706176758,3.0141732692718506,0.18375090901404129,0.23600772913331447,165.76363746507405,5.609397595971432,-0.0010399268231627414,-0.032753158259710355,-0.5,0.2998523729008478,-0.5010399268231628,0.26709921464113745,0.3172890178091215,0.503106943774452,0.3172890178091215,0.3172890178091215,0.3172890178091215,0.3172890178091215,0.5824291982267323,0.5824291982267323,0.5824291982267323,0.5824291982267323,1.0
9200,36.70262634699975,0.9487656760723098,0.014840662042535481,-0.26349005103111267,0.11150170117616653,1.104659784520183,-0.1339851778516943,-0.002720865476876496,0.0020794640865642576,-0.26349005103111267,-0.11150170117616653,-6.966250896453857,1.9840643405914307,-0.002720865476876496,0.0020794640865642576,-0.1558941084478733,0.11914451580915883,-0.26349005103111267,-0.11150170117616653,-6.966250896453857,1.9840643405914307,0.6001260909435967,0.21178469410551798,165.77107281696385,5.6097174078123935,0.00028631975072021667,-0.0056937550733709,0.5,0.2931423394495302,0.5002863197507202,0.28744858437615933,-1.100412410694317,0.4992332784816773,-1.100412410694317,-1.100412410694317,-1.100412410694317,-1.100412410694317,0.22413017580809808,0.22413017580809808,0.22413017580809808,0.22413017580809808,1.0
9250,36.769732503999876,0.0947232245242789,0.11926570837793467,-0.139705628156662,-0.23705735802650452,1.104659784520183,-0.1339851778516943,-0.017626718208193778,0.000256903206463903,-0.139705628156662,0.23705735802650452,-11.896133422851562,3.3613688945770264,-0.017626718208193778,0.000256903206463903,-1.0099365599959043,0.014719469473759652,-0.139705628156662,0.23705735802650452,-11.896133422851562,3.3613688945770264,0.5678507797882315,-0.34490643957797057,165.74608601135546,5.609727222313966,0.001855065341547745,-0.0007034227826182478,0.5,-0.29995429012182784,0.5018550653415478,-0.3006577129044461,-1.0697058451297794,-0.6455641524824167,-1.0697058451297794,-1.0697058451297794,-1.0697058451297794,-1.0697058451297794,-0.9129906137648616,-0.9129906137648616,-0.9129906137648616,-0.9129906137648616,1.0
9300,36.92077310700006,1.1332341445155447,-0.9643627332071513,0.2219935655593872,-0.026184914633631706,1.104659784520183,-0.1339851778516943,0.0004987166635692132,0.019169787380378694,0.2219935655593872,0.026184914633631706,-4.35368537902832,1.1364986896514893,0.0004987166635692132,0.019169787380378694,0.028574359995361696,1.0983479110588457,0.2219935655593872,0.026184914633631706,-4.35368537902832,1.1364986896514893,-0.463169373808719,-0.2939030919748303,165.77166223707977,5.608880407338445,-5.2480394402761995e-05,-0.05249321476728116,0.5,-0.14416479529412693,0.49994751960559725,-0.1966580100614081,-0.03677814579687827,-0.4905611020362384,-0.03677814579687827,-0.03677814579687827,-0.03677814579687827,-0.03677814579687827,-0.49975563848545795,-0.49975563848545795,-0.49975563848545795,-0.49975563848545795,1.0
9350,37.06820906599978,1.3369350382793606,-0.24938626821388565,-0.26047059893608093,0.13215047121047974,1.104659784520183,-0.1339851778516943,0.0040539679490029824,0.006691093991976231,-0.26047059893608093,-0.13215047121047974,1.9168862104415894,2.080869197845459,0.0040539679490029824,0.006691093991976231,0.23227525375917743,0.38337144606557993,-0.26047059893608093,-0.13215047121047974,1.9168862104415894,2.080869197845459,0.48276725997464864,0.22337223112255275,165.77032874682806,5.609624184368117,-0.0004266049039377348,-0.018320983232585148,-0.5,0.2969781727359882,-0.5004266049039378,0.27865718950340307,0.01765934492928911,0.5020294206259558,0.01765934492928911,0.01765934492928911,0.01765934492928911,0.01765934492928911,0.5064442568582781,0.5064442568582781,0.5064442568582781,0.5064442568582781,1.0
9400,37.21918068800005,0.1601436435085205,-0.5011957594792449,0.15930964052677155,-0.08901272714138031,1.104659784520183,-0.1339851778516943,-0.016484916498884557,0.011085998702328652,0.15930964052677155,0.08901272714138031,-7.126679420471191,0.8449370265007019,-0.016484916498884557,0.011085998702328652,-0.9445161410116626,0.6351809373309392,0.15930964052677155,0.08901272714138031,-7.126679420471191,0.8449370265007019,0.002087050024082604,-0.43983550815435724,165.74929467890772,5.609444111045644,0.0017348778945168732,-0.030355315864490064,0.5,-0.28341675753722495,0.5017348778945169,-0.31377207340171503,-0.5038219279185995,-0.7536075815560723,-0.5038219279185995,-0.5038219279185995,-0.5038219279185995,-0.5038219279185995,-0.8795630635357222,-0.8795630635357222,-0.8795630635357222,-0.8795630635357222,1.0
9450,37.367803978999746,1.3234208686762556,-0.944539176358247,0.08218302577733994,0.02201482653617859,1.104659784520183,-0.1339851778516943,0.0038181011937558663,0.018823801043909044,0.08218302577733994,-0.02201482653617859,-4.501069068908691,1.67295503616333,0.0038181011937558663,0.018823801043909044,0.21876108415607254,1.0785243542099414,0.08218302577733994,-0.02201482653617859,-4.501069068908691,1.67295503616333,-0.20548716322038454,-0.3199189112967922,165.77048171711857,5.608910703554131,-0.00040178405810856844,-0.051545624317024315,0.5,0.12416706175211079,0.4995982159418914,0.07262143743508648,-0.29411105272150684,-0.2472974738617057,-0.29411105272150684,-0.29411105272150684,-0.29411105272150684,-0.29411105272150684,-0.32082523704208243,-0.32082523704208243,-0.32082523704208243,-0.32082523704208243,1.0
9500,37.57453039599977,1.9987060905463723,-0.7702796529292126,0.038226962089538574,-0.0369364395737648,1.104659784520183,-0.1339851778516943,0.01560405170544982,0.015782398607116194,0.038226962089538574,0.0369364395737648,9.169336318969727,1.3131095170974731,0.01560405170544982,0.015782398607116194,0.8940463060261892,0.904264830780907,0.038226962089538574,0.0369364395737648,9.169336318969727,1.3131095170974731,-0.29401079254806217,-0.2749480727729166,165.7516233006026,5.609153281439352,-0.0016421600670515648,-0.0432161748862375,-0.5,-0.1885129538807266,-0.5016421600670515,-0.2317291287669641,0.7956529526151137,-0.5066772015398807,0.7956529526151137,0.7956529526151137,0.7956529526151137,0.7956529526151137,-0.3077639633861023,-0.3077639633861023,-0.3077639633861023,-0.3077639633861023,1.0
9550,37.76119971199978,0.4169516192869258,0.2861631283151284,-0.13010908663272858,-0.0006113566923886538,1.104659784520183,-0.1339851778516943,-0.012002771776169537,-0.0026560062845237555,-0.13010908663272858,0.0006113566923886538,0.26819467544555664,2.276766300201416,-0.012002771776169537,-0.0026560062845237555,-0.6877081652332573,-0.1521779504634341,-0.13010908663272858,0.0006113566923886538,0.26819467544555664,2.276766300201416,0.48692306696530874,0.05645280420062718,165.7598138281282,5.6097111150829875,0.0012631222669279444,0.0072723830325978085,-0.49997807337584504,-0.003667957366185623,-0.4987149511089171,0.0036044256664121855,0.011791884143608378,0.06005722986703936,0.011791884143608378,0.011791884143608378,0.011791884143608378,0.011791884143608378,0.06300520090294146,0.06300520090294146,0.06300520090294146,0.06300520090294146,1.0
9600,37.91068928799996,0.06390479733937313,-0.25322310029971384,0.11298774182796478,-0.15526321530342102,1.104659784520183,-0.1339851778516943,-0.01816460123285651,0.006758059344720095,0.11298774182796478,0.15526321530342102,-14.929931640625,0.7271958589553833,-0.01816460123285651,0.006758059344720095,-1.04075498718081,0.3872082781514082,0.11298774182796478,0.15526321530342102,-14.929931640625,0.7271958589553833,0.09982267675767209,-0.3911149299228913,165.7445000414495,5.609622108560609,0.0019116852101816648,-0.018504346123295202,0.5,-0.29879750942980765,0.5019116852101817,-0.31730185555310286,-0.6017343619678538,-0.7084167854759942,-0.6017343619678538,-0.6017343619678538,-0.6017343619678538,-0.6017343619678538,-0.8588503759679577,-0.8588503759679577,-0.8588503759679577,-0.8588503759679577,1.0
9650,38.011478949999855,1.3724574647704217,-0.9639138617126345,0.30073288083076477,-0.014209479093551636,1.104659784520183,-0.1339851778516943,0.004673951249569656,0.01916195309488103,0.30073288083076477,0.014209479093551636,-0.9934620261192322,1.818355679512024,0.004673951249569656,0.01916195309488103,0.2677976802502386,1.0978990395643289,0.30073288083076477,0.014209479093551636,-0.9934620261192322,1.818355679512024,-0.6229967492173644,-0.36492686607612873,165.76988294493876,5.60888109945078,-0.0004918475214658285,-0.0524717580553206,0.5,-0.08303345495218642,0.4995081524785342,-0.135505213007507,0.12348859673883017,-0.5004320790836357,0.12348859673883017,0.12348859673883017,0.12348859673883017,0.12348859673883017,-0.4695599298989282,-0.4695599298989282,-0.4695599298989282,-0.4695599298989282,1.0
9700,38.06677878999972,2.1476671802590612,-1.0585777222880726,0.065367691218853,-0.007194317877292633,1.104659784520183,-0.1339851778516943,0.0182039131782949,0.02081414914457128,0.065367691218853,0.007194317877292633,9.946426391601562,0.24039241671562195,0.0182039131782949,0.02081414914457128,1.0430073957388781,1.192562900139767,0.065367691218853,0.007194317877292633,9.946426391601562,0.24039241671562195,-0.4090793545033852,-0.2848009853655404,165.74438225949845,5.6087288771421795,-0.001915823396369062,-0.05699693611113917,-0.5,-0.042870461689420804,-0.5019158233963691,-0.09986739780055998,0.9109951778997543,-0.38466838316610036,0.9109951778997543,0.9109951778997543,0.9109951778997543,0.9109951778997543,-0.1569195886911618,-0.1569195886911618,-0.1569195886911618,-0.1569195886911618,1.0
9750,38.12126368100007,2.0344672534932666,-0.6170574323089347,-0.18900702893733978,0.15904387831687927,1.104659784520183,-0.1339851778516943,0.016228201743215324,0.013108166370075195,-0.18900702893733978,-0.15904387831687927,4.4062700271606445,4.887969017028809,0.016228201743215324,0.013108166370075195,0.9298074689730834,0.751042610160629,-0.18900702893733978,-0.15904387831687927,4.4062700271606445,4.887969017028809,0.13974643260166805,0.1939184287290316,165.74998651942155,5.609331349146697,-0.0017078564132129537,-0.03589277750118918,-0.5,0.29896598459250884,-0.5017078564132129,0.26307320709131965,0.36196142381154484,0.45699163582035124,0.36196142381154484,0.36196142381154484,0.36196142381154484,0.36196142381154484,0.5474819917732374,0.5474819917732374,0.5474819917732374,0.5474819917732374,1.0
9800,38.1771049189997,1.5669691927796316,-0.11994328448794109,-0.08710600435733795,0.10527516901493073,1.104659784520183,-0.1339851778516943,0.008068821337074046,0.004431887732353061,-0.08710600435733795,-0.10527516901493073,6.78102970123291,2.687236785888672,0.008068821337074046,0.004431887732353061,0.46230940825944866,0.2539284623396354,-0.08710600435733795,-0.10527516901493073,6.78102970123291,2.687236785888672,0.08683176582181709,0.13302517070701142,165.76631895453002,5.609682103230212,-0.0008491073773160843,-0.012134942754696312,-0.5,0.29123119641634426,-0.5008491073773161,0.279096253661648,0.4140173415554991,0.4121214243686594,0.4140173415554991,0.4140173415554991,0.4140173415554991,0.4140173415554991,0.5156257597575342,0.5156257597575342,0.5156257597575342,0.5156257597575342,1.0
9850,38.31019829199977,0.41708656888388645,0.24763435137220383,-0.11813874542713165,-0.07258579879999161,1.104659784520183,-0.1339851778516943,-0.012000416461378335,-0.001983552270103246,-0.11813874542713165,0.07258579879999161,-0.3210403621196747,4.618308067321777,-0.012000416461378335,-0.001983552270103246,-0.6875732156362967,-0.1136491735205095,-0.11813874542713165,0.07258579879999161,-0.3210403621196747,4.618308067321777,0.4567933060218766,-0.09342045598857585,165.7598184857052,5.6097183059970535,0.0012628743797148305,0.0054311395899561445,0.49999735176488197,-0.26880949802159176,0.5012602261445968,-0.2633783584316356,-0.9580535321664734,-0.35679881442021144,-0.9580535321664734,-0.9580535321664734,-0.9580535321664734,-0.9580535321664734,-0.5963121974618297,-0.5963121974618297,-0.5963121974618297,-0.5963121974618297,1.0
9900,38.4559184689997,0.9696496197898585,-0.6484854805576906,0.22451378405094147,-0.15848034620285034,1.104659784520183,-0.1339851778516943,-0.002356371898204087,0.013656689289491623,0.22451378405094147,0.15848034620285034,-2.1676278114318848,1.8459450006484985,-0.002356371898204087,0.013656689289491623,-0.13501016473032462,0.7824706584093849,0.22451378405094147,0.15848034620285034,-2.1676278114318848,1.8459450006484985,-0.38922574405529997,-0.4619207748138614,165.77122528171967,5.609297512138102,0.00024796352771090955,-0.037394876881764134,0.5,-0.29894245342416825,0.500247963527711,-0.3363373303059324,-0.11102221947241098,-0.7982581051197938,-0.11102221947241098,-0.11102221947241098,-0.11102221947241098,-0.11102221947241098,-0.8260136599878966,-0.8260136599878966,-0.8260136599878966,-0.8260136599878966,1.0
9950,38.605459470999904,2.1037294271020155,-0.2818751035376827,-0.049591027200222015,0.0889284759759903,1.104659784520183,-0.1339851778516943,0.017437054719775916,0.0072581311385147285,-0.049591027200222015,-0.0889284759759903,14.17674446105957,3.871891498565674,0.017437054719775916,0.0072581311385147285,0.9990696425818324,0.41586028138937703,-0.049591027200222015,-0.0889284759759903,14.17674446105957,3.871891498565674,-0.13150724757999618,0.11800405489159793,165.74663387528955,5.6096059536694485,-0.0018351008066503582,-0.019873634402122503,-0.5,0.2833623292721383,-0.5018351008066504,0.2634886948700158,0.6333423483866466,0.38149274976161374,0.6333423483866466,0.6333423483866466,0.6333423483866466,0.6333423483866466,0.5398283368582754,0.5398283368582754,0.5398283368582754,0.5398283368582754,1.0
10000,38.75668609500008,0.4244844641678036,0.3883071399292146,-0.11207668483257294,-0.06925603002309799,1.104659784520183,-0.1339851778516943,-0.01187129883095622,-0.004438755598384888,-0.11207668483257294,0.06925603002309799,0.3549260199069977,5.201168537139893,-0.01187129883095622,-0.004438755598384888,-0.6801753203523795,-0.25432196207752034,-0.11207668483257294,0.06925603002309799,0.3549260199069977,5.201168537139893,0.48776175743462646,-0.05093066555424457,165.7600724142024,5.609681962812868,0.0012492853003179803,0.01215374782547851,-0.4999993171847277,-0.26462782159669046,-0.4987500318844097,-0.25247407377121195,0.01098827444978323,-0.30340473932545653,0.01098827444978323,0.01098827444978323,0.01098827444978323,0.01098827444978323,-0.30065767071301075,-0.30065767071301075,-0.30065767071301075,-0.30065767071301075,1.0
10050,38.920526912999776,0.3536407015598,0.3740853520559258,-0.06495490670204163,-0.0421493761241436,1.104659784520183,-0.1339851778516943,-0.013107755742967128,-0.004190538574475796,-0.06495490670204163,0.0421493761241436,2.258340835571289,2.267616033554077,-0.013107755742967128,-0.004190538574475796,-0.7510190829603831,-0.2401001742042315,-0.06495490670204163,0.0421493761241436,2.258340835571289,2.267616033554077,0.3658830503153927,0.03666692336959524,165.75752795057977,5.609686899672004,0.0013794188721356104,0.0114740992870416,-0.5,-0.20621646328060705,-0.4986205811278644,-0.19474236399356545,0.1327375308124717,-0.15807544062397022,0.1327375308124717,0.1327375308124717,0.1327375308124717,0.1327375308124717,-0.1248910579208523,-0.1248910579208523,-0.1248910579208523,-0.1248910579208523,1.0
10100,39.03576749900003,0.3076035990479009,0.24095885531472128,0.03810909017920494,-0.008570928126573563,1.104659784520183,-0.1339851778516943,-0.013911254759877919,-0.0018670428846962752,0.03810909017920494,0.008570928126573563,2.824425220489502,2.8552427291870117,-0.013911254759877919,-0.0018670428846962752,-0.7970561854722822,-0.10697367746302697,0.03810909017920494,0.008570928126573563,2.824425220489502,2.8552427291870117,0.16399902412913825,0.0033612686445370077,165.7557394291461,5.609719340028505,0.0014639870736668395,0.005112126143147929,-0.5,-0.05092771769749031,-0.49853601292633315,-0.04581559155434238,0.3345369887971949,-0.04245432290980537,0.3345369887971949,0.3345369887971949,0.3345369887971949,0.3345369887971949,0.04117992428949335,0.04117992428949335,0.04117992428949335,0.04117992428949335,1.0
10150,39.09040753599993,0.3795656717303619,0.26521384423321503,0.01498476229608059,0.030550260096788406,1.104659784520183,-0.1339851778516943,-0.012655279655009507,-0.00229037230135873,0.01498476229608059,-0.030550260096788406,2.3733205795288086,3.4746344089508057,-0.012655279655009507,-0.00229037230135873,-0.7250941127898213,-0.13122866638152073,0.01498476229608059,-0.030550260096788406,2.3733205795288086,3.4746344089508057,0.18984934281050464,0.0893927726319616,165.75848830873795,5.609715283572445,0.0013317965871966135,0.006271241677156352,-0.5,0.16345028978498635,-0.4986682034128034,0.1697215314621427,0.30881886060229874,0.2591143040941043,0.30881886060229874,0.30881886060229874,0.30881886060229874,0.30881886060229874,0.336319019244679,0.336319019244679,0.336319019244679,0.336319019244679,1.0
10200,39.21156257699977,0.5476467554465909,0.1951363167922958,0.01803974062204361,-0.006521779112517834,1.104659784520183,-0.1339851778516943,-0.009721711333841084,-0.001067288715858013,0.01803974062204361,0.006521779112517834,2.9098901748657227,2.3184800148010254,-0.009721711333841084,-0.001067288715858013,-0.5570130290735922,-0.061151138940601486,0.01803974062204361,0.006521779112517834,2.9098901748657227,2.3184800148010254,0.13444199637574272,0.026980240022002805,165.76389636571673,5.6097247489512885,0.0010230561135038793,0.002922327850394811,-0.5,-0.038910258757152046,-0.4989769438864961,-0.03598793090675723,0.3645349475107534,-0.009007690884754428,0.3645349475107534,0.3645349475107534,0.3645349475107534,0.3645349475107534,0.08212604599293391,0.08212604599293391,0.08212604599293391,0.08212604599293391,1.0
10250,39.37060380999992,0.6101641172499523,0.18183074810335392,0.02697569690644741,0.01366138830780983,1.104659784520183,-0.1339851778516943,-0.008630577530711886,-0.0008350627333857121,0.02697569690644741,-0.01366138830780983,2.759901523590088,2.12634015083313,-0.008630577530711886,-0.0008350627333857121,-0.4944956672702307,-0.04784557025165961,0.02697569690644741,-0.01366138830780983,2.759901523590088,2.12634015083313,0.11118360155736656,0.01762205647015129,165.7655461027052,5.6097257671832885,0.0009082255579388828,0.0022864729881164887,-0.5,0.07998771427047932,-0.4990917744420611,0.08227418725859581,0.38790817288469454,0.0998962437287471,0.38790817288469454,0.38790817288469454,0.38790817288469454,0.38790817288469454,0.19687328694992073,0.19687328694992073,0.19687328694992073,0.19687328694992073,1.0
10300,39.552474636999705,1.1112362396330493,0.3586319690174926,0.027262646704912186,0.041035450994968414,1.104659784520183,-0.1339851778516943,0.00011478079482913142,-0.003920826159883291,0.027262646704912186,-0.041035450994968414,4.747646331787109,2.970327138900757,0.00011478079482913142,-0.003920826159883291,0.006576455112866254,-0.2246467911657983,0.027262646704912186,-0.041035450994968414,4.747646331787109,2.970327138900757,-0.027013127608749455,0.155945129055521,165.77168164254354,5.609691942090895,-1.2078483343052485e-05,0.010735594914882757,-0.5,0.2026366787924601,-0.5000120784833431,0.21337227370734288,0.5270252060920925,0.36931740276286384,0.5270252060920925,0.5270252060920925,0.5270252060920925,0.5270252060920925,0.5010737042858869,0.5010737042858869,0.5010737042858869,0.5010737042858869,1.0
10350,39.714398249999704,1.257486384575478,0.5129130557221075,-0.01719718798995018,0.012570535764098167,1.104659784520183,-0.1339851778516943,0.002667327355593444,-0.00661353909643367,-0.01719718798995018,-0.012570535764098167,4.899144172668457,2.4746785163879395,0.002667327355593444,-0.00661353909643367,0.15282660005529491,-0.37892787787041327,-0.01719718798995018,-0.012570535764098167,4.899144172668457,2.4746785163879395,0.011754148295891824,0.15725842166707793,165.77109658308538,5.609626562599808,-0.0002806858469339315,0.01810862446519962,-0.5,0.07387328904485846,-0.500280685846934,0.09198191351005808,0.48852653755104214,0.249240335177136,0.48852653755104214,0.48852653755104214,0.48852653755104214,0.48852653755104214,0.37137196956489654,0.37137196956489654,0.37137196956489654,0.37137196956489654,1.0
10400,39.86193536599967,0.9490923512137068,0.6063116771146535,-0.024198120459914207,0.0002462347038090229,1.104659784520183,-0.1339851778516943,-0.0027151639200747,-0.008243652556557209,-0.024198120459914207,-0.0002462347038090229,3.519686698913574,2.1558938026428223,-0.0027151639200747,-0.008243652556557209,-0.1555674333064763,-0.4723264992629592,-0.024198120459914207,-0.0002462347038090229,3.519686698913574,2.1558938026428223,0.12203524631136306,0.1158987966023944,165.77107537041354,5.609570741837587,0.0002857197665258415,0.022572194570637447,-0.5,0.0014773962793006635,-0.49971428023347414,0.024049590849938112,0.3776790339221111,0.1399483874523325,0.3776790339221111,0.3776790339221111,0.3776790339221111,0.3776790339221111,0.2343681459328603,0.2343681459328603,0.2343681459328603,0.2343681459328603,1.0
10450,39.96571540700006,1.0297530433301492,0.5048754705337364,0.03147038444876671,0.01864728517830372,1.104659784520183,-0.1339851778516943,-0.0013073692657053458,-0.006473256770987064,0.03147038444876671,-0.01864728517830372,2.292444944381714,1.3134411573410034,-0.0013073692657053458,-0.006473256770987064,-0.07490674119003383,-0.37089029268204204,0.03147038444876671,-0.01864728517830372,2.292444944381714,1.3134411573410034,-0.008474148148111912,0.12632241113235163,165.7715419129005,5.609630793944752,0.0001375756873715946,0.0177245075095074,-0.5,0.10696967944889975,-0.4998624243126284,0.12469418695840714,0.5083365724607403,0.25101659809075877,0.5083365724607403,0.5083365724607403,0.5083365724607403,0.5083365724607403,0.37810074120594384,0.37810074120594384,0.37810074120594384,0.37810074120594384,1.0
10500,40.021597479999855,1.0932514977747596,0.5174641495043045,-0.00996751245111227,0.045807234942913055,1.104659784520183,-0.1339851778516943,-0.00019911216571926946,-0.0066929706675000495,-0.00996751245111227,-0.045807234942913055,2.4484474658966064,1.2418382167816162,-0.00019911216571926946,-0.0066929706675000495,-0.011408286745423572,-0.38347897165261025,-0.00996751245111227,-0.045807234942913055,2.4484474658966064,1.2418382167816162,0.04945554813355635,0.17949661355310947,165.77167946170601,5.609624126476029,2.0952747379456204e-05,0.01832612189795017,-0.5,0.21722054005338476,-0.49997904725262055,0.23554666195133492,0.4505234991190642,0.4150432755044444,0.4505234991190642,0.4505234991190642,0.4505234991190642,0.4505234991190642,0.5276741502842105,0.5276741502842105,0.5276741502842105,0.5276741502842105,1.0
10550,40.07621257499977,1.022230230289615,0.5364924695625782,-0.023500243201851845,0.05420863628387451,1.104659784520183,-0.1339851778516943,-0.001438667122274636,-0.007025077503640205,-0.023500243201851845,-0.05420863628387451,0.7802901268005371,0.8998197317123413,-0.001438667122274636,-0.007025077503640205,-0.08242955423056819,-0.402507291710884,-0.023500243201851845,-0.05420863628387451,0.7802901268005371,0.8998197317123413,0.11215127771574548,0.1889704699316998,165.77151220880253,5.609613625927722,0.00015139230132591347,0.01923548993491626,-0.49999999999997213,0.2384224131060303,-0.4998486076986462,0.25765790304094655,0.38769732998290074,0.44662837297264635,0.38769732998290074,0.38769732998290074,0.38769732998290074,0.38769732998290074,0.5435527054683715,0.5435527054683715,0.5435527054683715,0.5435527054683715,1.0
10600,40.13276659999974,1.0010173702748477,0.5467422356292402,0.012300482019782066,0.04298610985279083,1.104659784520183,-0.1339851778516943,-0.0018089013732969748,-0.007203969669062645,0.012300482019782066,-0.04298610985279083,0.462629109621048,0.5514802932739258,-0.0018089013732969748,-0.007203969669062645,-0.1036424142453353,-0.41275705777754595,0.012300482019782066,-0.04298610985279083,0.462629109621048,0.5514802932739258,0.03962284999141644,0.18957710767243685,165.77141315131664,5.609607759027237,0.00019035247716378572,0.0197253300234786,-0.4999999908101332,0.20883435417239452,-0.4998096383329694,0.2285596841958731,0.4601867883415529,0.41813679186831,0.4601867883415529,0.4601867883415529,0.4601867883415529,0.4601867883415529,0.5331834889536982,0.5331834889536982,0.5331834889536982,0.5331834889536982,1.0
10650,40.27404222899986,1.1312829515687426,0.7437614434766381,-0.013526849448680878,0.06105244532227516,1.104659784520183,-0.1339851778516943,0.0004646619223058236,-0.010642603535670788,-0.013526849448680878,-0.06105244532227516,0.5176467895507812,-0.1878247857093811,0.0004646619223058236,-0.010642603535670788,0.026623167048559458,-0.6097762656249438,-0.013526849448680878,-0.06105244532227516,0.5176467895507812,-0.1878247857093811,0.04499360603108888,0.2812932366316268,165.77166493996208,5.60946631648871,-4.889678341158079e-05,0.02914115728454151,-0.49999999898245356,0.25198899318329837,-0.5000488957658652,0.2811301504678399,0.4550552897347763,0.5624233870994667,0.4550552897347763,0.4550552897347763,0.4550552897347763,0.4550552897347763,0.6761872095331608,0.6761872095331608,0.6761872095331608,0.6761872095331608,1.0
10700,40.42292424800007,1.1313312965014615,0.6332724614811037,0.10366033017635345,-0.17195524275302887,1.104659784520183,-0.1339851778516943,0.00046550570055842524,-0.008714207012671978,0.10366033017635345,0.17195524275302887,-3.5085525512695312,2.8896989822387695,0.00046550570055842524,-0.008714207012671978,0.026671511981278456,-0.49928728362940944,0.10366033017635345,0.17195524275302887,-3.5085525512695312,2.8896989822387695,-0.16120943386472578,-0.23616635517993295,165.77166487530113,5.609552350176178,-4.8985574953097975e-05,0.02386068046588569,0.5,-0.29938264404639253,0.4999510144250469,-0.27552196358050685,-0.3387415805603211,-0.5116883187604397,-0.3387415805603211,-0.3387415805603211,-0.3387415805603211,-0.3387415805603211,-0.5963737139005201,-0.5963737139005201,-0.5963737139005201,-0.5963737139005201,1.0
10750,40.57105800299996,1.3032593241851416,0.235447132778359,-0.04317708685994148,-0.03225618600845337,1.104659784520183,-0.1339851778516943,0.0034662158600986016,-0.0017708451789803805,-0.04317708685994148,0.03225618600845337,-5.283199310302734,-1.0855307579040527,0.0034662158600986016,-0.0017708451789803805,0.19859953966495847,-0.10146195492666468,-0.04317708685994148,0.03225618600845337,-5.283199310302734,-1.0855307579040527,0.08306843726552415,0.003918719710843371,165.7706928916919,5.609720146630055,-0.00036475436996550117,0.004848728026272344,0.5,-0.17051344084630918,0.4996352456300345,-0.16566471282003684,-0.5827036828955586,-0.16174599310919346,-0.5827036828955586,-0.5827036828955586,-0.5827036828955586,-0.5827036828955586,-0.30742191383308315,-0.30742191383308315,-0.30742191383308315,-0.30742191383308315,1.0
10800,40.720469533999676,1.5497335305742217,0.03373528481636484,0.013228705152869225,-0.0014130966737866402,1.104659784520183,-0.1339851778516943,0.007768002282828094,0.0017496907082386313,0.013228705152869225,0.0014130966737866402,-2.7198023796081543,-2.3368523120880127,0.007768002282828094,0.0017496907082386313,0.4450737460540386,0.10024989303532947,0.013228705152869225,0.0014130966737866402,-2.7198023796081543,-2.3368523120880127,-0.11943517643348771,-0.020007478071872045,165.76671143808318,5.609720318284858,-0.0008174499583051367,-0.004790805159452291,0.5,-0.00847632337884195,0.4991825500416949,-0.013267128538294242,-0.37974737360820715,-0.03327460661016629,-0.37974737360820715,-0.37974737360820715,-0.37974737360820715,-0.37974737360820715,-0.12821145001221806,-0.12821145001221806,-0.12821145001221806,-0.12821145001221806,1.0
10850,40.893356928999765,0.9801700321023822,-0.04240990187170541,-0.08540437370538712,-0.0185023732483387,1.104659784520183,-0.1339851778516943,-0.0021727560646831977,0.0030786749254912136,-0.08540437370538712,0.0185023732483387,-9.227762222290039,-2.645933151245117,-0.0021727560646831977,0.0030786749254912136,-0.12448975241780093,0.1763950797233997,-0.08540437370538712,0.0185023732483387,-9.227762222290039,-2.645933151245117,0.247863719631149,-0.0850564794150712,165.77129379534196,5.609705528400938,0.00022864137493187344,-0.008429692608068718,0.5,-0.10620996867148368,0.5002286413749318,-0.1146396612795524,-0.7480923610060808,-0.1996961406946236,-0.7480923610060808,-0.7480923610060808,-0.7480923610060808,-0.7480923610060808,-0.3867192309461438,-0.3867192309461438,-0.3867192309461438,-0.3867192309461438,1.0
10900,41.06572496199988,1.4800135208476703,-0.22991502639619246,0.06106354296207428,-0.002772682812064886,1.104659784520183,-0.1339851778516943,0.0065511585585773,0.006351256712805479,0.06106354296207428,0.002772682812064886,-5.384504318237305,-1.7491161823272705,0.0065511585585773,0.006351256712805479,0.3753537363274872,0.36390020424788677,0.06106354296207428,0.002772682812064886,-5.384504318237305,-1.7491161823272705,-0.18960267041173245,-0.09046478589636821,165.76814693154304,5.60963440008992,-0.0006893939101447637,-0.01739045093859412,0.5,-0.01661906522360513,0.4993106060898552,-0.03400951616219925,-0.30970793567812277,-0.12447430205856747,-0.30970793567812277,-0.30970793567812277,-0.30970793567812277,-0.30970793567812277,-0.20190128597809814,-0.20190128597809814,-0.20190128597809814,-0.20190128597809814,1.0
10950,41.17639009200002,1.78049659432498,-0.2277824332299882,0.04075310751795769,0.020415492355823517,1.104659784520183,-0.1339851778516943,0.011795577537268401,0.006314035940449684,0.04075310751795769,-0.020415492355823517,-4.312056541442871,-2.6719725131988525,0.011795577537268401,0.006314035940449684,0.6758368098047969,0.3617676110816825,0.04075310751795769,-0.020415492355823517,-4.312056541442871,-2.6719725131988525,-0.2218521235324178,-0.040998981760490584,165.76022005331043,5.609635486623,-0.0012413159766460659,-0.017288534312384817,0.5,0.11611099456018353,0.49875868402335394,0.09882246024779871,-0.27690656049093615,0.05782347848730813,-0.27690656049093615,-0.27690656049093615,-0.27690656049093615,-0.27690656049093615,-0.011403161635425908,-0.011403161635425908,-0.011403161635425908,-0.011403161635425908,1.0
11000,41.37692972299965,1.875964602953481,0.037360877960865214,0.01712130196392536,-0.021358275786042213,1.104659784520183,-0.1339851778516943,0.013461808618158103,0.0016864121705293653,0.01712130196392536,0.021358275786042213,-2.6561801433563232,-2.3334481716156006,0.013461808618158103,0.0016864121705293653,0.7713048184332981,0.0966242998908291,0.01712130196392536,0.021358275786042213,-2.6561801433563232,-2.3334481716156006,-0.2030817839831405,-0.07231795130437757,165.7567529672446,5.609720819434732,-0.0014166826824435173,-0.004617542780849693,0.5,-0.12088493113066906,0.4985833173175565,-0.12550247391151875,-0.295501533334416,-0.19782042521589632,-0.295501533334416,-0.295501533334416,-0.295501533334416,-0.295501533334416,-0.2716958085495003,-0.2716958085495003,-0.2716958085495003,-0.2716958085495003,1.0
11050,41.57892284899981,1.6774881635744905,-0.02996930593801559,0.02521066553890705,-0.02750391885638237,1.104659784520183,-0.1339851778516943,0.009997741263359786,0.002861545565538108,0.02521066553890705,0.02750391885638237,-2.550353765487671,-2.6401028633117676,0.009997741263359786,0.002861545565538108,0.5728283790543074,0.16395448378970992,0.02521066553890705,0.02750391885638237,-2.550353765487671,-2.6401028633117676,-0.18474555602590548,-0.11699070323030827,165.76344793374088,5.609708501201156,-0.0010521057826542507,-0.007835170158431761,0.5,-0.150173685281298,0.49894789421734576,-0.15800885543972978,-0.3142023381914403,-0.27499955867003806,-0.3142023381914403,-0.3142023381914403,-0.3142023381914403,-0.3142023381914403,-0.3535501432178981,-0.3535501432178981,-0.3535501432178981,-0.3535501432178981,1.0
11100,41.738488768000025,1.4525604292524503,-0.0305165381596765,-0.0055508180521428585,-0.05760924890637398,1.104659784520183,-0.1339851778516943,0.006072011720389129,0.0028710965695790945,-0.0055508180521428585,0.05760924890637398,-3.1873061656951904,-2.3583455085754395,0.006072011720389129,0.0028710965695790945,0.34790064473226723,0.1645017160113708,-0.0055508180521428585,0.05760924890637398,-3.1873061656951904,-2.3583455085754395,-0.028974498104319693,-0.15257778052194715,165.76864522680876,5.609708375004306,-0.0006389708784592262,-0.007861321775071359,0.5,-0.24554298647021555,0.4993610291215408,-0.2534043082452869,-0.4703865310172211,-0.4059820887672341,-0.4703865310172211,-0.4703865310172211,-0.4703865310172211,-0.4703865310172211,-0.5235787215215394,-0.5235787215215394,-0.5235787215215394,-0.5235787215215394,1.0
11150,41.88842033099991,1.5528134122813686,-0.09951865098175593,0.0034380629658699036,-0.007467943709343672,1.104659784520183,-0.1339851778516943,0.00782175635918975,0.004075410629156976,0.0034380629658699036,0.007467943709343672,-3.025658130645752,-1.155871033668518,0.00782175635918975,0.004075410629156976,0.44815362776118545,0.23350382883345022,0.0034380629658699036,0.007467943709343672,-3.025658130645752,-1.155871033668518,-0.103255146704834,-0.0745477136432344,165.76664239836995,5.6096890930702665,-0.0008231068873101917,-0.011158865261871431,0.5,-0.04447741791797964,0.4991768931126898,-0.05563628317985107,-0.3959217464078558,-0.13018399682308546,-0.3959217464078558,-0.3959217464078558,-0.3959217464078558,-0.3959217464078558,-0.2291644334250494,-0.2291644334250494,-0.2291644334250494,-0.2291644334250494,1.0
11200,42.04732102099979,1.2565021970047614,-0.1303739571861158,-0.04278326779603958,-0.02880752459168434,1.104659784520183,-0.1339851778516943,0.0026501500420272363,0.0046139373141340905,-0.04278326779603958,0.02880752459168434,-3.3751275539398193,-1.0611975193023682,0.0026501500420272363,0.0046139373141340905,0.1518424124845784,0.2643591350378101,-0.04278326779603958,0.02880752459168434,-3.3751275539398193,-1.0611975193023682,0.07643988257421747,-0.11481831481952598,165.77110410819733,5.6096783076197605,-0.0002788782505624362,-0.012633417423580358,0.5,-0.15595857000798663,0.49972112174943756,-0.16859198743156698,-0.576161004323655,-0.283410302251093,-0.576161004323655,-0.576161004323655,-0.576161004323655,-0.576161004323655,-0.42745055333200677,-0.42745055333200677,-0.42745055333200677,-0.42745055333200677,1.0
11250,42.10551829899987,1.223538209966399,-0.1749325238459055,0.050343479961156845,-0.005663863383233547,1.104659784520183,-0.1339851778516943,0.0020748199336230767,0.005391631012316793,0.050343479961156845,0.005663863383233547,-3.2996089458465576,-0.6241505742073059,0.0020748199336230767,0.005391631012316793,0.11887842544621591,0.3089177016975998,0.050343479961156845,0.005663863383233547,-3.2996089458465576,-0.6241505742073059,-0.10371281203471364,-0.09070746637546989,165.77132806709787,5.6096603729342736,-0.0002183354242498732,-0.014762847860347272,0.5,-0.03383856806714554,0.49978166457575013,-0.048601415927492814,-0.3960688525410365,-0.1393088823029627,-0.3960688525410365,-0.3960688525410365,-0.3960688525410365,-0.3960688525410365,-0.23832609543822184,-0.23832609543822184,-0.23832609543822184,-0.23832609543822184,1.0
11300,42.23791574999996,1.6558621838366434,-0.10697261518184803,0.05929059907793999,0.0207015760242939,1.104659784520183,-0.1339851778516943,0.009620296712964774,0.004205506846774369,0.05929059907793999,-0.0207015760242939,-0.9064332842826843,-0.7296968102455139,0.009620296712964774,0.004205506846774369,0.5512023993164603,0.2409577930335423,0.05929059907793999,-0.0207015760242939,-0.9064332842826843,-0.7296968102455139,-0.23469890514257102,-0.048533609791629136,165.76405796816735,5.609686610010739,-0.001012383175204536,-0.01151508421544463,0.49999999999999983,0.11756712859389065,0.4989876168247953,0.10605204437844602,-0.2642887116822243,0.05751843458681689,-0.2642887116822243,-0.2642887116822243,-0.2642887116822243,-0.2642887116822243,-0.008553743333739185,-0.008553743333739185,-0.008553743333739185,-0.008553743333739185,1.0
11350,42.41312533099972,0.7635917237930065,0.7080205576538423,-0.1589990109205246,0.08736090362071991,1.104659784520183,-0.1339851778516943,-0.0059527606330811965,-0.010018807400483639,-0.1589990109205246,-0.08736090362071991,0.2649596929550171,-0.08574405312538147,-0.0059527606330811965,-0.010018807400483639,-0.3410680607271766,-0.574035379802148,-0.1589990109205246,-0.08736090362071991,0.2649596929550171,-0.08574405312538147,0.48024529650465864,0.2806129002409392,165.76876336468933,5.609496022214578,0.0006264215328386215,0.0274330169617565,-0.4999750444090352,0.2823174272892789,-0.4993486228761966,0.3097504442510354,0.019103326371537943,0.5903633444919746,0.019103326371537943,0.019103326371537943,0.019103326371537943,0.019103326371537943,0.5951391760848591,0.5951391760848591,0.5951391760848591,0.5951391760848591,1.0
11400,42.63039898299985,1.870804181592125,-0.43587964762219145,0.10058033466339111,0.036820970475673676,1.104659784520183,-0.1339851778516943,0.01337174227461219,0.009946017495822163,0.10058033466339111,-0.036820970475673676,8.098237037658691,-3.1526334285736084,0.01337174227461219,0.009946017495822163,0.7661443970719419,0.5698648254738858,0.10058033466339111,-0.036820970475673676,8.098237037658691,-3.1526334285736084,-0.4223413474167864,-0.11241680511000249,165.756952071357,5.6094993716737545,-0.001407203231587167,-0.027233697477630322,-0.5,0.18809309347246897,-0.5014072032315872,0.16085939599483864,0.9237485506483736,0.048442590884836156,0.9237485506483736,0.9237485506483736,0.9237485506483736,0.9237485506483736,0.27937972854692955,0.27937972854692955,0.27937972854692955,0.27937972854692955,1.0
11450,42.814356827999745,0.442314379511431,0.5598305322654242,-0.04898790642619133,-0.02537274919450283,1.104659784520183,-0.1339851778516943,-0.011560108102858065,-0.007432403538841755,-0.04898790642619133,0.02537274919450283,-8.650752067565918,2.3041036128997803,-0.011560108102858065,-0.007432403538841755,-0.662345405008752,-0.42584535441372995,-0.04898790642619133,0.02537274919450283,-8.650752067565918,2.3041036128997803,0.3451935976928463,0.06890643097040157,165.76067312807257,5.609600052914822,0.0012165339734475707,0.020350825879271672,0.5,-0.14038796267751866,0.5012165339734476,-0.12003713679824699,-0.8464101316662939,-0.051130705827845416,-0.8464101316662939,-0.8464101316662939,-0.8464101316662939,-0.8464101316662939,-0.2627332387444189,-0.2627332387444189,-0.2627332387444189,-0.2627332387444189,1.0
11500,42.962509016999775,1.7736874293310063,-0.303818366906818,0.22539584338665009,0.05667681246995926,1.104659784520183,-0.1339851778516943,0.011676735188812022,0.007641113332938402,0.22539584338665009,-0.05667681246995926,8.493425369262695,-3.0898799896240234,0.011676735188812022,0.007641113332938402,0.6690276448108233,0.4378035447585123,0.22539584338665009,-0.05667681246995926,8.493425369262695,-3.0898799896240234,-0.602466776996531,-0.05720572703139129,165.76044986373194,5.609592801903982,-0.0012288083854087829,-0.020922314782663095,-0.5,0.24366782082294092,-0.5012288083854087,0.22274550604027782,1.1036955853819397,0.16553977900888653,1.1036955853819397,1.1036955853819397,1.1036955853819397,1.1036955853819397,0.4414636753543715,0.4414636753543715,0.4414636753543715,0.4414636753543715,1.0
11550,43.11231599299981,1.4174268966572567,0.820219968427936,-0.0693567618727684,0.008440602570772171,1.104659784520183,-0.1339851778516943,0.005458815898746253,-0.011977056537289173,-0.0693567618727684,-0.008440602570772171,4.601822376251221,0.35110923647880554,0.005458815898746253,-0.011977056537289173,0.31276711213707364,-0.6862347905762417,-0.0693567618727684,-0.008440602570772171,4.601822376251221,0.35110923647880554,0.11535277857536674,0.16353784076040506,165.7692277454597,5.609396745958723,-0.0005744416190527075,0.0327953456183353,-0.5,0.05016796434763487,-0.5005744416190527,0.08296330996597018,0.385221663043686,0.24650115072637524,0.385221663043686,0.385221663043686,0.385221663043686,0.385221663043686,0.34280656648729674,0.34280656648729674,0.34280656648729674,0.34280656648729674,1.0
11600,43.25942179200001,1.1097168427078388,0.8266569948338499,-0.009209062904119492,-0.036301176995038986,1.104659784520183,-0.1339851778516943,8.826231583953029e-05,-0.012089403842110187,-0.009209062904119492,0.036301176995038986,5.692636966705322,0.2682657241821289,8.826231583953029e-05,-0.012089403842110187,0.00505705818765576,-0.6926718169821556,-0.009209062904119492,0.036301176995038986,5.692636966705322,0.2682657241821289,-0.007259384993254379,0.1278057272146781,165.77168208614142,5.609390514214164,-9.287920608826086e-06,0.0331029947036246,-0.5,-0.18618796898646298,-0.5000092879206088,-0.15308497428283838,0.5072686729138632,-0.025279247068160288,0.5072686729138632,0.5072686729138632,0.5072686729138632,0.5072686729138632,0.10153792116030552,0.10153792116030552,0.10153792116030552,0.10153792116030552,1.0
11650,43.41057231900004,0.9460873881440186,0.8934123822954985,-0.04281167313456535,-0.02588614821434021,1.104659784520183,-0.1339851778516943,-0.002767610419541596,-0.013254505146760496,-0.04281167313456535,0.02588614821434021,1.1180520057678223,0.41909337043762207,-0.002767610419541596,-0.013254505146760496,-0.15857239637616455,-0.7594272044438042,-0.04281167313456535,0.02588614821434021,1.1180520057678223,0.41909337043762207,0.16022473872959261,0.14557035252254102,165.77105168020327,5.6093224575141365,0.0002912387985745024,0.03629351649314433,-0.5,-0.14278220376137743,-0.4997087612014255,-0.1064886872682331,0.33948402247183285,0.039081665254307923,0.33948402247183285,0.33948402247183285,0.33948402247183285,0.33948402247183285,0.12395267087226614,0.12395267087226614,0.12395267087226614,0.12395267087226614,1.0
11700,43.47365214599995,0.9894362509285622,0.8150454064405638,0.003170266281813383,-0.013391302898526192,1.104659784520183,-0.1339851778516943,-0.0020110300369560706,-0.011886743393260986,0.003170266281813383,0.013391302898526192,3.371751070022583,0.4405483305454254,-0.0020110300369560706,-0.011886743393260986,-0.11522353359162081,-0.6810602285888695,0.003170266281813383,0.013391302898526192,3.371751070022583,0.4405483305454254,0.055480277337640355,0.11384096103382053,165.77134953979473,5.609401713317182,0.00021162272994448207,0.03254803477492961,-0.5,-0.07848024641961686,-0.49978837727005554,-0.04593221164468725,0.44430809993241516,0.06790874938913329,0.44430809993241516,0.44430809993241516,0.44430809993241516,0.44430809993241516,0.17898577437223706,0.17898577437223706,0.17898577437223706,0.17898577437223706,1.0
11750,43.53570756299996,0.9900763677198394,0.7386734861535075,-0.10299863666296005,0.016567319631576538,1.104659784520183,-0.1339851778516943,-0.0019998578913509833,-0.010553801928181202,-0.10299863666296005,-0.016567319631576538,0.6736733317375183,0.10964804887771606,-0.0019998578913509833,-0.010553801928181202,-0.11458341680034369,-0.6046883083018132,-0.10299863666296005,-0.016567319631576538,0.6736733317375183,0.10964804887771606,0.23137893904689982,0.1660033926740421,165.77135323152027,5.609470654794509,0.0002104470706191074,0.028897990941333215,-0.49999999999801803,0.09591901538506166,-0.4997895529273989,0.12481700632639488,0.2684106138804991,0.290820399000437,0.2684106138804991,0.2684106138804991,0.2684106138804991,0.2684106138804991,0.3579230524705618,0.3579230524705618,0.3579230524705618,0.3579230524705618,1.0
11800,43.688579323999875,0.4556004047880016,0.4511988814764573,-0.053931429982185364,-0.025792885571718216,1.104659784520183,-0.1339851778516943,-0.011328223217278718,-0.005536423560697586,-0.053931429982185364,0.025792885571718216,-13.5283203125,-0.3420267105102539,-0.011328223217278718,-0.005536423560697586,-0.6490593797321814,-0.31721370362476303,-0.053931429982185364,0.025792885571718216,-13.5283203125,-0.3420267105102539,0.33211963017012114,0.029533871898622978,165.76111037792728,5.609656725964605,0.0011921293571110357,0.01515931081199301,0.5,-0.14234899869027492,0.501192129357111,-0.12718968787828192,-0.8333117595272321,-0.09765581597965894,-0.8333117595272321,-0.8333117595272321,-0.8333117595272321,-0.8333117595272321,-0.305983755861467,-0.305983755861467,-0.305983755861467,-0.305983755861467,1.0
11850,43.8468921599997,1.5532819205697492,-0.5701265621915425,0.13589175045490265,-0.044299595057964325,1.104659784520183,-0.1339851778516943,0.007829933371394877,0.012289068165700882,0.13589175045490265,0.044299595057964325,-3.208754301071167,0.8675460815429688,0.007829933371394877,0.012289068165700882,0.44862213604956624,0.7041117400432367,0.13589175045490265,0.044299595057964325,-3.208754301071167,0.8675460815429688,-0.39439986206695626,-0.2919005016922597,165.7666318544033,5.609379295542358,-0.000823967413670434,-0.03364975207158119,0.5,-0.21282252168394022,0.4991760325863296,-0.24647227375552141,-0.10477617051937332,-0.5383727754477811,-0.10477617051937332,-0.10477617051937332,-0.10477617051937332,-0.10477617051937332,-0.5645668180776244,-0.5645668180776244,-0.5645668180776244,-0.5645668180776244,1.0
11900,43.9954435679997,2.005887821015229,-0.5465300195172939,0.04527423530817032,0.012384039349853992,1.104659784520183,-0.1339851778516943,0.01572939654812217,0.011877230803947897,0.04527423530817032,-0.012384039349853992,-1.0946204662322998,1.3167386054992676,0.01572939654812217,0.011877230803947897,0.901228036495046,0.6805151973689882,0.04527423530817032,-0.012384039349853992,-1.0946204662322998,1.3167386054992676,-0.28211072277267596,-0.19743718725108578,165.75129974458892,5.609402234335325,-0.0016553534230388932,-0.032521985804301115,0.5,0.0728211997855757,0.4983446465769611,0.04029921398127459,-0.21623392380428513,-0.1571379732698112,-0.21623392380428513,-0.21623392380428513,-0.21623392380428513,-0.21623392380428513,-0.21119645422088246,-0.21119645422088246,-0.21119645422088246,-0.21119645422088246,1.0
11950,44.14329796899983,1.9241861653805943,-0.21577294629690916,-0.15959730744361877,0.08733081817626953,1.104659784520183,-0.1339851778516943,0.014303433652967216,0.006104430851992219,-0.15959730744361877,-0.08733081817626953,9.293845176696777,-0.47453010082244873,0.014303433652967216,0.006104430851992219,0.8195263808604113,0.34975812414860347,-0.15959730744361877,-0.08733081817626953,9.293845176696777,-0.47453010082244873,0.0017209441785145385,0.20937339538855382,165.75482784314343,5.609641486084298,-0.0015052645417008923,-0.016714601587959527,-0.5,0.2822967631963489,-0.5015052645417009,0.2655821616083894,0.4997843203631863,0.4749555569969432,0.4997843203631863,0.4997843203631863,0.4997843203631863,0.4997843203631863,0.5999016370877398,0.5999016370877398,0.5999016370877398,0.5999016370877398,1.0
12000,44.29276374999972,0.5751190569488516,0.39688908585835053,-0.03370019420981407,-0.015248214825987816,1.104659784520183,-0.1339851778516943,-0.009242229219526051,-0.004588538811076433,-0.03370019420981407,0.015248214825987816,1.381706714630127,1.2947551012039185,-0.009242229219526051,-0.004588538811076433,-0.5295407275713315,-0.2629039080066562,-0.03370019420981407,0.015248214825987816,1.381706714630127,1.2947551012039185,0.2897097698818032,0.022082192381981322,165.76464547825535,5.609678846331615,0.0009725952952380359,0.012563873089111563,-0.5,-0.08875470780932151,-0.499027404704762,-0.07619083472020995,0.2093176348229588,-0.054108642338228624,0.2093176348229588,0.2093176348229588,0.2093176348229588,0.2093176348229588,-0.0017792336324889274,-0.0017792336324889274,-0.0017792336324889274,-0.0017792336324889274,1.0
12050,44.382956250999996,0.6900742356096338,0.2919399475686518,0.04385218396782875,-0.010406320914626122,1.104659784520183,-0.1339851778516943,-0.007235882859677075,-0.00275683080079034,0.04385218396782875,0.010406320914626122,4.456313133239746,1.5576443672180176,-0.007235882859677075,-0.00275683080079034,-0.4145855489105493,-0.1579547697169575,0.04385218396782875,0.010406320914626122,4.456313133239746,1.5576443672180176,0.048502447684865696,0.033175860049254983,165.76736918882267,5.609709857212816,0.0007614514423658918,0.007548450592224671,-0.5,-0.06155174387284953,-0.4992385485576341,-0.05400329328062486,0.4507361008727684,-0.020827433231369874,0.4507361008727684,0.4507361008727684,0.4507361008727684,0.4507361008727684,0.09185659198682222,0.09185659198682222,0.09185659198682222,0.09185659198682222,1.0
12100,44.437508221999906,0.7933969084227968,0.2719488643220972,-0.01074525248259306,0.02945711463689804,1.104659784520183,-0.1339851778516943,-0.005432562027126549,-0.0024079205770976843,-0.01074525248259306,-0.02945711463689804,1.5022624731063843,1.7714422941207886,-0.005432562027126549,-0.0024079205770976843,-0.31126287609738634,-0.13796368647040286,-0.01074525248259306,-0.02945711463689804,1.5022624731063843,1.7714422941207886,0.12711517223251553,0.0927809529822935,165.76925130281973,5.609714010652197,0.000571678820021532,0.006593100128745909,-0.5,0.1587835364978031,-0.4994283211799785,0.16537663662654903,0.3723131489474629,0.2581575896088425,0.3723131489474629,0.3723131489474629,0.3723131489474629,0.3723131489474629,0.35123587684570823,0.35123587684570823,0.35123587684570823,0.35123587684570823,1.0
12150,44.57535530999985,0.8138759499886107,0.39787957000970814,0.05412495136260986,-0.007365912664681673,1.104659784520183,-0.1339851778516943,-0.005075135324150321,-0.004605826020706446,0.05412495136260986,0.007365912664681673,4.125401496887207,1.5760748386383057,-0.005075135324150321,-0.004605826020706446,-0.29078383453157236,-0.26389439215801386,0.05412495136260986,0.007365912664681673,4.125401496887207,1.5760748386383057,-0.011360426897362719,0.07241963912698514,165.76956072050407,5.60967847998655,0.0005340654666560309,0.012611207668355454,-0.5,-0.043878507418887165,-0.499465934533344,-0.03126729975053171,0.5108263614307067,0.04115233937645343,0.5108263614307067,0.5108263614307067,0.5108263614307067,0.5108263614307067,0.1688589297341301,0.1688589297341301,0.1688589297341301,0.1688589297341301,1.0
12200,44.72354155999983,0.858143526577374,0.3732819243743766,0.020321255549788475,0.01963011920452118,1.104659784520183,-0.1339851778516943,-0.004302520360797641,-0.004176516116131098,0.020321255549788475,-0.01963011920452118,3.3353426456451416,1.6501531600952148,-0.004302520360797641,-0.004176516116131098,-0.24651625794280901,-0.2392967465226823,0.020321255549788475,-0.01963011920452118,3.3353426456451416,1.6501531600952148,0.050741020606515794,0.06914627046994325,165.77015762984757,5.60968717009321,0.00045276074393938706,0.011435704114327361,-0.5,0.11208046505070489,-0.4995472392560606,0.12351616916503225,0.4488062186495448,0.19266243963497548,0.4488062186495448,0.4488062186495448,0.4488062186495448,0.4488062186495448,0.30486399429736166,0.30486399429736166,0.30486399429736166,0.30486399429736166,1.0
12250,44.869260870999824,0.8901058236852718,0.4432265032503186,0.014723094180226326,-0.011536515317857265,1.104659784520183,-0.1339851778516943,-0.0037446730397641646,-0.00539727931143716,0.014723094180226326,0.011536515317857265,3.8666815757751465,1.355452537536621,-0.0037446730397641646,-0.00539727931143716,-0.21455396083491132,-0.3092413253986243,0.014723094180226326,0.011536515317857265,3.8666815757751465,1.355452537536621,0.03626545291734827,0.04576646639047138,165.77052746756036,5.609660232478883,0.0003940570398402464,0.014778313712173585,-0.5,-0.06801637009548514,-0.49960594296015975,-0.053238056383311555,0.46334049004281147,-0.007471589992840172,0.46334049004281147,0.46334049004281147,0.46334049004281147,0.46334049004281147,0.1083635325178627,0.1083635325178627,0.1083635325178627,0.1083635325178627,1.0
12300,45.019235665,0.979046039097092,0.4739974125957252,0.09181243181228638,0.03383854776620865,1.104659784520183,-0.1339851778516943,-0.002192373443394898,-0.005934332993347198,0.09181243181228638,-0.03383854776620865,3.5987977981567383,1.331552267074585,-0.002192373443394898,-0.005934332993347198,-0.12561374542309114,-0.3400122347440309,0.09181243181228638,-0.03383854776620865,3.5987977981567383,1.331552267074585,-0.07083855251042755,0.10885594282510182,165.77128674045034,5.609646205881781,0.00023070573857255595,0.0162488468583641,-0.5,0.17682485040874166,-0.49976929426142747,0.19307369726710577,0.570607846771855,0.3019296400922076,0.570607846771855,0.570607846771855,0.570607846771855,0.570607846771855,0.44458160178517137,0.44458160178517137,0.44458160178517137,0.44458160178517137,1.0
12350,45.204450255999745,1.3346584508516306,0.6915375502784562,-0.006288180127739906,0.019491620361804962,1.104659784520183,-0.1339851778516943,0.004014234002679588,-0.009731124651152643,-0.006288180127739906,-0.019491620361804962,5.6572041511535645,1.1702715158462524,0.004014234002679588,-0.009731124651152643,0.22999866633144758,-0.5575523724267619,-0.006288180127739906,-0.019491620361804962,5.6572041511535645,1.1702715158462524,-0.016195570476906854,0.18924208505552925,165.77035515813327,5.6095091175797105,-0.0004224235986312245,0.026645260911036337,-0.5,0.11136472157232526,-0.5004224235986312,0.1380099824833616,0.5166179940755381,0.32725206753889086,0.5166179940755381,0.5166179940755381,0.5166179940755381,0.5166179940755381,0.4564065660577754,0.4564065660577754,0.4564065660577754,0.4564065660577754,1.0
12400,45.35924456199973,1.1952292102908117,0.7879299289615834,-0.0056865219958126545,0.037926867604255676,1.104659784520183,-0.1339851778516943,0.001580734681338073,-0.011413489033002409,-0.0056865219958126545,-0.037926867604255676,6.002504825592041,1.215712308883667,0.001580734681338073,-0.011413489033002409,0.09056942577062868,-0.6539447511098891,-0.0056865219958126545,-0.037926867604255676,6.002504825592041,1.215712308883667,0.027197238720461918,0.23207072895041814,165.77147686866422,5.609427128327756,-0.00016634222843969195,0.03125209531912225,-0.5,0.192064387156586,-0.5001663422284397,0.22331648247570823,0.4729691035079778,0.45538721142612637,0.4729691035079778,0.4729691035079778,0.4729691035079778,0.4729691035079778,0.5736294873031208,0.5736294873031208,0.5736294873031208,0.5736294873031208,1.0
12450,45.425077327000054,1.1510473845926439,0.7571421042258104,0.009287366643548012,-0.04639948904514313,1.104659784520183,-0.1339851778516943,0.0008096163533627999,-0.010876140121836216,0.009287366643548012,0.04639948904514313,5.890318870544434,1.594982385635376,0.0008096163533627999,-0.010876140121836216,0.04638760007246073,-0.6231569263741161,0.009287366643548012,0.04639948904514313,5.890318870544434,1.594982385635376,-0.004156480213197908,0.06926941475311484,165.77162872579032,5.60945473381813,-8.519665443728785e-05,0.029780654503588588,-0.5,-0.21889658678339555,-0.5000851966544373,-0.18911593227980697,0.5042416768676352,-0.11984651752669213,0.5042416768676352,0.5042416768676352,0.5042416768676352,0.5042416768676352,0.006213901690216669,0.006213901690216669,0.006213901690216669,0.006213901690216669,1.0
12500,45.4901361039997,1.154012860631193,0.7225467691928728,0.01659414730966091,-0.017359372228384018,1.104659784520183,-0.1339851778516943,0.0008613736741244805,-0.010272337619680912,0.01659414730966091,0.017359372228384018,5.8956732749938965,1.0626164674758911,0.0008613736741244805,-0.010272337619680912,0.049353076111009864,-0.5885615913411785,0.01659414730966091,0.017359372228384018,5.8956732749938965,1.0626164674758911,0.0017371434045638963,0.13611773437762106,165.77162160057202,5.609484165234759,-9.064312627508962e-05,0.02812725656135788,-0.5,-0.10016366096816963,-0.500090643126275,-0.07203640440681175,0.49835349972171117,0.06408132997080931,0.49835349972171117,0.49835349972171117,0.49835349972171117,0.49835349972171117,0.1886697049012371,0.1886697049012371,0.1886697049012371,0.1886697049012371,1.0
12550,45.55504677199997,1.2890850808317784,0.656614793052181,0.058499351143836975,0.004740975797176361,1.104659784520183,-0.1339851778516943,0.003218828644603492,-0.009121607553679497,0.058499351143836975,-0.004740975797176361,6.131696701049805,0.6498415470123291,0.003218828644603492,-0.009121607553679497,0.1844252963115953,-0.5226296152004867,0.058499351143836975,-0.004740975797176361,6.131696701049805,0.6498415470123291,-0.13410668910836934,0.1474237437872414,165.77082914069294,5.6095356025200145,-0.00033872130885674053,0.024976242711976078,-0.5,0.028360910487632743,-0.5003387213088567,0.05333715319960882,0.634445410417226,0.20076089698685023,0.634445410417226,0.634445410417226,0.634445410417226,0.634445410417226,0.35937224959115677,0.35937224959115677,0.35937224959115677,0.35937224959115677,1.0
12600,45.685800151999956,1.3232544895369422,0.7389664905967305,-0.05961713194847107,-0.034004926681518555,1.104659784520183,-0.1339851778516943,0.0038151973299682153,-0.010558915820438415,-0.05961713194847107,0.034004926681518555,7.386000633239746,0.037107184529304504,0.0038151973299682153,-0.010558915820438415,0.21859470501675926,-0.6049813127450362,-0.05961713194847107,0.034004926681518555,7.386000633239746,0.037107184529304504,0.046240598878529916,0.17392848384003923,165.77048354328358,5.609470405947231,-0.0004014784775748974,0.028911994355323774,-0.5,-0.17747503466544712,-0.5004014784775749,-0.14856304031012335,0.45416087959904494,0.025365443529915876,0.45416087959904494,0.45416087959904494,0.45416087959904494,0.45416087959904494,0.1389056634296771,0.1389056634296771,0.1389056634296771,0.1389056634296771,1.0
12650,45.83222339799977,1.183451509562477,0.7453268908178933,-0.0020763033535331488,3.9721373468637466e-05,1.104659784520183,-0.1339851778516943,0.0013751750253140974,-0.010669925746042282,-0.0020763033535331488,-3.9721373468637466e-05,8.322929382324219,-0.049615535885095596,0.0013751750253140974,-0.010669925746042282,0.07879172504229393,-0.611341712966199,-0.0020763033535331488,-3.9721373468637466e-05,8.322929382324219,-0.049615535885095596,0.005003734185562696,0.19006392622524074,165.77152692758338,5.60946497437952,-0.00014471095940039066,0.0292159740381586,-0.5,0.0002383281906743279,-0.5001447109594004,0.029454302228832926,0.49514097677383767,0.21951822845407365,0.49514097677383767,0.49514097677383767,0.49514097677383767,0.49514097677383767,0.3433034726475331,0.3433034726475331,0.3433034726475331,0.3433034726475331,1.0
12700,45.97978547699995,1.2432086211675069,0.8493480571953959,0.04746098443865776,0.028378568589687347,1.104659784520183,-0.1339851778516943,0.0024181333743035806,-0.012485437591094524,0.04746098443865776,-0.028378568589687347,7.7916789054870605,-0.11412110924720764,0.0024181333743035806,-0.012485437591094524,0.13854883664732373,-0.7153628793437016,0.04746098443865776,-0.028378568589687347,7.7916789054870605,-0.11412110924720764,-0.12249077228486299,0.2464794222745964,165.7712009877652,5.609368082769958,-0.00025446277848980577,0.03418748866389831,-0.5,0.1540720350300258,-0.5002544627784898,0.18825952369392412,0.6227452350633529,0.43473894596852053,0.6227452350633529,0.6227452350633529,0.6227452350633529,0.6227452350633529,0.5904252547343587,0.5904252547343587,0.5904252547343587,0.5904252547343587,1.0
12750,46.12701602399966,1.345996458152146,1.194667000344755,0.01642799563705921,-0.012783436104655266,1.104659784520183,-0.1339851778516943,0.004212119560688735,-0.01851239011855796,0.01642799563705921,0.012783436104655266,9.5346097946167,-0.9543665051460266,0.004212119560688735,-0.01851239011855796,0.24133667363196296,-1.0606818224930608,0.01642799563705921,0.012783436104655266,9.5346097946167,-0.9543665051460266,-0.055832553331358024,0.3324582882634091,165.77022104453118,5.608937500412142,-0.00044324761791855836,0.05069273704738546,-0.5,-0.07507197014054888,-0.5004432476179186,-0.02437923309316342,0.5562758009492766,0.3080790551702457,0.5562758009492766,0.5562758009492766,0.5562758009492766,0.5562758009492766,0.44714800540756483,0.44714800540756483,0.44714800540756483,0.44714800540756483,1.0
12800,46.27728037299994,1.1768154471752805,1.4873660060457774,-0.025821490213274956,-0.0019256174564361572,1.104659784520183,-0.1339851778516943,0.0012593538872897637,-0.023620951485354452,-0.025821490213274956,0.0019256174564361572,6.8830037117004395,-1.1288193464279175,0.0012593538872897637,-0.023620951485354452,0.07215566265509743,-1.3533808281940831,-0.025821490213274956,0.0019256174564361572,6.8830037117004395,-1.1288193464279175,0.09404918129241885,0.36271985361531933,165.77155206630871,5.608441437031601,-0.00013252297891628981,0.06468498262418118,-0.5,-0.011547995969883313,-0.5001325229789163,0.05313698665429787,0.40608334168649746,0.4158568402696172,0.40608334168649746,0.40608334168649746,0.40608334168649746,0.40608334168649746,0.5173776756912416,0.5173776756912416,0.5173776756912416,0.5173776756912416,1.0
12850,46.428088527,0.9439222181771245,1.2383168183396025,-0.07938794046640396,-0.01661987416446209,1.104659784520183,-0.1339851778516943,-0.0028053997643291938,-0.019274223160464315,-0.07938794046640396,0.01661987416446209,3.879863739013672,-1.7541747093200684,-0.0028053997643291938,-0.019274223160464315,-0.1607375663430586,-1.1043316404879082,-0.07938794046640396,0.01661987416446209,3.879863739013672,-1.7541747093200684,0.27186346715577714,0.2699235200410448,165.7710343297343,5.608871154041404,0.00029521543493009843,0.05277924621096864,-0.5,-0.09620201232292182,-0.4997047845650699,-0.04342276611195318,0.22784131740929275,0.22650075392909164,0.22784131740929275,0.22784131740929275,0.22784131740929275,0.22784131740929275,0.28346108328141484,0.28346108328141484,0.28346108328141484,0.28346108328141484,1.0
12900,46.492861105999964,0.7510843134013909,1.1454701082485053,-0.096096932888031,-0.03993241488933563,1.104659784520183,-0.1339851778516943,-0.006171056125313042,-0.017653742369730024,-0.096096932888031,0.03993241488933563,2.1912434101104736,-1.576682686805725,-0.006171056125313042,-0.017653742369730024,-0.3535754711187922,-1.011484930396811,-0.096096932888031,0.03993241488933563,2.1912434101104736,-1.576682686805725,0.31713258094187025,0.20690486828803611,165.76854532575436,5.609009071672945,0.0006493937947449398,0.048341123257186314,-0.5,-0.19898412471967125,-0.49935060620525507,-0.15064300146248494,0.18221802526338482,0.05626186682555118,0.18221802526338482,0.18221802526338482,0.18221802526338482,0.18221802526338482,0.10181637314139738,0.10181637314139738,0.10181637314139738,0.10181637314139738,1.0
12950,46.54644752199965,0.6560139498486314,1.047189875950957,-0.07362210750579834,-0.03142663836479187,1.104659784520183,-0.1339851778516943,-0.00783034699037671,-0.015938428726512938,-0.07362210750579834,0.03142663836479187,1.251402497291565,-1.2674076557159424,-0.00783034699037671,-0.015938428726512938,-0.4486458346715517,-0.9132046980992627,-0.07362210750579834,0.03142663836479187,1.251402497291565,-1.2674076557159424,0.2900049071962808,0.1751239420658529,165.76663132076357,5.60914187421498,0.0008240109418017063,0.04364347733198585,-0.5,-0.16711232538652865,-0.49917598905819827,-0.1234688480545428,0.20917108186191746,0.051655094011310104,0.20917108186191746,0.20917108186191746,0.20917108186191746,0.20917108186191746,0.10394786447678947,0.10394786447678947,0.10394786447678947,0.10394786447678947,1.0
13000,46.60219240199967,0.5889636369530559,0.9811728959716105,-0.05515601485967636,-0.005287373438477516,1.104659784520183,-0.1339851778516943,-0.009000595714896916,-0.014786215063650162,-0.05515601485967636,0.005287373438477516,0.721605658531189,-1.1476986408233643,-0.009000595714896916,-0.014786215063650162,-0.5156961475671272,-0.8471877181199161,-0.05515601485967636,0.005287373438477516,0.721605658531189,-1.1476986408233643,0.2773220833755451,0.21647346023268113,165.76500863641064,5.609223466297223,0.0009471658938497831,0.04048807280200304,-0.4999999999997086,-0.03160651479770013,-0.4990528341058588,0.00888155800430291,0.22173075073031373,0.22535501823698403,0.22173075073031373,0.22173075073031373,0.22173075073031373,0.22173075073031373,0.2807877059195625,0.2807877059195625,0.2807877059195625,0.2807877059195625,1.0
13050,46.66469307599982,0.5473919573740377,1.0195755278583014,-0.03452998399734497,0.010098688304424286,1.104659784520183,-0.1339851778516943,-0.009726158399134873,-0.01545646743150428,-0.03452998399734497,-0.010098688304424286,1.3553346395492554,0.10292649269104004,-0.009726158399134873,-0.01545646743150428,-0.5572678271461454,-0.8855903500066071,-0.03452998399734497,-0.010098688304424286,1.3553346395492554,0.10292649269104004,0.24594410389636062,0.2601180299726397,165.76388924061152,5.609176747962514,0.001023524125919933,0.04232358814941917,-0.5,0.05978143593909915,-0.49897647587408006,0.10210502408851832,0.25303237197771944,0.36222305406115807,0.25303237197771944,0.25303237197771944,0.25303237197771944,0.25303237197771944,0.4254811470555879,0.4254811470555879,0.4254811470555879,0.4254811470555879,1.0
13100,46.730803856999955,0.46043100271764026,1.1044168293553205,-0.0969911590218544,0.020881932228803635,1.104659784520183,-0.1339851778516943,-0.011243913378566502,-0.016937227484304457,-0.0969911590218544,-0.020881932228803635,-12.622716903686523,1.0766358375549316,-0.011243913378566502,-0.016937227484304457,-0.6442287818025428,-0.9704316515036261,-0.0969911590218544,-0.020881932228803635,-12.622716903686523,1.0766358375549316,0.3917469858601649,0.2917757425830135,165.76126715923752,5.60906619474298,0.0011832562391986276,0.04637881465416241,0.5,0.11848177632236626,0.5011832562391987,0.16486059097652866,-0.8929302420993636,0.45663633355954214,-0.8929302420993636,-0.8929302420993636,-0.8929302420993636,-0.8929302420993636,0.23340377303470125,0.23340377303470125,0.23340377303470125,0.23340377303470125,1.0
13150,46.79565219599999,0.36943583418057185,0.8812824999380847,0.1863224357366562,-0.22508180141448975,1.104659784520183,-0.1339851778516943,-0.012832078672945498,-0.013042798761744055,0.1863224357366562,0.22508180141448975,-4.076281547546387,2.8233230113983154,-0.012832078672945498,-0.013042798761744055,-0.7352239503396113,-0.7472973220863904,0.1863224357366562,0.22508180141448975,-4.076281547546387,2.8233230113983154,-0.15093755897687794,-0.236302342162587,165.75811707665795,5.609335289028448,0.0013504042967329274,0.035713773024768636,0.5,-0.2999262050811826,0.5013504042967329,-0.264212432056414,-0.350412845319855,-0.500514774219001,-0.350412845319855,-0.350412845319855,-0.350412845319855,-0.350412845319855,-0.5881179855489648,-0.5881179855489648,-0.5881179855489648,-0.5881179855489648,1.0
13200,46.8613083729997,0.9169062586887853,0.08761149015420147,0.07025302201509476,-0.11263880878686905,1.104659784520183,-0.1339851778516943,-0.003276917207986115,0.0008093735366128383,0.07025302201509476,0.11263880878686905,-6.668953895568848,-0.1422426998615265,-0.003276917207986115,0.0008093735366128383,-0.1877535258313978,0.046373687697492845,0.07025302201509476,0.11263880878686905,-6.668953895568848,-0.1422426998615265,-0.06981482860623246,-0.22277925771209517,165.77079805421798,5.609725864550509,0.00034483408301629097,-0.0022161337534093955,0.5,-0.29344393618236764,0.5003448340830163,-0.29566006993577704,-0.4305300054767839,-0.5184393276478723,-0.4305300054767839,-0.4305300054767839,-0.4305300054767839,-0.4305300054767839,-0.6260718290170683,-0.6260718290170683,-0.6260718290170683,-0.6260718290170683,1.0
13250,46.97967390799977,1.386728824876046,-0.3739263367143114,0.06419245898723602,-0.07013418525457382,1.104659784520183,-0.1339851778516943,0.004923033472150569,0.008864728237967938,0.06419245898723602,0.07013418525457382,-3.9809556007385254,0.8904299139976501,0.004923033472150569,0.008864728237967938,0.2820690403558631,0.5079115145660057,0.06419245898723602,0.07013418525457382,-3.9809556007385254,0.8904299139976501,-0.20033521150369715,-0.2572758113955326,165.76968600742572,5.609546251578769,-0.0005180592595064758,-0.024272843676334695,0.5,-0.2657791083697271,0.4994819407404935,-0.2900519520460618,-0.29914672923679636,-0.5473277634415945,-0.29914672923679636,-0.29914672923679636,-0.29914672923679636,-0.29914672923679636,-0.6221144457507936,-0.6221144457507936,-0.6221144457507936,-0.6221144457507936,1.0
13300,47.16387963499983,1.6257257883929606,-0.7319313957516174,-0.003593339119106531,-0.04065226763486862,1.104659784520183,-0.1339851778516943,0.009094317387789493,0.015113095256965607,-0.003593339119106531,0.04065226763486862,-4.053040504455566,0.5111056566238403,0.009094317387789493,0.015113095256965607,0.5210660038727776,0.8659165736033116,-0.003593339119106531,0.04065226763486862,-4.053040504455566,0.5111056566238403,-0.1080607553399542,-0.3105962129811679,165.76486892136083,5.609200940568813,-0.0009570291073935305,-0.041383245065969736,0.5,-0.201380040345932,0.49904297089260646,-0.24276328541190173,-0.3909822155526523,-0.5533594983930696,-0.3909822155526523,-0.3909822155526523,-0.3909822155526523,-0.3909822155526523,-0.6511050522812327,-0.6511050522812327,-0.6511050522812327,-0.6511050522812327,1.0
13350,47.36429746099975,1.540613627206668,-0.9087418347530929,-0.0123400017619133,-0.013137797825038433,1.104659784520183,-0.1339851778516943,0.007608829941600562,0.018199019569437952,-0.0123400017619133,0.013137797825038433,-3.7414207458496094,0.8738211393356323,0.007608829941600562,0.018199019569437952,0.43595384268648485,1.0427270126047872,-0.0123400017619133,0.013137797825038433,-3.7414207458496094,0.8738211393356323,-0.06709159596745563,-0.277424040474877,165.76691308091236,5.60896401470786,-0.00080069913258837,-0.04983449006428083,0.5,-0.07706143801238977,0.49919930086741165,-0.1268959280766706,-0.43210770489995604,-0.4043199685515476,-0.43210770489995604,-0.43210770489995604,-0.43210770489995604,-0.43210770489995604,-0.5123468947765366,-0.5123468947765366,-0.5123468947765366,-0.5123468947765366,1.0
13400,47.55796971399968,1.4373054151846385,-1.126837032027593,-0.002299317391589284,-0.03801411762833595,1.104659784520183,-0.1339851778516943,0.005805761497467761,0.022005498844664545,-0.002299317391589284,0.03801411762833595,-3.7493865489959717,0.9895633459091187,0.005805761497467761,0.022005498844664545,0.3326456306644555,1.2608222098792876,-0.002299317391589284,0.03801411762833595,-3.7493865489959717,0.9895633459091187,-0.07255501024656388,-0.40014176489896275,165.76890576718512,5.608611307717393,-0.0006109521555143806,-0.06026004861260584,0.5,-0.19237297274531237,0.4993890478444856,-0.2526330213579182,-0.4268340375979217,-0.6527747862568809,-0.4268340375979217,-0.4268340375979217,-0.4268340375979217,-0.4268340375979217,-0.7594832956563613,-0.7594832956563613,-0.7594832956563613,-0.7594832956563613,1.0
13450,47.74256499400008,1.716334330870409,-1.1500080219000384,0.03808746114373207,0.02640095353126526,1.104659784520183,-0.1339851778516943,0.010675734784454109,0.022409908908884973,0.03808746114373207,-0.02640095353126526,-2.1334991455078125,1.5255227088928223,0.010675734784454109,0.022409908908884973,0.611674546350226,1.2839931997517327,0.03808746114373207,-0.02640095353126526,-2.1334991455078125,1.5255227088928223,-0.22565324116134464,-0.2845478914676937,165.76229319459688,5.608569911071643,-0.0011234591904815472,-0.0613677578646536,0.5,0.14515962076098007,0.49887654080951843,0.08379186289632648,-0.2732232996481738,-0.20075602857136723,-0.2732232996481738,-0.2732232996481738,-0.2732232996481738,-0.2732232996481738,-0.2690618534834107,-0.2690618534834107,-0.2690618534834107,-0.2690618534834107,1.0
13500,47.85494368699983,1.8610367976355953,-1.017843114408351,0.05759193003177643,-0.028048085048794746,1.104659784520183,-0.1339851778516943,0.013201269265264274,0.02010319611756131,0.05759193003177643,0.028048085048794746,-0.2532944679260254,2.130768299102783,0.013201269265264274,0.02010319611756131,0.7563770131154122,1.1518282922600456,0.05759193003177643,0.028048085048794746,-0.2532944679260254,2.130768299102783,-0.2671982636671085,-0.3593976991798389,165.75732526669242,5.608795921663798,-0.0013892610693682973,-0.05504968931201397,0.4999602069590265,-0.15260718806748008,0.49857094588965817,-0.20765687737949406,-0.23137268222254964,-0.5670545765593329,-0.23137268222254964,-0.23137268222254964,-0.23137268222254964,-0.23137268222254964,-0.6248977471149703,-0.6248977471149703,-0.6248977471149703,-0.6248977471149703,1.0
13550,47.91032498200002,2.0108612659480563,-1.048538731590329,0.06249302998185158,-0.025802817195653915,1.104659784520183,-0.1339851778516943,0.01581619953736663,0.020638935703318567,0.06249302998185158,0.025802817195653915,9.500514030456543,0.45721566677093506,0.01581619953736663,0.020638935703318567,0.906201481427873,1.1825239094420232,0.06249302998185158,0.025802817195653915,9.500514030456543,0.45721566677093506,-0.3186276000526578,-0.31493298099225603,165.75107416074476,5.608745616485807,-0.0016644900296806419,-0.05651703582563,-0.5,-0.14239516762491544,-0.5016644900296806,-0.19891220345054544,0.8202920900823384,-0.5138451844428015,0.8202920900823384,0.8202920900823384,0.8202920900823384,0.8202920900823384,-0.3087721619222169,-0.3087721619222169,-0.3087721619222169,-0.3087721619222169,1.0
13600,48.031304697999985,1.0069431997100686,-0.04974826978916967,-0.1168324202299118,0.04191597178578377,1.104659784520183,-0.1339851778516943,-0.0017054761387407767,0.0032067536073736845,-0.1168324202299118,-0.04191597178578377,3.0279955863952637,1.8411518335342407,-0.0017054761387407767,0.0032067536073736845,-0.09771658481011454,0.183733447640864,-0.1168324202299118,-0.04191597178578377,3.0279955863952637,1.8411518335342407,0.33395005043998716,0.036298300285880894,165.77144309652115,5.609703672920959,0.00017946891608806474,-0.00878038544127771,-0.5,0.2054753694946832,-0.49982053108391195,0.1966949840534055,0.1658704806439248,0.2329932843392864,0.1658704806439248,0.1658704806439248,0.1658704806439248,0.1658704806439248,0.2744609045002676,0.2744609045002676,0.2744609045002676,0.2744609045002676,1.0
13650,48.17840212400006,0.32517129916042325,0.01798881062332274,-0.016567355021834373,0.059752825647592545,1.104659784520183,-0.1339851778516943,-0.013604640550911425,0.002024518528487533,-0.016567355021834373,-0.059752825647592545,2.3335788249969482,-0.029946545138955116,-0.013604640550911425,0.002024518528487533,-0.7794884853597599,0.11599636722837157,-0.016567355021834373,-0.059752825647592545,2.3335788249969482,-0.029946545138955116,0.27854194742956745,0.07381030330064292,165.75643447715592,5.609717927548683,0.0014317157397021698,-0.005543309010445588,-0.5,0.24964215514124963,-0.4985682842602978,0.24409884613080404,0.22002633683073036,0.317909149431447,0.22002633683073036,0.22002633683073036,0.22002633683073036,0.22002633683073036,0.37291573363912955,0.37291573363912955,0.37291573363912955,0.37291573363912955,1.0
13700,48.33610007700008,-0.18824210793902738,-0.00380494772558102,-0.047146644443273544,0.017731526866555214,1.104659784520183,-0.1339851778516943,-0.02256539492867887,0.002404891368059907,-0.047146644443273544,-0.017731526866555214,1.9942560195922852,-0.10033036023378372,-0.02256539492867887,0.002404891368059907,-1.2929018924592104,0.13779012557727532,-0.047146644443273544,-0.017731526866555214,1.9942560195922852,-0.10033036023378372,0.4684904775472357,-0.0017043666325320499,165.72973388076784,5.609714044254803,0.0023749756933271905,-0.006584805862258485,-0.5,0.10214271826022595,-0.4976250243066728,0.09555791239796746,0.029134546759437108,0.0938535457654354,0.029134546759437108,0.029134546759437108,0.029134546759437108,0.029134546759437108,0.10113718245529468,0.10113718245529468,0.10113718245529468,0.10113718245529468,1.0
13750,48.49498721300006,-0.6762458773047083,-0.16040851344205684,-0.055256783962249756,0.02492941915988922,1.104659784520183,-0.1339851778516943,-0.03108266746625304,0.005138139210175722,-0.055256783962249756,-0.02492941915988922,-6.915761947631836,-0.4483323395252228,-0.03108266746625304,0.005138139210175722,-1.7809056618248915,0.29439369129375115,-0.055256783962249756,-0.02492941915988922,-6.915761947631836,-0.4483323395252228,0.6377855238416283,-0.007274214609452032,165.6920935205129,5.609666525072028,0.0032719004741603927,-0.014068751705724193,0.5,0.13830188114897954,0.5032719004741604,0.12423312944325535,-1.1410574243157887,0.11695891483380332,-1.1410574243157887,-1.1410574243157887,-1.1410574243157887,-1.1410574243157887,-0.16830544124514385,-0.16830544124514385,-0.16830544124514385,-0.16830544124514385,1.0
13800,48.691856345999895,1.5227961182613377,-1.1193809200531721,0.051990751177072525,0.03893066197633743,1.104659784520183,-0.1339851778516943,0.007297855746001006,0.021875365141313524,0.051990751177072525,-0.03893066197633743,7.743951320648193,-1.0281212329864502,0.007297855746001006,0.021875365141313524,0.41813633374115455,1.2533660979048666,0.051990751177072525,-0.03893066197633743,7.743951320648193,-1.0281212329864502,-0.3428675309170752,-0.21645530059310464,165.76729498473546,5.6086244683074185,-0.0007679732446006089,-0.0599036058026925,-0.5,0.19557300628803662,-0.5007679732446007,0.13566940048534412,0.8436355041616759,-0.08078590010776052,0.8436355041616759,0.8436355041616759,0.8436355041616759,0.8436355041616759,0.13012297593265845,0.13012297593265845,0.13012297593265845,0.13012297593265845,1.0
13850,48.88290276299995,0.344118804206994,0.3870382188474732,-0.0418415367603302,-0.10362549126148224,1.104659784520183,-0.1339851778516943,-0.013273944202810525,-0.0044166087475605315,-0.0418415367603302,0.10362549126148224,-7.380640506744385,-0.7152770161628723,-0.013273944202810525,-0.0044166087475605315,-0.7605409803131892,-0.25305304099577886,-0.0418415367603302,0.10362549126148224,-7.380640506744385,-0.7152770161628723,0.3452089027562665,-0.014669877208639825,165.75716675400284,5.609682414837645,0.0013969100446818174,0.01209310699836027,0.5,-0.29064237917870006,0.5013969100446818,-0.2785492721803398,-0.8466058128009483,-0.29321914938897964,-0.8466058128009483,-0.8466058128009483,-0.8466058128009483,-0.8466058128009483,-0.5048706025892167,-0.5048706025892167,-0.5048706025892167,-0.5048706025892167,1.0
13900,48.941200899999785,0.7652420682512109,-0.14910553754146422,0.11831823736429214,-0.09244751930236816,1.104659784520183,-0.1339851778516943,-0.005923956688493489,0.00494086506543681,0.11831823736429214,0.09244751930236816,-5.694643020629883,-4.795794486999512,-0.005923956688493489,0.00494086506543681,-0.33941771626897227,0.2830907153931585,0.11831823736429214,0.09244751930236816,-5.694643020629883,-4.795794486999512,-0.1743575895672004,-0.18668628343236,165.76879154841583,5.609671107875204,0.0006233903626687641,-0.013528588312164433,0.5,-0.2854941018286167,0.5006233903626688,-0.2990226901407811,-0.3262658007954684,-0.4857089735731411,-0.3262658007954684,-0.3262658007954684,-0.3262658007954684,-0.3262658007954684,-0.5672754237720081,-0.5672754237720081,-0.5672754237720081,-0.5672754237720081,1.0
13950,48.99635251399968,1.2282733453302161,-0.20476342840678907,0.1052798479795456,-0.039143506437540054,1.104659784520183,-0.1339851778516943,0.002157463636249305,0.005912278515752404,0.1052798479795456,0.039143506437540054,-3.921227216720581,-0.8360036015510559,0.002157463636249305,0.005912278515752404,0.12361356081003302,0.33874860625848335,0.1052798479795456,0.039143506437540054,-3.921227216720581,-0.8360036015510559,-0.2278832764551917,-0.1400353339183602,165.7712992508931,5.609646808071903,-0.00022703213185581493,-0.016188458275710468,0.5,-0.19630530007733704,0.4997729678681442,-0.2124937583530475,-0.2718896914129525,-0.3525290922714077,-0.2718896914129525,-0.2718896914129525,-0.2718896914129525,-0.2718896914129525,-0.42050151512464584,-0.42050151512464584,-0.42050151512464584,-0.42050151512464584,1.0
14000,49.123803142999805,1.4344573330224488,-0.16890063971556443,-0.0545816607773304,-0.0031049400568008423,1.104659784520183,-0.1339851778516943,0.005756053086370231,0.005286354774143546,-0.0545816607773304,0.0031049400568008423,-5.545717239379883,-2.490269899368286,0.005756053086370231,0.005286354774143546,0.3297975485022658,0.30288581756725874,-0.0545816607773304,0.0031049400568008423,-5.545717239379883,-2.490269899368286,0.05053382363122884,-0.06662540732510053,165.76895311566534,5.609662963907222,-0.0006057211227661655,-0.014474586570226806,0.5,-0.018605730302334977,0.4993942788772338,-0.033080316872561785,-0.5499281025084627,-0.09970572419766231,-0.5499281025084627,-0.5499281025084627,-0.5499281025084627,-0.5499281025084627,-0.23718774982477797,-0.23718774982477797,-0.23718774982477797,-0.23718774982477797,1.0
14050,49.31167655699983,1.5023417294095593,-0.3048032481686221,0.041867464780807495,-0.004468126222491264,1.104659784520183,-0.1339851778516943,0.006940859314054252,0.00765830275369808,0.041867464780807495,0.004468126222491264,-3.8875112533569336,-1.9733233451843262,0.006940859314054252,0.00765830275369808,0.39768194488937625,0.4387884260203164,0.041867464780807495,0.004468126222491264,-3.8875112533569336,-1.9733233451843262,-0.15873177136997002,-0.12404764900087027,165.7677137624717,5.609592195758171,-0.0007304043109383032,-0.020969382892625996,0.5,-0.026737622668601257,0.4992695956890617,-0.047707005561227256,-0.3405378243190917,-0.17175465456209754,-0.3405378243190917,-0.3405378243190917,-0.3405378243190917,-0.3405378243190917,-0.2568891106418705,-0.2568891106418705,-0.2568891106418705,-0.2568891106418705,1.0
14100,49.45840119700006,1.7416285490793761,-0.1902448741501485,0.033510129898786545,0.009975018911063671,1.104659784520183,-0.1339851778516943,0.011117202173918487,0.005658881941344589,0.033510129898786545,-0.009975018911063671,-4.0471601486206055,-2.0423011779785156,0.011117202173918487,0.005658881941344589,0.6369687645591932,0.32423005200184285,0.033510129898786545,-0.009975018911063671,-4.0471601486206055,-2.0423011779785156,-0.21167945247649972,-0.06238245890298116,165.76150058673736,5.609653566107533,-0.0011699206565844488,-0.015494619943194838,0.5,0.05906853447173613,0.49883007934341556,0.04357391452854129,-0.28715062686691584,-0.018808544374439864,-0.28715062686691584,-0.28715062686691584,-0.28715062686691584,-0.28715062686691584,-0.09059620109116882,-0.09059620109116882,-0.09059620109116882,-0.09059620109116882,1.0
14150,49.608273173999805,1.783008503113958,-0.08225953668150063,-0.015974927693605423,0.004427341278642416,1.104659784520183,-0.1339851778516943,0.01183941861614585,0.0037741822586394845,-0.015974927693605423,-0.004427341278642416,-4.3059844970703125,-2.012061595916748,0.01183941861614585,0.0037741822586394845,0.6783487185937749,0.21624471453319494,-0.015974927693605423,-0.004427341278642416,-4.3059844970703125,-2.012061595916748,-0.11857454785919232,-0.0295886215443025,165.76013468842893,5.609694542952711,-0.0012459300501786632,-0.010334067119031457,0.5,0.0264948392208112,0.49875406994982135,0.01616077210177974,-0.38017952209062905,-0.01342784944252276,-0.38017952209062905,-0.38017952209062905,-0.38017952209062905,-0.38017952209062905,-0.10847272996518002,-0.10847272996518002,-0.10847272996518002,-0.10847272996518002,1.0
14200,49.75524973799975,1.9117063425499232,-0.01788122847378843,-0.03217706456780434,-0.01810029149055481,1.104659784520183,-0.1339851778516943,0.014085619654506446,0.002650568813551217,-0.03217706456780434,0.01810029149055481,-3.8462653160095215,-1.3569128513336182,0.014085619654506446,0.002650568813551217,0.8070465580297401,0.15186640632548273,-0.03217706456780434,0.01810029149055481,-3.8462653160095215,-1.3569128513336182,-0.128261501509634,-0.05010307731197413,165.75533726162172,5.609711181588248,-0.0014823392073109918,-0.007257494699051356,0.5,-0.10409387964506712,0.498517660792689,-0.11135137434411849,-0.370256159283055,-0.16145445165609262,-0.370256159283055,-0.370256159283055,-0.370256159283055,-0.370256159283055,-0.2540184914768564,-0.2540184914768564,-0.2540184914768564,-0.2540184914768564,1.0
14250,49.901624719999745,1.8485266658404822,0.0195122746460395,-0.020171968266367912,-0.017897415906190872,1.104659784520183,-0.1339851778516943,0.012982926275581123,0.001997929065255448,-0.020171968266367912,0.017897415906190872,-2.931807041168213,-0.6116326451301575,0.012982926275581123,0.001997929065255448,0.7438668813202991,0.11447290320565481,-0.020171968266367912,0.017897415906190872,-2.931807041168213,-0.6116326451301575,-0.1400361845700425,-0.04523185990523316,165.75779626425756,5.6097181740645725,-0.0013662807427351031,-0.005470504588895037,0.5,-0.1030216735356096,0.4986337192572649,-0.10849217812450464,-0.35859753468722244,-0.1537240380297378,-0.35859753468722244,-0.35859753468722244,-0.35859753468722244,-0.35859753468722244,-0.2433734217015434,-0.2433734217015434,-0.2433734217015434,-0.2433734217015434,1.0
14300,50.05113514899995,1.6140144685656215,-0.09795975368519308,-0.005703982897102833,-0.027976270765066147,1.104659784520183,-0.1339851778516943,0.008889916297048332,0.004048202738631516,-0.005703982897102833,0.027976270765066147,-3.422286033630371,-0.9716103076934814,0.008889916297048332,0.004048202738631516,0.5093546840454385,0.23194493153688736,-0.005703982897102833,0.027976270765066147,-3.422286033630371,-0.9716103076934814,-0.10164060638529511,-0.11575704923980407,165.76517176738315,5.60968960250455,-0.0009355180784569778,-0.011084366849241403,0.5,-0.15228756769820803,0.499064481921543,-0.16337193454744944,-0.3974238755362479,-0.2791289837872535,-0.3974238755362479,-0.3974238755362479,-0.3974238755362479,-0.3974238755362479,-0.37848495267131543,-0.37848495267131543,-0.37848495267131543,-0.37848495267131543,1.0
14350,50.196321538999655,1.4684795724953401,-0.24106605726817876,-0.011608123779296875,0.012640384025871754,1.104659784520183,-0.1339851778516943,0.006349853184074165,0.006545878916513174,-0.011608123779296875,-0.012640384025871754,-2.778343915939331,-0.8539080023765564,0.006349853184074165,0.006545878916513174,0.36381978797515707,0.37505123511987304,-0.011608123779296875,-0.012640384025871754,-2.778343915939331,-0.8539080023765564,-0.034562815743101716,-0.07740902311142005,165.76836088963154,5.609628614763232,-0.0006682094962180477,-0.017923359277308662,0.5,0.07426683096162263,0.49933179050378196,0.05634347168431397,-0.46476897476068024,-0.021065551427106075,-0.46476897476068024,-0.46476897476068024,-0.46476897476068024,-0.46476897476068024,-0.13725779511727615,-0.13725779511727615,-0.13725779511727615,-0.13725779511727615,1.0
14400,50.25183133499968,1.4556235556517894,-0.19336117463939326,0.006781349889934063,-0.003344911150634289,1.104659784520183,-0.1339851778516943,0.006125473361462356,0.00571327164536342,0.006781349889934063,0.003344911150634289,-3.048161268234253,-0.6203941702842712,0.006125473361462356,0.00571327164536342,0.3509637711316064,0.32734635249108757,0.006781349889934063,0.003344911150634289,-3.048161268234253,-0.6203941702842712,-0.07618375837794823,-0.08579489023706136,165.76859150353488,5.609652140492333,-0.0006445969010065547,-0.015643547093970863,0.5,-0.02003958095792613,0.49935540309899346,-0.035683128051896995,-0.42317164472104524,-0.12147801828895835,-0.42317164472104524,-0.42317164472104524,-0.42317164472104524,-0.42317164472104524,-0.22727092946921967,-0.22727092946921967,-0.22727092946921967,-0.22727092946921967,1.0
14450,50.30764745799979,1.4502535328602786,-0.16872713690239025,-0.007423275150358677,-0.01745925471186638,1.104659784520183,-0.1339851778516943,0.006031748782843356,0.005283326578792184,-0.007423275150358677,0.01745925471186638,-2.805088520050049,-0.3731693625450134,0.006031748782843356,0.005283326578792184,0.3455937483400956,0.30271231475408455,-0.007423275150358677,0.01745925471186638,-2.805088520050049,-0.3731693625450134,-0.04987919733835229,-0.1108948547913859,165.76868537589905,5.609663037678788,-0.0006347338205974146,-0.014466294944829032,0.5,-0.10069579378412814,0.4993652661794026,-0.11516208872895717,-0.4494860688410503,-0.22605694352034306,-0.4494860688410503,-0.4494860688410503,-0.4494860688410503,-0.4494860688410503,-0.3384284607306056,-0.3384284607306056,-0.3384284607306056,-0.3384284607306056,1.0
14500,50.37741301599999,1.4217016345823328,-0.2152685128143199,0.003325952682644129,-0.015126414597034454,1.104659784520183,-0.1339851778516943,0.005533424150198703,0.006095626826863735,0.003325952682644129,0.015126414597034454,-3.2180192470550537,-0.9830071330070496,0.005533424150198703,0.006095626826863735,0.3170418500621498,0.3492536906660142,0.003325952682644129,0.015126414597034454,-3.2180192470550537,-0.9830071330070496,-0.06109948015471631,-0.1307074123130267,165.7691601801984,5.609641733647283,-0.000582292945539482,-0.016690494763189977,0.5,-0.0880873914208925,0.49941770705446054,-0.10477788618408249,-0.4383182268997442,-0.2354852984971092,-0.4383182268997442,-0.4383182268997442,-0.4383182268997442,-0.4383182268997442,-0.3450648552220452,-0.3450648552220452,-0.3450648552220452,-0.3450648552220452,1.0
14550,50.55049893999967,1.441259454383841,-0.2867016994033545,-0.005518517456948757,0.0029430557042360306,1.104659784520183,-0.1339851778516943,0.0058747725002467645,0.007342371128033846,-0.005518517456948757,-0.0029430557042360306,-2.8371176719665527,-0.7696001529693604,0.0058747725002467645,0.007342371128033846,0.33659966986365797,0.4206868772550488,-0.005518517456948757,-0.0029430557042360306,-2.8371176719665527,-0.7696001529693604,-0.04014315102345904,-0.10602916238979676,165.7688393575417,5.609603118836393,-0.0006182144890792433,-0.020104299645069646,0.5,0.01763796924521395,0.4993817855109208,-0.0024663303998556964,-0.4592386344874617,-0.10849549278965245,-0.4592386344874617,-0.4592386344874617,-0.4592386344874617,-0.4592386344874617,-0.22330515141151788,-0.22330515141151788,-0.22330515141151788,-0.22330515141151788,1.0
14600,50.72053032699978,1.4033983284322853,-0.38322435860881443,-0.022280532866716385,-0.01264411211013794,1.104659784520183,-0.1339851778516943,0.005213971193879844,0.009027009333949537,-0.022280532866716385,0.01264411211013794,-3.284513235092163,-0.8433541655540466,0.005213971193879844,0.009027009333949537,0.29873854391210214,0.5172095364605088,-0.022280532866716385,0.01264411211013794,-3.284513235092163,-0.8433541655540466,0.007991769884301975,-0.17018282634728463,165.7694430330918,5.609539559517567,-0.0005486756696891126,-0.02471720913591044,0.5,-0.07428782824756963,0.49945132433031086,-0.09900503738348007,-0.5074430942146129,-0.2691878637307647,-0.5074430942146129,-0.5074430942146129,-0.5074430942146129,-0.5074430942146129,-0.3960486372844179,-0.3960486372844179,-0.3960486372844179,-0.3960486372844179,1.0
14650,50.86837058399988,1.4060208009084527,-0.29312970782512987,-0.02024754323065281,-0.0021430645138025284,1.104659784520183,-0.1339851778516943,0.005259741973131896,0.007454561039339752,-0.02024754323065281,0.0021430645138025284,-4.084234714508057,-0.6384428143501282,0.005259741973131896,0.007454561039339752,0.3013610163882697,0.42711488567682426,-0.02024754323065281,0.0021430645138025284,-4.084234714508057,-0.6384428143501282,-0.02352940080117883,-0.0940231322458143,165.7694035383227,5.6095992926442895,-0.000553492299665287,-0.020411497457815894,0.5,-0.012850518858969135,0.4994465077003347,-0.03326201631678503,-0.4759171068991559,-0.12728514856259932,-0.4759171068991559,-0.4759171068991559,-0.4759171068991559,-0.4759171068991559,-0.2462644252873883,-0.2462644252873883,-0.2462644252873883,-0.2462644252873883,1.0
14700,51.01835798999991,1.513664475506148,-0.35960086870385594,0.048353493213653564,0.012181343510746956,1.104659784520183,-0.1339851778516943,0.00713847851380706,0.008614701654296368,0.048353493213653564,-0.012181343510746956,-4.6951727867126465,-0.9031397104263306,0.00713847851380706,0.008614701654296368,0.40900469098596487,0.4935860465555502,0.048353493213653564,-0.012181343510746956,-4.6951727867126465,-0.9031397104263306,-0.16649893072703353,-0.09946174083945669,165.7674845383277,5.609556324447312,-0.0007512009732744111,-0.023588211368644134,0.5,0.0716755624284005,0.4992487990267256,0.04808735105975636,-0.33274986829969205,-0.05137438977970033,-0.33274986829969205,-0.33274986829969205,-0.33274986829969205,-0.33274986829969205,-0.13456185685462335,-0.13456185685462335,-0.13456185685462335,-0.13456185685462335,1.0
14750,51.17330653499994,1.7679689601701187,-0.3587132642768716,-0.03634932264685631,0.009542089886963367,1.104659784520183,-0.1339851778516943,0.011576929073780776,0.008599210034590214,-0.03634932264685631,-0.009542089886963367,-5.319553375244141,-0.7882197499275208,0.011576929073780776,0.008599210034590214,0.6633091756499357,0.4926984421285659,-0.03634932264685631,-0.009542089886963367,-5.319553375244141,-0.7882197499275208,-0.09211807012744638,-0.11502177582457121,165.7606410652539,5.60955693908089,-0.0012183042936782858,-0.023545791697667916,0.5,0.05656746085818101,0.4987816957063217,0.03302166916051309,-0.4066636255788753,-0.08200010666405812,-0.4066636255788753,-0.4066636255788753,-0.4066636255788753,-0.4066636255788753,-0.18366601305877694,-0.18366601305877694,-0.18366601305877694,-0.18366601305877694,1.0
14800,51.32747418600002,1.610070141041645,-0.33428928153727294,-0.023412633687257767,-0.008680063299834728,1.104659784520183,-0.1339851778516943,0.008821074794977905,0.008172931119333952,-0.023412633687257767,0.008680063299834728,-3.120678186416626,-0.8005223870277405,0.008821074794977905,0.008172931119333952,0.5054103565214618,0.4682744593889672,-0.023412633687257767,0.008680063299834728,-3.120678186416626,-0.8005223870277405,-0.0789844744960632,-0.11311121434223337,165.7652722151087,5.6095734177644,-0.0009282732640829431,-0.022378543717970267,0.5,-0.0515634217427811,0.49907172673591704,-0.07394196546075137,-0.4200872522398538,-0.18705317980298475,-0.4200872522398538,-0.4200872522398538,-0.4200872522398538,-0.4200872522398538,-0.2920749928629482,-0.2920749928629482,-0.2920749928629482,-0.2920749928629482,1.0
14850,51.47864584999979,1.5497794209077078,-0.4391404226206378,0.06546228379011154,0.015595175325870514,1.104659784520183,-0.1339851778516943,0.007768803220242267,0.010002928755711763,0.06546228379011154,-0.015595175325870514,-2.86615252494812,-1.396596908569336,0.007768803220242267,0.010002928755711763,0.44511963638752483,0.5731256004723321,0.06546228379011154,-0.015595175325870514,-2.86615252494812,-1.396596908569336,-0.21125223617299674,-0.1503556943334131,165.76671041288336,5.609496754960076,-0.0008175342466892913,-0.02738953669320193,0.5,0.09065033899645565,0.4991824657533107,0.06326080230325372,-0.287930229580314,-0.08709489203015937,-0.287930229580314,-0.287930229580314,-0.287930229580314,-0.287930229580314,-0.15907744942523788,-0.15907744942523788,-0.15907744942523788,-0.15907744942523788,1.0
14900,51.64634420399989,1.6007095802275542,-0.3870076964396197,0.023250330239534378,0.019957341253757477,1.104659784520183,-0.1339851778516943,0.00865770218893886,0.009093041035812348,0.023250330239534378,-0.019957341253757477,-1.5842279195785522,-0.8927724361419678,0.00865770218893886,0.009093041035812348,0.4960497957073712,0.5209928742913139,0.023250330239534378,-0.019957341253757477,-1.5842279195785522,-0.8927724361419678,-0.13816415575584262,-0.10876169172240399,165.7655074692787,5.609536801791048,-0.0009110801207762051,-0.024898020409795718,0.5,0.11376561484700454,0.49908891987922377,0.08886759443720882,-0.36092476412338115,-0.019894097285195173,-0.36092476412338115,-0.36092476412338115,-0.36092476412338115,-0.36092476412338115,-0.11012528831604046,-0.11012528831604046,-0.11012528831604046,-0.11012528831604046,1.0
14950,51.86970589099974,1.6487464073819595,-0.3818935656181462,0.03888601437211037,-0.018833279609680176,1.104659784520183,-0.1339851778516943,0.009496102984994651,0.009003782614599913,0.03888601437211037,0.018833279609680176,-1.0568678379058838,-1.0169994831085205,0.009496102984994651,0.009003782614599913,0.5440866228617764,0.5158787434698404,0.03888601437211037,0.018833279609680176,-1.0568678379058838,-1.0169994831085205,-0.18958262268296933,-0.16787447019160254,165.76425356045863,5.609540524772516,-0.0009993129774794125,-0.02465360862112249,0.5,-0.10794246835335823,0.4990006870225206,-0.13259607697448073,-0.30941806433955127,-0.30047054716608323,-0.30941806433955127,-0.30941806433955127,-0.30941806433955127,-0.30941806433955127,-0.37782506325097104,-0.37782506325097104,-0.37782506325097104,-0.37782506325097104,1.0
15000,52.063826565,2.3124164656816464,-0.2928098361924764,0.12357796728610992,0.04085830599069595,1.104659784520183,-0.1339851778516943,0.021079330649226905,0.007448978226166218,0.12357796728610992,-0.04085830599069595,8.103275299072266,-3.8720388412475586,0.021079330649226905,0.007448978226166218,1.2077566811614633,0.4267950140441707,0.12357796728610992,-0.04085830599069595,8.103275299072266,-3.8720388412475586,-0.525208378504809,-0.028509334681725895,165.7350769085632,5.609599484415645,-0.0022185220027818144,-0.020396210619907023,-0.5,0.20205734891194105,-0.5022185220027818,0.18166113829203404,1.027426900507591,0.15315180361030814,1.027426900507591,1.027426900507591,1.027426900507591,1.027426900507591,0.41000852873720584,0.41000852873720584,0.41000852873720584,0.41000852873720584,1.0
15050,52.31817495899986,0.7462681762628857,0.9445695920443948,-0.08218098431825638,-0.024824373424053192,1.104659784520183,-0.1339851778516943,-0.006255113575607537,-0.014147366893012077,-0.08218098431825638,0.024824373424053192,1.3415985107421875,0.037060193717479706,-0.006255113575607537,-0.014147366893012077,-0.35839160825729743,-0.8105844141927004,-0.08218098431825638,0.024824373424053192,1.3415985107421875,0.037060193717479706,0.37609048836916537,0.12383302921033724,165.7684592732964,5.609266068293226,0.0006582395720354817,0.03873858404705681,-0.5,-0.13780507648511328,-0.4993417604279645,-0.09906649243805647,0.12325127205879916,0.024766536772280773,0.12325127205879916,0.12325127205879916,0.12325127205879916,0.12325127205879916,0.05557935478698056,0.05557935478698056,0.05557935478698056,0.05557935478698056,1.0
15100,52.41368160899992,1.0352386457290215,0.7598582783596541,0.14534373581409454,0.022824950516223907,1.104659784520183,-0.1339851778516943,-0.0012116274423897254,-0.010923546303529295,0.14534373581409454,-0.022824950516223907,9.380012512207031,-2.123659610748291,-0.0012116274423897254,-0.010923546303529295,-0.06942113879116156,-0.6258731005079599,0.14534373581409454,-0.022824950516223907,9.380012512207031,-2.123659610748291,-0.2470535626313793,0.19919601839853374,165.7715617821636,5.6094523519272075,0.00012750067583693295,0.02991046794881791,-0.5,0.12816795512315904,-0.49987249932416306,0.15807842307197695,0.7469260619555423,0.3572744414705107,0.7469260619555423,0.7469260619555423,0.7469260619555423,0.7469260619555423,0.5440059569593962,0.5440059569593962,0.5440059569593962,0.5440059569593962,1.0
15150,52.56271314500009,1.7861671454399715,0.9885509943791052,-0.10772116482257843,0.06287688761949539,1.104659784520183,-0.1339851778516943,0.011894547324627639,-0.014914987173397095,-0.10772116482257843,-0.06287688761949539,7.814236640930176,0.04157254844903946,0.011894547324627639,-0.014914987173397095,0.6815073609197885,-0.8545658165274109,-0.10772116482257843,-0.06287688761949539,7.814236640930176,0.04157254844903946,0.006540626254007587,0.3450209425398238,165.7600268954384,5.609214651240281,-0.001251732101968224,0.04084071873602306,-0.5,0.255115160647787,-0.5012517321019683,0.29595587938381007,0.4947111058479607,0.6409768219236338,0.4947111058479607,0.4947111058479607,0.4947111058479607,0.4947111058479607,0.764654598385624,0.764654598385624,0.764654598385624,0.764654598385624,1.0
15200,52.754293569999845,0.0390181960155317,0.8904105675161307,-0.02229071967303753,-0.1363219916820526,1.104659784520183,-0.1339851778516943,-0.018598954365588723,-0.0132021135953255,-0.02229071967303753,0.1363219916820526,-16.980796813964844,-2.4945030212402344,-0.018598954365588723,-0.0132021135953255,-1.0656415885046515,-0.7564253896644364,-0.02229071967303753,0.1363219916820526,-16.980796813964844,-2.4945030212402344,0.3955553680416753,-0.05122765429713891,165.7431845483141,5.60932565220013,0.001957407878142661,0.0361500455892389,0.5,-0.2974405940331436,0.5019574078781427,-0.2612905484439047,-0.897512775919818,-0.3125182027410436,-0.897512775919818,-0.897512775919818,-0.897512775919818,-0.897512775919818,-0.5368963967209981,-0.5368963967209981,-0.5368963967209981,-0.5368963967209981,1.0
15250,52.90688729099975,1.6266712359844784,-0.5726052805300224,0.07239203155040741,0.043237052857875824,1.104659784520183,-0.1339851778516943,0.009110818561166526,0.01233232996193692,0.07239203155040741,-0.043237052857875824,-1.732892394065857,-0.035596396774053574,0.009110818561166526,0.01233232996193692,0.5220114514642952,0.7065904583817167,0.07239203155040741,-0.043237052857875824,-1.732892394065857,-0.035596396774053574,-0.3191368201548117,-0.17585407918894713,165.76484417249293,5.609376840542146,-0.0009587656828614345,-0.03376821969230076,0.5,0.20960769900656573,0.49904123431713854,0.17583947931426497,-0.17990441416232683,-1.459987468216406e-05,-0.17990441416232683,-0.17990441416232683,-0.17990441416232683,-0.17990441416232683,-0.04499070341526387,-0.04499070341526387,-0.04499070341526387,-0.04499070341526387,1.0
15300,53.054703479999716,1.5543491376275635,-0.3210632338593515,-0.010470968671143055,-0.14017383754253387,1.104659784520183,-0.1339851778516943,0.007848559822887183,0.007942093040328472,-0.010470968671143055,0.14017383754253387,-1.1551835536956787,-1.7956434488296509,0.007848559822887183,0.007942093040328472,0.4496893531073805,0.45504841171104576,-0.010470968671143055,0.14017383754253387,-1.1551835536956787,-1.7956434488296509,-0.030148193464409195,-0.30638444299045653,165.76660779512582,5.609581991675139,-0.000825927610798655,-0.021746459410944635,0.5,-0.29780471771935435,0.49917407238920136,-0.319551177130299,-0.4690258789247922,-0.6259356201207555,-0.4690258789247922,-0.4690258789247922,-0.4690258789247922,-0.4690258789247922,-0.7431920898519536,-0.7431920898519536,-0.7431920898519536,-0.7431920898519536,1.0
15350,53.20665274899966,1.2794604905175841,-0.21806752967227644,-0.27715376019477844,0.20012211799621582,1.104659784520183,-0.1339851778516943,0.0030508478544652474,0.006144478886853903,-0.27715376019477844,-0.20012211799621582,1.4353770017623901,-3.087580680847168,0.0030508478544652474,0.006144478886853903,0.17480070599740108,0.3520527075239707,-0.27715376019477844,-0.20012211799621582,1.4353770017623901,-3.087580680847168,0.5020258346018399,0.22203517545117724,165.77091590810053,5.6096403554525525,-0.00032104437141075023,-0.016824259517823383,-0.5,0.2997997700528065,-0.5003210443714108,0.2829755105349831,-0.0017047902304291318,0.5050106859861603,-0.0017047902304291318,-0.0017047902304291318,-0.0017047902304291318,-0.0017047902304291318,0.504584488428553,0.504584488428553,0.504584488428553,0.504584488428553,1.0
15400,53.354020667999976,-0.16558897180367352,-0.16589356889218698,0.1653495728969574,-0.050898708403110504,1.104659784520183,-0.1339851778516943,-0.02217002311721444,0.005233871487434953,0.1653495728969574,0.050898708403110504,-8.220958709716797,0.05557480454444885,-0.02217002311721444,0.005233871487434953,-1.2702487563238567,0.29987874674388126,0.1653495728969574,0.050898708403110504,-8.220958709716797,0.05557480454444885,0.06549477459052494,-0.4209843631591431,165.73119092778617,5.609664236499688,0.002333349737531259,-0.014330879966299054,0.5,-0.23071203468392765,0.5023333497375313,-0.2450429146502267,-0.5678281243280563,-0.6660272778093699,-0.5678281243280563,-0.5678281243280563,-0.5678281243280563,-0.5678281243280563,-0.807984308891384,-0.807984308891384,-0.807984308891384,-0.807984308891384,1.0
15450,53.50349258899996,1.5238438052469943,-0.8830856165181151,0.24225494265556335,0.05789251998066902,1.104659784520183,-0.1339851778516943,0.00731614133343101,0.017751234087627382,0.24225494265556335,-0.05789251998066902,3.021782398223877,-0.7609531879425049,0.00731614133343101,0.017751234087627382,0.41918402072681127,1.0170707943698096,0.24225494265556335,-0.05789251998066902,3.021782398223877,-0.7609531879425049,-0.5589256681132354,-0.17498008464168036,165.76727296933194,5.609001116408968,-0.0007698975547484574,-0.04860812514554518,-0.5,0.24610143090533446,-0.5007698975547484,0.19749330575978927,1.0596955656679838,0.02251322111810891,1.0596955656679838,1.0596955656679838,1.0596955656679838,1.0596955656679838,0.28743711253510484,0.28743711253510484,0.28743711253510484,0.28743711253510484,1.0
15500,53.652108748000046,0.9853617229235323,0.37797602524232077,-0.20132383704185486,0.08178478479385376,1.104659784520183,-0.1339851778516943,-0.0020821439661085593,-0.004258443631697447,-0.20132383704185486,-0.08178478479385376,0.8337098956108093,0.009361577220261097,-0.0020821439661085593,-0.004258443631697447,-0.11929806159665077,-0.24399084739062646,-0.20132383704185486,-0.08178478479385376,0.8337098956108093,0.009361577220261097,0.4525197529366614,0.2514144010631366,165.77132555880186,5.6096855773096745,0.00021910614188463723,0.011660031524790945,-0.4999999999999967,0.27806053218021126,-0.4997808938581121,0.2897205637050022,0.04726114092145067,0.5411349647681388,0.04726114092145067,0.04726114092145067,0.04726114092145067,0.04726114092145067,0.5529502499985015,0.5529502499985015,0.5529502499985015,0.5529502499985015,1.0
15550,53.71232234099989,0.3494045168509376,0.419388716160151,-0.12066804617643356,-0.053075168281793594,1.104659784520183,-0.1339851778516943,-0.013181691113859414,-0.004981231440324337,-0.12066804617643356,0.053075168281793594,-14.161317825317383,5.633261680603027,-0.013181691113859414,-0.004981231440324337,-0.7552552676692456,-0.2854035383084567,-0.12066804617643356,0.053075168281793594,-14.161317825317383,5.633261680603027,0.4819053882125077,-0.009977819012538997,165.75736782018333,5.609670184737137,0.0013872004880887499,0.013639116863643393,0.5,-0.23587156991178124,0.5013872004880887,-0.22223245304813785,-0.9832925887005964,-0.23221027206067685,-0.9832925887005964,-0.9832925887005964,-0.9832925887005964,-0.9832925887005964,-0.478033419235826,-0.478033419235826,-0.478033419235826,-0.478033419235826,1.0
15600,53.7726640599999,0.19102541002580758,0.16277175889488124,0.10427462309598923,-0.19565188884735107,1.104659784520183,-0.1339851778516943,-0.015945927994325756,-0.0005024206195957961,0.10427462309598923,0.19565188884735107,-15.087634086608887,-0.25358936190605164,-0.015945927994325756,-0.0005024206195957961,-0.9136343744943756,-0.02878658104318694,0.10427462309598923,0.19565188884735107,-15.087634086608887,-0.25358936190605164,0.05772396968090018,-0.32109312166598825,165.75073470812632,5.6097267926246435,0.0016781448809509824,0.0013756703594123593,0.5,-0.2997605821693437,0.501678144880951,-0.2983849118099313,-0.5594021145618512,-0.6194780334759196,-0.5594021145618512,-0.5594021145618512,-0.5594021145618512,-0.5594021145618512,-0.7593285621163823,-0.7593285621163823,-0.7593285621163823,-0.7593285621163823,1.0
15650,53.91583568199985,1.4907447085291123,-0.4426916407413684,0.16457408666610718,0.056525327265262604,1.104659784520183,-0.1339851778516943,0.006738453116267921,0.010064909204374998,0.16457408666610718,-0.056525327265262604,-1.768323540687561,-1.8218055963516235,0.006738453116267921,0.010064909204374998,0.3860849240089293,0.5766768185930627,0.16457408666610718,-0.056525327265262604,-1.768323540687561,-1.8218055963516235,-0.4318759063015861,-0.042382840697648444,165.76794186876634,5.60949388818738,-0.0007091039424710605,-0.027559256937251794,0.5,0.24335776646620594,0.49929089605752897,0.21579850952895413,-0.06741498975594284,0.17341566883130569,-0.06741498975594284,-0.06741498975594284,-0.06741498975594284,-0.06741498975594284,0.15656192139231997,0.15656192139231997,0.15656192139231997,0.15656192139231997,1.0
15700,54.06645327199976,1.3276037192126537,0.1327354817514345,0.055414266884326935,-0.12233712524175644,1.104659784520183,-0.1339851778516943,0.0038911057077348245,2.1811311598866987e-05,0.055414266884326935,0.12233712524175644,-1.3523805141448975,4.961929798126221,0.0038911057077348245,2.1811311598866987e-05,0.22294393469247065,0.001249696100259818,0.055414266884326935,0.12233712524175644,-1.3523805141448975,4.961929798126221,-0.12534670616694643,-0.21114644004351166,165.77043534991316,5.609727373336757,-0.0004094664999928453,-5.972122132343974e-05,0.5,-0.2955363030307814,0.49959053350000715,-0.2955960242521048,-0.3742438273330607,-0.5067424642956164,-0.3742438273330607,-0.3742438273330607,-0.3742438273330607,-0.3742438273330607,-0.6003034211288816,-0.6003034211288816,-0.6003034211288816,-0.6003034211288816,1.0
15750,54.264247652999984,1.7541924686142032,0.08410649587228744,0.028531111776828766,-0.010529641062021255,1.104659784520183,-0.1339851778516943,0.011336483936756854,0.0008705472270958124,0.028531111776828766,0.010529641062021255,-2.473339080810547,-0.36687278747558594,0.011336483936756854,0.0008705472270958124,0.6495326840940202,0.04987868197940687,0.028531111776828766,0.010529641062021255,-2.473339080810547,-0.36687278747558594,-0.2121392023797018,-0.03660683447073097,165.76109495342098,5.609725627686718,-0.0011929987504712026,-0.002383632593665055,0.5,-0.06226015731474704,0.4988070012495288,-0.06464378990841209,-0.286667798869827,-0.10125062437914306,-0.286667798869827,-0.286667798869827,-0.286667798869827,-0.286667798869827,-0.1729175740965998,-0.1729175740965998,-0.1729175740965998,-0.1729175740965998,1.0
15800,54.41822229799982,1.907199271471361,0.16264337268282616,-0.0007967422716319561,-0.012871316634118557,1.104659784520183,-0.1339851778516943,0.014006956424564124,-0.0005001798574812712,-0.0007967422716319561,0.012871316634118557,-0.9238457679748535,-0.4814579486846924,0.014006956424564124,-0.0005001798574812712,0.8025394869511779,-0.028658194831131856,-0.0007967422716319561,0.012871316634118557,-0.9238457679748535,-0.4814579486846924,-0.19129232390237044,-0.019277054369255753,165.75551931621493,5.609726797802725,-0.0014740597882864487,0.001369534961539112,0.4999999999999999,-0.075566017038127,0.4985259402117134,-0.07419648207658788,-0.307233616309343,-0.09347353644584364,-0.307233616309343,-0.307233616309343,-0.307233616309343,-0.307233616309343,-0.17028194052317938,-0.17028194052317938,-0.17028194052317938,-0.17028194052317938,1.0
15850,54.60631856400005,1.7646626150033038,0.060065664066764,0.014026977121829987,-0.04716923460364342,1.104659784520183,-0.1339851778516943,0.011519222464412452,0.0012901388970203696,0.014026977121829987,0.04716923460364342,-0.5958050489425659,-0.46762457489967346,0.011519222464412452,0.0012901388970203696,0.6600028304831206,0.07391951378493032,0.014026977121829987,0.04716923460364342,-0.5958050489425659,-0.46762457489967346,-0.16614781701507833,-0.09522339188814187,165.76075086671173,5.609723538084125,-0.0012122309742091913,-0.0035325111727609964,0.49999999995535155,-0.22103204327399648,0.49878776898114235,-0.22456455444675746,-0.332639951966064,-0.3197879463348993,-0.332639951966064,-0.332639951966064,-0.332639951966064,-0.332639951966064,-0.4029479343264153,-0.4029479343264153,-0.4029479343264153,-0.4029479343264153,1.0
15900,54.73854574000006,1.749299598569241,-0.01493453212040353,-0.017681218683719635,-0.018780475482344627,1.104659784520183,-0.1339851778516943,0.011251087244600059,0.0025991392601281403,-0.017681218683719635,0.018780475482344627,-0.4092734754085541,0.15906710922718048,0.011251087244600059,0.0025991392601281403,0.6446398140490579,0.14891970997209786,-0.017681218683719635,0.018780475482344627,-0.4092734754085541,0.15906710922718048,-0.10919163259686325,-0.0811617491673851,165.76125386441032,5.609711803878008,-0.001184011246031952,-0.007116675508418299,0.4999999223410547,-0.1076665556037977,0.49881591109502277,-0.114783231112216,-0.3896242784981595,-0.1959449802796011,-0.3896242784981595,-0.3896242784981595,-0.3896242784981595,-0.3896242784981595,-0.29335104990414096,-0.29335104990414096,-0.29335104990414096,-0.29335104990414096,1.0
15950,54.79333279399998,1.7195399307469665,-0.04270468723339361,-0.0008024224080145359,0.0326792448759079,1.104659784520183,-0.1339851778516943,0.010731683056801559,0.003083819900639355,-0.0008024224080145359,-0.0326792448759079,8.160423278808594,-1.4439771175384521,0.010731683056801559,0.003083819900639355,0.6148801462267834,0.1766898650850879,-0.0008024224080145359,-0.0326792448759079,8.160423278808594,-1.4439771175384521,-0.13512619086588137,-0.008796400898683797,165.76219452229617,5.609705455323316,-0.0011293473445206817,-0.008443780084434582,-0.5,0.17222350488207971,-0.5011293473445206,0.16377972479764513,0.636255538210402,0.15498332389896133,0.636255538210402,0.636255538210402,0.636255538210402,0.636255538210402,0.31404720845156187,0.31404720845156187,0.31404720845156187,0.31404720845156187,1.0
16000,54.84973480300005,1.668526315053199,0.0711908282653115,-0.1804393231868744,0.16776873171329498,1.104659784520183,-0.1339851778516943,0.009841327499598266,0.0010959681519307194,-0.1804393231868744,-0.16776873171329498,1.3629369735717773,1.1071417331695557,0.009841327499598266,0.0010959681519307194,0.563866530533016,0.0627943495863828,-0.1804393231868744,-0.16776873171329498,1.3629369735717773,1.1071417331695557,0.22631876748792412,0.3163473512723948,165.76370358133374,5.609724605955298,-0.0010356446206238221,-0.00300085464642246,-0.5,0.29927023785289625,-0.5010356446206238,0.2962693832064738,0.27471687713269966,0.6126167344788686,0.27471687713269966,0.27471687713269966,0.27471687713269966,0.27471687713269966,0.6812959537620434,0.6812959537620434,0.6812959537620434,0.6812959537620434,1.0
16050,54.90548948900005,1.0204339972596073,0.4033669333167258,-0.23023152351379395,-0.037384916096925735,1.104659784520183,-0.1339851778516943,-0.0014700173027813422,-0.004701598577667028,-0.23023152351379395,0.037384916096925735,1.1267712116241455,0.07107080519199371,-0.0014700173027813422,-0.004701598577667028,-0.08422578726057577,-0.2693817554650315,-0.23023152351379395,0.037384916096925735,1.1267712116241455,0.07107080519199371,0.4893433318319189,0.04651543264062537,165.77150469622305,5.609676425448035,0.00015469131511708018,0.012873445214098457,-0.5,-0.19013213879888347,-0.4998453086848829,-0.17725869358478502,0.010501976852964001,-0.13074326094415967,0.010501976852964001,0.010501976852964001,0.010501976852964001,0.010501976852964001,-0.12811776673091868,-0.12811776673091868,-0.12811776673091868,-0.12811776673091868,1.0
16100,54.9599002709997,0.4263919812565148,0.3439967679364329,-0.11581982672214508,-0.11041157692670822,1.104659784520183,-0.1339851778516943,-0.011838006377220153,-0.0036653937143273654,-0.11581982672214508,0.11041157692670822,-10.099891662597656,3.192168712615967,-0.011838006377220153,-0.0036653937143273654,-0.6782678032636683,-0.21001159008473858,-0.11581982672214508,0.11041157692670822,-10.099891662597656,3.192168712615967,0.48710158072604987,-0.03712998450298067,165.76013744319727,5.6096964083682614,0.001245781418400995,0.010036191836890326,0.5,-0.29284034317831265,0.501245781418401,-0.28280415134142234,-0.988347362144451,-0.319934135844403,-0.988347362144451,-0.988347362144451,-0.988347362144451,-0.988347362144451,-0.5670209763805157,-0.5670209763805157,-0.5670209763805157,-0.5670209763805157,1.0
16150,55.03349414299964,0.8227321440211784,-0.23021123249058886,0.23397324979305267,-0.08989765495061874,1.104659784520183,-0.1339851778516943,-0.004920565579086541,0.00635642648441717,0.23397324979305267,0.08989765495061874,-1.6726534366607666,0.03497348725795746,-0.004920565579086541,0.00635642648441717,-0.2819276404990047,0.36419641034228317,0.23397324979305267,0.08989765495061874,-1.6726534366607666,0.03497348725795746,-0.35421817727877114,-0.33464022145876776,165.76968800881275,5.609634248671029,0.0005177995547297254,-0.01740460663046559,0.5,-0.2839780883396131,0.5005177995547297,-0.3013826949700787,-0.1462996222759586,-0.6360229164288465,-0.1462996222759586,-0.1462996222759586,-0.1462996222759586,-0.1462996222759586,-0.6725978219978361,-0.6725978219978361,-0.6725978219978361,-0.6725978219978361,1.0
16200,55.18278727699999,1.5057372939224076,0.29453341842127323,-0.19939976930618286,0.089632548391819,1.104659784520183,-0.1339851778516943,0.007000123094767333,-0.0028020954062230887,-0.19939976930618286,-0.089632548391819,3.811711072921753,0.9551880955696106,0.007000123094767333,-0.0028020954062230887,0.4010775094022246,-0.16054824056957892,-0.19939976930618286,-0.089632548391819,3.811711072921753,0.9551880955696106,0.26244781144601215,0.3008120379552218,165.76764569622597,5.609709277257767,-0.0007366409906255406,0.007672389622970853,-0.5,0.2838118920956178,-0.5007366409906255,0.29148428171858864,0.2382888295446134,0.5922963196738105,0.2382888295446134,0.2382888295446134,0.2382888295446134,0.2382888295446134,0.6518685270599638,0.6518685270599638,0.6518685270599638,0.6518685270599638,1.0
16250,55.32832693599994,0.5061393223344531,0.31648311177318195,0.042048029601573944,-0.01837892085313797,1.104659784520183,-0.1339851778516943,-0.010446152705699204,-0.0031851898250170063,0.042048029601573944,0.01837892085313797,0.48207229375839233,0.834513783454895,-0.010446152705699204,-0.0031851898250170063,-0.59852046218573,-0.18249793392148767,0.042048029601573944,0.01837892085313797,0.48207229375839233,0.834513783454895,0.13256511509227092,0.00564813870078313,165.7626926931549,5.609703990610099,0.0010992973973424497,0.00872134153419554,-0.499999995777725,-0.10556152959019052,-0.4989006983803826,-0.09684018805599498,0.36633558328811167,-0.09119204935521186,0.36633558328811167,0.36633558328811167,0.36633558328811167,0.36633558328811167,0.0003918464668160593,0.0003918464668160593,0.0003918464668160593,0.0003918464668160593,1.0
16300,55.48108812300006,0.6204039048371237,0.5072388227082666,-0.06239154189825058,-0.08921582996845245,1.104659784520183,-0.1339851778516943,-0.008451859522610902,-0.006514505047816784,-0.06239154189825058,0.08921582996845245,-6.7265167236328125,4.078892707824707,-0.008451859522610902,-0.006514505047816784,-0.48425587968305944,-0.37325364485657225,-0.06239154189825058,0.08921582996845245,-6.7265167236328125,4.078892707824707,0.22589038846651205,-0.049038841862624555,165.76579761860506,5.609629559185414,0.0008894175461611294,0.01783745227971994,0.5,-0.28354725655933977,0.5008894175461611,-0.2657098042796198,-0.7267798060126731,-0.3147486461422444,-0.7267798060126731,-0.7267798060126731,-0.7267798060126731,-0.7267798060126731,-0.4964435976454127,-0.4964435976454127,-0.4964435976454127,-0.4964435976454127,1.0
16350,55.62870319400008,1.9788336551562202,-0.14622549222839315,0.015729932114481926,0.024407576769590378,1.104659784520183,-0.1339851778516943,0.015257212277501823,0.004890598792117089,0.015729932114481926,-0.024407576769590378,-0.7051065564155579,-1.492684006690979,0.015257212277501823,0.004890598792117089,0.874173870636037,0.2802106700800875,0.015729932114481926,-0.024407576769590378,-0.7051065564155579,-1.492684006690979,-0.3312233442674246,-0.014562622592114091,165.75250511566975,5.609672246913622,-0.0016056532376463263,-0.01339095255536732,0.4999999999994363,0.13582442952246088,0.49839434676178995,0.12243347696709356,-0.16717100249436534,0.10787085437497947,-0.16717100249436534,-0.16717100249436534,-0.16717100249436534,-0.16717100249436534,0.06607810375138813,0.06607810375138813,0.06607810375138813,0.06607810375138813,1.0
16400,55.7925076839997,2.005349089844444,-0.2562229140470982,0.06985554844141006,0.07213930040597916,1.104659784520183,-0.1339851778516943,0.01571999391540885,0.0068104159715585404,0.06985554844141006,-0.07213930040597916,11.672225952148438,-1.1474109888076782,0.01571999391540885,0.0068104159715585404,0.9006893053242612,0.39020809189879246,0.06985554844141006,-0.07213930040597916,11.672225952148438,-1.1474109888076782,-0.35272052022366696,-0.04902518828913995,165.7513241056605,5.609620471198931,-0.001654363733303556,-0.018647707842737175,-0.5,0.2682771505344413,-0.5016543637333035,0.24962944269170412,0.8543748839569705,0.20060425440256416,0.8543748839569705,0.8543748839569705,0.8543748839569705,0.8543748839569705,0.4141979753918068,0.4141979753918068,0.4141979753918068,0.4141979753918068,1.0
16450,55.93962181999996,1.0095519050861903,0.6875992525308562,-0.16211487352848053,-0.03580654039978981,1.104659784520183,-0.1339851778516943,-0.0016599456407129752,-0.009662388388533146,-0.16211487352848053,0.03580654039978981,3.040858745574951,0.6037834882736206,-0.0016599456407129752,-0.009662388388533146,-0.09510787943399279,-0.5536140746791619,-0.16211487352848053,0.03580654039978981,3.040858745574951,0.6037834882736206,0.392378567088277,0.06353940802790109,165.77145572044242,5.609512190001531,0.00017467768856934876,0.02645704222817384,-0.5,-0.1843520742985328,-0.4998253223114307,-0.15789503207035893,0.10744675522315367,-0.09435562404245784,0.10744675522315367,0.10744675522315367,0.10744675522315367,0.10744675522315367,-0.06749393523666943,-0.06749393523666943,-0.06749393523666943,-0.06749393523666943,1.0
16500,56.10561490300006,0.6711191266415262,-0.018565141185075625,0.2177373319864273,-0.14788445830345154,1.104659784520183,-0.1339851778516943,-0.0075667119212448584,0.00266250534215942,0.2177373319864273,0.14788445830345154,-2.53889536857605,-0.5826646685600281,-0.0075667119212448584,0.00266250534215942,-0.4335406578786569,0.15255031903676994,0.2177373319864273,0.14788445830345154,-2.53889536857605,-0.5826646685600281,-0.3333346438078469,-0.3759367289013653,165.76696573845297,5.609711035414745,0.0007962667636429321,-0.007290178095882513,0.5,-0.2983857712052155,0.500796266763643,-0.305675949301098,-0.16746162295579609,-0.6816126782024633,-0.16746162295579609,-0.16746162295579609,-0.16746162295579609,-0.16746162295579609,-0.7234780839414123,-0.7234780839414123,-0.7234780839414123,-0.7234780839414123,1.0
16550,56.20153640599983,1.9822145987953765,-0.1179700668491082,-0.03560146316885948,0.10854952037334442,1.104659784520183,-0.1339851778516943,0.01531622087582946,0.004397448587696999,-0.03560146316885948,-0.10854952037334442,5.632869243621826,-3.3076438903808594,0.01531622087582946,0.004397448587696999,0.8775548142751933,0.2519552447008025,-0.03560146316885948,-0.10854952037334442,5.632869243621826,-3.3076438903808594,-0.27569869016717485,0.18474453874600794,165.75235648953807,5.609682804078878,-0.0016118642021460817,-0.012040644108907969,-0.5,0.29229382448794666,-0.5016118642021461,0.2802531803790387,0.777310554369321,0.4649977191250466,0.777310554369321,0.777310554369321,0.777310554369321,0.777310554369321,0.6593253577173769,0.6593253577173769,0.6593253577173769,0.6593253577173769,1.0
16600,56.29416272299977,1.3553108084676335,0.6189245285515812,-0.13940481841564178,0.024799972772598267,1.104659784520183,-0.1339851778516943,0.0043746856413781655,-0.008463788342196495,-0.13940481841564178,-0.024799972772598267,4.224364280700684,0.44406694173812866,0.0043746856413781655,-0.008463788342196495,0.2506510239474505,-0.4849393506998869,-0.13940481841564178,-0.024799972772598267,4.224364280700684,0.44406694173812866,0.2541756471240981,0.18789239223480003,165.77010604057176,5.609562264865071,-0.0004603549011020474,0.023174975843217895,-0.5,0.13768953829918323,-0.5004603549011021,0.16086451414240113,0.24628470777700395,0.34875690637720114,0.24628470777700395,0.24628470777700395,0.24628470777700395,0.24628470777700395,0.4103280833214521,0.4103280833214521,0.4103280833214521,0.4103280833214521,1.0
16650,56.44744129399987,0.38036491058495914,0.5451430108681052,0.15460027754306793,-0.1815461367368698,1.104659784520183,-0.1339851778516943,-0.012641330305486916,-0.007176057931501419,0.15460027754306793,0.1815461367368698,-4.9411211013793945,-0.9377509951591492,-0.012641330305486916,-0.007176057931501419,-0.724294873935224,-0.4111578330164109,0.15460027754306793,0.1815461367368698,-4.9411211013793945,-0.9377509951591492,-0.03722049103605324,-0.21356602591749363,165.75851737955796,5.609608684125992,0.001330328452228691,0.019648902423885378,0.5,-0.2995792083158571,0.5013303284522287,-0.2799303058919717,-0.46410983741617545,-0.49349633180946534,-0.46410983741617545,-0.46410983741617545,-0.46410983741617545,-0.46410983741617545,-0.6095237911635092,-0.6095237911635092,-0.6095237911635092,-0.6095237911635092,1.0
16700,56.5998925089998,1.9772274934842093,-0.06264156585857117,-0.1064341813325882,0.2617625594139099,1.104659784520183,-0.1339851778516943,0.015229179468005897,0.003431784075219184,-0.1064341813325882,-0.2617625594139099,3.406719923019409,-0.4541701078414917,0.015229179468005897,0.003431784075219184,0.8725677089640262,0.19662674371026548,-0.1064341813325882,-0.2617625594139099,3.406719923019409,-0.4541701078414917,-0.16225116487483687,0.36880974573941827,165.75257552146599,5.609700229753104,-0.0016027026412884916,-0.009396542925824713,-0.5,0.2999829839979693,-0.5016027026412885,0.2905864410721446,0.6638538675161254,0.6593961868115629,0.6638538675161254,0.6638538675161254,0.6638538675161254,0.6638538675161254,0.8253596536905943,0.8253596536905943,0.8253596536905943,0.8253596536905943,1.0
16750,56.74829375699983,0.6531564228154803,0.6014017849576193,-0.07648547738790512,-0.023143839091062546,1.104659784520183,-0.1339851778516943,-0.007880220245569941,-0.008157958772499115,-0.07648547738790512,0.023143839091062546,0.12274529784917831,0.06334926933050156,-0.007880220245569941,-0.008157958772499115,-0.4515033617047028,-0.467416607105925,-0.07648547738790512,0.023143839091062546,0.12274529784917831,0.06334926933050156,0.3230925397116663,0.08175216405395358,165.76656676906185,5.6095739813243854,0.0008292594689323964,0.022337546159751004,-0.4926801008980325,-0.12972778922671635,-0.49185084142910007,-0.10739024306696535,0.16875830171743378,-0.025638079013011766,0.16875830171743378,0.16875830171743378,0.16875830171743378,0.16875830171743378,0.016551496416346678,0.016551496416346678,0.016551496416346678,0.016551496416346678,1.0
16800,56.897999093999715,1.5919290518843854,0.0266279877347106,0.2181808352470398,-0.08496668934822083,1.104659784520183,-0.1339851778516943,0.00850445305928588,0.001873736443230882,0.2181808352470398,0.08496668934822083,10.673737525939941,-0.5139572620391846,0.00850445305928588,0.001873736443230882,0.48726926736420223,0.10735719011698372,0.2181808352470398,0.08496668934822083,10.673737525939941,-0.5139572620391846,-0.5720347027444861,-0.1744503343997773,165.7657241484141,5.609719282316767,-0.0008949524041939543,-0.005130453721173346,-0.5,-0.2805977206431326,-0.5008949524041939,-0.2857281743643059,1.07292965514868,-0.4601785087640832,1.07292965514868,1.07292965514868,1.07292965514868,1.07292965514868,-0.19194609497691323,-0.19194609497691323,-0.19194609497691323,-0.19194609497691323,1.0
16850,57.04669863299978,1.4296586982436919,1.0531974542128064,-0.15201878547668457,0.03827064484357834,1.104659784520183,-0.1339851778516943,0.00567230110988021,-0.016043280747253447,-0.15201878547668457,-0.03827064484357834,3.362462282180786,0.052374307066202164,0.00567230110988021,-0.016043280747253447,0.3249989137235087,-0.9192122763611121,-0.15201878547668457,-0.03827064484357834,3.362462282180786,0.052374307066202164,0.2413351046555754,0.38459622628985923,165.76903197061787,5.609134145536953,-0.0005969075439529337,0.04393062484826381,-0.5,0.1932762633398892,-0.5005969075439529,0.237206888188153,0.2592618028883775,0.6218031144780123,0.2592618028883775,0.2592618028883775,0.2592618028883775,0.2592618028883775,0.6866185652001067,0.6866185652001067,0.6866185652001067,0.6866185652001067,1.0
16900,57.193557146999865,0.8811638787621086,1.0681185360632282,0.05921696498990059,0.004591533448547125,1.104659784520183,-0.1339851778516943,-0.0039007394202053534,-0.016303702753502874,0.05921696498990059,-0.004591533448547125,1.2856448888778687,0.08822283148765564,-0.0039007394202053534,-0.016303702753502874,-0.22349590575807451,-0.9341333582115339,0.05921696498990059,-0.004591533448547125,1.2856448888778687,0.08822283148765564,-0.017905541790691065,0.2518688636040102,165.77042916568544,5.609114730519838,0.00041048027921834784,0.04464381906100019,-0.5,0.02747202139254383,-0.49958951972078164,0.07211584045354402,0.5174950615114727,0.3239847040575542,0.5174950615114727,0.5174950615114727,0.5174950615114727,0.5174950615114727,0.45335846943542235,0.45335846943542235,0.45335846943542235,0.45335846943542235,1.0
16950,57.25528573699967,1.0843528285032908,1.0499999651858885,0.011418342590332031,0.04225772246718407,1.104659784520183,-0.1339851778516943,-0.00035442324355244165,-0.015987474035937338,0.011418342590332031,-0.04225772246718407,1.6209501028060913,-0.15396817028522491,-0.00035442324355244165,-0.015987474035937338,-0.020306956016892173,-0.9160147873341941,0.011418342590332031,-0.04225772246718407,1.6209501028060913,-0.15396817028522491,-0.006450095932793182,0.31895085667940937,165.7716723789804,5.609138265376318,3.729626902313578e-05,0.04377779262204443,-0.5,0.20655886724351386,-0.49996270373097684,0.2503366598655583,0.5064127996637701,0.5692875165449677,0.5064127996637701,0.5064127996637701,0.5064127996637701,0.5064127996637701,0.6958907164609102,0.6958907164609102,0.6958907164609102,0.6958907164609102,1.0
17000,57.38431880500002,0.8031008996860924,1.2127398943320205,-0.011601204983890057,0.012262016534805298,1.104659784520183,-0.1339851778516943,-0.005263195428997275,-0.018827821623999624,-0.011601204983890057,-0.012262016534805298,0.9022030234336853,0.1266930252313614,-0.005263195428997275,-0.018827821623999624,-0.3015588848340906,-1.078754716480326,-0.011601204983890057,-0.012262016534805298,0.9022030234336853,0.1266930252313614,0.1255468485763186,0.30607393225871343,165.76940054439385,5.60891035466133,0.0005538557198117361,0.051556635865217935,-0.4999999999999998,0.07213179440701878,-0.499446144280188,0.12368843027223672,0.3738992957038694,0.4297623625309501,0.3738992957038694,0.3738992957038694,0.3738992957038694,0.3738992957038694,0.5232371864569175,0.5232371864569175,0.5232371864569175,0.5232371864569175,1.0
17050,57.54097148999972,0.9099760712804553,1.3506899720507084,0.005715452134609222,-0.017284635454416275,1.104659784520183,-0.1339851778516943,-0.003397871796041726,-0.021235504683572798,0.005715452134609222,0.017284635454416275,1.7356288433074951,-0.3921719491481781,-0.003397871796041726,-0.021235504683572798,-0.19468371323972775,-1.2167047941990141,0.005715452134609222,0.017284635454416275,1.7356288433074951,-0.3921719491481781,0.044251869982913083,0.31164995488586184,165.7707315404328,5.608688042911478,0.0003575623804626407,0.05815101703650025,-0.5,-0.09976502941594666,-0.49964243761953736,-0.04161401237944641,0.4553905676366243,0.27003594250641544,0.4553905676366243,0.4553905676366243,0.4553905676366243,0.4553905676366243,0.3838835844155715,0.3838835844155715,0.3838835844155715,0.3838835844155715,1.0
17100,57.72633592600005,0.7959552411537897,1.5629106730304687,-0.004244595300406218,-0.023696543648838997,1.104659784520183,-0.1339851778516943,-0.005387910697609185,-0.024939454656559973,-0.004244595300406218,0.023696543648838997,2.5553908348083496,-0.5809870362281799,-0.005387910697609185,-0.024939454656559973,-0.3087045433663934,-1.4289254951787744,-0.004244595300406218,0.023696543648838997,2.5553908348083496,-0.5809870362281799,0.11581992495619678,0.3567648204845905,165.76929110722068,5.608293877920289,0.0005669799853246156,0.06829671620841317,-0.5,-0.13241097276918934,-0.4994330200146754,-0.06411425656077617,0.3836130950584786,0.29265056392381433,0.3836130950584786,0.3836130950584786,0.3836130950584786,0.3836130950584786,0.388553837688434,0.388553837688434,0.388553837688434,0.388553837688434,1.0
17150,57.88568418099976,0.916106592947365,1.6728725565211486,0.05391606688499451,0.011449897661805153,1.104659784520183,-0.1339851778516943,-0.0032908740080893027,-0.02685865157516673,0.05391606688499451,-0.011449897661805153,2.3012328147888184,-0.06510980427265167,-0.0032908740080893027,-0.02685865157516673,-0.1885531915728182,-1.5388873786694544,0.05391606688499451,-0.011449897661805153,2.3012328147888184,-0.06510980427265167,-0.03055567787135538,0.41764273239034466,165.77079050230464,5.608064775305268,0.0003463027849762398,0.073554224525598,-0.5,0.06752318514223343,-0.4996536972150238,0.14107740966783144,0.5302093750863792,0.5587201420581761,0.5302093750863792,0.5302093750863792,0.5302093750863792,0.5302093750863792,0.691272485829771,0.691272485829771,0.691272485829771,0.691272485829771,1.0
17200,58.068564990999676,0.8058271056602795,1.6500722111328825,-0.00011145812459290028,-0.028685618191957474,1.104659784520183,-0.1339851778516943,-0.005215614158660172,-0.02646071047754958,-0.00011145812459290028,0.028685618191957474,1.7107974290847778,-1.7315634489059448,-0.005215614158660172,-0.02646071047754958,-0.2988326788599036,-1.516087033281188,-0.00011145812459290028,0.028685618191957474,1.7107974290847778,-1.7315634489059448,0.0905585243459402,0.35879432323086796,165.7694416213804,5.608113674030201,0.0005488485649670669,0.07246406048475645,-0.5,-0.15542413117759427,-0.49945115143503294,-0.08296007069283781,0.40889262708909274,0.2758342525380302,0.40889262708909274,0.40889262708909274,0.40889262708909274,0.40889262708909274,0.37805740931030335,0.37805740931030335,0.37805740931030335,0.37805740931030335,1.0
17250,58.25298394299989,0.8837492654455171,1.625146929860802,0.009451826103031635,0.0065602948889136314,1.104659784520183,-0.1339851778516943,-0.003855615910142659,-0.026025682252366095,0.009451826103031635,-0.0065602948889136314,2.3430283069610596,-1.916359543800354,-0.003855615910142659,-0.026025682252366095,-0.22091051907466602,-1.4911617520091074,0.009451826103031635,-0.0065602948889136314,2.3430283069610596,-1.916359543800354,0.04985544099996224,0.3968405275626919,165.77045800016145,5.608166295085341,0.0004057318220709001,0.07127231508604155,-0.5,0.0391374431256202,-0.4995942681779291,0.11040975821166175,0.44973882717796687,0.5072502857743536,0.44973882717796687,0.44973882717796687,0.44973882717796687,0.44973882717796687,0.6196849925688453,0.6196849925688453,0.6196849925688453,0.6196849925688453,1.0
17300,58.32689955499973,0.9625086570126101,1.613603056389834,0.034086063504219055,0.007094686385244131,1.104659784520183,-0.1339851778516943,-0.0024810052104294288,-0.02582420365186408,0.034086063504219055,-0.007094686385244131,3.304671287536621,-2.437620162963867,-0.0024810052104294288,-0.02582420365186408,-0.14215112750757297,-1.4796178785381398,0.034086063504219055,-0.007094686385244131,3.304671287536621,-2.437620162963867,-0.0045316314331750734,0.40450255855381967,165.77117561148185,5.608190370475065,0.0002610788760602027,0.07072037786007017,-0.5,0.042284714079254423,-0.4997389211239398,0.11300509193932459,0.5042705525571148,0.5175076504931443,0.5042705525571148,0.5042705525571148,0.5042705525571148,0.5042705525571148,0.643575288632423,0.643575288632423,0.643575288632423,0.643575288632423,1.0
17350,58.38178275900009,1.020479994314799,1.706762461078871,0.004665922839194536,0.01851292885839939,1.104659784520183,-0.1339851778516943,-0.0014692145027220237,-0.02745014199288562,0.004665922839194536,-0.01851292885839939,2.9286692142486572,-2.285339832305908,-0.0014692145027220237,-0.02745014199288562,-0.08417979020538395,-1.5727772832271765,0.004665922839194536,-0.01851292885839939,2.9286692142486572,-2.285339832305908,0.03725461059164564,0.4616130206550758,165.77150489062188,5.607990744966834,0.00015460683558485966,0.07517465070071254,-0.5,0.10626535997999395,-0.4998453931644151,0.18144001068070648,0.4625907825727695,0.6430530313357823,0.4625907825727695,0.4625907825727695,0.4625907825727695,0.4625907825727695,0.7587007269789746,0.7587007269789746,0.7587007269789746,0.7587007269789746,1.0
17400,58.44575440499966,0.9049914205685212,1.7360676011562222,-0.017190832644701004,0.013567990623414516,1.104659784520183,-0.1339851778516943,-0.003484870363026856,-0.027961613174993544,-0.017190832644701004,-0.013567990623414516,2.6380257606506348,-2.2800369262695312,-0.003484870363026856,-0.027961613174993544,-0.1996683639516619,-1.6020824233045279,-0.017190832644701004,-0.013567990623414516,2.6380257606506348,-2.2800369262695312,0.11871607280270942,0.41332305274539116,165.77068220881895,5.607925429993546,0.00036671742309956067,0.07657589007190528,-0.5,0.07946690682462897,-0.49963328257690043,0.15604279689653425,0.380917209774191,0.5693658496419254,0.380917209774191,0.380917209774191,0.380917209774191,0.380917209774191,0.6645951520854732,0.6645951520854732,0.6645951520854732,0.6645951520854732,1.0
17450,58.510967808999794,0.7774130918262033,1.6433880172563788,-0.012383192777633667,-0.06629941612482071,1.104659784520183,-0.1339851778516943,-0.005711532253772019,-0.026344049286562952,-0.012383192777633667,0.06629941612482071,2.4939637184143066,-2.3754451274871826,-0.005711532253772019,-0.026344049286562952,-0.32724669269397977,-1.5094028394046846,-0.012383192777633667,0.06629941612482071,2.4939637184143066,-2.3754451274871826,0.13455516389871552,0.27966974936911987,165.7689951772335,5.608127870954432,0.0006010360040318465,0.07214446906109832,-0.5,-0.26047962929400637,-0.49939896399596817,-0.18833516023290803,0.36484380009725265,0.09133458913621184,0.36484380009725265,0.36484380009725265,0.36484380009725265,0.36484380009725265,0.18254553916052502,0.18254553916052502,0.18254553916052502,0.18254553916052502,1.0
17500,58.57621839700005,0.7510041654003491,1.6281939412825681,0.015262862667441368,-0.025435693562030792,1.104659784520183,-0.1339851778516943,-0.006172454971820113,-0.02607886263402179,0.015262862667441368,0.025435693562030792,2.0508077144622803,-2.9279417991638184,-0.006172454971820113,-0.02607886263402179,-0.35365561911983395,-1.4942087634308738,0.015262862667441368,0.025435693562030792,2.0508077144622803,-2.9279417991638184,0.08176914436789917,0.36672149298361045,165.76854390323365,5.60815990916975,0.0006495410021410505,0.07141799991078242,-0.5,-0.1406827512846783,-0.49935045899785896,-0.06926475137389589,0.4175813146299598,0.2974567416097146,0.4175813146299598,0.4175813146299598,0.4175813146299598,0.4175813146299598,0.40185207026720454,0.40185207026720454,0.40185207026720454,0.40185207026720454,1.0
17550,58.63985473599996,0.8109695444142115,1.592721247106401,0.031245138496160507,0.0010437900200486183,1.104659784520183,-0.1339851778516943,-0.005125861670821904,-0.025459747326094656,0.031245138496160507,-0.0010437900200486183,2.603391647338867,-3.431643009185791,-0.005125861670821904,-0.025459747326094656,-0.29369024010597156,-1.4587360692547067,0.031245138496160507,-0.0010437900200486183,2.603391647338867,-3.431643009185791,0.03571652036851308,0.3926586626058557,165.76951808936832,5.608233445408896,0.0005394035820360351,0.06972198466447585,-0.5,0.006261830513471324,-0.499460596417964,0.07598381517794717,0.4637440760494509,0.46864247778380286,0.4637440760494509,0.4637440760494509,0.4637440760494509,0.4637440760494509,0.5845784967961656,0.5845784967961656,0.5845784967961656,0.5845784967961656,1.0
17600,58.78900666199979,0.8292479844068119,1.5772087135625386,0.0629035085439682,0.016882646828889847,1.104659784520183,-0.1339851778516943,-0.004806842710822819,-0.025189002540428194,0.0629035085439682,-0.016882646828889847,1.6054322719573975,-4.209218978881836,-0.004806842710822819,-0.025189002540428194,-0.2754118001133712,-1.4432235357108443,0.0629035085439682,-0.016882646828889847,1.6054322719573975,-4.209218978881836,0.0024612815591703308,0.4213204781691872,165.7697791460415,5.6082650483611065,0.000505832117429627,0.06898031405658625,-0.5,0.09761412778684968,-0.4994941678825704,0.16659444184343591,0.49703288632340004,0.5879149200126231,0.49703288632340004,0.49703288632340004,0.49703288632340004,0.49703288632340004,0.7121731415934731,0.7121731415934731,0.7121731415934731,0.7121731415934731,1.0
17650,58.93984148699974,1.0942042024422705,1.6060893146942912,0.021399974822998047,0.06495242565870285,1.104659784520183,-0.1339851778516943,-0.0001824843324720847,-0.025693064120132475,0.021399974822998047,-0.06495242565870285,1.274451732635498,-4.064873695373535,-0.0001824843324720847,-0.025693064120132475,-0.010455582077912574,-1.4721041368425967,0.021399974822998047,-0.06495242565870285,1.274451732635498,-4.064873695373535,-0.01400930780626351,0.48426973995825573,165.77167998445432,5.6082059402978235,1.9202985900788034e-05,0.07036113209797817,-0.5,0.25844340422790774,-0.4999807970140992,0.3288045363258859,0.5139901048203627,0.8130742762841416,0.5139901048203627,0.5139901048203627,0.5139901048203627,0.5139901048203627,0.9415718024892323,0.9415718024892323,0.9415718024892323,0.9415718024892323,1.0
17700,59.09536838299982,0.9959678327657986,1.704271042857403,0.00968278106302023,0.004346828907728195,1.104659784520183,-0.1339851778516943,-0.0018970324285328376,-0.02740665854187682,0.00968278106302023,-0.004346828907728195,1.5302412509918213,-5.728551864624023,-0.0018970324285328376,-0.02740665854187682,-0.10869195175438456,-1.5702858650057085,0.00968278106302023,-0.004346828907728195,1.5302412509918213,-5.728551864624023,0.05645080193289715,0.4683181681723338,165.77138624346898,5.6079962422140515,0.0001996266166411565,0.07505552367719727,-0.5,0.026015465090310816,-0.49980037338335886,0.10107098876750809,0.4433495714504617,0.5693891569398419,0.4433495714504617,0.4433495714504617,0.4433495714504617,0.4433495714504617,0.6802265498024573,0.6802265498024573,0.6802265498024573,0.6802265498024573,1.0
17750,59.24288337300004,1.1106847018575707,1.6994305731699797,0.01632746309041977,0.018613239750266075,1.104659784520183,-0.1339851778516943,0.00010515464469790584,-0.027322176408488306,0.01632746309041977,-0.018613239750266075,1.903702974319458,-4.68729305267334,0.00010515464469790584,-0.027322176408488306,0.006024917337387724,-1.5654453953182854,0.01632746309041977,-0.018613239750266075,1.903702974319458,-4.68729305267334,-0.050931130387819414,0.46413970047001907,165.7716818169652,5.608006897671986,-1.1065515145027426e-05,0.07482407748314647,-0.5,0.10679133462347198,-0.5000110655151451,0.18161541210661847,0.5509421959029644,0.6457551125766375,0.5509421959029644,0.5509421959029644,0.5509421959029644,0.5509421959029644,0.7834906615523787,0.7834906615523787,0.7834906615523787,0.7834906615523787,1.0
17800,59.397762002000036,1.2354801553999317,1.8705623502068243,-0.03752560168504715,0.013224553316831589,1.104659784520183,-0.1339851778516943,0.002283246200531726,-0.030308989372570067,-0.03752560168504715,-0.013224553316831589,2.3104381561279297,-5.245192050933838,0.002283246200531726,-0.030308989372570067,0.1308203708797487,-1.7365771723551298,-0.03752560168504715,-0.013224553316831589,2.3104381561279297,-5.245192050933838,0.07898307365690446,0.4938128965023426,165.77125323317648,5.607610208438784,-0.00024026840563616092,0.08300720616326647,-0.5,0.07754740758063569,-0.5002402684056362,0.16055461374390217,0.4212571947487317,0.6543675102462447,0.4212571947487317,0.4212571947487317,0.4212571947487317,0.4212571947487317,0.7596818089334276,0.7596818089334276,0.7596818089334276,0.7596818089334276,1.0
17850,59.5444201549999,0.9300408191844256,1.8629050678170054,-0.09515468776226044,-0.07119178771972656,1.104659784520183,-0.1339851778516943,-0.0030476758815348136,-0.030175344583112745,-0.09515468776226044,0.07119178771972656,1.6823961734771729,-3.7269463539123535,-0.0030476758815348136,-0.030175344583112745,-0.1746189653357575,-1.7289198899653109,-0.09515468776226044,0.07119178771972656,1.6823961734771729,-3.7269463539123535,0.2615536343198326,0.3443075627615777,165.7709175017988,5.607628836771108,0.0003207105788533397,0.08264103009268123,-0.5,-0.26711891713968877,-0.49967928942114664,-0.18447788704700754,0.23812565510131406,0.15982967571457016,0.23812565510131406,0.23812565510131406,0.23812565510131406,0.23812565510131406,0.2193610894898987,0.2193610894898987,0.2193610894898987,0.2193610894898987,1.0
17900,59.693215682999835,0.3408133928551045,1.2588532761831268,0.03764517977833748,-0.17473433911800385,1.104659784520183,-0.1339851778516943,-0.013331634514033793,-0.01963265196653083,0.03764517977833748,0.17473433911800385,-9.209388732910156,-6.351167678833008,-0.013331634514033793,-0.01963265196653083,-0.7638463916650786,-1.1248680983314325,0.03764517977833748,0.17473433911800385,-9.209388732910156,-6.351167678833008,0.3867428873197031,0.11555133455246108,165.7570403050131,5.608839013949995,0.0014029819112389695,0.05376092683670464,0.5,-0.29944753495179466,0.501402981911239,-0.24568660811509002,-0.8881458692309421,-0.13013527356262894,-0.8881458692309421,-0.8881458692309421,-0.8881458692309421,-0.8881458692309421,-0.35217174087036446,-0.35217174087036446,-0.35217174087036446,-0.35217174087036446,1.0
17950,59.81320905699977,1.4730305061949784,-0.3952887671997312,0.10251016914844513,-0.1413557082414627,1.104659784520183,-0.1339851778516943,0.00642928196117282,0.009237572986166924,0.10251016914844513,0.1413557082414627,-3.060607671737671,-1.1792559623718262,0.00642928196117282,0.009237572986166924,0.3683707216747954,0.5292739450514256,0.10251016914844513,0.1413557082414627,-3.060607671737671,-1.1792559623718262,-0.27782543356028966,-0.42676012429018784,165.7682772660113,5.609530695464279,-0.000676568193974877,-0.025293785505750618,0.5,-0.29790573057232694,0.4993234318060251,-0.32319951607807756,-0.22149799824573546,-0.7499596403682653,-0.22149799824573546,-0.22149799824573546,-0.22149799824573546,-0.22149799824573546,-0.8053341399296992,-0.8053341399296992,-0.8053341399296992,-0.8053341399296992,1.0
18000,59.87003947099993,1.801638697848814,-0.6982203567727847,0.0429735891520977,-0.06438571214675903,1.104659784520183,-0.1339851778516943,0.0121645768545568,0.01452472663251683,0.0429735891520977,0.06438571214675903,1.0102956295013428,-0.014495535753667355,0.0121645768545568,0.01452472663251683,0.6969789133286309,0.832205534624479,0.0429735891520977,0.06438571214675903,1.0102956295013428,-0.014495535753667355,-0.2465069854404377,-0.3304242100357655,165.75949167439595,5.609241131228364,-0.0012801516206114702,-0.03977198262123453,-0.5,-0.25755801538395706,-0.5012801516206115,-0.2973299980051916,0.7477871370610492,-0.627754208040957,0.7477871370610492,0.7477871370610492,0.7477871370610492,0.7477871370610492,-0.44080742377569476,-0.44080742377569476,-0.44080742377569476,-0.44080742377569476,1.0
18050,59.924842549000005,1.9370181698403444,-0.8333761934298499,-0.1097249686717987,0.017032405361533165,1.104659784520183,-0.1339851778516943,0.014527394380420448,0.016883640985470266,-0.1097249686717987,-0.017032405361533165,4.487951278686523,-0.03239472210407257,0.014527394380420448,0.016883640985470266,0.8323583853201612,0.9673613712815443,-0.1097249686717987,-0.017032405361533165,4.487951278686523,-0.03239472210407257,-0.011814362191325561,-0.19211082534024249,165.754295898397,5.609070371744996,-0.0015288369785518416,-0.046232059531825624,-0.5,0.0984167625678192,-0.5015288369785519,0.052184703035993575,0.5133431991698775,-0.13992612230424892,0.5133431991698775,0.5133431991698775,0.5133431991698775,0.5133431991698775,-0.01159032251177955,-0.01159032251177955,-0.01159032251177955,-0.01159032251177955,1.0
18100,60.074778096000045,0.003543104352919581,-0.3581746665082191,-0.12744268774986267,0.05884697288274765,1.104659784520183,-0.1339851778516943,-0.019218111517548094,0.008589809730183334,-0.12744268774986267,-0.05884697288274765,-7.017016410827637,0.13534298539161682,-0.019218111517548094,0.008589809730183334,-1.1011166801672636,0.4921598443599135,-0.12744268774986267,-0.05884697288274765,-7.017016410827637,0.13534298539161682,0.6108585882536889,-0.2888762337103447,165.74125562297138,5.609557311500831,0.002022585417601111,-0.023520051473919053,0.5,0.24794523057643258,0.5020225854176011,0.22442517910251353,-1.11288117367129,-0.06445105460783118,-1.11288117367129,-1.11288117367129,-1.11288117367129,-1.11288117367129,-0.3426713480256537,-0.3426713480256537,-0.3426713480256537,-0.3426713480256537,1.0
18150,60.22631722699998,0.6829664099220306,-1.550580580753009,0.11662358045578003,-0.040164247155189514,1.104659784520183,-0.1339851778516943,-0.007359937820583581,0.029401218954008074,0.11662358045578003,0.040164247155189514,-3.9746601581573486,2.832531690597534,-0.007359937820583581,0.029401218954008074,-0.4216933745981525,1.6845657586047034,0.11662358045578003,0.040164247155189514,-3.9746601581573486,2.832531690597534,-0.07695218934716164,-0.5431865620847456,165.76722001542515,5.6077351207733415,0.0007745065432738737,-0.08052002984647987,0.5,-0.1997607692717733,0.5007745065432738,-0.28028079911825315,-0.4238223171961122,-0.8234673612029988,-0.4238223171961122,-0.4238223171961122,-0.4238223171961122,-0.4238223171961122,-0.9294229405020269,-0.9294229405020269,-0.9294229405020269,-0.9294229405020269,1.0
18200,60.38167512900009,1.258028424119142,-1.448849822264135,-0.03892594948410988,0.0018690265715122223,1.104659784520183,-0.1339851778516943,0.002676787730306388,0.02762568226782605,-0.03892594948410988,-0.0018690265715122223,-5.13111686706543,2.9323720932006836,0.002676787730306388,0.02762568226782605,0.15336863959895888,1.5828350001158296,-0.03892594948410988,-0.0018690265715122223,-5.13111686706543,2.9323720932006836,-0.0021551323985123903,-0.32322345172844036,165.77109241788207,5.607968464302635,-0.00028168137747140796,-0.07565556199571277,0.5,0.011208939149686164,0.4997183186225286,-0.0644466228460266,-0.4975631862240162,-0.38767007457446695,-0.4975631862240162,-0.4975631862240162,-0.4975631862240162,-0.4975631862240162,-0.512060871130471,-0.512060871130471,-0.512060871130471,-0.512060871130471,1.0
18250,60.49232293399973,1.1197715214963324,-1.5336823725812803,-0.016230426728725433,-0.019016267731785774,1.104659784520183,-0.1339851778516943,0.00026374956592917914,0.029106289583723993,-0.016230426728725433,0.019016267731785774,-5.440922260284424,2.3495330810546875,0.00026374956592917914,0.029106289583723993,0.015111736976149417,1.6676675504329745,-0.016230426728725433,0.019016267731785774,-5.440922260284424,2.3495330810546875,0.03586851714638874,-0.43779468402422755,165.7716769968717,5.60777488686663,-2.7754597821813946e-05,-0.07971198169853418,0.5,-0.10889699588390397,0.49997224540217816,-0.18860897758243816,-0.5358407625485669,-0.6264036616066657,-0.5358407625485669,-0.5358407625485669,-0.5358407625485669,-0.5358407625485669,-0.7603638522438074,-0.7603638522438074,-0.7603638522438074,-0.7603638522438074,1.0
18300,60.54767992899997,1.1424483898710094,-1.5166684780804842,0.006220830604434013,0.0013405755162239075,1.104659784520183,-0.1339851778516943,0.0006595355831086648,0.028809341106098146,0.006220830604434013,-0.0013405755162239075,-5.242993354797363,2.4402003288269043,0.0006595355831086648,0.028809341106098146,0.03778860535082624,1.6506536559321785,0.006220830604434013,-0.0013405755162239075,-5.242993354797363,2.4402003288269043,-0.008232045279775405,-0.3907528899689654,165.77164689116265,5.607814520276538,-6.94035154272275e-05,-0.07889841186605336,0.5,0.008041526286964076,0.4999305964845728,-0.07085688557908928,-0.4916985512047974,-0.4616097755480547,-0.4916985512047974,-0.4916985512047974,-0.4916985512047974,-0.4916985512047974,-0.584534413349254,-0.584534413349254,-0.584534413349254,-0.584534413349254,1.0
18350,60.60125008399973,1.1228628224259978,-1.4751371926671044,-0.029130246490240097,0.02056651934981346,1.104659784520183,-0.1339851778516943,0.0003177029453217996,0.028084483433049177,-0.029130246490240097,-0.02056651934981346,-8.037494659423828,1.9607620239257812,0.0003177029453217996,0.028084483433049177,0.01820303790581468,1.609122370518799,-0.029130246490240097,-0.02056651934981346,-8.037494659423828,1.9607620239257812,0.050445001456920824,-0.32406924214187455,165.77167441231848,5.607909559861359,-3.343215953558565e-05,-0.07691251288967327,0.5,0.11688051389330532,0.4999665678404644,0.039968001003632056,-0.5504115692973852,-0.2841012411382425,-0.5504115692973852,-0.5504115692973852,-0.5504115692973852,-0.5504115692973852,-0.4217041334625888,-0.4217041334625888,-0.4217041334625888,-0.4217041334625888,1.0
18400,60.65852821499993,0.9698920915053939,-1.4743518276342586,-0.036362119019031525,-0.014400716871023178,1.104659784520183,-0.1339851778516943,-0.0023521399684250342,0.028070776227395983,-0.036362119019031525,0.014400716871023178,-8.030385971069336,1.6469013690948486,-0.0023521399684250342,0.028070776227395983,-0.1347676930147892,1.608337005485953,-0.036362119019031525,0.014400716871023178,-8.030385971069336,1.6469013690948486,0.13205566712076283,-0.4208820919557701,165.77122692334598,5.60791133375489,0.0002475181955981282,-0.0768749597127473,0.5,-0.08409185606940595,0.5002475181955981,-0.16096681578215324,-0.632303185316361,-0.5818489077379233,-0.632303185316361,-0.632303185316361,-0.632303185316361,-0.632303185316361,-0.7399247040670136,-0.7399247040670136,-0.7399247040670136,-0.7399247040670136,1.0
18450,60.71271622999984,0.8980768145292354,-1.5504251939493914,0.01255220826715231,0.05524356663227081,1.104659784520183,-0.1339851778516943,-0.003605553004890679,0.029398506942670797,0.01255220826715231,-0.05524356663227081,-9.836038589477539,1.5164045095443726,-0.003605553004890679,0.029398506942670797,-0.20658296999094777,1.6844103718010859,0.01255220826715231,-0.05524356663227081,-9.836038589477539,1.5164045095443726,0.06231575375385943,-0.3395305779272436,165.7706117121417,5.607735488266689,0.00037941712109503716,-0.08051259942513386,0.5,0.24067260009951255,0.500379417121095,0.1601600006743787,-0.5626951708749545,-0.17937057725286493,-0.5626951708749545,-0.5626951708749545,-0.5626951708749545,-0.5626951708749545,-0.32004436997160357,-0.32004436997160357,-0.32004436997160357,-0.32004436997160357,1.0
18500,60.76906724599985,0.7463217505591879,-1.4899389596504624,-0.0065851965919137,-0.029331207275390625,1.104659784520183,-0.1339851778516943,-0.006254178527742623,0.02834282300202176,-0.0065851965919137,0.029331207275390625,-11.647353172302246,1.1220040321350098,-0.006254178527742623,0.02834282300202176,-0.3583380339609952,1.623924137502157,-0.0065851965919137,0.029331207275390625,-11.647353172302246,1.1220040321350098,0.14348593364067502,-0.42419439143638576,165.76846023693975,5.607875965384995,0.0006581411723174028,-0.07762028121668017,0.5,-0.15823899458190174,0.5006581411723174,-0.2358592757985819,-0.6441440748129925,-0.6600536672349677,-0.6441440748129925,-0.6441440748129925,-0.6441440748129925,-0.6441440748129925,-0.8210896859382159,-0.8210896859382159,-0.8210896859382159,-0.8210896859382159,1.0
18550,60.824278281999796,0.7612087348246126,-1.4759251190208889,0.03943421691656113,0.029667861759662628,1.104659784520183,-0.1339851778516943,-0.005994351636618373,0.02809823534218595,0.03943421691656113,-0.029667861759662628,-11.242761611938477,1.0533244609832764,-0.005994351636618373,0.02809823534218595,-0.34345104969557044,1.6099102968725834,0.03943421691656113,-0.029667861759662628,-11.242761611938477,1.0533244609832764,0.017154798248875378,-0.3669827575332144,165.7687224280353,5.607907779312599,0.0006307983452318403,-0.07695018856054159,0.5,0.15969176098278448,0.5006307983452318,0.08274157242224289,-0.5177855965941072,-0.2842411851109715,-0.5177855965941072,-0.5177855965941072,-0.5177855965941072,-0.5177855965941072,-0.4136875842594983,-0.4136875842594983,-0.4136875842594983,-0.4136875842594983,1.0
18600,60.938629212999786,0.7707236685861163,-1.2540149409298191,0.024158941581845284,0.003566289320588112,1.104659784520183,-0.1339851778516943,-0.005828284714370965,0.024225172090809797,0.024158941581845284,-0.003566289320588112,-12.674453735351562,0.11292000114917755,-0.005828284714370965,0.024225172090809797,-0.3339361159340668,1.3880001187815136,0.024158941581845284,-0.003566289320588112,-12.674453735351562,0.11292000114917755,0.07142303739113062,-0.3060396913832015,165.76888417923846,5.608374810669269,0.0006133223727774211,-0.06634008379487254,0.5,0.02136152356102493,0.5006133223727774,-0.04497856023384761,-0.5720363597639081,-0.3510182516170491,-0.5720363597639081,-0.5720363597639081,-0.5720363597639081,-0.5720363597639081,-0.4940273415580261,-0.4940273415580261,-0.4940273415580261,-0.4940273415580261,1.0
18650,61.105914700000085,0.989040847008642,-1.0891676849813265,0.05629008635878563,0.029063796624541283,1.104659784520183,-0.1339851778516943,-0.0020179311372339713,0.021348044711630793,0.05629008635878563,-0.029063796624541283,-12.335264205932617,-0.21833057701587677,-0.0020179311372339713,0.021348044711630793,-0.11561893751154109,1.223152862833021,0.05629008635878563,-0.029063796624541283,-12.335264205932617,-0.21833057701587677,-0.0715782345667147,-0.27738175844462293,165.77134724911852,5.60867699802369,0.00021234894167460633,-0.05845926354423715,0.5,0.15707765564351148,0.5002123489416747,0.09861839209927432,-0.42863411437495996,-0.17876336634534862,-0.42863411437495996,-0.42863411437495996,-0.42863411437495996,-0.42863411437495996,-0.2859218949390886,-0.2859218949390886,-0.2859218949390886,-0.2859218949390886,1.0
18700,61.256542459999764,1.0582193508000584,-0.7181627482410765,0.03222491592168808,0.060166098177433014,1.104659784520183,-0.1339851778516943,-0.0008105384744703757,0.01487278702436015,0.03222491592168808,-0.060166098177433014,-12.855681419372559,-0.5533071160316467,-0.0008105384744703757,0.01487278702436015,-0.046440433720124755,0.8521479260927709,0.03222491592168808,-0.060166098177433014,-12.855681419372559,-0.5533071160316467,-0.006528093596287962,-0.08034271574373134,165.77162860270764,5.609217548458629,8.529369010992833e-05,-0.04072515236822252,0.5,0.2503995210772157,0.5000852936901099,0.20967436870899317,-0.4935572000938219,0.12933165296526183,-0.4935572000938219,-0.4935572000938219,-0.4935572000938219,-0.4935572000938219,0.005942352941806353,0.005942352941806353,0.005942352941806353,0.005942352941806353,1.0
18750,61.407962207999844,1.1629379968856957,-0.5048457485386763,0.03453235328197479,0.0582147017121315,1.104659784520183,-0.1339851778516943,0.001017146687954669,0.0111497030290775,0.03453235328197479,-0.0582147017121315,-12.567010879516602,-1.2953914403915405,0.001017146687954669,0.0111497030290775,0.05827821236551266,0.6388309263903705,0.03453235328197479,-0.0582147017121315,-12.567010879516602,-1.2953914403915405,-0.043129549147591165,-0.061862923730612696,165.7715974926018,5.6094408462495,-0.00010703527093734451,-0.030529759511257318,0.5,0.24673030630517429,0.49989296472906264,0.21620054679391698,-0.4567634155814715,0.15433762306330429,-0.4567634155814715,-0.4567634155814715,-0.4567634155814715,-0.4567634155814715,0.040146769167936414,0.040146769167936414,0.040146769167936414,0.040146769167936414,1.0
18800,61.47396850999985,1.1087355366231784,-0.5390863406215964,0.006816161796450615,-0.04717986658215523,1.104659784520183,-0.1339851778516943,7.113529369235164e-05,0.011747314098756761,0.006816161796450615,0.04717986658215523,-13.535265922546387,-1.091148018836975,7.113529369235164e-05,0.011747314098756761,0.004075752102995335,0.6730715184732908,0.006816161796450615,0.04717986658215523,-13.535265922546387,-1.091148018836975,0.010037474843338038,-0.2618058309963395,165.77168231105532,5.609409308311534,-7.4856290979890956e-06,-0.0321662264800812,0.5,-0.2210612021060304,0.49999251437090203,-0.2532274285861116,-0.51002998921424,-0.515033259582451,-0.51002998921424,-0.51002998921424,-0.51002998921424,-0.51002998921424,-0.6425407568860111,-0.6425407568860111,-0.6425407568860111,-0.6425407568860111,1.0
18850,61.52830744799985,1.083401938104778,-0.6036783190244963,-0.0065212007611989975,0.018926149234175682,1.104659784520183,-0.1339851778516943,-0.00037101941183209294,0.012874656792264431,-0.0065212007611989975,-0.018926149234175682,-13.672758102416992,-2.681671619415283,-0.00037101941183209294,0.012874656792264431,-0.021257846415405086,0.7376634968761906,-0.0065212007611989975,-0.018926149234175682,-13.672758102416992,-2.681671619415283,0.03614186721074628,-0.172020696319805,165.77167138709046,5.609345332910004,3.904269853418476e-05,-0.03525332940450472,0.5,0.10842722307669514,0.5000390426985342,0.07317389367219042,-0.5361809099092805,-0.09884680264761457,-0.5361809099092805,-0.5361809099092805,-0.5361809099092805,-0.5361809099092805,-0.2328920301249347,-0.2328920301249347,-0.2328920301249347,-0.2328920301249347,1.0
18900,61.61768227399989,1.0750622771281924,-0.6364940696135283,0.03184084966778755,0.02320980280637741,1.104659784520183,-0.1339851778516943,-0.0005165739543735968,0.013447399686556309,0.03184084966778755,-0.02320980280637741,-12.781840324401855,-4.0162858963012695,-0.0005165739543735968,0.013447399686556309,-0.029597507391990654,0.7704792474652226,0.03184084966778755,-0.02320980280637741,-12.781840324401855,-4.0162858963012695,-0.009154918411318495,-0.17856501273319159,165.77166074339652,5.609310586316891,5.435953319076079e-05,-0.0368217470833318,0.5,0.1300493796612103,0.5000543595331908,0.0932276325778785,-0.4908994411218723,-0.08533738015531309,-0.4908994411218723,-0.4908994411218723,-0.4908994411218723,-0.4908994411218723,-0.20806224043578114,-0.20806224043578114,-0.20806224043578114,-0.20806224043578114,1.0
18950,61.76701609599968,1.1030402260724457,-0.5932891210492308,-0.03144530579447746,0.021680470556020737,1.104659784520183,-0.1339851778516943,-2.8266627341507616e-05,0.012693331080954521,-0.03144530579447746,-0.021680470556020737,-14.53160285949707,-3.064391613006592,-2.8266627341507616e-05,0.012693331080954521,-0.0016195584477374848,0.7272742989009252,-0.03144530579447746,-0.021680470556020737,-14.53160285949707,-3.064391613006592,0.05226560992626157,-0.09012563736266219,165.77168266212013,5.609356018274887,2.974521884268596e-06,-0.03475678477557313,0.5,0.12249999804504683,0.5000029745218842,0.0877432132694737,-0.5522685844481459,-0.0023824240931884927,-0.5522685844481459,-0.5522685844481459,-0.5522685844481459,-0.5522685844481459,-0.14044957020522497,-0.14044957020522497,-0.14044957020522497,-0.14044957020522497,1.0
19000,61.92655058399987,1.2178163257109267,-0.683266564719541,0.10861597955226898,0.005092758685350418,1.104659784520183,-0.1339851778516943,0.001974954213947059,0.014263733725529163,0.10861597955226898,-0.005092758685350418,-10.85465145111084,-3.1091628074645996,0.001974954213947059,0.014263733725529163,0.1131565411907435,0.8172517425712352,0.10861597955226898,-0.005092758685350418,-10.85465145111084,-3.1091628074645996,-0.18820197015324217,-0.19415051167827202,165.7713613866783,5.60925844841712,-0.0002078264246373461,-0.039057253415092925,0.5,0.03045131937466467,0.49979217357536265,-0.008605934040428257,-0.3115902034221205,-0.20275644571870027,-0.3115902034221205,-0.3115902034221205,-0.3115902034221205,-0.3115902034221205,-0.2806539965742304,-0.2806539965742304,-0.2806539965742304,-0.2806539965742304,1.0
19050,62.123573898999894,1.0983189645303801,-0.4430816285347203,-0.03706866875290871,-0.03204484283924103,1.104659784520183,-0.1339851778516943,-0.00011066818609833592,0.010071715775411575,-0.03706866875290871,0.03204484283924103,-12.19014835357666,-4.3992133140563965,-0.00011066818609833592,0.010071715775411575,-0.0063408199898030175,0.5770668063864146,-0.03706866875290871,0.03204484283924103,-12.19014835357666,-4.3992133140563965,0.14113492981460807,-0.1233511430769868,165.77168171893035,5.609493572284946,1.1645709928869927e-05,-0.027577895290269026,0.5,-0.16965297087753026,0.5000116457099288,-0.19723086616779928,-0.6411465755245369,-0.3205820092447861,-0.6411465755245369,-0.6411465755245369,-0.6411465755245369,-0.6411465755245369,-0.4808686531259203,-0.4808686531259203,-0.4808686531259203,-0.4808686531259203,1.0
19100,62.32502430799968,1.4018961137017056,-0.42534413418829964,-0.06822117418050766,0.02583012729883194,1.104659784520183,-0.1339851778516943,0.005187752600759269,0.009762138098012655,-0.06822117418050766,-0.02583012729883194,-11.368547439575195,-3.7905657291412354,0.005187752600759269,0.009762138098012655,0.2972363291815225,0.5593293120399939,-0.06822117418050766,-0.02583012729883194,-11.368547439575195,-3.7905657291412354,0.01743138853853038,-0.07139455991928663,165.76946550113882,5.609507724188897,-0.0005459165902810303,-0.026730184269426308,0.5,0.14252207865352004,0.499454083409719,0.11579189438409374,-0.5168854719482494,0.044397334464807106,-0.5168854719482494,-0.5168854719482494,-0.5168854719482494,-0.5168854719482494,-0.08482403352225525,-0.08482403352225525,-0.08482403352225525,-0.08482403352225525,1.0
19150,62.51193291999971,1.3092602857012325,-0.4263313366472045,0.06864317506551743,0.01794194057583809,1.104659784520183,-0.1339851778516943,0.0035709523968398584,0.00977936803130433,0.06864317506551743,-0.01794194057583809,-10.580519676208496,-2.9633212089538574,0.0035709523968398584,0.00977936803130433,0.20460050118104936,0.5603165144988989,0.06864317506551743,-0.01794194057583809,-10.580519676208496,-2.9633212089538574,-0.10918559713824141,-0.15369875620369958,165.7706321694456,5.609506948156299,-0.00037577602243222516,-0.02677736458805383,0.5,0.10325724538441668,0.4996242239775678,0.07647988079636285,-0.3904386268393264,-0.07721887540733673,-0.3904386268393264,-0.3904386268393264,-0.3904386268393264,-0.3904386268393264,-0.1748285321171683,-0.1748285321171683,-0.1748285321171683,-0.1748285321171683,1.0
19200,62.63363325299997,1.5674485866820018,-0.246186164505176,0.0300565417855978,0.009277787059545517,1.104659784520183,-0.1339851778516943,0.008077188339084388,0.006635241645853966,0.0300565417855978,-0.009277787059545517,-10.298812866210938,-3.4324846267700195,0.008077188339084388,0.006635241645853966,0.4627888021618187,0.3801713423568703,0.0300565417855978,-0.009277787059545517,-10.298812866210938,-3.4324846267700195,-0.16187746051761237,-0.08033558450702655,165.76630782484315,5.609625899881854,-0.0008499879011117007,-0.018168049796873982,0.5,0.0550365146610784,0.4991500120988883,0.03686846486420442,-0.33727255158127595,-0.04346711964282213,-0.33727255158127595,-0.33727255158127595,-0.33727255158127595,-0.33727255158127595,-0.12778525753814113,-0.12778525753814113,-0.12778525753814113,-0.12778525753814113,1.0
19250,62.843534527999964,1.214007321309881,-0.12700620701783674,-0.08412019908428192,-0.04497362673282623,1.104659784520183,-0.1339851778516943,0.0019084745459258569,0.004555158985313028,-0.08412019908428192,0.04497362673282623,-8.842928886413574,-4.505666255950928,0.0019084745459258569,0.004555158985313028,0.1093475367896978,0.26099138486953105,-0.08412019908428192,0.04497362673282623,-8.842928886413574,-4.505666255950928,0.1781475475979222,-0.1115065778703166,165.7713826561397,5.6096795498082255,-0.00020083068496793295,-0.01247247489514261,0.5,-0.21481228233485167,0.49979916931503204,-0.22728475722999428,-0.6779467169129543,-0.3387913351003109,-0.6779467169129543,-0.6779467169129543,-0.6779467169129543,-0.6779467169129543,-0.5082780143285495,-0.5082780143285495,-0.5082780143285495,-0.5082780143285495,1.0
19300,63.039440143999855,1.4012454314615561,-0.2801020557982561,0.07290010154247284,0.03189559280872345,1.104659784520183,-0.1339851778516943,0.005176396053284408,0.007227185617666691,0.07290010154247284,-0.03189559280872345,-9.13464069366455,-3.5274317264556885,0.005176396053284408,0.007227185617666691,0.29658564694137296,0.4140872336499504,0.07290010154247284,-0.03189559280872345,-9.13464069366455,-3.5274317264556885,-0.17517646424781091,-0.07598458688020154,165.7694751979869,5.609606986828636,-0.0005447214990691466,-0.019788899684768147,0.5,0.16904282480842187,0.49945527850093085,0.1492539251236537,-0.32427881425311994,0.07326933824345216,-0.32427881425311994,-0.32427881425311994,-0.32427881425311994,-0.32427881425311994,-0.0078003653198278206,-0.0078003653198278206,-0.0078003653198278206,-0.0078003653198278206,1.0
19350,63.22021269299967,1.5295184117868055,-0.20403832111707024,0.007684828247874975,-0.026015790179371834,1.104659784520183,-0.1339851778516943,0.007415181901305919,0.005899623006116598,0.007684828247874975,0.026015790179371834,-7.831213474273682,-4.664426326751709,0.007415181901305919,0.005899623006116598,0.4248586272666225,0.33802349896876455,0.007684828247874975,0.026015790179371834,-7.831213474273682,-4.664426326751709,-0.11991921949273701,-0.10907123123946352,165.76715276959013,5.609647152613908,-0.0007803202405523574,-0.01615380553132239,0.5,-0.14338311403701348,0.49921967975944764,-0.15953691956833588,-0.3793004602667106,-0.26860815080779943,-0.3793004602667106,-0.3793004602667106,-0.3793004602667106,-0.3793004602667106,-0.3634332658744771,-0.3634332658744771,-0.3634332658744771,-0.3634332658744771,1.0
19400,63.38488345199994,1.4309217496316153,-0.10175200944853771,-0.008240613155066967,-0.0546305887401104,1.104659784520183,-0.1339851778516943,0.005694345515221362,0.004114390087779611,-0.008240613155066967,0.0546305887401104,-8.018270492553711,-3.675278663635254,0.005694345515221362,0.004114390087779611,0.3262619651114323,0.235737187300232,-0.008240613155066967,0.0546305887401104,-8.018270492553711,-3.675278663635254,-0.04706001117201773,-0.14272705816430228,165.76901132722918,5.609688357281473,-0.0005992273702328267,-0.011265595637173949,0.5,-0.2393488264169942,0.4994007726297672,-0.2506144220541682,-0.45234076145774943,-0.3933414802184705,-0.45234076145774943,-0.45234076145774943,-0.45234076145774943,-0.45234076145774943,-0.5064266705829078,-0.5064266705829078,-0.5064266705829078,-0.5064266705829078,1.0
19450,63.53152754299981,1.4413662828113283,-0.22778040551757836,0.012122223153710365,0.00758171733468771,1.104659784520183,-0.1339851778516943,0.005876637008041145,0.006314000550191849,0.012122223153710365,-0.00758171733468771,-7.58798885345459,-3.705350875854492,0.005876637008041145,0.006314000550191849,0.33670649829114524,0.36176558336927267,0.012122223153710365,-0.00758171733468771,-7.58798885345459,-3.705350875854492,-0.09534154859742866,-0.10537019973621825,165.76883755242932,5.609635487653058,-0.0006184106995755062,-0.01728843740802663,0.5,0.04514482858793802,0.4993815893004245,0.027856391179911393,-0.4040400407029958,-0.07751380855630685,-0.4040400407029958,-0.4040400407029958,-0.4040400407029958,-0.4040400407029958,-0.1785238187320558,-0.1785238187320558,-0.1785238187320558,-0.1785238187320558,1.0
19500,63.60226401199998,1.4859365755185407,-0.15684885096635628,0.01180602703243494,-0.036042407155036926,1.104659784520183,-0.1339851778516943,0.0066545353643596185,0.0050760113797150555,0.01180602703243494,0.036042407155036926,-7.621431827545166,-2.6772353649139404,0.0066545353643596185,0.0050760113797150555,0.38127679099835765,0.2908340288180506,0.01180602703243494,0.036042407155036926,-7.621431827545166,-2.6772353649139404,-0.10492005519576639,-0.13992735009396975,165.7680344623028,5.609667987693021,-0.000700272811712532,-0.013898637185315551,0.5,-0.18523031618456995,0.49929972718828747,-0.1991289533698855,-0.3943796719925211,-0.3390563034638553,-0.3943796719925211,-0.3943796719925211,-0.3943796719925211,-0.3943796719925211,-0.43765122146198554,-0.43765122146198554,-0.43765122146198554,-0.43765122146198554,1.0
19550,63.72782445199982,1.6211410239125894,-0.18336449909799202,0.033200860023498535,0.061581939458847046,1.104659784520183,-0.1339851778516943,0.009014298152178527,0.005538796742912381,0.033200860023498535,-0.061581939458847046,-7.044875144958496,-4.042016983032227,0.009014298152178527,0.005538796742912381,0.5164812393924063,0.3173496769496863,0.033200860023498535,-0.061581939458847046,-7.044875144958496,-4.042016983032227,-0.18351297564615393,-0.042062895632238056,165.7649882999093,5.6096566653849935,-0.0009486079292292601,-0.015165808932186345,0.5,0.2529162051285232,0.49905139207077076,0.23775039619633687,-0.31553841642461683,0.1956875005640988,-0.31553841642461683,-0.31553841642461683,-0.31553841642461683,-0.31553841642461683,0.1168028964579446,0.1168028964579446,0.1168028964579446,0.1168028964579446,1.0
19600,63.90312372499966,1.8029163701104296,-0.004750709645872938,0.014889533631503582,-0.005259282886981964,1.104659784520183,-0.1339851778516943,0.012186876442283393,0.002421398027508985,0.014889533631503582,0.005259282886981964,-4.586335182189941,-5.68175745010376,0.012186876442283393,0.002421398027508985,0.6982565855902464,0.13873588749756724,0.014889533631503582,0.005259282886981964,-4.586335182189941,-5.68175745010376,-0.20748772994416675,-0.007799824177544466,165.75944693773465,5.609713860635905,-0.0012824985704709435,-0.006630002688836039,0.5,-0.031439832418272924,0.49871750142952903,-0.038069835107108964,-0.2912297714853623,-0.04586965928465343,-0.2912297714853623,-0.2912297714853623,-0.2912297714853623,-0.2912297714853623,-0.118677102155994,-0.118677102155994,-0.118677102155994,-0.118677102155994,1.0
19650,64.07072043900007,1.6808613165291248,-0.008216410746621218,0.05365027114748955,-0.06483772397041321,1.104659784520183,-0.1339851778516943,0.01005661388859153,0.0024818859226070343,0.05365027114748955,0.06483772397041321,-4.307925701141357,0.19912871718406677,0.01005661388859153,0.0024818859226070343,0.5762015320089416,0.14220158859831553,0.05365027114748955,0.06483772397041321,-4.307925701141357,0.19912871718406677,-0.21138847853278658,-0.14026069548538853,165.76335066631842,5.609713177038625,-0.0010583016177275744,-0.006795624405869853,0.5,-0.25826559428377743,0.4989416983822724,-0.26506121868964727,-0.28755321984948584,-0.4053219141750358,-0.28755321984948584,-0.28755321984948584,-0.28755321984948584,-0.28755321984948584,-0.4772102191374073,-0.4772102191374073,-0.4772102191374073,-0.4772102191374073,1.0
19700,64.23236417599992,1.8006175845678971,-0.13128573407945962,0.02390800043940544,-0.06263230741024017,1.104659784520183,-0.1339851778516943,0.012146755065768958,0.004629850822966545,0.02390800043940544,0.06263230741024017,-4.422595500946045,1.8162463903427124,0.012146755065768958,0.004629850822966545,0.695957800047714,0.26527091193115393,0.02390800043940544,0.06263230741024017,-4.422595500946045,1.8162463903427124,-0.1956680239312444,-0.18417804490237719,165.7595273689476,5.609677968572973,-0.001278275943582313,-0.012676990642550835,0.5,-0.2547071986978418,0.4987217240564177,-0.26738418934039265,-0.3030537001251733,-0.45156223424276987,-0.3030537001251733,-0.3030537001251733,-0.3030537001251733,-0.3030537001251733,-0.5273256592740632,-0.5273256592740632,-0.5273256592740632,-0.5273256592740632,1.0
19750,64.38762229599979,2.1574255995923055,-0.10756930957908534,0.08009222894906998,0.017372263595461845,1.104659784520183,-0.1339851778516943,0.01837422972545028,0.004215921128634363,0.08009222894906998,-0.017372263595461845,-2.8807737827301025,-4.6107354164123535,0.01837422972545028,0.004215921128634363,1.0527658150721224,0.24155448743077962,0.08009222894906998,-0.017372263595461845,-2.8807737827301025,-4.6107354164123535,-0.41685057900019507,-0.044161424353916096,165.74386903560668,5.609686407867588,-0.001933751897413373,-0.011543599772968864,0.5,0.10023238085490649,0.49806624810258665,0.08868878108193762,-0.08121566910239159,0.04452735672802152,-0.08121566910239159,-0.08121566910239159,-0.08121566910239159,-0.08121566910239159,0.024223439452423626,0.024223439452423626,0.024223439452423626,0.024223439452423626,1.0
19800,64.53281937699967,2.9402591935768543,0.10281851280494479,0.10120581090450287,0.06604746729135513,1.104659784520183,-0.1339851778516943,0.03203725343570113,0.0005439609219320117,0.10120581090450287,-0.06604746729135513,-2.9243295192718506,-2.9020214080810547,0.03203725343570113,0.0005439609219320117,1.835599409056671,0.031166665046749528,0.10120581090450287,-0.06604746729135513,-2.9243295192718506,-2.9020214080810547,-0.6818417879401937,0.08159387218327367,165.68713031841128,5.609726692439126,-0.003372451610301322,-0.001489411253713369,0.5,0.2601059469968727,0.4966275483896987,0.2586165357431593,0.18521423955049499,0.340210407926433,0.18521423955049499,0.18521423955049499,0.18521423955049499,0.18521423955049499,0.3865139678140567,0.3865139678140567,0.3865139678140567,0.3865139678140567,1.0
19850,64.58784569699992,3.1760509841040347,0.44706456263576333,0.1297682523727417,0.13669082522392273,1.104659784520183,-0.1339851778516943,0.036152596529573214,-0.005464266084600241,0.1297682523727417,-0.13669082522392273,1.8644914627075195,-0.5136089324951172,0.036152596529573214,-0.005464266084600241,2.071391199583852,-0.31307938478406905,0.1297682523727417,-0.13669082522392273,1.8644914627075195,-0.5136089324951172,-0.7816176666132961,0.34914718433157244,165.6640153176301,5.609658555514688,-0.00380601261344094,0.01496173314245901,-0.5,0.29747791909010385,-0.5038060126134409,0.31243965223256287,1.285423679226737,0.6615868365641353,1.285423679226737,1.285423679226737,1.285423679226737,1.285423679226737,0.9829427563708195,0.9829427563708195,0.9829427563708195,0.9829427563708195,1.0
19900,64.64197005100004,3.5544099535071254,0.7005188755110527,-0.03083246946334839,0.043112028390169144,1.104659784520183,-0.1339851778516943,0.04275620630010962,-0.009887878347653898,-0.03083246946334839,-0.043112028390169144,3.655766248703003,-2.8771848678588867,0.04275620630010962,-0.009887878347653898,2.449750168986942,-0.5665336976593585,-0.03083246946334839,-0.043112028390169144,3.655766248703003,-2.8771848678588867,-0.5814923750495944,0.26098823178308705,165.62109667599464,5.609502029427994,-0.004501991793259814,0.02707449608819066,-0.5,0.2092230809417615,-0.5045019917932598,0.23629757702995216,1.0859943668428542,0.4972858088130392,1.0859943668428542,1.0859943668428542,1.0859943668428542,1.0859943668428542,0.7687844005237527,0.7687844005237527,0.7687844005237527,0.7687844005237527,1.0
19950,64.74589058899983,2.273561867370971,1.2970846197320385,-0.28713148832321167,-0.11251608282327652,1.104659784520183,-0.1339851778516943,0.020401189979165794,-0.02029991478892043,-0.28713148832321167,0.11251608282327652,3.9262123107910156,-1.3283894062042236,0.020401189979165794,-0.02029991478892043,1.168902082850788,-1.1630994418803442,-0.28713148832321167,0.11251608282327652,3.9262123107910156,-1.3283894062042236,0.2500399186643952,0.12388174952143999,165.73739422544935,5.6087776037465265,-0.0021471302374900386,0.05558848279550061,-0.5,-0.2934120273341131,-0.50214713023749,-0.23782354453861249,0.25210721157309485,-0.1139417950171725,0.25210721157309485,0.25210721157309485,0.25210721157309485,0.25210721157309485,-0.050914992123898786,-0.050914992123898786,-0.050914992123898786,-0.050914992123898786,1.0
20000,64.9017049260001,1.0500855559939253,0.7318535956281027,0.16756969690322876,-0.25354650616645813,1.104659784520183,-0.1339851778516943,-0.0009524999745190131,-0.010434772383887321,0.16756969690322876,0.25354650616645813,-2.824708938598633,-1.9983409643173218,-0.0009524999745190131,-0.010434772383887321,-0.05457422852625791,-0.5978684177764084,0.16756969690322876,0.25354650616645813,-2.824708938598633,-1.9983409643173218,-0.26570442794164384,-0.39779781494390537,165.77160798288676,5.609476412838576,0.00010023243427890766,0.028572051655202896,0.5,-0.2999763636615446,0.5001002324342789,-0.27140431200634174,-0.23439580449263508,-0.6692021269502471,-0.23439580449263508,-0.23439580449263508,-0.23439580449263508,-0.23439580449263508,-0.7278010780734059,-0.7278010780734059,-0.7278010780734059,-0.7278010780734059,1.0
20050,65.05149202699977,2.180028616546582,-0.41414374452738945,0.09325811266899109,-0.04388732835650444,1.104659784520183,-0.1339851778516943,0.018768726792186507,0.009566654420923441,0.09325811266899109,0.04388732835650444,8.90656852722168,1.2317368984222412,0.018768726792186507,0.009566654420923441,1.075368832026399,0.5481289223790837,0.09325811266899109,0.04388732835650444,8.90656852722168,1.2317368984222412,-0.5225032367344279,-0.23844680620716643,165.74266192278816,5.609516432896481,-0.001975279360436904,-0.026194896751497724,-0.5,-0.21158658485531395,-0.501975279360437,-0.23778148160681167,1.0244785160948648,-0.4762282878139781,1.0244785160948648,1.0244785160948648,1.0244785160948648,1.0244785160948648,-0.22010865879026187,-0.22010865879026187,-0.22010865879026187,-0.22010865879026187,1.0
20100,65.19870615199989,1.3033521720691714,0.6069873322339558,-0.07780864089727402,0.06810120493173599,1.104659784520183,-0.1339851778516943,0.0034678363613784326,-0.00825544496299699,-0.07780864089727402,-0.06810120493173599,6.116328239440918,2.009270429611206,0.0034678363613784326,-0.00825544496299699,0.19869238754898835,-0.4730021543822616,-0.07780864089727402,-0.06810120493173599,6.116328239440918,2.009270429611206,0.14805616538245195,0.21045771047765588,165.7706919659537,5.609570293399027,-0.0003649248987617851,0.02260448478965769,-0.5,0.26305850857057717,-0.5003649248987618,0.2856629933602349,0.3523087595163099,0.49612070383789075,0.3523087595163099,0.3523087595163099,0.3523087595163099,0.3523087595163099,0.5841978937169683,0.5841978937169683,0.5841978937169683,0.5841978937169683,1.0
20150,65.34851690200003,0.8467085092463033,0.5902534754891304,0.0056784991174936295,-0.02144586481153965,1.104659784520183,-0.1339851778516943,-0.004502099063247441,-0.007963384066242725,0.0056784991174936295,0.02144586481153965,5.205682754516602,0.8003085255622864,-0.004502099063247441,-0.007963384066242725,-0.25795127527387984,-0.45626829763743615,0.0056784991174936295,0.02144586481153965,5.205682754516602,0.8003085255622864,0.06157936772345282,0.08138843137658539,165.77001286071868,5.609581211155281,0.0004737629885259896,0.021804758747158082,-0.5,-0.12132482412090156,-0.49952623701147403,-0.09952006537374349,0.4379468692880212,-0.0181316339971581,0.4379468692880212,0.4379468692880212,0.4379468692880212,0.4379468692880212,0.0913550833248472,0.0913550833248472,0.0913550833248472,0.0913550833248472,1.0
20200,65.477325329,1.054671921299883,0.57637869324219,0.019516650587320328,-0.013973206281661987,1.104659784520183,-0.1339851778516943,-0.0008724527992308127,-0.0077212234330363595,0.019516650587320328,0.013973206281661987,4.6698737144470215,1.4084410667419434,-0.0008724527992308127,-0.0077212234330363595,-0.049987863220300126,-0.4423935153904958,0.019516650587320328,0.013973206281661987,4.6698737144470215,1.4084410667419434,-0.016373001583563168,0.094318131791343,165.7716200179995,5.609589965386068,9.180899315491764e-05,0.021141672513620997,-0.5,-0.08172271323460573,-0.4999081910068451,-0.06058104072098473,0.5162811925904083,0.03373709107035827,0.5162811925904083,0.5162811925904083,0.5162811925904083,0.5162811925904083,0.16280738921796034,0.16280738921796034,0.16280738921796034,0.16280738921796034,1.0
20250,65.53213578199984,1.136725972007008,0.6018061001399723,0.039207350462675095,0.03573743999004364,1.104659784520183,-0.1339851778516943,0.0005596605502069009,-0.008165015403646976,0.039207350462675095,-0.03573743999004364,4.607112407684326,1.2787061929702759,0.0005596605502069009,-0.008165015403646976,0.03206618748682493,-0.46782092228827804,0.039207350462675095,-0.03573743999004364,4.607112407684326,1.2787061929702759,-0.0735633734241948,0.19787208407750717,165.7716569230597,5.60957371584113,-5.8893574604273207e-05,0.02235686875732428,-0.5,0.1840938143374645,-0.5000588935746043,0.20645068309478878,0.5736222669987991,0.404322767172296,0.5736222669987991,0.5736222669987991,0.5736222669987991,0.5736222669987991,0.5477283339219958,0.5477283339219958,0.5477283339219958,0.5477283339219958,1.0
20300,65.5878008159998,1.2847795003337317,0.6745277645633327,0.08091476559638977,0.027125801891088486,1.104659784520183,-0.1339851778516943,0.0031436820887029183,-0.00943424788536504,0.08091476559638977,-0.027125801891088486,4.816779136657715,2.022064208984375,0.0031436820887029183,-0.00943424788536504,0.18011971581354852,-0.5405425867116385,0.08091476559638977,-0.027125801891088486,4.816779136657715,2.022064208984375,-0.1894352958145215,0.187850812942852,165.77086853100826,5.6095222314859114,-0.00033081349183619694,0.025832332451530764,-0.5,0.14846704513048278,-0.5003308134918362,0.17429937758201355,0.6897661093063576,0.3621501905248655,0.6897661093063576,0.6897661093063576,0.6897661093063576,0.6897661093063576,0.534591717851455,0.534591717851455,0.534591717851455,0.534591717851455,1.0
20350,65.64494256599983,1.4367634823626803,0.7072002946232061,0.04722965881228447,0.02493104711174965,1.104659784520183,-0.1339851778516943,0.005796302985399963,-0.01000449110986665,0.04722965881228447,-0.02493104711174965,5.092978477478027,1.272803544998169,0.005796302985399963,-0.01000449110986665,0.3321036978424971,-0.5732151167715118,0.04722965881228447,-0.02493104711174965,5.092978477478027,1.272803544998169,-0.1702310056179337,0.19123506889630568,165.76891480801385,5.6094966829142905,-0.0006099567948359316,0.027393814865053275,-0.5,0.1383095728444723,-0.5006099567948359,0.16570338770952556,0.6708409624127696,0.35693845660583123,0.6708409624127696,0.6708409624127696,0.6708409624127696,0.6708409624127696,0.5246486972090236,0.5246486972090236,0.5246486972090236,0.5246486972090236,1.0
20400,65.76127462499971,1.6149413465803335,0.7954567440660846,0.03315464407205582,0.030239025130867958,1.104659784520183,-0.1339851778516943,0.008906093370169402,-0.011544856738764795,0.03315464407205582,-0.030239025130867958,6.615550518035889,2.1129913330078125,0.008906093370169402,-0.011544856738764795,0.5102815620601503,-0.6614715662143903,0.03315464407205582,-0.030239025130867958,6.615550518035889,2.1129913330078125,-0.18243581336598552,0.20890961688380077,165.76514804985462,5.60942017704563,-0.0009372205395590831,0.031611825967412445,-0.5,0.16213275885849834,-0.5009372205395591,0.19374458482591078,0.6833730339055446,0.40265420170971156,0.6833730339055446,0.6833730339055446,0.6833730339055446,0.6833730339055446,0.5734974601860977,0.5734974601860977,0.5734974601860977,0.5734974601860977,1.0
20450,65.90793287399993,1.4928616402849932,0.9466452225001382,-0.026491936296224594,-0.01329679973423481,1.104659784520183,-0.1339851778516943,0.006775400545448066,-0.01418359347851947,-0.026491936296224594,0.01329679973423481,7.721118450164795,1.4027655124664307,0.006775400545448066,-0.01418359347851947,0.3882018557648101,-0.8126600446484439,-0.026491936296224594,0.01329679973423481,7.721118450164795,1.4027655124664307,-0.031979482967735354,0.17648881187014062,165.76790073365154,5.609263702812466,-0.0007129921286246711,0.03883779009431436,-0.5,-0.07795177070099964,-0.5007129921286246,-0.03911398060668528,0.53269247509636,0.13737483126345534,0.53269247509636,0.53269247509636,0.53269247509636,0.53269247509636,0.27054795003754534,0.27054795003754534,0.27054795003754534,0.27054795003754534,1.0
20500,66.05962048399988,1.3593144732600246,1.0005044657568622,0.055365242063999176,0.019248127937316895,1.104659784520183,-0.1339851778516943,0.004444562774151565,-0.015123614605981857,0.055365242063999176,-0.019248127937316895,8.731428146362305,1.4524677991867065,0.004444562774151565,-0.015123614605981857,0.25465468873984154,-0.8665192879051679,0.055365242063999176,-0.019248127937316895,8.731428146362305,1.4524677991867065,-0.15005468392460103,0.2668098278657603,165.77005526932527,5.609200207487585,-0.0004677082745081499,0.041412052759434166,-0.5,0.11010281695417139,-0.5004677082745081,0.15151486971360556,0.6505223921991092,0.41832469757936586,0.6505223921991092,0.6505223921991092,0.6505223921991092,0.6505223921991092,0.5809552956291432,0.5809552956291432,0.5809552956291432,0.5809552956291432,1.0
20550,66.20941860699986,1.3134308632414657,0.9967226753907907,0.003804631996899843,-0.015505127608776093,1.104659784520183,-0.1339851778516943,0.003643742706626655,-0.015057609912473709,0.003804631996899843,0.015505127608776093,8.016530990600586,0.9686757326126099,0.003643742706626655,-0.015057609912473709,0.20877107872128262,-0.8627374975390965,0.003804631996899843,0.015505127608776093,8.016530990600586,0.9686757326126099,-0.0338791839520517,0.1787187987043511,165.7705889037999,5.609204798837971,-0.00038343590908558264,0.04123129615483573,-0.5,-0.09015911695137256,-0.5003834359090856,-0.04892782079653683,0.5342626198611373,0.12979097790781424,0.5342626198611373,0.5342626198611373,0.5342626198611373,0.5342626198611373,0.2633566328730986,0.2633566328730986,0.2633566328730986,0.2633566328730986,1.0
20600,66.35674708599981,1.4323826630620575,0.9584907982333501,-0.0015016719698905945,0.012904724106192589,1.104659784520183,-0.1339851778516943,0.005719843264669181,-0.01439033777685836,-0.0015016719698905945,-0.012904724106192589,9.487601280212402,0.7323561906814575,0.005719843264669181,-0.01439033777685836,0.3277228785418744,-0.8245056203816559,-0.0015016719698905945,-0.012904724106192589,9.487601280212402,0.7323561906814575,-0.07220140153993351,0.24250569359086,165.76898735010326,5.609250087299529,-0.0006019106072811182,0.03940395818156579,-0.5,0.07575371264630983,-0.5006019106072811,0.11515767082787562,0.5728033121472146,0.3576633644187356,0.5728033121472146,0.5728033121472146,0.5728033121472146,0.5728033121472146,0.5008641924555393,0.5008641924555393,0.5008641924555393,0.5008641924555393,1.0
20650,66.50798474099975,1.44772038645185,1.0043462337215827,-0.04592573270201683,0.047230057418346405,1.104659784520183,-0.1339851778516943,0.005987537037581207,-0.015190666106063873,-0.04592573270201683,-0.047230057418346405,9.59799575805664,0.9956207871437073,0.005987537037581207,-0.015190666106063873,0.34306060193166693,-0.8703610558698885,-0.04592573270201683,-0.047230057418346405,9.59799575805664,0.9956207871437073,-0.04129564379638225,0.26046334815757555,165.7687291549446,5.609195522759559,-0.0006300812135175528,0.04159567635819657,-0.5,0.22119873011335203,-0.5006300812135176,0.2627944064715486,0.5419257250098999,0.5232577546291242,0.5419257250098999,0.5419257250098999,0.5419257250098999,0.5419257250098999,0.6587391858815992,0.6587391858815992,0.6587391858815992,0.6587391858815992,1.0
20700,66.62328152200007,1.1902882087565423,1.0940640768425796,-0.023394590243697166,-0.001599511131644249,1.104659784520183,-0.1339851778516943,0.0014944979362189782,-0.01675653786631301,-0.023394590243697166,0.001599511131644249,7.896877288818359,0.12153485417366028,0.0014944979362189782,-0.01675653786631301,0.08562842423635915,-0.960078898990885,-0.023394590243697166,0.001599511131644249,7.896877288818359,0.12153485417366028,0.04174612434692451,0.24582712142256932,165.77149871722023,5.609080226351141,-0.0001572674391642158,0.04588396826675953,-0.5,-0.009593794332128222,-0.5001572674391642,0.036290173934631305,0.45841114309223974,0.28211729535720065,0.45841114309223974,0.45841114309223974,0.45841114309223974,0.45841114309223974,0.3967200811302606,0.3967200811302606,0.3967200811302606,0.3967200811302606,1.0
20750,66.6792311270001,1.090174390831963,1.0807678329626802,-0.05651727691292763,0.008597463369369507,1.104659784520183,-0.1339851778516943,-0.00025281781330704564,-0.016524474632460623,-0.05651727691292763,-0.008597463369369507,6.266012191772461,-0.5310267210006714,-0.00025281781330704564,-0.016524474632460623,-0.014485393688220096,-0.9467826551109859,-0.05651727691292763,-0.008597463369369507,6.266012191772461,-0.5310267210006714,0.13630059938021577,0.2805820152941669,165.77167746210344,5.60909802668187,2.6604239869433982e-05,0.04524843052595174,-0.5,0.05108232703294326,-0.49997339576013056,0.096330757558895,0.3636727963799148,0.3769127728530619,0.3636727963799148,0.3636727963799148,0.3636727963799148,0.3636727963799148,0.4678309719480406,0.4678309719480406,0.4678309719480406,0.4678309719480406,1.0
20800,66.80211754399988,0.7069038217245452,1.1947950663916929,-0.040560707449913025,0.019679341465234756,1.104659784520183,-0.1339851778516943,-0.00694215117022395,-0.018514625292737036,-0.040560707449913025,-0.019679341465234756,3.840136766433716,-0.17561957240104675,-0.00694215117022395,-0.018514625292737036,-0.39775596279563785,-1.0608098885399984,-0.040560707449913025,-0.019679341465234756,3.840136766433716,-0.17561957240104675,0.2166776493510636,0.29064581780759335,165.76771228490563,5.608937309668305,0.0007305402605826475,0.050698858680918675,-0.5,0.11233448300442868,-0.49926945973941733,0.16303334168534736,0.28259181038835374,0.4536791594929407,0.28259181038835374,0.28259181038835374,0.28259181038835374,0.28259181038835374,0.5243271120900291,0.5243271120900291,0.5243271120900291,0.5243271120900291,1.0
20850,66.96892948499999,0.5398455588365256,1.3265338341121948,-0.005862601101398468,-0.017903614789247513,1.104659784520183,-0.1339851778516943,-0.009857867900282143,-0.020813900541979822,-0.005862601101398468,0.017903614789247513,0.4150448143482208,0.4465172290802002,-0.009857867900282143,-0.020813900541979822,-0.5648142256836575,-1.1925486562605006,-0.005862601101398468,0.017903614789247513,0.4150448143482208,0.4465172290802002,0.1739887533152547,0.28350957268293986,165.7636767377761,5.608728900993126,0.0010373853487769284,0.05699625520006744,-0.4999999383500017,-0.10305447932843971,-0.4989625530012248,-0.04605822412837227,0.32497379968597007,0.2374513485545676,0.32497379968597007,0.32497379968597007,0.32497379968597007,0.32497379968597007,0.3186947984760601,0.3186947984760601,0.3186947984760601,0.3186947984760601,1.0
20900,67.12334218399974,0.9352624988049004,0.8571312711980369,0.17090250551700592,-0.21551577746868134,1.104659784520183,-0.1339851778516943,-0.0029565403796732413,-0.012621280301827938,0.17090250551700592,0.21551577746868134,-1.2836302518844604,3.7889764308929443,-0.0029565403796732413,-0.012621280301827938,-0.16939728571528273,-0.7231460933463426,0.17090250551700592,0.21551577746868134,-1.2836302518844604,3.7889764308929443,-0.28508887366352015,-0.23143058873084735,165.77096258303789,5.6093602220898875,0.00031112022473509795,0.03455948047391135,0.5,-0.299891811669942,0.5003111202247351,-0.26533233119603067,-0.21522224656121497,-0.49676291992687804,-0.21522224656121497,-0.21522224656121497,-0.21522224656121497,-0.21522224656121497,-0.5505684815671817,-0.5505684815671817,-0.5505684815671817,-0.5505684815671817,1.0
20950,67.27729572399994,1.2306855760459943,0.19096228413683786,-0.03270694985985756,-0.0719376727938652,1.104659784520183,-0.1339851778516943,0.0021995650045573724,-0.0009944381029345101,-0.03270694985985756,0.0719376727938652,-0.8696458339691162,-0.32609766721725464,0.0021995650045573724,-0.0009944381029345101,0.12602579152581111,-0.056977106285143554,-0.03270694985985756,0.0719376727938652,-0.8696458339691162,-0.32609766721725464,0.0922468637986209,-0.03791241474637379,165.77128413830437,5.609725095137287,-0.00023146251645123094,0.00272285653725093,0.4999999999999992,-0.2680339538070879,0.499768537483548,-0.265311097269837,-0.5920154012821689,-0.3032235120162108,-0.5920154012821689,-0.5920154012821689,-0.5920154012821689,-0.5920154012821689,-0.451227362336753,-0.451227362336753,-0.451227362336753,-0.451227362336753,1.0
21000,67.4195418989998,1.4986269602747186,-0.31642129322510804,-0.02573535405099392,0.027147140353918076,1.104659784520183,-0.1339851778516943,0.006876024361699821,0.00786107589257881,-0.02573535405099392,-0.027147140353918076,-1.759669303894043,0.05229967087507248,0.006876024361699821,0.00786107589257881,0.39396717575453555,0.4504064710768023,-0.02573535405099392,-0.027147140353918076,-1.759669303894043,0.05229967087507248,-0.06695723524063657,-0.05973511919563944,165.76778756452146,5.609584942625191,-0.0007235813495873178,-0.021524617440993987,0.5,0.14856369866879812,0.49927641865041267,0.12703908122780413,-0.4323191834097761,0.0673039620321647,-0.4323191834097761,-0.4323191834097761,-0.4323191834097761,-0.4323191834097761,-0.04077583382027933,-0.04077583382027933,-0.04077583382027933,-0.04077583382027933,1.0
21050,67.47473962699996,1.3541407116854458,-0.35524147378566884,-0.05330156162381172,-0.030053839087486267,1.104659784520183,-0.1339851778516943,0.004354263599961997,0.008538615859579294,-0.05330156162381172,0.030053839087486267,-2.0708067417144775,-0.2623439431190491,0.004354263599961997,0.008538615859579294,0.24948092716526268,0.4892266516373631,-0.05330156162381172,0.030053839087486267,-2.0708067417144775,-0.2623439431190491,0.0492721851125574,-0.17755467327439925,165.77012072686935,5.609559332542876,-0.00045820583128076893,-0.023379870781336166,0.5,-0.16134460134492898,0.49954179416871924,-0.18472447212626514,-0.5488139792812766,-0.3622791454006644,-0.5488139792812766,-0.5488139792812766,-0.5488139792812766,-0.5488139792812766,-0.49948264022098354,-0.49948264022098354,-0.49948264022098354,-0.49948264022098354,1.0
21100,67.56981833200007,1.2174095025684877,-0.5056724682325122,0.004886621609330177,-0.02976102940738201,1.104659784520183,-0.1339851778516943,0.0019678538106381906,0.011164132009726017,0.004886621609330177,0.02976102940738201,-2.5282013416290283,0.3257271945476532,0.0019678538106381906,0.011164132009726017,0.11274971804830462,0.6396576460842065,0.004886621609330177,0.02976102940738201,-2.5282013416290283,0.3257271945476532,-0.014924263719773203,-0.21285658776362854,165.77136369311185,5.609440104177398,-0.00020707924011798874,-0.030569270887266436,0.5,-0.16009197538347958,0.499792920759882,-0.19066124627074602,-0.48486865704010884,-0.4035178340343746,-0.48486865704010884,-0.48486865704010884,-0.48486865704010884,-0.48486865704010884,-0.5247349982944018,-0.5247349982944018,-0.5247349982944018,-0.5247349982944018,1.0
21150,67.73895825699992,1.5651432911154168,-0.8997140322176286,0.10032922029495239,0.0062651559710502625,1.104659784520183,-0.1339851778516943,0.008036953341215854,0.018041454690974207,0.10032922029495239,-0.0062651559710502625,-1.8496606349945068,0.4261464774608612,0.008036953341215854,0.018041454690974207,0.46048350659523385,1.033699210069323,0.10032922029495239,-0.0062651559710502625,-1.8496606349945068,0.4261464774608612,-0.3027613208329095,-0.28113912466179547,165.7663612393278,5.608977175279996,-0.0008457536647654908,-0.04940296026552922,0.5,0.03739542677893047,0.49915424633523453,-0.012007533486598748,-0.196392925502325,-0.29314665814839425,-0.196392925502325,-0.196392925502325,-0.196392925502325,-0.196392925502325,-0.34224488952397547,-0.34224488952397547,-0.34224488952397547,-0.34224488952397547,1.0
21200,67.88921500800006,2.302976077031631,-0.7348970318727251,0.02996499463915825,0.05552849546074867,1.104659784520183,-0.1339851778516943,0.020914564784616233,0.015164855371695011,0.02996499463915825,-0.05552849546074867,8.622434616088867,-0.1843826323747635,0.020914564784616233,0.015164855371695011,1.1983162925114477,0.8688822097244194,0.02996499463915825,-0.05552849546074867,8.622434616088867,-0.1843826323747635,-0.4031821299991522,-0.1292634620769682,165.7356469075361,5.60919732854701,-0.002201175969823855,-0.041524992449609215,-0.5,0.24127912581361805,-0.5022011759698238,0.19975413336400882,0.905383305968976,0.07049067128704062,0.905383305968976,0.905383305968976,0.905383305968976,0.905383305968976,0.2968364977792846,0.2968364977792846,0.2968364977792846,0.2968364977792846,1.0
21250,68.04430847699996,0.7958060442091072,0.4492561195444118,-0.10975582152605057,-0.03435357287526131,1.104659784520183,-0.1339851778516943,-0.00539051467552781,-0.005502515968400986,-0.10975582152605057,0.03435357287526131,2.0944156646728516,1.8779468536376953,-0.00539051467552781,-0.005502515968400986,-0.3088537403110759,-0.3152709416927175,-0.10975582152605057,0.03435357287526131,2.0944156646728516,1.8779468536376953,0.3195108600718438,0.03521011142485857,165.7692887949264,5.609657588679601,0.000567254012081968,0.015066466875916814,-0.5,-0.1788292075333606,-0.49943274598791804,-0.16376274065744378,0.17992188591607422,-0.1285526292325852,0.17992188591607422,0.17992188591607422,0.17992188591607422,0.17992188591607422,-0.08357215775356665,-0.08357215775356665,-0.08357215775356665,-0.08357215775356665,1.0
21300,68.22552546399993,0.5939703790580867,0.5302234231215643,0.04696565121412277,-0.023910237476229668,1.104659784520183,-0.1339851778516943,-0.008913211580365895,-0.00691566200228408,0.04696565121412277,0.023910237476229668,2.6983814239501953,1.4304709434509277,-0.008913211580365895,-0.00691566200228408,-0.5106894054620964,-0.3962382452698701,0.04696565121412277,0.023910237476229668,2.6983814239501953,1.4304709434509277,0.06046513100517745,0.10191852295816947,165.76513760004437,5.6096171415838985,0.0009379696539616783,0.018935890346761578,-0.5,-0.13344141085251343,-0.4990620303460383,-0.11450552050575186,0.4385968993408609,-0.012586997547582385,0.4385968993408609,0.4385968993408609,0.4385968993408609,0.4385968993408609,0.09706222728763284,0.09706222728763284,0.09706222728763284,0.09706222728763284,1.0
21350,68.31119969499969,0.6742128821704246,0.5560893495084027,0.0023871175944805145,0.01084958203136921,1.104659784520183,-0.1339851778516943,-0.007512715701013802,-0.007367107581812891,0.0023871175944805145,-0.01084958203136921,1.754167914390564,1.6566375494003296,-0.007512715701013802,-0.007367107581812891,-0.4304469023497585,-0.4221041716567085,0.0023871175944805145,-0.01084958203136921,1.754167914390564,1.6566375494003296,0.11022141924411046,0.13238086410515504,165.76703281901356,5.6096022801954675,0.0007905843741263823,0.02017203283792618,-0.5,0.06409466219729912,-0.4992094156258736,0.0842666950352253,0.3889879963817632,0.21664755914038034,0.3889879963817632,0.3889879963817632,0.3889879963817632,0.3889879963817632,0.31389455823582113,0.31389455823582113,0.31389455823582113,0.31389455823582113,1.0
21400,68.4131534019998,0.65646580955091,0.5458059661044196,0.031334392726421356,0.0077812401577830315,1.104659784520183,-0.1339851778516943,-0.007822460550814866,-0.007187628683168442,0.031334392726421356,-0.0077812401577830315,1.2575346231460571,1.26754629611969,-0.007822460550814866,-0.007187628683168442,-0.44819397496927305,-0.4118207882527253,0.031334392726421356,-0.0077812401577830315,1.2575346231460571,1.26754629611969,0.07164010738618166,0.11908396104350745,165.76664149077342,5.60960830106405,0.0008231809945031073,0.019680585320636202,-0.5,0.046314147909795135,-0.4991768190054969,0.06599473323043134,0.4275367116193152,0.1850786942739388,0.4275367116193152,0.4275367116193152,0.4275367116193152,0.4275367116193152,0.2919628721787676,0.2919628721787676,0.2919628721787676,0.2919628721787676,1.0
21450,68.56186095599969,0.9802738723221075,0.5585059558141178,0.0550166592001915,-0.0059397174045443535,1.104659784520183,-0.1339851778516943,-0.002170943710952996,-0.007409285318572075,0.0550166592001915,0.0059397174045443535,2.257331609725952,1.1613186597824097,-0.002170943710952996,-0.007409285318572075,-0.12438591219807557,-0.4245207779624235,0.0550166592001915,0.0059397174045443535,2.257331609725952,1.1613186597824097,-0.06070579838856724,0.1223514920831305,165.77129444390917,5.609600843737255,0.00022845065847446253,0.020287523677326724,-0.5,-0.03547160163648569,-0.4997715493415255,-0.015184077959158965,0.5604773477300927,0.10716741412397153,0.5604773477300927,0.5604773477300927,0.5604773477300927,0.5604773477300927,0.24728675105649472,0.24728675105649472,0.24728675105649472,0.24728675105649472,1.0
21500,68.714800148,1.0518190366609332,0.6574405522506649,-0.022912494838237762,0.04115547612309456,1.104659784520183,-0.1339851778516943,-0.0009222450293600547,-0.009136019770521671,-0.022912494838237762,-0.04115547612309456,3.8920891284942627,1.1810015439987183,-0.0009222450293600547,-0.009136019770521671,-0.052840747859249824,-0.5234553743989706,-0.022912494838237762,-0.04115547612309456,3.8920891284942627,1.1810015439987183,0.06167328450563124,0.20976803276743622,165.77161265583632,5.609534996043008,9.704867720248869e-05,0.025015706993544676,-0.5,0.2030276331285385,-0.4999029513227975,0.22804334012208316,0.43822966681716624,0.4378113728895194,0.43822966681716624,0.43822966681716624,0.43822966681716624,0.43822966681716624,0.547368789593811,0.547368789593811,0.547368789593811,0.547368789593811,1.0
21550,68.87179788599997,0.8349331563954955,0.6348130426649118,0.02429388277232647,-0.008616367354989052,1.104659784520183,-0.1339851778516943,-0.004707617741078137,-0.008741095226723701,0.02429388277232647,0.008616367354989052,2.347125291824341,0.8458117246627808,-0.004707617741078137,-0.008741095226723701,-0.2697266281246876,-0.5008278648132175,0.02429388277232647,0.008616367354989052,2.347125291824341,0.8458117246627808,0.046838219774822616,0.10260885996900393,165.76985692391827,5.609551268420802,0.0004953903530208367,0.02393430678535223,-0.5,-0.0511924553091018,-0.4995046096469792,-0.027258148523749567,0.45266638987215657,0.07535071144525436,0.45266638987215657,0.45266638987215657,0.45266638987215657,0.45266638987215657,0.1885173089132935,0.1885173089132935,0.1885173089132935,0.1885173089132935,1.0
21600,69.03281374199969,1.0166509262330665,0.6864778208465048,0.04348231106996536,-0.005191735923290253,1.104659784520183,-0.1339851778516943,-0.0015360443480312812,-0.009642815713305027,0.04348231106996536,0.005191735923290253,3.540733814239502,0.897415816783905,-0.0015360443480312812,-0.009642815713305027,-0.08800885828711658,-0.5524926429948105,0.04348231106996536,0.005191735923290253,3.540733814239502,0.897415816783905,-0.054115341413473954,0.1558994091702163,165.77148834417466,5.6095130608911,0.00016163941431429155,0.02640344692484657,-0.5,-0.031038945301905017,-0.4998383605856857,-0.004635498377058445,0.5539537019991596,0.15126391079315785,0.5539537019991596,0.5539537019991596,0.5539537019991596,0.5539537019991596,0.2897523362929477,0.2897523362929477,0.2897523362929477,0.2897523362929477,1.0
21650,69.1160879959998,1.1856458145550492,0.7412423843333728,0.06307564675807953,0.010126509703695774,1.104659784520183,-0.1339851778516943,0.0014134728722274316,-0.01059863765956834,0.06307564675807953,-0.010126509703695774,4.008053302764893,0.8319029808044434,0.0014134728722274316,-0.01059863765956834,0.0809860300348661,-0.6072572064816785,0.06307564675807953,-0.010126509703695774,4.008053302764893,0.8319029808044434,-0.1318264234554431,0.20088625089477805,165.77151812884344,5.609468468936883,-0.00014874108304548656,0.0290207650378026,-0.5,0.05994171796771734,-0.5001487410830455,0.08896248300551994,0.6319751645384886,0.289848733900298,0.6319751645384886,0.6319751645384886,0.6319751645384886,0.6319751645384886,0.4478425250349201,0.4478425250349201,0.4478425250349201,0.4478425250349201,1.0
21700,69.18294575799973,1.357140765556668,0.8724666467103023,0.05798356980085373,0.045623257756233215,1.104659784520183,-0.1339851778516943,0.004406624417752029,-0.01288893309654668,0.05798356980085373,-0.045623257756233215,4.680622577667236,0.9226114749908447,0.004406624417752029,-0.01288893309654668,0.25248098103648503,-0.738481468858608,0.05798356980085373,-0.045623257756233215,4.680622577667236,0.9226114749908447,-0.1759353158877311,0.2929770724783819,165.77008293435884,5.609344485184191,-0.00046371591064212764,0.035292423889139994,-0.5,0.21669400448860068,-0.5004637159106421,0.25198642837774066,0.6763990317983732,0.5449635008561226,0.6763990317983732,0.6763990317983732,0.6763990317983732,0.6763990317983732,0.7140632588057159,0.7140632588057159,0.7140632588057159,0.7140632588057159,1.0
21750,69.247612871,1.4826372739843072,0.9722068853037935,-0.005989245139062405,0.00416541937738657,1.104659784520183,-0.1339851778516943,0.0065969516895711434,-0.014629728656727821,-0.005989245139062405,-0.00416541937738657,4.442024230957031,0.5150349140167236,0.0065969516895711434,-0.014629728656727821,0.37797748946412413,-0.8382217074520992,-0.005989245139062405,-0.00416541937738657,4.442024230957031,0.5150349140167236,-0.09592822446574241,0.26929551771286403,165.76809732795084,5.609234075652474,-0.0006942129676997277,0.04005953183290263,-0.5,0.024934857909713184,-0.5006942129676998,0.06499438974261582,0.5966224374334422,0.3342899074554798,0.5966224374334422,0.5966224374334422,0.5966224374334422,0.5966224374334422,0.4834455168138404,0.4834455168138404,0.4834455168138404,0.4834455168138404,1.0
21800,69.31296786099983,1.4032896857357997,0.9427074050002143,-0.015458483248949051,-0.03388800472021103,1.104659784520183,-0.1339851778516943,0.005212075021117927,-0.014114865597803146,-0.015458483248949051,0.03388800472021103,4.807882785797119,0.7253692746162415,0.005212075021117927,-0.014114865597803146,0.2986299012156166,-0.8087222271485199,-0.015458483248949051,0.03388800472021103,4.807882785797119,0.7253692746162415,-0.04345022087318868,0.15739168688407826,165.76944466181828,5.60926818537642,-0.0005484761283997004,0.03864957972368045,-0.5,-0.17701838777107978,-0.5005484761283997,-0.13836880804739932,0.5439986970015884,0.01902287883667894,0.5439986970015884,0.5439986970015884,0.5439986970015884,0.5439986970015884,0.15502255308707605,0.15502255308707605,0.15502255308707605,0.15502255308707605,1.0
21850,69.37818037199986,1.3636516433829828,0.864517053568348,0.01973065361380577,-0.027104325592517853,1.104659784520183,-0.1339851778516943,0.004520260673016311,-0.012750186522025617,0.01973065361380577,0.027104325592517853,5.619543075561523,0.322936475276947,0.004520260673016311,-0.012750186522025617,0.2589918588627997,-0.7305318757166537,0.01973065361380577,0.027104325592517853,5.619543075561523,0.322936475276947,-0.09317503921295499,0.15180231664092952,165.76999936097303,5.609352684143446,-0.0004756741891266958,0.034912478255568306,-0.5,-0.14836972602657572,-0.5004756741891268,-0.11345724777100741,0.5936507134020818,0.038345068869922116,0.5936507134020818,0.5936507134020818,0.5936507134020818,0.5936507134020818,0.18675774722044255,0.18675774722044255,0.18675774722044255,0.18675774722044255,1.0
21900,69.44324321899967,1.3215654050995393,0.8292681014483517,-0.026349514722824097,-0.01599619910120964,1.104659784520183,-0.1339851778516943,0.003785717245191337,-0.012134976249653847,-0.026349514722824097,0.01599619910120964,4.928276538848877,0.17574040591716766,0.003785717245191337,-0.012134976249653847,0.21690562057935625,-0.6952829235966574,-0.026349514722824097,0.01599619910120964,4.928276538848877,0.17574040591716766,-0.003375902571430979,0.17660725426159035,165.77050200389644,5.609387969791406,-0.0003983762181036684,0.03322778923333718,-0.5,-0.09283145511788735,-0.5003983762181037,-0.05960366588455017,0.5037742787895346,0.11700358837704018,0.5037742787895346,0.5037742787895346,0.5037742787895346,0.5037742787895346,0.24294715807442385,0.24294715807442385,0.24294715807442385,0.24294715807442385,1.0
21950,69.6138879199998,1.3306909647174996,0.8228283536389404,-0.03643154725432396,-0.0009331256151199341,1.104659784520183,-0.1339851778516943,0.003944988306611778,-0.012022581447381527,-0.03643154725432396,0.0009331256151199341,6.509547710418701,0.05885882303118706,0.003944988306611778,-0.012022581447381527,0.2260311801973164,-0.6888431757872461,-0.03643154725432396,0.0009331256151199341,6.509547710418701,0.05885882303118706,0.0033800878151346928,0.20293902484622525,165.77040056430164,5.609394227768052,-0.0004151366991912844,0.03292000983455037,-0.5,-0.005598103785804716,-0.5004151366991912,0.027321906048745657,0.49703504888405653,0.2302609308949709,0.49703504888405653,0.49703504888405653,0.49703504888405653,0.49703504888405653,0.354519693115985,0.354519693115985,0.354519693115985,0.354519693115985,1.0
22000,69.81433226799982,1.3295249233601314,0.6761643952823442,0.01000274159014225,0.01935916766524315,1.104659784520183,-0.1339851778516943,0.00392463704571128,-0.009462812480051071,0.01000274159014225,-0.01935916766524315,6.987468719482422,0.011137224733829498,0.00392463704571128,-0.009462812480051071,0.2248651388399483,-0.5421792174306499,0.01000274159014225,-0.01935916766524315,6.987468719482422,0.011137224733829498,-0.07388832044184315,0.19921103825087683,165.77041375892023,5.609520987369267,-0.0004129950853737985,0.02591054985037014,-0.5,0.11067884531006615,-0.5004129950853738,0.13658939516043628,0.574301315527217,0.3358004334113131,0.574301315527217,0.574301315527217,0.574301315527217,0.574301315527217,0.47937576229311735,0.47937576229311735,0.47937576229311735,0.47937576229311735,1.0
22050,70.01567487900002,1.355078582035853,0.48150880641374094,-0.03833889588713646,-0.022233864292502403,1.104659784520183,-0.1339851778516943,0.004370632525533439,-0.006065431546885521,-0.03833889588713646,0.022233864292502403,8.690593719482422,-0.1916649490594864,0.004370632525533439,-0.006065431546885521,0.2504187975156701,-0.34752362856204666,-0.03833889588713646,0.022233864292502403,8.690593719482422,-0.1916649490594864,0.013687792823541038,0.11033123357592943,165.7701089607935,5.609642580003139,-0.00045992838010037605,0.016607815285785758,-0.5,-0.12525417652008008,-0.5004599283801003,-0.10864636123429433,0.4867721355565593,0.0016848723416350991,0.4867721355565593,0.4867721355565593,0.4867721355565593,0.4867721355565593,0.12337790623077492,0.12337790623077492,0.12337790623077492,0.12337790623077492,1.0
22100,70.17138760299986,1.2782634998655396,0.31778738441996346,-0.03237541764974594,0.03782784938812256,1.104659784520183,-0.1339851778516943,0.0030299564264714765,-0.0032079536770470442,-0.03237541764974594,-0.03782784938812256,9.831841468811035,0.1113470122218132,0.0030299564264714765,-0.0032079536770470442,0.17360371534535654,-0.18380220656826915,-0.03237541764974594,-0.03782784938812256,9.831841468811035,0.1113470122218132,0.014003904767064049,0.1274027489240011,165.77092637410857,5.6097036551779285,-0.0003188459280575596,0.008783671358604054,-0.5,0.1917133436534867,-0.5003188459280575,0.20049701501209075,0.4863149411609935,0.3278997639360919,0.4863149411609935,0.4863149411609935,0.4863149411609935,0.4863149411609935,0.44947849922634026,0.44947849922634026,0.44947849922634026,0.44947849922634026,1.0
22150,70.36047869100003,1.1442326700699694,0.039534075401066,-0.09238345175981522,0.04871358722448349,1.104659784520183,-0.1339851778516943,0.0006906771473586572,0.001648482719901949,-0.09238345175981522,-0.04871358722448349,7.4425578117370605,-0.5400162935256958,0.0006906771473586572,0.001648482719901949,0.03957288554978629,0.09445110245062831,-0.09238345175981522,-0.04871358722448349,7.4425578117370605,-0.5400162935256958,0.17818842954526457,0.03749373057253991,165.77164342702477,5.60972111097849,-7.268057091291411e-05,-0.00451368851608872,-0.5,0.22517264234800347,-0.5000726805709129,0.22065895383191475,0.3218842510256483,0.25815268440445466,0.3218842510256483,0.3218842510256483,0.3218842510256483,0.3218842510256483,0.33862374716086674,0.33862374716086674,0.33862374716086674,0.33862374716086674,1.0
22200,70.5197639869998,0.5081769598629384,0.034359349996081784,-0.078020840883255,-0.0038903281092643738,1.104659784520183,-0.1339851778516943,-0.010410589221864936,0.0017387987161055205,-0.078020840883255,0.0038903281092643738,4.39067268371582,0.8039052486419678,-0.010410589221864936,0.0017387987161055205,-0.5964828246572447,0.09962582785561253,-0.078020840883255,0.0038903281092643738,4.39067268371582,0.8039052486419678,0.34082171426441127,-0.015408517353021014,165.76275380078982,5.609720405861796,0.0010955546175434592,-0.004760981894598905,-0.5,-0.02329497942665094,-0.49890444538245654,-0.028055961321249843,0.15808273111804527,-0.043464478674270855,0.15808273111804527,0.15808273111804527,0.15808273111804527,0.15808273111804527,-0.003943795894759537,-0.003943795894759537,-0.003943795894759537,-0.003943795894759537,1.0
22250,70.6688522479999,0.4797111860015582,0.0661333866799278,-0.08215857297182083,0.035955701023340225,1.104659784520183,-0.1339851778516943,-0.010907410699874161,0.001184237159322947,-0.08215857297182083,-0.035955701023340225,0.7473945021629333,1.4698735475540161,-0.010907410699874161,0.001184237159322947,-0.6249485985186249,0.06785179117176651,-0.08215857297182083,-0.035955701023340225,0.7473945021629333,1.4698735475540161,0.3169875453083889,0.09017064295234563,165.761881249084,5.609724142052119,0.0011478414632273837,-0.003242542906405677,-0.49999999999989614,0.18490806206382998,-0.49885215853666875,0.1816655191574243,0.18186461322827985,0.2718361621097699,0.18186461322827985,0.18186461322827985,0.18186461322827985,0.18186461322827985,0.31730231541683984,0.31730231541683984,0.31730231541683984,0.31730231541683984,1.0
22300,70.74216501799992,0.09837096575778223,0.15856797756393676,-0.11873625963926315,-0.023411231115460396,1.104659784520183,-0.1339851778516943,-0.017563053113408385,-0.00042905079433694544,-0.11873625963926315,0.023411231115460396,-9.864574432373047,3.942711353302002,-0.017563053113408385,-0.00042905079433694544,-1.0062888187624008,-0.024582799712242455,-0.11873625963926315,0.023411231115460396,-9.864574432373047,3.942711353302002,0.5038050879615712,-0.01408759085165033,165.74627057578616,5.60972695014339,0.0018483637523202018,0.0011747775222202693,0.5,-0.13102911822485486,0.5018483637523202,-0.12985434070263457,-1.0056534517138913,-0.14394193155428492,-1.0056534517138913,-1.0056534517138913,-1.0056534517138913,-1.0056534517138913,-0.39535529448275775,-0.39535529448275775,-0.39535529448275775,-0.39535529448275775,1.0
22350,70.7977140779999,-0.1399711733827771,-0.02545710054488935,-0.026471547782421112,0.014445362612605095,1.104659784520183,-0.1339851778516943,-0.021722908187657593,0.00278279272490181,-0.026471547782421112,-0.014445362612605095,-15.391357421875,-0.6226776242256165,-0.021722908187657593,0.00278279272490181,-1.2446309579029602,0.15944227839658368,-0.026471547782421112,-0.014445362612605095,-15.391357421875,-0.6226776242256165,0.35415681164488316,-0.08569874878423023,165.7328076353539,5.609709525729391,0.002286276978451892,-0.007619536942219243,0.5,0.0843386213775817,0.5022862769784519,0.07671908443536246,-0.856443088623335,-0.008979664348867766,-0.856443088623335,-0.856443088623335,-0.856443088623335,-0.856443088623335,-0.2230904365047015,-0.2230904365047015,-0.2230904365047015,-0.2230904365047015,1.0
22400,70.85373635199994,0.07616468674474851,-0.42469956176580614,0.15974897146224976,-0.15131713449954987,1.104659784520183,-0.1339851778516943,-0.01795062579680234,0.009750888186972588,0.15974897146224976,0.15131713449954987,-7.471759796142578,-1.0172703266143799,-0.01795062579680234,0.009750888186972588,-1.0284950977754346,0.5586847396175004,0.15974897146224976,0.15131713449954987,-7.471759796142578,-1.0172703266143799,-0.03143996753531281,-0.434318217478444,165.7451366658018,5.609508230144108,0.0018891611107127728,-0.026699378910503443,0.5,-0.298592386809932,0.5018891611107128,-0.32529176572043544,-0.4704491935754,-0.7596099831988794,-0.4704491935754,-0.4704491935754,-0.4704491935754,-0.4704491935754,-0.8772222815927294,-0.8772222815927294,-0.8772222815927294,-0.8772222815927294,1.0
22450,70.90878769799974,0.6786030396203032,-0.7272539434697751,0.1385454386472702,-0.039240654557943344,1.104659784520183,-0.1339851778516943,-0.007436092998832463,0.015031458314042538,0.1385454386472702,0.039240654557943344,-4.127643585205078,-0.2397574782371521,-0.007436092998832463,0.015031458314042538,-0.42605674489987994,0.8612391213214694,0.1385454386472702,0.039240654557943344,-4.127643585205078,-0.2397574782371521,-0.22663504988339533,-0.22825723308806106,165.7671271843702,5.609206612414307,0.0007825208538509627,-0.041159678985269725,0.5,-0.1966381866420607,0.500782520853851,-0.23779786562733043,-0.27414747097045566,-0.4660550987153915,-0.27414747097045566,-0.27414747097045566,-0.27414747097045566,-0.27414747097045566,-0.5345919664580054,-0.5345919664580054,-0.5345919664580054,-0.5345919664580054,1.0
22500,70.96424588899981,1.0819994014473981,-0.6864829434883822,0.054446991533041,0.021969452500343323,1.104659784520183,-0.1339851778516943,-0.0003954982943832862,0.014319870125036686,0.054446991533041,-0.021969452500343323,-4.423544406890869,-0.26720184087753296,-0.0003954982943832862,0.014319870125036686,-0.02266038307278489,0.8204681213400765,0.054446991533041,-0.021969452500343323,-4.423544406890869,-0.26720184087753296,-0.1540260661250122,-0.10637617535722342,165.77166984124403,5.60925475020345,4.161863310020771e-05,-0.03921098264163644,0.5,0.12394136965284697,0.5000416186331003,0.08473038701121052,-0.346015552508088,-0.021645788346012898,-0.346015552508088,-0.346015552508088,-0.346015552508088,-0.346015552508088,-0.1081496764730349,-0.1081496764730349,-0.1081496764730349,-0.1081496764730349,1.0
22550,71.01942991799979,1.1949112863292888,-0.5989220527629344,0.013345148414373398,0.05226701498031616,1.104659784520183,-0.1339851778516943,0.001575185861438514,0.012791644285898655,0.013345148414373398,-0.05226701498031616,-8.103565216064453,0.16164052486419678,0.001575185861438514,0.012791644285898655,0.09025150180910574,0.7329072306146287,0.013345148414373398,-0.05226701498031616,-8.103565216064453,0.16164052486419678,-0.03610002712053767,-0.08260864894416003,165.7714783113744,5.609350243573057,-0.0001657583198345174,-0.035026006694255284,0.5,0.23399644628001545,0.4998342416801655,0.19897043958576016,-0.4637342145596278,0.11636179064160013,-0.4637342145596278,-0.4637342145596278,-0.4637342145596278,-0.4637342145596278,0.00042823700169317136,0.00042823700169317136,0.00042823700169317136,0.00042823700169317136,1.0
22600,71.08418730899984,1.0146269490829214,-0.516986356427521,-0.021302921697497368,-0.10330574214458466,1.104659784520183,-0.1339851778516943,-0.0015713694132864463,0.011361596609931439,-0.021302921697497368,0.10330574214458466,-5.184296607971191,-1.378912091255188,-0.0015713694132864463,0.011361596609931439,-0.09003283543726176,0.6509715342792153,-0.021302921697497368,0.10330574214458466,-5.184296607971191,-1.378912091255188,0.05918874385487942,-0.2543113858251054,165.77147930071797,5.609429852282125,0.00016535671067708502,-0.031109995963636936,0.5,-0.2905238292680942,0.5001653567106771,-0.3216338252317312,-0.5593541005655565,-0.5759452110568366,-0.5593541005655565,-0.5593541005655565,-0.5593541005655565,-0.5593541005655565,-0.7157837361982258,-0.7157837361982258,-0.7157837361982258,-0.7157837361982258,1.0
22650,71.23621709600002,1.2913556918439846,-0.5989186910292024,0.021144619211554527,-0.022940101101994514,1.104659784520183,-0.1339851778516943,0.00325845828279853,0.012791585612576456,0.021144619211554527,0.022940101101994514,-5.620395660400391,-0.5562884211540222,0.00325845828279853,0.012791585612576456,0.18669590732380142,0.7329038688808966,0.021144619211554527,0.022940101101994514,-5.620395660400391,-0.5562884211540222,-0.10315215288665847,-0.17133739812797863,165.77080799289922,5.609350247032686,-0.0003428916136430336,-0.03502584602246256,0.5,-0.12873219704367167,0.49965710838635696,-0.16375804306613423,-0.3965049554996985,-0.33509544119411283,-0.3965049554996985,-0.3965049554996985,-0.3965049554996985,-0.3965049554996985,-0.43422168006903744,-0.43422168006903744,-0.43422168006903744,-0.43422168006903744,1.0
22700,71.39420287899975,1.3439834733376963,-0.5215539387132613,-0.01951005682349205,0.0040084850043058395,1.104659784520183,-0.1339851778516943,0.004176986347883941,0.011441315959673374,-0.01951005682349205,-0.0040084850043058395,-5.699673175811768,0.06068722531199455,0.004176986347883941,0.011441315959673374,0.23932368881751326,0.6555391165649556,-0.01951005682349205,-0.0040084850043058395,-5.699673175811768,0.06068722531199455,-0.008067961195419845,-0.14042520179590873,165.77024532655335,5.609425662514796,-0.0004395504547891281,-0.031328295094448004,0.5,0.023999515634401995,0.4995604495452109,-0.007328779460046009,-0.49149248834979103,-0.14775398125595474,-0.49149248834979103,-0.49149248834979103,-0.49149248834979103,-0.49149248834979103,-0.2706271033434025,-0.2706271033434025,-0.2706271033434025,-0.2706271033434025,1.0
22750,71.5424337290001,1.0840518732929871,-0.5059335628857066,-0.0048122890293598175,0.019335096701979637,1.104659784520183,-0.1339851778516943,-0.00035967590287327295,0.01116868897108361,-0.0048122890293598175,-0.019335096701979637,-4.064855098724365,-0.058889687061309814,-0.00035967590287327295,0.01116868897108361,-0.02060791122719586,0.6399187407374008,-0.0048122890293598175,-0.019335096701979637,-4.064855098724365,-0.058889687061309814,0.01006738083805854,-0.12706744871632525,165.77167206995776,5.609439869616751,3.7849011021018255e-05,-0.030581749373862044,0.5,0.11055405501944854,0.500037849011021,0.0799723056455865,-0.5101052298490796,-0.047095143070738754,-0.5101052298490796,-0.5101052298490796,-0.5101052298490796,-0.5101052298490796,-0.17462145053300865,-0.17462145053300865,-0.17462145053300865,-0.17462145053300865,1.0
22800,71.69468947799987,0.9964294041433033,-0.5873338897840673,0.02484429068863392,-0.019070085138082504,1.104659784520183,-0.1339851778516943,-0.0018889764882624137,0.01258939268765971,0.02484429068863392,0.019070085138082504,-5.422593116760254,0.4439903199672699,-0.0018889764882624137,0.01258939268765971,-0.10823038037687979,0.7213190676357616,0.02484429068863392,0.019070085138082504,-5.422593116760254,0.4439903199672699,-0.007274898968781689,-0.22619344574292163,165.77138875622427,5.609362074939667,0.00019877888000001802,-0.03447215931696992,0.5,-0.10917724427201606,0.50019877888,-0.14364940358898598,-0.4929238799112183,-0.3698428493319076,-0.4929238799112183,-0.4929238799112183,-0.4929238799112183,-0.4929238799112183,-0.49307381930971217,-0.49307381930971217,-0.49307381930971217,-0.49307381930971217,1.0
22850,71.83966621599984,1.2895923290993576,-0.6700396365875468,0.06509276479482651,0.012592487037181854,1.104659784520183,-0.1339851778516943,0.003227681796997787,0.014032880279701202,0.06509276479482651,-0.012592487037181854,-4.970963001251221,0.3955637216567993,0.003227681796997787,0.014032880279701202,0.18493254457917452,0.8040248144392411,0.06509276479482651,-0.012592487037181854,-4.970963001251221,0.3955637216567993,-0.15997609063472085,-0.18540391473182455,165.77082443878132,5.609273504139139,-0.0003396529434071093,-0.03842506439010877,0.5,0.07399699704386377,0.4996603470565929,0.035571932653755,-0.33968425642187206,-0.14983198207806955,-0.33968425642187206,-0.33968425642187206,-0.33968425642187206,-0.33968425642187206,-0.23475304618353757,-0.23475304618353757,-0.23475304618353757,-0.23475304618353757,1.0
22900,71.90591384399977,1.4460660932905318,-0.6989237061747373,0.042210228741168976,0.0063048917800188065,1.104659784520183,-0.1339851778516943,0.0059586641751229776,0.014537002395372837,0.042210228741168976,-0.0063048917800188065,-3.734426498413086,0.3503094017505646,0.0059586641751229776,0.014537002395372837,0.34140630877034867,0.8329088840264317,0.042210228741168976,-0.0063048917800188065,-3.734426498413086,0.3503094017505646,-0.18802558137344572,-0.20426462145187094,165.76875757138444,5.609240308985901,-0.0006270427895605288,-0.03980559990114792,0.5,0.037630113850093794,0.49937295721043945,-0.0021754860510541235,-0.31134737583699373,-0.20644010750292507,-0.31134737583699373,-0.31134737583699373,-0.31134737583699373,-0.31134737583699373,-0.2842769514621735,-0.2842769514621735,-0.2842769514621735,-0.2842769514621735,1.0
22950,72.02056918599965,1.4481576252804367,-0.8336679172126035,-0.027025781571865082,-0.020749591290950775,1.104659784520183,-0.1339851778516943,0.005995168294757606,0.01688873252598569,-0.027025781571865082,0.020749591290950775,-4.169678688049316,-0.08864463120698929,0.005995168294757606,0.01688873252598569,0.3434978407602535,0.9676530950642979,-0.027025781571865082,0.020749591290950775,-4.169678688049316,-0.08864463120698929,-0.031255086418762054,-0.28810567548246274,165.76872162137244,5.6090699754346645,-0.0006308842859415899,-0.046246003514334645,0.5,-0.11781088382253994,0.4993691157140584,-0.1640568873368746,-0.46811402929529633,-0.4521625628193373,-0.46811402929529633,-0.46811402929529633,-0.46811402929529633,-0.46811402929529633,-0.5691910701431614,-0.5691910701431614,-0.5691910701431614,-0.5691910701431614,1.0
23000,72.17121172099996,1.3735584058872632,-1.0037964034933968,0.03381430730223656,-0.003880778793245554,1.104659784520183,-0.1339851778516943,0.004693166296929122,0.019858034763019533,0.03381430730223656,0.003880778793245554,-3.0979812145233154,0.02923869714140892,0.004693166296929122,0.019858034763019533,0.26889862136708004,1.137781581345091,0.03381430730223656,0.003880778793245554,-3.0979812145233154,0.02923869714140892,-0.1376203623151908,-0.28981797270486764,165.76986811639773,5.608818500794443,-0.000493869581635809,-0.054378220354464324,0.5,-0.023238028152923394,0.49950613041836417,-0.07761624850738771,-0.3618857681031734,-0.36743422121225533,-0.3618857681031734,-0.3618857681031734,-0.3618857681031734,-0.3618857681031734,-0.4579056632380487,-0.4579056632380487,-0.4579056632380487,-0.4579056632380487,1.0
23050,72.32223949099989,1.4640152968207965,-1.0861684848837505,0.03862256556749344,0.005669396370649338,1.104659784520183,-0.1339851778516943,0.0062719368748366845,0.021295698795001955,0.03862256556749344,-0.005669396370649338,-2.4863085746765137,0.029179682955145836,0.0062719368748366845,0.021295698795001955,0.3593555123006133,1.220153662735445,0.03862256556749344,-0.005669396370649338,-2.4863085746765137,0.029179682955145836,-0.1728089766727065,-0.31115205197579965,165.7684419108972,5.608682142610148,-0.0006600099713335251,-0.05831588823656547,0.5,0.03387134321307831,0.49933999002866647,-0.02444454502348716,-0.32653101335595996,-0.3355965969992868,-0.32653101335595996,-0.32653101335595996,-0.32653101335595996,-0.32653101335595996,-0.4172293503382768,-0.4172293503382768,-0.4172293503382768,-0.4172293503382768,1.0
23100,72.49401370099986,1.563294337562753,-1.1950256919978866,0.03316766023635864,-0.002874743891879916,1.104659784520183,-0.1339851778516943,0.008004683014005424,0.023195615473669023,0.03316766023635864,0.002874743891879916,-2.362628221511841,0.5011132955551147,0.008004683014005424,0.023195615473669023,0.45863455304257,1.329010869849581,0.03316766023635864,0.002874743891879916,-2.362628221511841,0.5011132955551147,-0.16724377485173447,-0.3475395357395475,165.76640388745463,5.608487329064713,-0.0008423576135492218,-0.06351990889330619,0.5,-0.017229482591060104,0.4991576423864508,-0.0807493914843663,-0.3319138675347163,-0.42828892722391376,-0.3319138675347163,-0.3319138675347163,-0.3319138675347163,-0.3319138675347163,-0.5112673941075928,-0.5112673941075928,-0.5112673941075928,-0.5112673941075928,1.0
23150,72.67714154499981,1.8270179732572889,-1.0669566568523856,0.01942380703985691,0.005700578913092613,1.104659784520183,-0.1339851778516943,0.012607528772205116,0.020960389140527697,0.01942380703985691,-0.005700578913092613,-1.0615215301513672,0.541317880153656,0.012607528772205116,0.020960389140527697,0.7223581887371058,1.20094183470408,0.01942380703985691,-0.005700578913092613,-1.0615215301513672,0.541317880153656,-0.22865823876827976,-0.30763606917548064,165.758587689899,5.6087147975041125,-0.001326770925533302,-0.05739748163549665,0.5,0.034056040456730045,0.4986732290744667,-0.023341441178766603,-0.2700149903061869,-0.3309775103542473,-0.2700149903061869,-0.2700149903061869,-0.2700149903061869,-0.2700149903061869,-0.39848125793079403,-0.39848125793079403,-0.39848125793079403,-0.39848125793079403,1.0
23200,72.79398079799967,1.909750774013184,-1.0151295015954462,0.011615758761763573,0.07543469220399857,1.104659784520183,-0.1339851778516943,0.014051488544791938,0.020055834639351816,0.011615758761763573,-0.07543469220399857,12.273218154907227,-0.21546250581741333,0.014051488544791938,0.020055834639351816,0.8050909894930008,1.1491146794471405,0.011615758761763573,-0.07543469220399857,12.273218154907227,-0.21546250581741333,-0.17451917374730522,-0.18358988994274725,165.75541637831446,5.608800305199348,-0.0014787468562913293,-0.054919971254838294,-0.5,0.27201209511913266,-0.5014787468562913,0.21709212386429436,0.6759979206035965,0.03350223392154711,0.6759979206035965,0.6759979206035965,0.6759979206035965,0.6759979206035965,0.20250171407244624,0.20250171407244624,0.20250171407244624,0.20250171407244624,1.0
23250,72.85957929000006,1.7484081521608485,-0.5480084886683371,-0.18776096403598785,0.21468722820281982,1.104659784520183,-0.1339851778516943,0.011235528569668533,0.011903034958522766,-0.18776096403598785,-0.21468722820281982,3.009286880493164,4.768781661987305,0.011235528569668533,0.011903034958522766,0.6437483676406655,0.6819936665200313,-0.18776096403598785,-0.21468722820281982,3.009286880493164,4.768781661987305,0.15175237012778242,0.2621131837974702,165.76128268747385,5.609400820035944,-0.0011823737879670302,-0.03259264708672118,-0.5,0.2998881666966234,-0.501182373787967,0.2672955196099022,0.3494300036601846,0.5294087034073724,0.3494300036601846,0.3494300036601846,0.3494300036601846,0.3494300036601846,0.6167662043224186,0.6167662043224186,0.6167662043224186,0.6167662043224186,1.0
23300,72.9243066099998,1.0516606616495536,-0.056154720426377175,-0.125718891620636,0.06024619936943054,1.104659784520183,-0.1339851778516943,-0.0009250091947615134,0.003318567264359444,-0.125718891620636,-0.06024619936943054,2.0861997604370117,1.075408697128296,-0.0009250091947615134,0.003318567264359444,-0.052999122870629495,0.19013989827807148,-0.125718891620636,-0.06024619936943054,2.0861997604370117,1.075408697128296,0.2828646962377929,0.08261921591635246,165.7716122351647,5.609701991249324,9.733955298782926e-05,-0.009086543106591627,-0.5,0.25054511087259373,-0.49990266044701215,0.2414585677660021,0.21703796420921923,0.32407778368235457,0.21703796420921923,0.21703796420921923,0.21703796420921923,0.21703796420921923,0.3783372747346594,0.3783372747346594,0.3783372747346594,0.3783372747346594,1.0
23350,72.98998847099983,0.7404785770850949,0.008181952975867032,0.016628790646791458,-0.004177145194262266,1.104659784520183,-0.1339851778516943,-0.006356161143630742,0.0021956804837100206,0.016628790646791458,0.004177145194262266,1.868362307548523,1.7746715545654297,-0.006356161143630742,0.0021956804837100206,-0.36418120743508814,0.1258032248758273,0.016628790646791458,0.004177145194262266,1.868362307548523,1.7746715545654297,0.07259450980286239,-0.04359294574343397,165.76835428653115,5.609716262660414,0.0006688733148610197,-0.006011966492343181,-0.5,-0.025004725414948772,-0.49933112668513896,-0.031016691907291952,0.4267366168822766,-0.07460963765072592,0.4267366168822766,0.4267366168822766,0.4267366168822766,0.4267366168822766,0.032074516569843226,0.032074516569843226,0.032074516569843226,0.032074516569843226,1.0
23400,73.04805626999996,0.86608890421195,0.06031796084933796,0.06496495008468628,0.03301765397191048,1.104659784520183,-0.1339851778516943,-0.004163847360759972,0.0012857354874722658,0.06496495008468628,-0.03301765397191048,5.0762739181518555,1.8502840995788574,-0.004163847360759972,0.0012857354874722658,-0.23857088030823312,0.07366721700235636,0.06496495008468628,-0.03301765397191048,5.0762739181518555,1.8502840995788574,-0.054072864771133364,0.041987971895519144,165.7702543552003,5.609723564227334,0.0004381678038684865,-0.00352045424924417,-0.5,0.17357950137932568,-0.49956183219613154,0.17005904713008152,0.5536346969672649,0.21204701902560066,0.5536346969672649,0.5536346969672649,0.5536346969672649,0.5536346969672649,0.3504556932674169,0.3504556932674169,0.3504556932674169,0.3504556932674169,1.0
23450,73.10749704699992,0.7772243544895289,0.27223775997964755,-0.06976678222417831,0.0716104805469513,1.104659784520183,-0.1339851778516943,-0.005714826341718434,-0.0024129627575166525,-0.06976678222417831,-0.0716104805469513,2.2989490032196045,1.3122029304504395,-0.005714826341718434,-0.0024129627575166525,-0.32743543003065423,-0.13825258212795324,-0.06976678222417831,-0.0716104805469513,2.2989490032196045,1.3122029304504395,0.23474483179441108,0.18867027365311898,165.76899207629427,5.609713954626169,0.0006013826549958637,0.006606906105205994,-0.5,0.2676355574894908,-0.4993986173450041,0.2742424635946968,0.26465378555059305,0.4629127372478158,0.26465378555059305,0.26465378555059305,0.26465378555059305,0.26465378555059305,0.529076183635464,0.529076183635464,0.529076183635464,0.529076183635464,1.0
23500,73.23288493900009,0.5312059031449884,0.13621647698976092,-0.05404344201087952,0.027689892798662186,1.104659784520183,-0.1339851778516943,-0.010008658338338135,-3.8943516556173754e-05,-0.05404344201087952,-0.027689892798662186,0.36085057258605957,-0.35069966316223145,-0.010008658338338135,-3.8943516556173754e-05,-0.5734538813751947,-0.0022312991380666024,-0.05404344201087952,-0.027689892798662186,0.36085057258605957,-0.35069966316223145,0.2509972704105317,0.042191204417345154,165.76342994003696,5.609727370937707,0.0010532547099115336,0.0001066306517796147,-0.4999994612549816,0.15100836369794232,-0.4989462065450701,0.15111499434972195,0.2479489361345384,0.19330619876706712,0.2479489361345384,0.2479489361345384,0.2479489361345384,0.2479489361345384,0.2552934328007017,0.2552934328007017,0.2552934328007017,0.2552934328007017,1.0
23550,73.40174466300004,0.5949616102613848,0.2068806403071476,0.016234833747148514,0.08571130037307739,1.104659784520183,-0.1339851778516943,-0.008895911332219838,-0.0012722658296115698,0.016234833747148514,-0.08571130037307739,2.247619390487671,-4.95239782333374,-0.008895911332219838,-0.0012722658296115698,-0.5096981742587983,-0.07289546245545327,0.016234833747148514,-0.08571130037307739,2.247619390487671,-4.95239782333374,0.10342273280291658,0.16559443979924882,165.76516298297165,5.609723643642318,0.0009361489906864387,0.003483573139249194,-0.5,0.2811491971831992,-0.49906385100931355,0.2846327703224484,0.39564111820639697,0.4502272101216972,0.39564111820639697,0.39564111820639697,0.39564111820639697,0.39564111820639697,0.5491374896732965,0.5491374896732965,0.5491374896732965,0.5491374896732965,1.0
23600,73.5691308559999,0.9348076508948598,0.6183052758537844,0.029503777623176575,-0.004573567770421505,1.104659784520183,-0.1339851778516943,-0.0029644789732992637,-0.008452980343718082,0.029503777623176575,0.004573567770421505,0.9984287619590759,0.7945989966392517,-0.0029644789732992637,-0.008452980343718082,-0.16985213362532328,-0.4843200980020901,0.029503777623176575,0.004573567770421505,0.9984287619590759,0.7945989966392517,-0.026670626776367,0.14106313194953957,165.7709587105328,5.609562686273048,0.0003119556171316316,0.02314538107543735,-0.5,-0.027365127738683902,-0.49968804438286835,-0.004219746663246551,0.5263586711592354,0.13684338528629303,0.5263586711592354,0.5263586711592354,0.5263586711592354,0.5263586711592354,0.2684330530761019,0.2684330530761019,0.2684330530761019,0.2684330530761019,1.0
23650,73.73749610999994,1.1769091488329566,0.6054707100730957,0.03895622491836548,0.024055786430835724,1.104659784520183,-0.1339851778516943,0.0012609892897307885,-0.008228974912781269,0.03895622491836548,-0.024055786430835724,1.2203047275543213,1.2421120405197144,0.0012609892897307885,-0.008228974912781269,0.07224936431277354,-0.47148553222140144,0.03895622491836548,-0.024055786430835724,1.2203047275543213,1.2421120405197144,-0.08329515536209117,0.16257085189484807,165.77155172673284,5.609571299099748,-0.00013269507401435425,0.0225320039395828,-0.5,0.13414101451256905,-0.5001326950740144,0.15667301845215184,0.5834278504361056,0.3192438703469999,0.5834278504361056,0.5834278504361056,0.5834278504361056,0.5834278504361056,0.46510083295602633,0.46510083295602633,0.46510083295602633,0.46510083295602633,1.0
23700,73.96404175599992,1.0495503466394311,0.7538472850032197,-0.07551445811986923,-0.0016519117634743452,1.104659784520183,-0.1339851778516943,-0.0009618411399424064,-0.010818634678144009,-0.07551445811986923,0.0016519117634743452,2.837531566619873,0.07498693466186523,-0.0009618411399424064,-0.010818634678144009,-0.05510943788075187,-0.6198621071515255,-0.07551445811986923,0.0016519117634743452,2.837531566619873,0.07498693466186523,0.1653063500778046,0.1814332210716384,165.77160650964882,5.609457609235114,0.00010121541416751245,0.02962318614693028,-0.5,-0.009907865948715013,-0.4998987845858325,0.019715320198215265,0.3345924345080279,0.20114854126985365,0.3345924345080279,0.3345924345080279,0.3345924345080279,0.3345924345080279,0.2847966498968606,0.2847966498968606,0.2847966498968606,0.2847966498968606,1.0
23750,74.10486393699966,0.7135379097601846,0.7674869593323237,-0.0032815898302942514,0.017380984500050545,1.104659784520183,-0.1339851778516943,-0.006826364491134881,-0.011056691904086622,-0.0032815898302942514,-0.017380984500050545,-4.924241065979004,0.36444607377052307,-0.006826364491134881,-0.011056691904086622,-0.39112187475999854,-0.6335017814806294,-0.0032815898302942514,-0.017380984500050545,-4.924241065979004,0.36444607377052307,0.1175536140919293,0.21523013554810883,165.76784362425832,5.609445606713429,0.0007183553549544524,0.03027506415859717,0.5,0.10027886258453085,0.5007183553549545,0.13055392674312802,-0.6182719694468838,0.3457840622912368,-0.6182719694468838,-0.6182719694468838,-0.6182719694468838,-0.6182719694468838,0.19121606992951587,0.19121606992951587,0.19121606992951587,0.19121606992951587,1.0
23800,74.17166039199992,0.7016890256540934,0.7872629716613022,0.0367281511425972,-0.09902086108922958,1.104659784520183,-0.1339851778516943,-0.007033166531473397,-0.011401848432142288,0.0367281511425972,0.09902086108922958,-2.3944945335388184,1.7785755395889282,-0.007033166531473397,-0.011401848432142288,-0.40297075886608974,-0.6532777938096079,0.0367281511425972,0.09902086108922958,-2.3944945335388184,1.7785755395889282,0.04155929645595219,-0.004553879059409349,165.76760749355603,5.609427740449942,0.0007401183499808833,0.03122021932764778,0.5,-0.28878528085360955,0.5007401183499809,-0.25756506152596176,-0.542299414805933,-0.2621189405853711,-0.542299414805933,-0.542299414805933,-0.542299414805933,-0.542299414805933,-0.39769379428685436,-0.39769379428685436,-0.39769379428685436,-0.39769379428685436,1.0
23850,74.3266031789999,1.775371284404826,0.4516493537965608,-0.1962207555770874,0.15246935188770294,1.104659784520183,-0.1339851778516943,0.011706124003976585,-0.00554428578587249,-0.1962207555770874,-0.15246935188770294,3.2142698764801025,0.9287790656089783,0.011706124003976585,-0.00554428578587249,0.6707114998846428,-0.3176641759448665,-0.1962207555770874,-0.15246935188770294,3.2142698764801025,0.9287790656089783,0.1870491158761952,0.37088699308470474,165.76039324992246,5.609656525168139,-0.0012319014150375112,0.015180838735552036,-0.5,0.29865564750826534,-0.5012319014150375,0.3138364862438174,0.31418278553884227,0.6847234793285222,0.31418278553884227,0.31418278553884227,0.31418278553884227,0.31418278553884227,0.7632691757132327,0.7632691757132327,0.7632691757132327,0.7632691757132327,1.0
23900,74.47984601100006,0.3029340975331394,0.8706430395627618,-0.01800558716058731,-0.21117210388183594,1.104659784520183,-0.1339851778516943,-0.01399275293573737,-0.012857105147559196,-0.01800558716058731,0.21117210388183594,-7.3998637199401855,0.7931299209594727,-0.01399275293573737,-0.012857105147559196,-0.8017256869870437,-0.7366578617110675,-0.01800558716058731,0.21117210388183594,-7.3998637199401855,0.7931299209594727,0.25825477254174595,-0.0716409356393998,165.75555207946314,5.6093463738378055,0.0014725648524203808,0.035205265684041545,0.5,-0.2998712868565616,0.5014725648524204,-0.2646660211725201,-0.7597273373941664,-0.3363069568119199,-0.7597273373941664,-0.7597273373941664,-0.7597273373941664,-0.7597273373941664,-0.5262387911604616,-0.5262387911604616,-0.5262387911604616,-0.5262387911604616,1.0
23950,74.66210833900004,1.852087969162409,-0.20465782727891835,0.02740919217467308,0.05552714318037033,1.104659784520183,-0.1339851778516943,0.01304508274421096,0.005910435428377241,0.02740919217467308,-0.05552714318037033,-2.1435766220092773,-1.6764363050460815,0.01304508274421096,0.005910435428377241,0.747428184642226,0.3386430051306127,0.02740919217467308,-0.05552714318037033,-2.1435766220092773,-1.6764363050460815,-0.28395397654945864,0.012236176986681863,165.75766298345377,5.60964685829527,-0.0013728226200929543,-0.016183411616941038,0.5,0.24127626032475102,0.498627177379907,0.22509284870781,-0.21467320083044839,0.23732902569449185,-0.21467320083044839,-0.21467320083044839,-0.21467320083044839,-0.21467320083044839,0.18366072548687976,0.18366072548687976,0.18366072548687976,0.18366072548687976,1.0
24000,74.83911756799989,1.7418634435538012,-0.4283292203402861,0.10708224773406982,-0.009410733357071877,1.104659784520183,-0.1339851778516943,0.011121301855891944,0.009814237679820507,0.10708224773406982,0.009410733357071877,-1.88994300365448,-1.1134271621704102,0.011121301855891944,0.009814237679820507,0.6372036590336181,0.5623143981919804,0.10708224773406982,0.009410733357071877,-1.88994300365448,-1.1134271621704102,-0.35426215474694606,-0.25864713750927565,165.76149307570955,5.609505373447577,-0.0011703521225598507,-0.026872847357141717,0.5,-0.05580696836027078,0.49882964787744016,-0.0826798157174125,-0.1445674931304941,-0.34132695322668816,-0.1445674931304941,-0.1445674931304941,-0.1445674931304941,-0.1445674931304941,-0.3774688265093117,-0.3774688265093117,-0.3774688265093117,-0.3774688265093117,1.0
24050,75.03796401799991,2.072813856484422,-0.10985711612613548,0.01859002187848091,-0.03498025983572006,1.104659784520183,-0.1339851778516943,0.016897476222366096,0.0042558508855290705,0.01859002187848091,0.03498025983572006,-0.95391845703125,1.1864664554595947,0.016897476222366096,0.0042558508855290705,0.9681540719642391,0.24384229397782978,0.01859002187848091,0.03498025983572006,-0.95391845703125,1.1864664554595947,-0.28228754465764716,-0.12701395284705008,165.74816009478474,5.609685628190319,-0.0017783039029034555,-0.011652932271592257,0.5,-0.18123513601385544,0.49822169609709654,-0.1928880682854477,-0.21593415143944938,-0.31990202113249777,-0.21593415143944938,-0.21593415143944938,-0.21593415143944938,-0.21593415143944938,-0.3738855589923601,-0.3738855589923601,-0.3738855589923601,-0.3738855589923601,1.0
24100,75.13082160799968,2.247273963359473,-0.033300827422235176,0.06670396029949188,-0.004655247554183006,1.104659784520183,-0.1339851778516943,0.019942379500716926,0.002919691584538668,0.06670396029949188,0.004655247554183006,-0.8530964255332947,0.12787564098834991,0.019942379500716926,0.002919691584538668,1.1426141788392896,0.16728600527392948,0.06670396029949188,0.004655247554183006,-0.8530964255332947,0.12787564098834991,-0.42373276287446876,-0.049684994442440546,165.73891908826164,5.60970772640865,-0.0020988297362039463,-0.007994379865351463,0.4999999999999985,-0.02785105587170075,0.49790117026379455,-0.03584543573705221,-0.07416840738932579,-0.08553043017949276,-0.07416840738932579,-0.07416840738932579,-0.07416840738932579,-0.07416840738932579,-0.1040725320268242,-0.1040725320268242,-0.1040725320268242,-0.1040725320268242,1.0
24150,75.19644645399967,2.478866681650976,-0.12398011305040374,0.09332754462957382,-0.032340701669454575,1.104659784520183,-0.1339851778516943,0.023984434958547355,0.004502343682106584,0.09332754462957382,0.032340701669454575,-0.12408653646707535,-1.0793828964233398,0.023984434958547355,0.004502343682106584,1.374206897130793,0.257965290902098,0.09332754462957382,0.032340701669454575,-0.12408653646707535,-1.0793828964233398,-0.5368140321644632,-0.12563709412094615,165.72429228749195,5.609680652393046,-0.0025243827302891685,-0.012327859941947681,0.4930598080460828,-0.1708563864203357,0.49053542531579364,-0.1831842463622834,0.04627860684866958,-0.3088213404832295,0.04627860684866958,0.04627860684866958,0.04627860684866958,0.04627860684866958,-0.2972516887710621,-0.2972516887710621,-0.2972516887710621,-0.2972516887710621,1.0
24200,75.26116983299971,2.8587485697955684,0.12850987583165768,-0.01121516153216362,0.1485048532485962,1.104659784520183,-0.1339851778516943,0.030614624675363303,9.556204779073577e-05,-0.01121516153216362,-0.1485048532485962,11.737313270568848,3.6624221801757812,0.030614624675363303,9.556204779073577e-05,1.7540887852753853,0.0054753020200366325,-0.01121516153216362,-0.1485048532485962,11.737313270568848,3.6624221801757812,-0.509521582852116,0.2790609565142042,165.69447219687632,5.609727353385,-0.003222601445804627,-0.0002616569935478965,-0.5,0.29842523278254895,-0.5032226014458047,0.29816357578900105,1.0127441842979206,0.5772245323032053,1.0127441842979206,1.0127441842979206,1.0127441842979206,1.0127441842979206,0.8304105783776854,0.8304105783776854,0.8304105783776854,0.8304105783776854,1.0
24250,75.36305681399972,1.8833345905113366,0.8262380587778048,-0.20600710809230804,0.08490370213985443,1.104659784520183,-0.1339851778516943,0.013590439166873695,-0.012082092028576881,-0.20600710809230804,-0.08490370213985443,5.07158899307251,-0.7754685878753662,0.013590439166873695,-0.012082092028576881,0.7786748059911535,-0.6922528809261105,-0.20600710809230804,-0.08490370213985443,5.07158899307251,-0.7754685878753662,0.20875132817239128,0.37875046914969085,165.7564662942276,5.609390921560025,-0.0014302210418142705,0.03308297219543248,-0.5,0.28055036181257587,-0.5014302210418142,0.31363333400800836,0.29267889286942295,0.6923838031576992,0.29267889286942295,0.29267889286942295,0.29267889286942295,0.29267889286942295,0.7655535263750549,0.7655535263750549,0.7655535263750549,0.7655535263750549,1.0
24300,75.55808582600002,0.7366295520443812,0.8264573185223328,0.0256698839366436,0.0018673723097890615,1.104659784520183,-0.1339851778516943,-0.0064233393035829055,-0.012085918833035978,0.0256698839366436,-0.0018673723097890615,4.480160713195801,-0.14706163108348846,-0.0064233393035829055,-0.012085918833035978,-0.3680302324758019,-0.6924721406706386,0.0256698839366436,-0.0018673723097890615,4.480160713195801,-0.14706163108348846,0.06173157543877723,0.1508366352989508,165.7682835584937,5.609390708397011,0.0006759428173338852,0.03309345143166005,-0.5,0.011199027423229396,-0.4993240571826661,0.04429247885488945,0.4375924817438889,0.19512911415384027,0.4375924817438889,0.4375924817438889,0.4375924817438889,0.4375924817438889,0.30452723458981246,0.30452723458981246,0.30452723458981246,0.30452723458981246,1.0
24350,75.75545811799975,0.905855866385351,0.9942095926630492,0.01876900903880596,-0.010518219321966171,1.104659784520183,-0.1339851778516943,-0.0034697829373180854,-0.015013748344499618,0.01876900903880596,0.010518219321966171,3.091730833053589,-1.4457330703735352,-0.0034697829373180854,-0.015013748344499618,-0.19880391813483217,-0.8602244148113549,0.01876900903880596,0.010518219321966171,3.091730833053589,-1.4457330703735352,0.007651434943220133,0.228773037733091,165.77069085336785,5.609207838785443,0.00036512974109055395,0.0411111795682139,-0.5,-0.06219457539322044,-0.49963487025890946,-0.02108339582500654,0.49198343531568933,0.20768964190808445,0.49198343531568933,0.49198343531568933,0.49198343531568933,0.49198343531568933,0.33068550073700675,0.33068550073700675,0.33068550073700675,0.33068550073700675,1.0
24400,75.9674994879997,1.125910794343116,1.295356688593731,-0.04647451266646385,0.04566097632050514,1.104659784520183,-0.1339851778516943,0.0003709000907838357,-0.020269756701309233,-0.04647451266646385,-0.04566097632050514,3.6077308654785156,-1.8342998027801514,0.0003709000907838357,-0.020269756701309233,0.02125100982293287,-1.1613715107420366,-0.04647451266646385,-0.04566097632050514,3.6077308654785156,-1.8342998027801514,0.07379034222410993,0.3743085576059782,165.77167139438382,5.608780423562403,-3.9030142274348285e-05,0.05550588249593774,-0.5,0.2168021819818139,-0.5000390301422744,0.27230806447775163,0.4262486879181644,0.6466166220837298,0.4262486879181644,0.4262486879181644,0.4262486879181644,0.4262486879181644,0.7531787940632709,0.7531787940632709,0.7531787940632709,0.7531787940632709,1.0
24450,76.16772458600008,0.9803054619470188,1.2538892227604086,0.03187418356537819,0.0047933440655469894,1.104659784520183,-0.1339851778516943,-0.0021703923679888236,-0.019546012890059503,0.03187418356537819,-0.0047933440655469894,4.079878807067871,-2.4422998428344727,-0.0021703923679888236,-0.019546012890059503,-0.12435432257316427,-1.1199040449087143,0.03187418356537819,-0.0047933440655469894,4.079878807067871,-2.4422998428344727,-0.025414237792073455,0.34357522945023017,165.7712946411049,5.608846837086625,0.00022839263990189672,0.05352363499138208,-0.5,0.02867228102338164,-0.4997716073600981,0.08219591601476373,0.5251858451521716,0.4257711454649939,0.5251858451521716,0.5251858451521716,0.5251858451521716,0.5251858451521716,0.5570676067530368,0.5570676067530368,0.5570676067530368,0.5570676067530368,1.0
24500,76.35991783300005,1.127176513773684,1.4659273229015768,-0.05980825051665306,0.011937213130295277,1.104659784520183,-0.1339851778516943,0.00039299106225371486,-0.02324677587719634,-0.05980825051665306,-0.011937213130295277,3.679565668106079,-1.3739252090454102,0.00039299106225371486,-0.02324677587719634,0.022516729253500855,-1.3319421450498825,-0.05980825051665306,-0.011937213130295277,3.679565668106079,-1.3739252090454102,0.11891371881414368,0.38048672396531025,165.77167000411472,5.60848185317428,-4.135479483273577e-05,0.06366004577078398,-0.5,0.07029279087208465,-0.5000413547948327,0.1339528366428686,0.381127635980689,0.5144395606081789,0.381127635980689,0.381127635980689,0.381127635980689,0.381127635980689,0.609721469603351,0.609721469603351,0.609721469603351,0.609721469603351,1.0
24550,76.4180642450001,0.9556389808114583,1.4767656591756235,-0.07250471413135529,-0.04339819774031639,1.104659784520183,-0.1339851778516943,-0.0026009036786854255,-0.02343594053061679,-0.07250471413135529,0.04339819774031639,2.3794665336608887,-1.9521806240081787,-0.0026009036786854255,-0.02343594053061679,-0.14902080370872484,-1.342780481323929,-0.07250471413135529,0.04339819774031639,2.3794665336608887,-1.9521806240081787,0.2011865330369968,0.32056730224083296,165.77112541276418,5.608461501416871,0.0002736959773345952,0.06417820142950491,-0.5,-0.21010145721666523,-0.4997263040226654,-0.1459232557871603,0.2985397709856686,0.17464404645367265,0.2985397709856686,0.2985397709856686,0.2985397709856686,0.2985397709856686,0.24927898920008978,0.24927898920008978,0.24927898920008978,0.24927898920008978,1.0
24600,76.4747869769999,0.8369270380246103,1.4057822778960312,-0.07084265351295471,-0.05895151570439339,1.104659784520183,-0.1339851778516943,-0.004672817941755055,-0.0221970468130894,-0.07084265351295471,0.05895151570439339,1.660733938217163,-1.1601089239120483,-0.004672817941755055,-0.0221970468130894,-0.26773274649557277,-1.2717971000443369,-0.07084265351295471,0.05895151570439339,1.660733938217163,-1.1601089239120483,0.2157166314770368,0.22507231557249402,165.76988381762956,5.608591794237749,0.0004917282599135094,0.06078471093139992,-0.5,-0.24814368014816285,-0.4995082717400865,-0.18735896921676293,0.2837916402630497,0.03771334635573109,0.2837916402630497,0.2837916402630497,0.2837916402630497,0.2837916402630497,0.10866125642149352,0.10866125642149352,0.10866125642149352,0.10866125642149352,1.0
24650,76.53074720199993,0.686426434345171,1.3547982241147654,-0.07588185369968414,-0.009849555790424347,1.104659784520183,-0.1339851778516943,-0.007299549002200362,-0.021307207208592444,-0.07588185369968414,0.009849555790424347,0.7209137082099915,-0.7218130826950073,-0.007299549002200362,-0.021307207208592444,-0.418233350175012,-1.2208130462630709,-0.07588185369968414,0.009849555790424347,0.7209137082099915,-0.7218130826950073,0.26613095092894634,0.3094742898760704,165.76729294841064,5.608681012639697,0.0007681514368358028,0.0583474097265529,-0.49999999999970046,-0.05834458308020899,-0.4992318485628647,2.8266463439063916e-06,0.23310089763391834,0.3094771165224143,0.23310089763391834,0.23310089763391834,0.23310089763391834,0.23310089763391834,0.3677523409308939,0.3677523409308939,0.3677523409308939,0.3677523409308939,1.0
24700,76.6690434699999,0.34464059330698593,1.3178352680390661,-0.023245960474014282,-0.16599489748477936,1.104659784520183,-0.1339851778516943,-0.013264837265014647,-0.02066208192380145,-0.023245960474014282,0.16599489748477936,-13.255671501159668,0.6050817370414734,-0.013264837265014647,-0.02066208192380145,-0.7600191912131972,-1.1838500901873719,-0.023245960474014282,0.16599489748477936,-13.255671501159668,0.6050817370414734,0.24327895340557765,0.08312090554307805,165.75718666500802,5.608743413279245,0.0013959515464310559,0.05658043194474964,0.5,-0.29921664765018435,0.501395951546431,-0.2426362157054347,-0.7446749049520087,-0.15951531016235665,-0.7446749049520087,-0.7446749049520087,-0.7446749049520087,-0.7446749049520087,-0.34568403640035883,-0.34568403640035883,-0.34568403640035883,-0.34568403640035883,1.0
24750,76.81449328899998,1.4223415379301982,-0.26763565322208704,0.14918582141399384,-0.057905349880456924,1.104659784520183,-0.1339851778516943,0.005544592570513488,0.007009605846833439,0.14918582141399384,0.057905349880456924,-3.4796762466430664,-0.08284029364585876,0.005544592570513488,0.007009605846833439,0.31768175341001514,0.4016208310737814,0.14918582141399384,0.057905349880456924,-3.4796762466430664,-0.08284029364585876,-0.3794839599769912,-0.22952166200138335,165.76914998714906,5.609614126401263,-0.0005834682438960532,-0.019193125697876574,0.5,-0.24612660136447043,0.49941653175610395,-0.265319727062347,-0.11993257177911276,-0.4948413890637304,-0.11993257177911276,-0.11993257177911276,-0.11993257177911276,-0.11993257177911276,-0.5248245320085085,-0.5248245320085085,-0.5248245320085085,-0.5248245320085085,1.0
24800,76.96746972799974,1.8700818890873963,-0.3245031679213785,-0.10121870040893555,-0.001586915459483862,1.104659784520183,-0.1339851778516943,0.013359135892242194,0.008002131215762346,-0.10121870040893555,0.001586915459483862,-5.233371257781982,0.7797160744667053,0.013359135892242194,0.008002131215762346,0.765422104567213,0.4584883457730728,-0.10121870040893555,0.001586915459483862,-5.233371257781982,0.7797160744667053,-0.01114309399913846,-0.09695704947668705,165.7569798328842,5.609579785339781,-0.0014058764161026733,-0.021910856682413618,0.5,-0.00951829698034627,0.4985941235838973,-0.03142915366275989,-0.48745102958475883,-0.12838620313944693,-0.48745102958475883,-0.48745102958475883,-0.48745102958475883,-0.48745102958475883,-0.2502489605356366,-0.2502489605356366,-0.2502489605356366,-0.2502489605356366,1.0
24850,77.11730469899976,1.5750529351057532,-0.5618208387173954,0.009776296094059944,0.014660870656371117,1.104659784520183,-0.1339851778516943,0.00820990925654769,0.012144105944316834,0.009776296094059944,-0.014660870656371117,-1.9233934879302979,0.6940999031066895,0.00820990925654769,0.012144105944316834,0.4703931505855701,0.6958060165690897,0.009776296094059944,-0.014660870656371117,-1.9233934879302979,0.6940999031066895,-0.13611026281633593,-0.16109952774699923,165.76612973840219,5.60938745890647,-0.0008639551570667772,-0.033252789810810195,0.5,0.08552802710162556,0.4991360448429332,0.05227523729081537,-0.3630257820265973,-0.10882429045618386,-0.3630257820265973,-0.3630257820265973,-0.3630257820265973,-0.3630257820265973,-0.19958073596283318,-0.19958073596283318,-0.19958073596283318,-0.19958073596283318,1.0
24900,77.26553458499984,1.6443979247581886,-0.6524643325534875,0.042725130915641785,-0.0031936615705490112,1.104659784520183,-0.1339851778516943,0.009420207645744087,0.013726133357267826,0.042725130915641785,0.0031936615705490112,-0.7755677700042725,0.972172737121582,0.009420207645744087,0.013726133357267826,0.5397381402380055,0.7864495104051819,0.042725130915641785,0.0031936615705490112,-0.7755677700042725,0.972172737121582,-0.21526089422064815,-0.21838507936386947,165.76437183673673,5.609293129404808,-0.0009913257366125534,-0.03758504674509431,0.49999999999996636,-0.019135952944071503,0.4990086742633538,-0.056720999689165816,-0.2837477800427057,-0.2751060790530353,-0.2837477800427057,-0.2837477800427057,-0.2837477800427057,-0.2837477800427057,-0.34604302406371173,-0.34604302406371173,-0.34604302406371173,-0.34604302406371173,1.0
24950,77.37815904499985,1.7249788957604124,-0.6714972950059628,-0.0026862206868827343,-0.010635927319526672,1.104659784520183,-0.1339851778516943,0.010826610904186969,0.014058321218471975,-0.0026862206868827343,0.010635927319526672,8.535099029541016,1.2918424606323242,0.010826610904186969,0.014058321218471975,0.6203191112402294,0.8054824728576572,-0.0026862206868827343,0.010635927319526672,8.535099029541016,1.2918424606323242,-0.09708567816241087,-0.22090139099180173,165.7620259243836,5.609271856984348,-0.0011393378350669408,-0.038494733907257724,-0.5,-0.06287013815457562,-0.5011393378350669,-0.10136487206183334,0.5982250159974778,-0.32226626305363504,0.5982250159974778,0.5982250159974778,0.5982250159974778,0.5982250159974778,-0.1727100090542656,-0.1727100090542656,-0.1727100090542656,-0.1727100090542656,1.0
25000,77.43560069199975,1.2485593273302713,-0.23914581361605314,-0.18558603525161743,0.1568213403224945,1.104659784520183,-0.1339851778516943,0.002511520814150573,0.0065123643423430615,-0.18558603525161743,-0.1568213403224945,3.8062119483947754,1.4505627155303955,0.002511520814150573,0.0065123643423430615,0.14389954281008824,0.3731309914677474,-0.18558603525161743,-0.1568213403224945,3.8062119483947754,1.4505627155303955,0.31769489218283475,0.2458714386627,165.77116306001642,5.60962962345998,-0.00026429007952160114,-0.017831590664364523,-0.5,0.29887003011314955,-0.5002642900795216,0.28103843944878504,0.1825693978966868,0.526909878111485,0.1825693978966868,0.1825693978966868,0.1825693978966868,0.1825693978966868,0.5725522275856567,0.5725522275856567,0.5725522275856567,0.5725522275856567,1.0
25050,77.55347188299993,0.1916524667483397,-0.03503972421581166,-0.0373731330037117,0.03399365395307541,1.104659784520183,-0.1339851778516943,-0.015934983789920806,0.00295004105893895,-0.0373731330037117,-0.03399365395307541,0.2939632534980774,-1.0407745838165283,-0.015934983789920806,0.00295004105893895,-0.9130073177718434,0.16902490206750598,-0.0373731330037117,-0.03399365395307541,0.2939632534980774,-1.0407745838165283,0.3522364752345548,0.027530803268023422,165.750763452253,5.609707315813214,0.0016769929227251378,-0.008077479825060296,-0.4999921777471934,0.17743106319755012,-0.49831518482446824,0.16935358337248982,0.14607870958991342,0.19688438664051325,0.14607870958991342,0.14607870958991342,0.14607870958991342,0.14607870958991342,0.2334040640379916,0.2334040640379916,0.2334040640379916,0.2334040640379916,1.0
25100,77.72027352799978,-0.08528578406138568,0.0278779490384093,-0.08150824904441833,-0.0627436488866806,1.104659784520183,-0.1339851778516943,-0.020768468091264366,0.001851920502958819,-0.08150824904441833,0.0627436488866806,-0.35411763191223145,4.238855361938477,-0.020768468091264366,0.001851920502958819,-1.1899455685815687,0.10610722881328502,-0.08150824904441833,0.0627436488866806,-0.35411763191223145,4.238855361938477,0.476568775998356,-0.12250561749093132,165.7361485806623,5.609719469653005,0.002185795467742324,-0.005070719674296948,0.49999929474470683,-0.25489333782313267,0.5021850902124492,-0.2599640574974296,-0.9787538662108052,-0.38246967498836093,-0.9787538662108052,-0.9787538662108052,-0.9787538662108052,-0.9787538662108052,-0.6271581415410622,-0.6271581415410622,-0.6271581415410622,-0.6271581415410622,1.0
25150,77.87246218599967,0.730228277409904,-0.8927962778880221,0.22470152378082275,-0.09857430309057236,1.104659784520183,-0.1339851778516943,-0.0065350626222789275,0.01792071710107848,0.22470152378082275,0.09857430309057236,6.815028190612793,0.8507921695709229,-0.0065350626222789275,0.01792071710107848,-0.374431507110279,1.0267814557397166,0.22470152378082275,0.09857430309057236,6.815028190612793,0.8507921695709229,-0.3558268983456024,-0.4898455429851941,165.76816428475948,5.608987182426464,0.0006877000488488171,-0.04907229218405222,-0.5,-0.28858700482482286,-0.4993122999511512,-0.3376592970088751,0.8551391982967536,-0.8275048399940692,0.8551391982967536,0.8551391982967536,0.8551391982967536,0.8551391982967536,-0.6137200404198808,-0.6137200404198808,-0.6137200404198808,-0.6137200404198808,1.0
25200,78.02404202099979,0.7930981410074616,0.06174358274569961,-0.09222777932882309,0.11626327782869339,1.104659784520183,-0.1339851778516943,-0.0054377765022218215,0.0012608536914922295,-0.09222777932882309,-0.11626327782869339,4.582847595214844,1.7517805099487305,-0.0054377765022218215,0.0012608536914922295,-0.3115616435127215,0.0722415951059947,-0.09222777932882309,-0.11626327782869339,4.582847595214844,1.7517805099487305,0.2848503251482096,0.20441477649010953,165.76924663295705,5.609723710272013,0.0005722275598537017,-0.003452325700313201,-0.5,0.2943203626048523,-0.4994277724401463,0.2908680369045391,0.21457744729193667,0.49528281339464864,0.21457744729193667,0.21457744729193667,0.21457744729193667,0.21457744729193667,0.5489271752176328,0.5489271752176328,0.5489271752176328,0.5489271752176328,1.0
25250,78.17164888199977,0.09380851945413271,0.1045316629870015,-0.0022490147966891527,-0.03436524420976639,1.104659784520183,-0.1339851778516943,-0.017642682823352514,0.0005140608106739817,-0.0022490147966891527,0.03436524420976639,1.8341407775878906,4.105138778686523,-0.017642682823352514,0.0005140608106739817,-1.0108512650660504,0.02945351486469281,-0.0022490147966891527,0.03436524420976639,1.8341407775878906,4.105138778686523,0.28684985953811026,-0.06814628731398446,165.746039625389,5.60972676535341,0.0018567458297653863,-0.001407542196002921,-0.5,-0.17887434606272115,-0.49814325417023464,-0.18028188825872407,0.21129339463212438,-0.24842817557270852,0.21129339463212438,0.21129339463212438,0.21129339463212438,0.21129339463212438,-0.19560482691467743,-0.19560482691467743,-0.19560482691467743,-0.19560482691467743,1.0
25300,78.32154431799972,0.42819413734119327,0.1770700795714286,-0.026653952896595,0.03708800673484802,1.104659784520183,-0.1339851778516943,-0.011806552819907664,-0.0007519733929075303,-0.026653952896595,-0.03708800673484802,2.20786190032959,-0.2217474728822708,-0.011806552819907664,-0.0007519733929075303,-0.6764656471789898,-0.043084901719734274,-0.026653952896595,-0.03708800673484802,2.20786190032959,-0.2217474728822708,0.22625791614289364,0.08855945133647616,165.76019871257319,5.609726071115916,0.001242471074626086,0.0020589672207348224,-0.5,0.1890622247346661,-0.4987575289253739,0.19112119195540092,0.27249961278248025,0.2796806432918771,0.27249961278248025,0.27249961278248025,0.27249961278248025,0.27249961278248025,0.3478055464874972,0.3478055464874972,0.3478055464874972,0.3478055464874972,1.0
25350,78.420246357,0.35595119980954193,0.16584384991750606,0.018867891281843185,-0.0002874918282032013,1.104659784520183,-0.1339851778516943,-0.013067429941147565,-0.0005560387228615584,0.018867891281843185,0.0002874918282032013,2.2171883583068848,2.38728666305542,-0.013067429941147565,-0.0005560387228615584,-0.7487085847106412,-0.031858672065811736,0.018867891281843185,0.0002874918282032013,2.2171883583068848,2.38728666305542,0.16832103298359719,0.012617986724363336,165.75761490926521,5.609726661817684,0.0013751746324324344,0.0015224813044949145,-0.5,-0.001724931960154122,-0.4986248253675676,-0.00020245065565920755,0.3303037923839704,0.012415536068704129,0.3303037923839704,0.3303037923839704,0.3303037923839704,0.3303037923839704,0.09499148416469673,0.09499148416469673,0.09499148416469673,0.09499148416469673,1.0
25400,78.4753788019998,0.45343502137769603,0.2553543861250223,0.06285937130451202,0.06042904034256935,1.104659784520183,-0.1339851778516943,-0.011366016287356614,-0.002118292294908315,0.06285937130451202,-0.06042904034256935,3.048025131225586,2.655683755874634,-0.011366016287356614,-0.002118292294908315,-0.6512247631424871,-0.12136920827332798,0.06285937130451202,-0.06042904034256935,3.048025131225586,2.655683755874634,0.053433043585109086,0.16103124468382904,165.76103971834456,5.609717032139803,0.001196106862361162,0.005800070344570924,-0.5,0.2508759814628972,-0.49880389313763884,0.2566760518074681,0.44537084955252976,0.4177072964912971,0.44537084955252976,0.44537084955252976,0.44537084955252976,0.44537084955252976,0.5290500088794295,0.5290500088794295,0.5290500088794295,0.5290500088794295,1.0
25450,78.60751726599983,0.6203655917447481,0.3886933657824377,0.026447899639606476,0.037087760865688324,1.104659784520183,-0.1339851778516943,-0.008452528212219475,-0.0044454965111799544,0.026447899639606476,-0.037087760865688324,3.6839194297790527,3.9550302028656006,-0.008452528212219475,-0.0044454965111799544,-0.48429419277543495,-0.2547081879307434,0.026447899639606476,-0.037087760865688324,3.6839194297790527,3.9550302028656006,0.09388207966296366,0.15164225395805783,165.76579668734402,5.6096818247797176,0.0008894879179344019,0.012172205283336622,-0.5,0.1890613354153707,-0.4991105120820656,0.20123354069870733,0.4052284324191019,0.35287579465676516,0.4052284324191019,0.4052284324191019,0.4052284324191019,0.4052284324191019,0.4541829027615406,0.4541829027615406,0.4541829027615406,0.4541829027615406,1.0
25500,78.75923476799971,0.5422226247502487,0.25612051457040086,-0.00548498285934329,-0.01878693513572216,1.104659784520183,-0.1339851778516943,-0.009816380273550748,-0.002131663758773357,-0.00548498285934329,0.01878693513572216,3.2688980102539062,3.683079481124878,-0.009816380273550748,-0.002131663758773357,-0.5624371597699344,-0.12213533671870656,-0.00548498285934329,0.01878693513572216,3.2688980102539062,3.683079481124878,0.16663281908064936,-0.005465637211363297,165.7637439831348,5.609716901158801,0.0010330191509035308,0.005836682667994521,-0.5,-0.10770031990068239,-0.49896698084909646,-0.10186363723268788,0.3323341617684471,-0.10732927444405117,0.3323341617684471,0.3323341617684471,0.3323341617684471,0.3323341617684471,-0.024245734001939398,-0.024245734001939398,-0.024245734001939398,-0.024245734001939398,1.0
25550,78.92597071399996,0.48780746812810916,0.2794512935168273,-0.006315304432064295,0.010596302337944508,1.104659784520183,-0.1339851778516943,-0.010766103919595479,-0.0025388626684434714,-0.006315304432064295,-0.010596302337944508,1.7525405883789062,1.7136999368667603,-0.010766103919595479,-0.0025388626684434714,-0.6168523163920739,-0.14546611566513296,-0.006315304432064295,-0.010596302337944508,1.7525405883789062,1.7136999368667603,0.1921504734773829,0.07906162373704534,165.76213356022333,5.609712517696374,0.001132969896718321,0.006951632289358796,-0.5,0.06264279214480806,-0.4988670301032817,0.06959442443416686,0.3067165566258988,0.1486560481712122,0.3067165566258988,0.3067165566258988,0.3067165566258988,0.3067165566258988,0.2253351873276869,0.2253351873276869,0.2253351873276869,0.2253351873276869,1.0
25600,79.12705238399985,0.4718773325495238,0.04303071203939601,0.14510174095630646,-0.1487712264060974,1.104659784520183,-0.1339851778516943,-0.011044137235730885,0.001587454897817224,0.14510174095630646,0.1487712264060974,-7.224230766296387,2.3130719661712646,-0.011044137235730885,0.001587454897817224,-0.6327824519706593,0.0909544658122983,0.14510174095630646,0.1487712264060974,-7.224230766296387,2.3130719661712646,0.12052257279682496,-0.21777418071009141,165.76163398455367,5.6097215661479005,0.001162231033759549,-0.004346588841988093,0.5,-0.2984418793965638,0.5011622310337596,-0.3027884682385519,-0.6216848038305846,-0.5205626489486432,-0.6216848038305846,-0.6216848038305846,-0.6216848038305846,-0.6216848038305846,-0.6759838499062893,-0.6759838499062893,-0.6759838499062893,-0.6759838499062893,1.0
25650,79.26345931800006,1.3850734644976699,-0.43123012974683744,0.054909978061914444,0.017966262996196747,1.104659784520183,-0.1339851778516943,0.004894141983240844,0.009864868100266903,0.054909978061914444,-0.017966262996196747,-2.1000030040740967,-0.9648683071136475,0.004894141983240844,0.009864868100266903,0.28041367997748684,0.5652153075985318,0.054909978061914444,-0.017966262996196747,-2.1000030040740967,-0.9648683071136475,-0.1768714792333401,-0.10046471600543766,165.76970937466007,5.609503077007425,-0.0005150189103027455,-0.027011487576460602,0.5,0.10338586988907174,0.49948498108969724,0.07637438231261114,-0.3226135018563572,-0.024090333692826524,-0.3226135018563572,-0.3226135018563572,-0.3226135018563572,-0.3226135018563572,-0.10474370915691582,-0.10474370915691582,-0.10474370915691582,-0.10474370915691582,1.0
25700,79.3178112759997,1.456962699615935,-0.42953496217220494,0.016476158052682877,0.003944024909287691,1.104659784520183,-0.1339851778516943,0.006148845832794906,0.009835281844716518,0.016476158052682877,-0.003944024909287691,-0.9642483592033386,-0.7738854289054871,0.006148845832794906,0.009835281844716518,0.352302915095752,0.5635201400238992,0.016476158052682877,-0.003944024909287691,-0.9642483592033386,-0.7738854289054871,-0.119895225749267,-0.12599490096650293,165.7685678687364,5.609504420383962,-0.0006470564983793892,-0.02693047214059553,0.5,0.02361519080796909,0.4993529435016206,-0.00331528133262644,-0.3794577177523536,-0.12931018229912936,-0.3794577177523536,-0.3794577177523536,-0.3794577177523536,-0.3794577177523536,-0.22417461173721775,-0.22417461173721775,-0.22417461173721775,-0.22417461173721775,1.0
25750,79.3763367229999,1.448916309886837,-0.48681490290348883,-0.016819704324007034,0.000792406965047121,1.104659784520183,-0.1339851778516943,0.006008409839123489,0.01083500540582463,-0.016819704324007034,-0.000792406965047121,-0.7974246740341187,-0.8111125230789185,0.006008409839123489,0.01083500540582463,0.34425652536665385,0.6208000807551831,-0.016819704324007034,-0.000792406965047121,-0.7974246740341187,-0.8111125230789185,-0.04365829946030763,-0.1429863922096786,165.76870852655833,5.609456792209525,-0.0006322777549605433,-0.02966801443756258,0.49999999999998596,0.004754043782824538,0.4993677222450254,-0.024913970654738042,-0.45570942278471777,-0.16790036286441665,-0.45570942278471777,-0.45570942278471777,-0.45570942278471777,-0.45570942278471777,-0.2818277185605961,-0.2818277185605961,-0.2818277185605961,-0.2818277185605961,1.0
25800,79.46668476900004,1.4282981032166842,-0.524662155033293,0.01554552000015974,-0.0037014123518019915,1.104659784520183,-0.1339851778516943,0.005648554246872668,0.011495564568322151,0.01554552000015974,0.0037014123518019915,-1.0205824375152588,-1.0033643245697021,0.005648554246872668,0.011495564568322151,0.32363831869650117,0.6586473328849873,0.01554552000015974,0.0037014123518019915,-1.0205824375152588,-1.0033643245697021,-0.09913282003472657,-0.16757163306698075,165.76905411868088,5.60942279464994,-0.0005944085614746443,-0.03147684670008428,0.5,-0.022167994021842132,0.49940559143852536,-0.05364484072192641,-0.4002727714037988,-0.22121647378890716,-0.4002727714037988,-0.4002727714037988,-0.4002727714037988,-0.4002727714037988,-0.3212846666398569,-0.3212846666398569,-0.3212846666398569,-0.3212846666398569,1.0
25850,79.61443268799985,1.5363376086211227,-0.43340783951416084,0.029362456873059273,0.0318487286567688,1.104659784520183,-0.1339851778516943,0.007534199338406326,0.009902876305859535,0.029362456873059273,-0.0318487286567688,-0.5553346872329712,-0.4106188118457794,0.007534199338406326,0.009902876305859535,0.4316778241009395,0.5673930173658551,0.029362456873059273,-0.0318487286567688,-0.5553346872329712,-0.4106188118457794,-0.16278836192909127,-0.08342450145552952,165.76700618701452,5.609501345307419,-0.0007928452428636004,-0.02711556471599617,0.49999999977465476,0.1688508162447392,0.49920715453179115,0.14173525152874303,-0.3364187926026999,0.05831075007321351,-0.3364187926026999,-0.3364187926026999,-0.3364187926026999,-0.3364187926026999,-0.025793948077461465,-0.025793948077461465,-0.025793948077461465,-0.025793948077461465,1.0
25900,79.76388626700009,1.9046144717573343,-0.22245987491712355,0.06864576786756516,0.020793214440345764,1.104659784520183,-0.1339851778516943,0.01396184315904975,0.006221139773260801,0.06864576786756516,-0.020793214440345764,-0.23591352999210358,-0.690462589263916,0.01396184315904975,0.006221139773260801,0.7999546872371512,0.3564450527688178,0.06864576786756516,-0.020793214440345764,-0.23591352999210358,-0.690462589263916,-0.34446857212563725,-0.038890176678006455,165.7556232643058,5.609638170549536,-0.0014693115598349898,-0.01703416940626668,0.4999202505690936,0.11803218261967816,0.49845093900925863,0.10099801321341148,-0.15398236688362138,0.062107836535405025,-0.15398236688362138,-0.15398236688362138,-0.15398236688362138,-0.15398236688362138,0.02361224481449968,0.02361224481449968,0.02361224481449968,0.02361224481449968,1.0
25950,79.91224277099991,2.5443728915464527,0.1530874444460891,-0.27027344703674316,0.21535331010818481,1.104659784520183,-0.1339851778516943,0.025127734001725913,-0.00033339744666591306,-0.27027344703674316,-0.21535331010818481,3.8918774127960205,1.4751571416854858,0.025127734001725913,-0.00033339744666591306,1.4397131070262696,-0.019102266594394776,-0.27027344703674316,-0.21535331010818481,3.8918774127960205,1.4751571416854858,-0.14306483018444321,0.371297343307216,165.71966679623307,5.609727118238769,-0.002644765019718593,0.0009128705144072244,-0.5,0.2998911064255453,-0.5026447650197186,0.30080397693995253,0.6457095952041618,0.6721013202471685,0.6457095952041618,0.6457095952041618,0.6457095952041618,0.6457095952041618,0.833528719048209,0.833528719048209,0.833528719048209,0.833528719048209,1.0
26000,80.06250389199977,0.7048974002950011,0.9455520720678188,-0.08502168208360672,-0.02065286412835121,1.104659784520183,-0.1339851778516943,-0.006977169830352065,-0.014164514404255897,-0.08502168208360672,0.02065286412835121,2.9864726066589355,-0.7710875868797302,-0.006977169830352065,-0.014164514404255897,-0.3997623842251819,-0.8115668942161245,-0.08502168208360672,0.02065286412835121,2.9864726066589355,-0.7710875868797302,0.3131522579542897,0.1679698046691645,165.7676721274072,5.609264949369286,0.000734225481656515,0.03878554228091035,-0.5,-0.11731964929520772,-0.4992657745183435,-0.07853410701429736,0.18611351656405378,0.08943569765486714,0.18611351656405378,0.18611351656405378,0.18611351656405378,0.18611351656405378,0.13596407679588057,0.13596407679588057,0.13596407679588057,0.13596407679588057,1.0
26050,80.16887671899985,0.5844395971232744,0.8599149468107874,-0.01713031902909279,0.013555362820625305,1.104659784520183,-0.1339851778516943,-0.009079555105417966,-0.012669864606577904,-0.01713031902909279,-0.013555362820625305,0.5840467810630798,-0.4322924315929413,-0.009079555105417966,-0.012669864606577904,-0.5202201873969087,-0.7259297689590931,-0.01713031902909279,-0.013555362820625305,0.5840467810630798,-0.4322924315929413,0.15644891652297604,0.20419500118819237,165.76489102417585,5.609357390057908,0.0009554755324078343,0.03469252400723515,-0.49999999992853916,0.079396451591922,-0.49904452439613134,0.11408897559915715,0.3425956078731553,0.31828397678734954,0.3425956078731553,0.3425956078731553,0.3425956078731553,0.3425956078731553,0.4039328787556384,0.4039328787556384,0.4039328787556384,0.4039328787556384,1.0
26100,80.24162940099995,0.30377711896753345,1.007057712100372,-0.10402597486972809,-0.15987497568130493,1.104659784520183,-0.1339851778516943,-0.013978039436042308,-0.015237990331370384,-0.10402597486972809,0.15987497568130493,-8.843362808227539,1.4321794509887695,-0.013978039436042308,-0.015237990331370384,-0.8008826655526496,-0.8730725342486778,-0.10402597486972809,0.15987497568130493,-8.843362808227539,1.4321794509887695,0.4235480188064702,-0.06447980944626744,165.75558598410632,5.609192203854869,0.0014710162378611135,0.041725276077900435,0.5,-0.2989997378324523,0.5014710162378612,-0.2572744617545519,-0.9250190350443314,-0.32175427120081934,-0.9250190350443314,-0.9250190350443314,-0.9250190350443314,-0.9250190350443314,-0.5530090299619022,-0.5530090299619022,-0.5530090299619022,-0.5530090299619022,1.0
26150,80.3074174909998,0.8779317585416645,0.3257364172729625,0.22913572192192078,-0.09386316686868668,1.104659784520183,-0.1339851778516943,-0.003957150559872388,-0.0033466904726810755,0.22913572192192078,0.09386316686868668,-2.1327576637268066,-0.199745774269104,-0.003957150559872388,-0.0033466904726810755,-0.2267280259785186,-0.19175123942126815,0.22913572192192078,0.09386316686868668,-2.1327576637268066,-0.199745774269104,-0.3301462555283871,-0.19920870623116751,165.7703926463991,5.60970155920704,0.0004164165635235456,0.009163547463104802,0.5,-0.2862744192814752,0.5004164165635235,-0.27711087181837035,-0.17027016103513642,-0.47631957804953784,-0.17027016103513642,-0.17027016103513642,-0.17027016103513642,-0.17027016103513642,-0.5188871183083219,-0.5188871183083219,-0.5188871183083219,-0.5188871183083219,1.0
26200,80.3726039989997,1.5099614457589432,0.10650944297875654,0.06342892348766327,0.023734286427497864,1.104659784520183,-0.1339851778516943,0.007073848452419044,0.00047954203793778996,0.06342892348766327,-0.023734286427497864,-3.5480525493621826,-2.870586633682251,0.007073848452419044,0.00047954203793778996,0.40530166123876016,0.027475734872937772,0.06342892348766327,-0.023734286427497864,-3.5480525493621826,-2.870586633682251,-0.26681458802582886,0.05920716892712856,165.76756021267516,5.609726844405509,-0.000744399555122134,-0.0013130268510769397,0.5,0.13259325324129306,0.4992556004448779,0.13128022639021614,-0.23244101241904902,0.1904873953173447,-0.23244101241904902,-0.23244101241904902,-0.23244101241904902,-0.23244101241904902,0.13237714221258245,0.13237714221258245,0.13237714221258245,0.13237714221258245,1.0
26250,80.43778272899999,1.6422346757819986,0.23347504905765004,-0.0030692906584590673,-0.030146541073918343,1.104659784520183,-0.1339851778516943,0.009382451828569175,-0.001736425824929029,-0.0030692906584590673,0.030146541073918343,-5.4226789474487305,0.6802777647972107,0.009382451828569175,-0.001736425824929029,0.5375748912618156,-0.09948987120595573,-0.0030692906584590673,0.030146541073918343,-5.4226789474487305,0.6802777647972107,-0.1256262350245287,-0.020859090457949876,165.76443032238916,5.609720424868452,-0.0009873523109911813,0.00475448470290411,0.5,-0.16173953730394144,0.4990126476890088,-0.15698505260103734,-0.37338641266448014,-0.17784414305898721,-0.37338641266448014,-0.37338641266448014,-0.37338641266448014,-0.37338641266448014,-0.27119074622510725,-0.27119074622510725,-0.27119074622510725,-0.27119074622510725,1.0
26300,80.5008014189998,1.5720354855964884,0.04072756424713978,0.08086537569761276,0.04216980189085007,1.104659784520183,-0.1339851778516943,0.008157244827598335,0.0016276524099521337,0.08086537569761276,-0.04216980189085007,-0.9349531531333923,-3.636718273162842,0.008157244827598335,0.0016276524099521337,0.4673757010763054,0.09325761360455453,0.08086537569761276,-0.04216980189085007,-0.9349531531333923,-3.636718273162842,-0.2482119952092114,0.009556565526931744,165.76620075147147,5.609721268269024,-0.000858412865403823,-0.004456653248381207,0.49999999999999994,0.2062810923674082,0.4991415871345961,0.20182443911902698,-0.2509295919253847,0.21138100464595871,-0.2509295919253847,-0.2509295919253847,-0.2509295919253847,-0.2509295919253847,0.14864860666461255,0.14864860666461255,0.14864860666461255,0.14864860666461255,1.0
26350,80.55646915399984,1.7843687779758484,-0.08516273393461966,0.06913575530052185,-0.0678175762295723,1.104659784520183,-0.1339851778516943,0.011863159891217948,0.003824852609541267,0.06913575530052185,0.0678175762295723,-1.680822491645813,2.1956567764282227,0.011863159891217948,0.003824852609541267,0.6797089934556653,0.219147911786314,0.06913575530052185,0.0678175762295723,-1.680822491645813,2.1956567764282227,-0.3095019518500761,-0.1848071169672597,165.76008832857613,5.609693655476851,-0.0012484287130436523,-0.010472808305312675,0.5,-0.2626632440927216,0.49875157128695635,-0.2731360523980343,-0.18924961943688023,-0.457943169365294,-0.18924961943688023,-0.18924961943688023,-0.18924961943688023,-0.18924961943688023,-0.5052555742245141,-0.5052555742245141,-0.5052555742245141,-0.5052555742245141,1.0
26400,80.613585737,1.9187241484786999,-0.16286702135750442,0.008147071115672588,0.022618379443883896,1.104659784520183,-0.1339851778516943,0.014208103474229575,0.005181048267986625,0.008147071115672588,-0.022618379443883896,-2.230118751525879,-1.2975884675979614,0.014208103474229575,0.005181048267986625,0.8140643639585167,0.2968521992091987,0.008147071115672588,-0.022618379443883896,-2.230118751525879,-1.2975884675979614,-0.21361279482692097,-0.08263005971318717,165.75505176109374,5.6096655045137735,-0.0014952308431911846,-0.014186242637229033,0.5,0.12715296616229527,0.4985047691568088,0.11296672352506623,-0.28489197432988783,0.030336663811879064,-0.28489197432988783,-0.28489197432988783,-0.28489197432988783,-0.28489197432988783,-0.040886329770592894,-0.040886329770592894,-0.040886329770592894,-0.040886329770592894,1.0
26450,80.71953927599998,2.0471289301105893,-0.12160592862273673,0.022551845759153366,0.031363677233457565,1.104659784520183,-0.1339851778516943,0.016449189689010383,0.004460906346794217,0.022551845759153366,-0.031363677233457565,3.16591215133667,-2.9851808547973633,0.016449189689010383,0.004460906346794217,0.9424691455904061,0.255591106474431,0.022551845759153366,-0.031363677233457565,3.16591215133667,-2.9851808547973633,-0.2985986218799478,0.007164604279282533,165.74939161222463,5.609681508446971,-0.0017311173206950934,-0.012214399333405186,-0.5,0.16685159490845522,-0.5017311173206951,0.15463719557505004,0.8003297392006429,0.16180179985433257,0.8003297392006429,0.8003297392006429,0.8003297392006429,0.8003297392006429,0.36188423465449326,0.36188423465449326,0.36188423465449326,0.36188423465449326,1.0
26500,80.86551733999977,1.0776396063228144,0.5070694020003385,-0.18143613636493683,-0.014986248686909676,1.104659784520183,-0.1339851778516943,-0.00047159107401966924,-0.00651154809864238,-0.18143613636493683,0.014986248686909676,2.1650753021240234,0.4275372624397278,-0.00047159107401966924,-0.00651154809864238,-0.027020178197368655,-0.37308422414864423,-0.18143613636493683,0.014986248686909676,2.1650753021240234,0.4275372624397278,0.38017686952145646,0.0953046067073702,165.771664405489,5.60962964796209,4.962594425676175e-05,0.01782935565043995,-0.5,-0.08731827167816379,-0.4999503740557432,-0.06948891602772383,0.11977350453428676,0.02581569067964637,0.11977350453428676,0.11977350453428676,0.11977350453428676,0.11977350453428676,0.05575906681321806,0.05575906681321806,0.05575906681321806,0.05575906681321806,1.0
26550,81.01629539999976,0.47277230077420707,0.26514250077290014,0.157640740275383,-0.23813794553279877,1.104659784520183,-0.1339851778516943,-0.011028517093509434,-0.002289127123076469,0.157640740275383,0.23813794553279877,-3.5380961894989014,0.4924720525741577,-0.011028517093509434,-0.002289127123076469,-0.631887483745976,-0.13115732292120583,0.157640740275383,0.23813794553279877,-3.5380961894989014,0.4924720525741577,-0.1616854387459057,-0.4251334166301785,165.76166238880265,5.609715296715442,0.0011605871141402804,0.006267832260300813,0.5,-0.2999562236310714,0.5011605871141402,-0.2936883913707706,-0.33947514836823456,-0.7188218080009491,-0.33947514836823456,-0.33947514836823456,-0.33947514836823456,-0.33947514836823456,-0.8036905950930078,-0.8036905950930078,-0.8036905950930078,-0.8036905950930078,1.0
26600,81.16580170299994,1.5416084869479627,-0.36185267001541804,0.09234026074409485,-0.004302418790757656,1.104659784520183,-0.1339851778516943,0.007626193519681693,0.008654003001283854,0.09234026074409485,0.004302418790757656,2.3583414554595947,-0.40062132477760315,0.007626193519681693,0.008654003001283854,0.43694870242777956,0.4958378478671124,0.09234026074409485,0.004302418790757656,2.3583414554595947,-0.40062132477760315,-0.3181006093225099,-0.11542991113934635,165.76689128722418,5.609554760194133,-0.0008025264221451523,-0.023695827668089437,-0.5,-0.025750987884698623,-0.5008025264221452,-0.049446815552788057,0.818903135744655,-0.1648767266921344,0.818903135744655,0.818903135744655,0.818903135744655,0.818903135744655,0.039849057244029346,0.039849057244029346,0.039849057244029346,0.039849057244029346,1.0
26650,81.3154316529999,1.077254127521532,0.5061255018735544,-0.15281584858894348,0.08634500950574875,1.104659784520183,-0.1339851778516943,-0.00047831894829869145,-0.0064950739336200065,-0.15281584858894348,-0.08634500950574875,2.698918342590332,0.3000560700893402,-0.00047831894829869145,-0.0064950739336200065,-0.02740565699865125,-0.3721403240218602,-0.15281584858894348,-0.08634500950574875,2.698918342590332,0.3000560700893402,0.32698886298669716,0.2946209082059016,165.77166387897137,5.609630141829213,5.033392450159688e-05,0.01778424659152121,-0.5,0.2816065645314104,-0.4999496660754984,0.29939081112293164,0.17296080308880124,0.5940117193288332,0.17296080308880124,0.17296080308880124,0.17296080308880124,0.17296080308880124,0.6372519201010336,0.6372519201010336,0.6372519201010336,0.6372519201010336,1.0
26700,81.4748047789999,0.18133207759287687,0.7512271604045794,0.06080658361315727,-0.09728696197271347,1.104659784520183,-0.1339851778516943,-0.01611510856077075,-0.01077290487708524,0.06080658361315727,0.09728696197271347,-5.0747270584106445,-2.0200014114379883,-0.01611510856077075,-0.01077290487708524,-0.9233277069273063,-0.6172419825528851,0.06080658361315727,0.09728696197271347,-5.0747270584106445,-2.0200014114379883,0.2520078242067699,0.1354798035435405,165.75028785786736,5.609459884959859,0.0016959524341131115,0.029497963380765286,0.5,-0.28799597954657385,0.5016959524341131,-0.2584980161658086,-0.7537037766408831,-0.12301821262226809,-0.7537037766408831,-0.7537037766408831,-0.7537037766408831,-0.7537037766408831,-0.3114441567824888,-0.3114441567824888,-0.3114441567824888,-0.3114441567824888,1.0
26750,81.53816376099985,0.7747925937015927,-0.11033673681213055,0.17807072401046753,-0.05531960725784302,1.104659784520183,-0.1339851778516943,-0.005757268574088811,0.004264221845660359,0.17807072401046753,0.05531960725784302,-3.705738067626953,-3.849315881729126,-0.005757268574088811,0.004264221845660359,-0.32986719081859034,0.24432191466382489,0.17807072401046753,0.05531960725784302,-3.705738067626953,-3.849315881729126,-0.23884893323919643,-0.315932414895122,165.76895196273946,5.609685463805198,0.0006058490338008705,-0.0116758529752402,0.5,-0.24083501064380813,0.5006058490338009,-0.25251086361904834,-0.26175691579460447,-0.5684432785141704,-0.26175691579460447,-0.26175691579460447,-0.26175691579460447,-0.26175691579460447,-0.6338825074628216,-0.6338825074628216,-0.6338825074628216,-0.6338825074628216,1.0
26800,81.59438832199976,1.2663041587939645,-0.29602269314502694,0.12455222755670547,-0.018088484182953835,1.104659784520183,-0.1339851778516943,0.0028212265484035028,0.007505053158383816,0.12455222755670547,0.018088484182953835,-0.6691786646842957,-0.22254253923892975,0.0028212265484035028,0.007505053158383816,0.16164437427378137,0.4300078709967212,0.12455222755670547,0.018088484182953835,-0.6691786646842957,-0.22254253923892975,-0.2885595551352603,-0.16013744795312657,165.7710269931695,5.609597551698744,-0.00029688091430404373,-0.020549754829568098,0.4999999999976277,-0.10403155992787119,0.49970311908332365,-0.12458131475743929,-0.21114356394806333,-0.28471876271056584,-0.21114356394806333,-0.21114356394806333,-0.21114356394806333,-0.21114356394806333,-0.33750465369758165,-0.33750465369758165,-0.33750465369758165,-0.33750465369758165,1.0
26850,81.66356358299981,1.5732379190555281,-0.3069070798351183,-0.18684448301792145,0.035078421235084534,1.104659784520183,-0.1339851778516943,0.00817823125049472,0.007695021543186157,-0.18684448301792145,-0.035078421235084534,3.9132890701293945,-1.8452883958816528,0.00817823125049472,0.007695021543186157,0.46857813453534497,0.44089225768681256,-0.18684448301792145,-0.035078421235084534,3.9132890701293945,-1.8452883958816528,0.20470695367105085,0.013850199020424642,165.766172508007,5.609590896391392,-0.0008606214310163261,-0.021069926393693955,-0.5,0.18160871243077248,-0.5008606214310163,0.16053878603707852,0.29615366775996543,0.17438898505750317,0.29615366775996543,0.29615366775996543,0.29615366775996543,0.29615366775996543,0.24842740199749452,0.24842740199749452,0.24842740199749452,0.24842740199749452,1.0
26900,81.72819378799977,1.0419307370117532,0.2957261135246603,-0.1413544863462448,0.07673071324825287,1.104659784520183,-0.1339851778516943,-0.0010948284156620455,-0.0028229118627496066,-0.1413544863462448,-0.07673071324825287,2.3435583114624023,-0.138302281498909,-0.0010948284156620455,-0.0028229118627496066,-0.06272904750842981,-0.16174093567296596,-0.1413544863462448,-0.07673071324825287,2.3435583114624023,-0.138302281498909,0.3717140110168268,0.17067578474230533,165.77158397622873,5.609709007375366,0.00011520979602901945,0.0077293871770148185,-0.5,0.2733632731926679,-0.499884790203971,0.2810926603696827,0.1281707791871442,0.45176844511198805,0.1281707791871442,0.1281707791871442,0.1281707791871442,0.1281707791871442,0.4838111399087741,0.4838111399087741,0.4838111399087741,0.4838111399087741,1.0
26950,81.79378421699994,0.5208534707973647,0.4879741674325398,-0.11713428050279617,0.009318765252828598,1.104659784520183,-0.1339851778516943,-0.010189342368394135,-0.006178273383993656,-0.11713428050279617,-0.009318765252828598,0.9349250197410583,-0.1292632818222046,-0.010189342368394135,-0.006178273383993656,-0.5838063137228184,-0.3539889895808455,-0.11713428050279617,-0.009318765252828598,0.9349250197410583,-0.1292632818222046,0.39782524985347334,0.11668412157922456,165.76312928163128,5.609639395618388,0.0010722701700265728,0.01691679429116132,-0.49999999999999994,0.055274073137738404,-0.49892772982997335,0.07219086742889973,0.10110247997650001,0.18887498900812427,0.10110247997650001,0.10110247997650001,0.10110247997650001,0.10110247997650001,0.21415060900224928,0.21415060900224928,0.21415060900224928,0.21415060900224928,1.0
27000,81.85788296700002,0.09176995478082853,0.5447702319498106,-0.11926203966140747,0.17966490983963013,1.104659784520183,-0.1339851778516943,-0.017678262488916515,-0.007169551711995155,-0.11926203966140747,-0.17966490983963013,-10.427324295043945,-0.1752777248620987,-0.017678262488916515,-0.007169551711995155,-1.0128898297393545,-0.41078505409811633,-0.11926203966140747,-0.17966490983963013,-10.427324295043945,-0.1752777248620987,0.5001146708026318,0.36320708642876015,165.7459360958726,5.60960889925018,0.0018604910664704293,0.019631087171497957,0.5,0.29954634719144213,0.5018604910664705,0.3191774343629401,-1.0019751618691024,0.6823845207917003,-1.0019751618691024,-1.0019751618691024,-1.0019751618691024,-1.0019751618691024,0.4318907303244247,0.4318907303244247,0.4318907303244247,0.4318907303244247,1.0
27050,81.99275928599991,0.9554347154665925,-0.851901374006217,0.1754867434501648,-0.039604682475328445,1.104659784520183,-0.1339851778516943,-0.0026044687815010535,0.017206966381054373,0.1754867434501648,0.039604682475328445,-2.549668550491333,-0.3584590554237366,-0.0026044687815010535,0.017206966381054373,-0.14922506905359054,0.9858865518579114,0.1754867434501648,0.039604682475328445,-2.549668550491333,-0.3584590554237366,-0.3181382991012059,-0.37217071206519436,165.77112388387516,5.609044967940029,0.00027407113873601137,-0.04711754036224811,0.5,-0.1978780346507518,0.500274071138736,-0.2449955750129999,-0.18213577203753012,-0.6171662870781942,-0.18213577203753012,-0.18213577203753012,-0.18213577203753012,-0.18213577203753012,-0.6627002300875767,-0.6627002300875767,-0.6627002300875767,-0.6627002300875767,1.0
27100,82.16156750399978,1.4162408983409076,-0.46956333916391757,-0.058529067784547806,-0.03120223805308342,1.104659784520183,-0.1339851778516943,0.005438116323202853,0.010533908817451447,-0.058529067784547806,0.03120223805308342,-1.5793534517288208,3.3037259578704834,0.005438116323202853,0.010533908817451447,0.3115811138207246,0.6035485170156119,-0.058529067784547806,0.03120223805308342,-1.5793534517288208,3.3037259578704834,0.032775397578098275,-0.20101546535047402,165.76924632847232,5.609471621667291,-0.0005722633205602487,-0.028843517480169088,0.5,-0.166181383867881,0.49942773667943974,-0.1950249013480501,-0.532203134257538,-0.3960403666985241,-0.532203134257538,-0.532203134257538,-0.532203134257538,-0.532203134257538,-0.5290911502629085,-0.5290911502629085,-0.5290911502629085,-0.5290911502629085,1.0
27150,82.36858457299968,1.492190254033922,-0.5179725717106474,0.01482024323195219,0.008850842714309692,1.104659784520183,-0.1339851778516943,0.006763682644814254,0.011378809313755482,0.01482024323195219,-0.008850842714309692,-0.5878528356552124,-0.5289437174797058,0.006763682644814254,0.011378809313755482,0.387530469513739,0.6519577495623416,0.01482024323195219,-0.008850842714309692,-0.5878528356552124,-0.5289437174797058,-0.12044985733998453,-0.119784925622128,165.7679138040351,5.609428950122896,-0.0007117589877078549,-0.031157130270869353,0.4999999999386308,0.052557239863013604,0.49928824095092295,0.02140010959214425,-0.3788383836109384,-0.09838481602998375,-0.3788383836109384,-0.3788383836109384,-0.3788383836109384,-0.3788383836109384,-0.19309441193271837,-0.19309441193271837,-0.19309441193271837,-0.19309441193271837,1.0
27200,82.58503686199992,1.6162950046964653,-0.5845266820351921,-0.010343576781451702,0.024281082674860954,1.104659784520183,-0.1339851778516943,0.008929719161242248,0.012540397669654339,-0.010343576781451702,-0.024281082674860954,-0.9280718564987183,-0.39111003279685974,0.008929719161242248,0.012540397669654339,0.5116352201762823,0.7185118598868864,-0.010343576781451702,-0.024281082674860954,-0.9280718564987183,-0.39111003279685974,-0.1277662586760973,-0.1590378488164226,165.76511333414214,5.609364912692757,-0.0009397068981321374,-0.03433799128408509,0.49999999999999994,0.13522034752302448,0.4990602931018678,0.10088235623893939,-0.37129403442577047,-0.05815549257748322,-0.37129403442577047,-0.37129403442577047,-0.37129403442577047,-0.37129403442577047,-0.15097900118392582,-0.15097900118392582,-0.15097900118392582,-0.15097900118392582,1.0
27250,82.75486484599969,1.2719211356126536,-0.6396180273851629,-0.0513475127518177,-0.0003246041014790535,1.104659784520183,-0.1339851778516943,0.0029192612878978265,0.013501923035364597,-0.0513475127518177,0.0003246041014790535,-1.8870106935501099,-0.4504326283931732,0.0029192612878978265,0.013501923035364597,0.16726135109247062,0.7736032052368572,-0.0513475127518177,0.0003246041014790535,-1.8870106935501099,-0.4504326283931732,0.06663592492630101,-0.2149004796955484,165.77098062918145,5.60930719972799,-0.0003071972797937309,-0.036971056497247225,0.5,-0.0019475972470736802,0.4996928027202063,-0.03891865374432091,-0.5663287276465073,-0.2538191334398693,-0.5663287276465073,-0.5663287276465073,-0.5663287276465073,-0.5663287276465073,-0.39540131535149614,-0.39540131535149614,-0.39540131535149614,-0.39540131535149614,1.0
27300,82.90562685699979,1.2058090665934558,-0.5677293792362795,0.005274740979075432,0.05517841875553131,1.104659784520183,-0.1339851778516943,0.001765388008207084,0.012247229430358856,0.005274740979075432,-0.05517841875553131,-3.349802017211914,-0.19752424955368042,0.001765388008207084,0.012247229430358856,0.10114928207327264,0.7017145570879738,0.005274740979075432,-0.05517841875553131,-3.349802017211914,-0.19752424955368042,-0.025149223270918238,-0.08710964015243429,165.7714259647269,5.609381661581532,-0.0001857735132573392,-0.03353518143274295,0.5,0.24053313914372437,0.4998142264867427,0.20699795771098142,-0.47466500321582444,0.11988831755854713,-0.47466500321582444,-0.47466500321582444,-0.47466500321582444,-0.47466500321582444,0.0012220667545910224,0.0012220667545910224,0.0012220667545910224,0.0012220667545910224,1.0
27350,83.07876052799975,1.6936867042431163,-0.3818892967499149,0.04644450917840004,0.037790145725011826,1.104659784520183,-0.1339851778516943,0.010280459132045509,0.009003708108793943,0.04644450917840004,-0.037790145725011826,-1.2535265684127808,-0.03879532217979431,0.010280459132045509,0.009003708108793943,0.5890269197229331,0.5158744746016092,0.04644450917840004,-0.037790145725011826,-1.2535265684127808,-0.03879532217979431,-0.24570421636529444,-0.06044038049233337,165.76297562301576,5.609540527864824,-0.0010818594620396226,-0.02465340460578937,0.5,0.19157944121879802,0.49891814053796035,0.16692603661300864,-0.2532139241726659,0.10648565612067527,-0.2532139241726659,-0.2532139241726659,-0.2532139241726659,-0.2532139241726659,0.043182175077508794,0.043182175077508794,0.043182175077508794,0.043182175077508794,1.0
27400,83.27439593200006,1.7469374203334744,-0.19382486711080044,-0.047802556306123734,0.015739649534225464,1.104659784520183,-0.1339851778516943,0.01120985945686698,0.0057213646057061845,-0.047802556306123734,-0.015739649534225464,-0.30916401743888855,-0.36517399549484253,0.01120985945686698,0.0057213646057061845,0.6422776358132913,0.3278100449624947,-0.047802556306123734,-0.015739649534225464,-0.30916401743888855,-0.36517399549484253,-0.07781369942382713,-0.044776719068608785,165.76133015334335,5.609651927201276,-0.0011796722676465346,-0.015665706836541504,0.49999574137813624,0.09143734727959135,0.4988160691104897,0.07577164044304985,-0.4210023696866626,0.030994921374441063,-0.4210023696866626,-0.4210023696866626,-0.4210023696866626,-0.4210023696866626,-0.07425567104722458,-0.07425567104722458,-0.07425567104722458,-0.07425567104722458,1.0
27450,83.35933395999973,1.5209171759093494,-0.1700565958717362,-0.039422858506441116,-0.01233416236937046,1.104659784520183,-0.1339851778516943,0.007265062015503646,0.005306530015077441,-0.039422858506441116,0.01233416236937046,-1.7368353605270386,0.05699792504310608,0.007265062015503646,0.005306530015077441,0.4162573913891664,0.3040417737234305,-0.039422858506441116,0.01233416236937046,-1.7368353605270386,0.05699792504310608,-0.023503604691786584,-0.09528580129443914,165.76733432959176,5.60966247132788,-0.0007645221503807705,-0.014529829226585687,0.5,-0.07253950271884688,0.49923547784961925,-0.08706933194543257,-0.47573187315783266,-0.1823551332398717,-0.47573187315783266,-0.47573187315783266,-0.47573187315783266,-0.47573187315783266,-0.3012881015293299,-0.3012881015293299,-0.3012881015293299,-0.3012881015293299,1.0
27500,83.42540519799968,1.4788815237144466,-0.2312182318259162,-0.01300467923283577,-0.0032697836868464947,1.104659784520183,-0.1339851778516943,0.006531401481479411,0.006374001938384026,-0.01300467923283577,0.0032697836868464947,-0.6284573674201965,-0.1345764398574829,0.006531401481479411,0.006374001938384026,0.37422173919426355,0.36520340967761045,-0.01300467923283577,0.0032697836868464947,-0.6284573674201965,-0.1345764398574829,-0.06917439936508521,-0.09804358526910183,165.76816822591888,5.60963373297726,-0.0006873147675088324,-0.01745273114270955,0.4999999999879058,-0.019590782804409596,0.49931268522039696,-0.03704351394711915,-0.4301382858553118,-0.13508709921622097,-0.4301382858553118,-0.4301382858553118,-0.4301382858553118,-0.4301382858553118,-0.24262167068004892,-0.24262167068004892,-0.24262167068004892,-0.24262167068004892,1.0
27550,83.48992546099998,1.3907128528745734,-0.25019828699275026,-0.05287398025393486,0.0033424918074160814,1.104659784520183,-0.1339851778516943,0.004992567878216506,0.006705266393255442,-0.05287398025393486,-0.0033424918074160814,-2.0680148601531982,-0.3316941559314728,0.004992567878216506,0.006705266393255442,0.2860530683543902,0.38418346484444454,-0.05287398025393486,-0.0033424918074160814,-2.0680148601531982,-0.3316941559314728,0.03155460060022515,-0.09502274575913028,165.76962920464334,5.609623746773209,-0.0005253766040215781,-0.018359789744985092,0.5,0.020025129623350554,0.4994746233959784,0.001665339878365462,-0.5310292239962036,-0.09335740588076481,-0.5310292239962036,-0.5310292239962036,-0.5310292239962036,-0.5310292239962036,-0.2261147118798157,-0.2261147118798157,-0.2261147118798157,-0.2261147118798157,1.0
27600,83.55745849100003,1.2199908871879295,-0.2879585075714897,-0.003063611686229706,-0.05143767222762108,1.104659784520183,-0.1339851778516943,0.002012907471507789,0.007364306568633764,-0.003063611686229706,0.05143767222762108,-0.9677557349205017,-0.03020593710243702,0.002012907471507789,0.007364306568633764,0.11533110266774631,0.421943685423184,-0.003063611686229706,0.05143767222762108,-0.9677557349205017,-0.03020593710243702,-0.020354157245669052,-0.20390012857135342,165.77134891739655,5.609602375299934,-0.00021182029481463688,-0.020164363121402396,0.5,-0.23202237194331282,0.49978817970518535,-0.25218673506471523,-0.4794340224595163,-0.45608686363606865,-0.4794340224595163,-0.4794340224595163,-0.4794340224595163,-0.4794340224595163,-0.5759453692509477,-0.5759453692509477,-0.5759453692509477,-0.5759453692509477,1.0
27650,83.6223713039999,1.2274011088288643,-0.3548357445407142,0.01668144017457962,0.004490024410188198,1.104659784520183,-0.1339851778516943,0.0021422402374446405,0.008531534548383206,0.01668144017457962,-0.004490024410188198,-2.801743268966675,-0.22278094291687012,0.0021422402374446405,0.008531534548383206,0.12274132430868125,0.48882092239240854,0.01668144017457962,-0.004490024410188198,-2.801743268966675,-0.22278094291687012,-0.05965440630827536,-0.11763406289630257,165.77130464354536,5.609559611149219,-0.00022543015296619105,-0.0233604805157896,0.5,0.02686796303047693,0.49977456984703383,0.00350748251468733,-0.4401201635387585,-0.11412658038161524,-0.4401201635387585,-0.4401201635387585,-0.4401201635387585,-0.4401201635387585,-0.22415662126630487,-0.22415662126630487,-0.22415662126630487,-0.22415662126630487,1.0
27700,83.6885989299999,1.3501812296792481,-0.41520314422025545,0.0696374699473381,0.00371733121573925,1.104659784520183,-0.1339851778516943,0.00428515760228038,0.00958514443365857,0.0696374699473381,-0.00371733121573925,-2.756967067718506,-0.39376288652420044,0.00428515760228038,0.00958514443365857,0.24552144515906515,0.5491883220719497,0.0696374699473381,-0.00371733121573925,-2.756967067718506,-0.39376288652420044,-0.19473918583420835,-0.13873038004120553,165.77016991401482,5.609515616717529,-0.00045093361231387375,-0.026245527376015206,0.5,0.022262983444375408,0.49954906638768615,-0.003982543931639798,-0.3048098805534778,-0.14271292397284532,-0.3048098805534778,-0.3048098805534778,-0.3048098805534778,-0.3048098805534778,-0.21891539411121477,-0.21891539411121477,-0.21891539411121477,-0.21891539411121477,1.0
27750,83.75688404099992,1.5709613316277982,-0.4369118599605096,0.049375019967556,0.028438162058591843,1.104659784520183,-0.1339851778516943,0.008138497304171325,0.009964032999705523,0.049375019967556,-0.028438162058591843,8.244468688964844,-1.459529995918274,0.008138497304171325,0.009964032999705523,0.4663015471076151,0.5708970378122039,0.049375019967556,-0.028438162058591843,8.244468688964844,-1.459529995918274,-0.23095781884423036,-0.13077247097822278,165.7662259204636,5.609498544956794,-0.0008564399173476136,-0.027283029036992073,-0.5,0.15433512526436166,-0.5008564399173476,0.1270520962273696,0.731814258761578,-0.0037203747508531837,0.731814258761578,0.731814258761578,0.731814258761578,0.731814258761578,0.17923318993954132,0.17923318993954132,0.17923318993954132,0.17923318993954132,1.0
27800,83.85233181099966,1.1174938668515446,0.07224305092346371,-0.16562363505363464,0.07739726454019547,1.104659784520183,-0.1339851778516943,0.0002239969931542886,0.0010776034020818766,-0.16562363505363464,-0.07739726454019547,2.108839511871338,-0.28599661588668823,0.0002239969931542886,0.0010776034020818766,0.012834082331361529,0.0617421269282306,-0.16562363505363464,-0.07739726454019547,2.108839511871338,-0.28599661588668823,0.355529495043484,0.1748290631051703,165.77167859426564,5.6097246979587485,-2.3571399621356397e-05,-0.0029505703600231255,-0.5,0.2740337501732549,-0.5000235713996214,0.27108317981323177,0.14449407635613737,0.44591224291840204,0.14449407635613737,0.14449407635613737,0.14449407635613737,0.14449407635613737,0.48203576200743636,0.48203576200743636,0.48203576200743636,0.48203576200743636,1.0
27850,84.05269068000007,0.69853961475563,-0.5696931119835111,0.21305842697620392,-0.19097672402858734,1.104659784520183,-0.1339851778516943,-0.007088134121149775,0.01228150303242728,0.21305842697620392,0.19097672402858734,-2.7226414680480957,-1.3784054517745972,-0.007088134121149775,0.01228150303242728,-0.40612016976455306,0.7036782898352054,0.21305842697620392,0.19097672402858734,-2.7226414680480957,-1.3784054517745972,-0.31722853754114577,-0.596539329772166,165.76754354505545,5.609379723958828,0.0007459029232161523,-0.03362903580441707,0.5,-0.29971137311099344,0.5007459029232162,-0.3333404089154105,-0.18351736538207042,-0.9298797386875765,-0.18351736538207042,-0.18351736538207042,-0.18351736538207042,-0.18351736538207042,-0.9757590800330941,-0.9757590800330941,-0.9757590800330941,-0.9757590800330941,1.0
27900,84.24978678599973,1.4699941669437906,-0.361993569347476,0.0876370370388031,-0.06739087402820587,1.104659784520183,-0.1339851778516943,0.006376287844032054,0.008656462158542126,0.0876370370388031,0.06739087402820587,-1.6303482055664062,1.5221843719482422,0.006376287844032054,0.008656462158542126,0.3653343824236076,0.4959787471991703,0.0876370370388031,0.06739087402820587,-1.6303482055664062,1.5221843719482422,-0.2243276932443266,-0.2572702735849142,165.76833317429794,5.609554662079256,-0.0006709913501867491,-0.0237025614188167,0.5,-0.26206114866208496,0.4993290086498133,-0.2857637100809017,-0.27500131540548667,-0.5430339836658159,-0.27500131540548667,-0.27500131540548667,-0.27500131540548667,-0.27500131540548667,-0.6117843125171876,-0.6117843125171876,-0.6117843125171876,-0.6117843125171876,1.0
27950,84.41218422499969,1.502554319047476,0.5630207642163492,-0.1525988131761551,0.06514892727136612,1.104659784520183,-0.1339851778516943,0.00694456970319152,-0.0074880835902877176,-0.1525988131761551,-0.06514892727136612,2.6926357746124268,0.5545284748077393,0.00694456970319152,-0.0074880835902877176,0.3978945345272929,-0.42903558636465494,-0.1525988131761551,-0.06514892727136612,2.6926357746124268,0.5545284748077393,0.20398471914907412,0.31536034037125105,165.76770951795882,5.609598138112933,-0.000730794777078277,0.02050328879961527,-0.5,0.25874639114870535,-0.5007307947770783,0.2792496799483206,0.29674607562800415,0.5946100203195717,0.29674607562800415,0.29674607562800415,0.29674607562800415,0.29674607562800415,0.6687965392265727,0.6687965392265727,0.6687965392265727,0.6687965392265727,1.0
28000,84.62253634299987,0.7117721457771776,0.6005373925016424,0.010365582071244717,0.06238607317209244,1.104659784520183,-0.1339851778516943,-0.0068571828864514815,-0.008142872278112919,0.010365582071244717,-0.06238607317209244,1.1200165748596191,-0.8678584694862366,-0.0068571828864514815,-0.008142872278112919,-0.39288763874300553,-0.46655221464994817,0.010365582071244717,-0.06238607317209244,1.1200165748596191,-0.8678584694862366,0.10739864265943086,0.22358072946313867,165.7678088820104,5.609574548135711,0.0007215985520485528,0.02229623604800771,-0.5,0.25429304045650547,-0.49927840144795144,0.2765892765045132,0.39187975878852055,0.5001700059676519,0.39187975878852055,0.39187975878852055,0.39187975878852055,0.39187975878852055,0.598139945664782,0.598139945664782,0.598139945664782,0.598139945664782,1.0
28050,84.8094814860001,0.9245611932010771,0.7772805968284757,0.028202218934893608,0.03621489927172661,1.104659784520183,-0.1339851778516943,-0.003143313396722077,-0.011227623124141248,0.028202218934893608,-0.03621489927172661,2.486203193664551,-0.11874165385961533,-0.003143313396722077,-0.011227623124141248,-0.180098591319106,-0.6432954189767814,0.028202218934893608,-0.03621489927172661,2.486203193664551,-0.11874165385961533,-0.007953827949229338,0.24754819544480966,165.77086872197543,5.609436827473039,0.00033077469367711725,0.030743130909478434,-0.5,0.18586935509042193,-0.4996692253063229,0.21661248599990038,0.5076230532555522,0.46416068144471,0.5076230532555522,0.5076230532555522,0.5076230532555522,0.5076230532555522,0.591066444758598,0.591066444758598,0.591066444758598,0.591066444758598,1.0
28100,84.94977635499981,1.1032308310389713,1.0889855110295577,0.03870430588722229,0.04814751073718071,1.104659784520183,-0.1339851778516943,-2.4939943104981127e-05,-0.016667900171596556,0.03870430588722229,-0.04814751073718071,2.8995063304901123,-0.13711075484752655,-2.4939943104981127e-05,-0.016667900171596556,-0.0014289534812118164,-0.9550003331778633,0.03870430588722229,-0.04814751073718071,2.8995063304901123,-0.13711075484752655,-0.041100067869317115,0.32265213221114764,165.77168267670257,5.609087054572562,2.6244519962559517e-06,0.045641221072926175,-0.5,0.22367697881554907,-0.4999973755480037,0.2693181998884753,0.5410974434173208,0.5919703320996229,0.5410974434173208,0.5410974434173208,0.5410974434173208,0.5410974434173208,0.7272446929539531,0.7272446929539531,0.7272446929539531,0.7272446929539531,1.0
28150,85.13552612800004,1.1356094495211224,1.5748610494787583,-0.05214349180459976,0.026458702981472015,1.104659784520183,-0.1339851778516943,0.0005401735566556466,-0.02514802807243541,-0.05214349180459976,-0.026458702981472015,3.8362324237823486,-0.6510695815086365,0.0005401735566556466,-0.02514802807243541,0.03094966500093941,-1.440875871627064,-0.05214349180459976,-0.026458702981472015,3.8362324237823486,-0.6510695815086365,0.07196035620916014,0.45780209756349677,165.77165868879086,5.60826980171676,-5.6842940638169646e-05,0.06886807040567021,-0.5,0.14542484532874073,-0.5000568429406381,0.21429291573441095,0.428096486731478,0.6720950132979078,0.428096486731478,0.428096486731478,0.428096486731478,0.428096486731478,0.7791191349807772,0.7791191349807772,0.7791191349807772,0.7791191349807772,1.0
28200,85.32423126100002,0.7521741020999781,1.515109487402429,0.03496692702174187,-0.031582966446876526,1.104659784520183,-0.1339851778516943,-0.00615203572437167,-0.024105166580993685,0.03496692702174187,0.031582966446876526,3.1945178508758545,-1.7249454259872437,-0.00615203572437167,-0.024105166580993685,-0.35248568242020495,-1.3811243095507346,0.03496692702174187,0.031582966446876526,3.1945178508758545,-1.7249454259872437,0.028362670840692078,0.3158628900289927,165.7685646360617,5.608388177363124,0.0006473921860394009,0.06601135791538525,-0.5,-0.16775812032562482,-0.4993526078139606,-0.10174676241023957,0.4709899369732685,0.21411612761875315,0.4709899369732685,0.4709899369732685,0.4709899369732685,0.4709899369732685,0.33186361186207025,0.33186361186207025,0.33186361186207025,0.33186361186207025,1.0
28250,85.48663198199984,0.8744181598222218,1.4985102067285938,-0.011618628166615963,-0.02363003045320511,1.104659784520183,-0.1339851778516943,-0.004018474426120518,-0.023815454479772596,-0.011618628166615963,0.02363003045320511,4.050431251525879,-2.014284610748291,-0.004018474426120518,-0.023815454479772596,-0.23024162469796125,-1.3645250288768993,-0.011618628166615963,0.02363003045320511,4.050431251525879,-2.014284610748291,0.08889460653473805,0.3850132305671795,165.77035235190726,5.60842017314761,0.0004228698292265593,0.06521776787231076,-0.5,-0.13208944858078042,-0.49957713017077343,-0.06687168070846966,0.4106825236360354,0.31814154985870985,0.4106825236360354,0.4106825236360354,0.4106825236360354,0.4106825236360354,0.4208121807677187,0.4208121807677187,0.4208121807677187,0.4208121807677187,1.0
28300,85.64112818199965,0.8478518722411928,1.4772607411687435,0.06299778074026108,-0.0062975697219371796,1.104659784520183,-0.1339851778516943,-0.004482143614441155,-0.02344458134146407,0.06299778074026108,0.0062975697219371796,4.437119483947754,-1.4299582242965698,-0.004482143614441155,-0.02344458134146407,-0.2568079122789903,-1.3432755633170492,0.06299778074026108,0.0062975697219371796,4.437119483947754,-1.4299582242965698,-0.030402851719004476,0.3374616723317963,165.77002763118122,5.608460567834998,0.000471663017226834,0.06420187022874692,-0.5,-0.0375868719223319,-0.49952833698277316,0.02661499830641502,0.5299311887017777,0.3640766706382113,0.5299311887017777,0.5299311887017777,0.5299311887017777,0.5299311887017777,0.49655946781365573,0.49655946781365573,0.49655946781365573,0.49655946781365573,1.0
28350,85.78573291099974,1.0370985916173807,1.4800710438470865,-0.006484559737145901,0.027413662523031235,1.104659784520183,-0.1339851778516943,-0.0011791652627289283,-0.02349363037617877,-0.006484559737145901,-0.027413662523031235,4.209829330444336,-1.2923057079315186,-0.0011791652627289283,-0.02349363037617877,-0.06756119290280246,-1.346085865995392,-0.006484559737145901,-0.027413662523031235,4.209829330444336,-1.2923057079315186,0.06694385071227332,0.37985860764577634,165.7715681761554,5.608455261894429,0.00012408464748092047,0.06433622485441319,-0.5,0.1497674788763461,-0.4998759153525191,0.21410370373075926,0.43293206464024575,0.5939623113765355,0.43293206464024575,0.43293206464024575,0.43293206464024575,0.43293206464024575,0.702195327536597,0.702195327536597,0.702195327536597,0.702195327536597,1.0
28400,85.8937049289998,0.8751633974936938,1.4467342778904295,-0.047664884477853775,-0.011577106080949306,1.104659784520183,-0.1339851778516943,-0.004005467575043437,-0.02291179404826835,-0.047664884477853775,0.011577106080949306,3.4140725135803223,-1.1658730506896973,-0.004005467575043437,-0.02291179404826835,-0.22949638702648928,-1.3127491000387352,-0.047664884477853775,0.011577106080949306,3.4140725135803223,-1.1658730506896973,0.1851592588295855,0.32204520634601086,165.77036095018295,5.608517488463078,0.00042150108509567623,0.06274247908650069,-0.5,-0.06824735330497374,-0.4995784989149043,-0.005504874218473052,0.3144192400853188,0.3165403321275378,0.3144192400853188,0.3144192400853188,0.3144192400853188,0.3144192400853188,0.3951451421488675,0.3951451421488675,0.3951451421488675,0.3951451421488675,1.0
28450,85.94908582299968,0.7590839590233568,1.430818869907242,-0.1054161861538887,-0.014834102243185043,1.104659784520183,-0.1339851778516943,-0.006031435970216988,-0.022634017777163534,-0.1054161861538887,0.014834102243185043,1.526909351348877,-1.3108983039855957,-0.006031435970216988,-0.022634017777163534,-0.3455758254968263,-1.2968336920555474,-0.1054161861538887,0.014834102243185043,1.526909351348877,-1.3108983039855957,0.3089798458350432,0.30977155657318056,165.76868568678148,5.608546646031061,0.0006347009018647922,0.06198161504562994,-0.5,-0.08648199076192226,-0.4993652990981352,-0.024500375716292315,0.19038545326309203,0.28527118085688824,0.19038545326309203,0.19038545326309203,0.19038545326309203,0.19038545326309203,0.33286754417266123,0.33286754417266123,0.33286754417266123,0.33286754417266123,1.0
28500,86.06467560800002,0.32624750752194986,1.2674586742071081,-0.07014759629964828,-0.21917332708835602,1.104659784520183,-0.1339851778516943,-0.013585857171565293,-0.019782844495493918,-0.07014759629964828,0.21917332708835602,-8.100811004638672,2.0636723041534424,-0.013585857171565293,-0.019782844495493918,-0.7784122769982332,-1.1334734963554138,-0.07014759629964828,0.21917332708835602,-8.100811004638672,2.0636723041534424,0.37422858661197334,0.027811146655148,165.75647655273383,5.608825370240518,0.0014297387862144892,0.05417228375956252,0.5,-0.2999065341562447,0.5014297387862144,-0.24573425039668217,-0.8756583253981878,-0.21792310374153417,-0.8756583253981878,-0.8756583253981878,-0.8756583253981878,-0.8756583253981878,-0.4368376850910811,-0.4368376850910811,-0.4368376850910811,-0.4368376850910811,1.0
28550,86.23302251399991,1.9569239024027,-0.12587146180068903,0.056805066764354706,0.0035900890361517668,1.104659784520183,-0.1339851778516943,0.014874814953655006,0.004535353945102542,0.056805066764354706,-0.0035900890361517668,0.00812886655330658,-0.0015471228398382664,0.014874814953655006,0.004535353945102542,0.8522641178825171,0.2598566396523833,0.056805066764354706,-0.0035900890361517668,0.00812886655330658,-0.0015471228398382664,-0.3563536034578234,-0.06602187245730637,165.7534543629125,5.609679964769786,-0.0015654041802038302,-0.012418246194311285,-0.08057996658152868,0.021503593017833538,-0.0821453707617325,0.009085346823522253,0.4384989742195559,-0.05693652563378412,0.4384989742195559,0.4384989742195559,0.4384989742195559,0.4384989742195559,0.05268821792110486,0.05268821792110486,0.05268821792110486,0.05268821792110486,1.0
28600,86.38122124199981,1.1947690262954822,0.38784700929473787,-0.23237527906894684,0.0820462703704834,1.104659784520183,-0.1339851778516943,0.0015727029554545892,-0.004430724803823978,-0.23237527906894684,-0.0820462703704834,2.3937559127807617,0.07772175222635269,0.0015727029554545892,-0.004430724803823978,0.09010924177529907,-0.2538618314430436,-0.23237527906894684,-0.0820462703704834,2.3937559127807617,0.07772175222635269,0.46985132483096165,0.2882413750988118,165.7714789552946,5.609682126985407,-0.0001654970408278262,0.012131758511929748,-0.5,0.27828054698027105,-0.5001654970408278,0.2904123054922008,0.030314172209866153,0.5786536805910126,0.030314172209866153,0.030314172209866153,0.030314172209866153,0.030314172209866153,0.5862322236434792,0.5862322236434792,0.5862322236434792,0.5862322236434792,1.0
28650,86.53436079899984,0.43737882078415635,-0.2144687136707673,0.13532428443431854,-0.2016323059797287,1.104659784520183,-0.1339851778516943,-0.01164624985307455,0.006081667698454112,0.13532428443431854,0.2016323059797287,-6.571876049041748,-1.026099681854248,-0.01164624985307455,0.006081667698454112,-0.6672809637360267,0.34845389152246165,0.13532428443431854,0.2016323059797287,-6.571876049041748,-1.026099681854248,-0.12734082447559603,-0.4616573570481407,165.7605084394814,5.609642125435774,0.0012255999545543047,-0.016652272447442655,0.5,-0.29981150367981796,0.5012255999545543,-0.3164637761272606,-0.37388477547895826,-0.7781211331754013,-0.37388477547895826,-0.37388477547895826,-0.37388477547895826,-0.37388477547895826,-0.8715923270451409,-0.8715923270451409,-0.8715923270451409,-0.8715923270451409,1.0
28700,86.67956231700009,1.3132955401185349,-0.7131897835559254,0.09600884467363358,0.00037374161183834076,1.104659784520183,-0.1339851778516943,0.00364138087257743,0.01478599241701886,0.09600884467363358,-0.00037374161183834076,-4.1488356590271,0.35399770736694336,0.00364138087257743,0.01478599241701886,0.20863575559835176,0.8471749614076197,0.09600884467363358,-0.00037374161183834076,-4.1488356590271,0.35399770736694336,-0.21925330858128453,-0.24176665651432866,165.7705903213484,5.6092234814722435,-0.00038318736795788107,-0.040487463078986395,0.5,0.0022424079077458343,0.4996168126320421,-0.03824505517124056,-0.2803635040507576,-0.2800117116855692,-0.2803635040507576,-0.2803635040507576,-0.2803635040507576,-0.2803635040507576,-0.35010258769825864,-0.35010258769825864,-0.35010258769825864,-0.35010258769825864,1.0
28750,86.82766823499969,1.385575910288489,-0.7213949751832264,0.018082698807120323,0.01052674651145935,1.104659784520183,-0.1339851778516943,0.004902911316603423,0.014929200026672333,0.018082698807120323,-0.01052674651145935,-4.537917137145996,-0.6655653119087219,0.004902911316603423,0.014929200026672333,0.2809161257683059,0.8553801530349208,0.018082698807120323,-0.01052674651145935,-4.537917137145996,-0.6655653119087219,-0.0666490470797911,-0.1665566005133271,165.76970229662197,5.609213673620103,-0.0005159417368549131,-0.040879641082945894,0.5,0.062243537826724774,0.49948405826314507,0.02136389674377888,-0.432835011183354,-0.14519270376954824,-0.432835011183354,-0.432835011183354,-0.432835011183354,-0.432835011183354,-0.2534014565653867,-0.2534014565653867,-0.2534014565653867,-0.2534014565653867,1.0
28800,86.97749325399991,1.5231928028417274,-0.7550237317269015,0.04791669175028801,0.0026255426928400993,1.104659784520183,-0.1339851778516943,0.007304779198020701,0.015516132551711052,0.04791669175028801,-0.0026255426928400993,-5.005630016326904,-0.8165855407714844,0.007304779198020701,0.015516132551711052,0.41853301832154444,0.8890089095785958,0.04791669175028801,-0.0026255426928400993,-5.005630016326904,-0.8165855407714844,-0.18452497098664927,-0.20162369643542008,165.76728665554796,5.609172488781774,-0.0007687018439925964,-0.04248698501665515,0.5,0.015738792820115668,0.4992312981560074,-0.02674819219653948,-0.31470632716935815,-0.22837188863195956,-0.31470632716935815,-0.31470632716935815,-0.31470632716935815,-0.31470632716935815,-0.3070484704242991,-0.3070484704242991,-0.3070484704242991,-0.3070484704242991,1.0
28850,87.12611127499986,1.5040626169152853,-0.7800858835866469,0.022579491138458252,-0.021539432927966118,1.104659784520183,-0.1339851778516943,0.006970894467085605,0.01595354961929843,0.022579491138458252,0.021539432927966118,-4.308895587921143,-0.9950596690177917,0.006970894467085605,0.01595354961929843,0.3994028323951023,0.9140710614383413,0.022579491138458252,0.021539432927966118,-4.308895587921143,-0.9950596690177917,-0.13690735299999873,-0.21555700098705124,165.7676793385131,5.609140762775716,-0.0007335650878705154,-0.04368488733262841,0.5,-0.12179405743071693,0.49926643491212946,-0.16547894476334535,-0.36235908191213073,-0.38103594575039657,-0.36235908191213073,-0.36235908191213073,-0.36235908191213073,-0.36235908191213073,-0.47162571622842925,-0.47162571622842925,-0.47162571622842925,-0.47162571622842925,1.0
28900,87.27491962499971,1.3788100743070624,-0.5836365696481219,-0.03469165414571762,0.032305020838975906,1.104659784520183,-0.1339851778516943,0.004784825202077628,0.012524862277787178,-0.03469165414571762,-0.032305020838975906,-5.278141021728516,-1.3034634590148926,0.004784825202077628,0.012524862277787178,0.2741502897868794,0.7176217474998162,-0.03469165414571762,-0.032305020838975906,-5.278141021728516,-1.3034634590148926,-0.0024076581740283265,-0.1213986314105801,165.7697965445984,5.609365810180037,-0.0005035151429461164,-0.034295449168276204,0.5,0.17071168207836523,0.4994964848570539,0.13641623291008903,-0.49708882668302556,0.015017601499508926,-0.49708882668302556,-0.49708882668302556,-0.49708882668302556,-0.49708882668302556,-0.10925460517124747,-0.10925460517124747,-0.10925460517124747,-0.10925460517124747,1.0
28950,87.36962222700004,1.3082219902256849,-0.657726673143865,0.023607498034834862,0.022765781730413437,1.104659784520183,-0.1339851778516943,0.003552830722182994,0.013817978526931255,0.023607498034834862,-0.022765781730413437,-3.9988553524017334,-0.9788810610771179,0.003552830722182994,0.013817978526931255,0.20356220570550185,0.7917118509955593,0.023607498034834862,-0.022765781730413437,-3.9988553524017334,-0.9788810610771179,-0.0877665942197792,-0.15827413848608896,165.7706428050134,5.609287298759658,-0.00037386903880537605,-0.037836561557909175,0.5,0.12787759355303108,0.4996261309611946,0.0900410319951219,-0.4118595367414154,-0.06823310649096706,-0.4118595367414154,-0.4118595367414154,-0.4118595367414154,-0.4118595367414154,-0.1711979906763209,-0.1711979906763209,-0.1711979906763209,-0.1711979906763209,1.0
29000,87.43263501899992,1.2819165838544384,-0.6500959110979327,-0.004584495909512043,-0.008004824630916119,1.104659784520183,-0.1339851778516943,0.0030937147699296487,0.01368479660479352,-0.004584495909512043,0.008004824630916119,-4.512518882751465,-1.199846863746643,0.0030937147699296487,0.01368479660479352,0.17725679933425537,0.7840810889496271,-0.004584495909512043,0.008004824630916119,-4.512518882751465,-1.199846863746643,-0.03516821587537157,-0.21203656420371647,165.77089420783204,5.609295740915292,-0.00032555533655931617,-0.037471847633402194,0.5,-0.04762277004578996,0.4996744446634407,-0.08509461767919216,-0.46450622878806913,-0.29713118188290866,-0.46450622878806913,-0.46450622878806913,-0.46450622878806913,-0.46450622878806913,-0.4132577390799259,-0.4132577390799259,-0.4132577390799259,-0.4132577390799259,1.0
29050,87.49020400900008,1.2976536598672652,-0.7336462534809666,0.03077663853764534,-0.01901417225599289,1.104659784520183,-0.1339851778516943,0.0033683785609900964,0.015143025170546024,0.03077663853764534,0.01901417225599289,-3.3336751461029053,-0.9789283871650696,0.0033683785609900964,0.015143025170546024,0.19299387534708207,0.8676314313326609,0.03077663853764534,0.01901417225599289,-3.3336751461029053,-0.9789283871650696,-0.11447571804994935,-0.24453177910483961,165.7707479812056,5.609198853448988,-0.0003544587463770755,-0.041465209449886235,0.5,-0.10888607948418039,0.4996455412536229,-0.15035128893406663,-0.38516982320367354,-0.39488306803890627,-0.38516982320367354,-0.38516982320367354,-0.38516982320367354,-0.38516982320367354,-0.49117552383982466,-0.49117552383982466,-0.49117552383982466,-0.49117552383982466,1.0
29100,87.63359961399965,1.4416434390812427,-0.5463061707394172,0.03308096528053284,0.02540183998644352,1.104659784520183,-0.1339851778516943,0.0058814742974936975,0.011873323905747383,0.03308096528053284,-0.02540183998644352,-3.454465866088867,-0.3300441801548004,0.0058814742974936975,0.011873323905747383,0.33698365456105966,0.6802913485911115,0.03308096528053284,-0.02540183998644352,-3.454465866088867,-0.3300441801548004,-0.1465881998763089,-0.1285593215473171,165.76883286656488,5.609402448200903,-0.0006189197492045625,-0.03251128728035161,0.5,0.1405242473733476,0.4993810802507954,0.10801296009299599,-0.35279288037448653,-0.02054636145432112,-0.35279288037448653,-0.35279288037448653,-0.35279288037448653,-0.35279288037448653,-0.10874458154794275,-0.10874458154794275,-0.10874458154794275,-0.10874458154794275,1.0
29150,87.79831639999975,1.7611934125134663,-0.4185584746500242,0.03348104655742645,0.022059109061956406,1.104659784520183,-0.1339851778516943,0.011458673458546405,0.00964370599715039,0.03348104655742645,-0.022059109061956406,-2.1619067192077637,-0.5939939618110657,0.011458673458546405,0.00964370599715039,0.6565336279932833,0.5525436525017184,0.03348104655742645,-0.022059109061956406,-2.1619067192077637,-0.5939939618110657,-0.2387255509354046,-0.11028074523342703,165.7608654866848,5.6095130213161015,-0.001205858515944761,-0.026405884763613188,0.5,0.12438716123340687,0.49879414148405526,0.09798127646979368,-0.26006859054865067,-0.012299468763633345,-0.26006859054865067,-0.26006859054865067,-0.26006859054865067,-0.26006859054865067,-0.07731661640079601,-0.07731661640079601,-0.07731661640079601,-0.07731661640079601,1.0
29200,87.94810686699975,1.8920456430240415,-0.324364989992818,0.037429917603731155,0.006147641222923994,1.104659784520183,-0.1339851778516943,0.013742475714534522,0.007999719555955381,0.037429917603731155,-0.006147641222923994,-0.3429966866970062,-0.4477033317089081,0.013742475714534522,0.007999719555955381,0.7873858585038584,0.4583501678445124,0.037429917603731155,-0.006147641222923994,-0.3429966866970062,-0.4477033317089081,-0.2859870478060313,-0.10825519637192811,165.75612394211666,5.609579874285873,-0.00144622294202728,-0.021904253043600393,0.49999889963494853,0.03670109179981925,0.49855267669292125,0.014796838756218858,-0.21256562888688996,-0.09345835761570925,-0.21256562888688996,-0.21256562888688996,-0.21256562888688996,-0.21256562888688996,-0.14659976483743176,-0.14659976483743176,-0.14659976483743176,-0.14659976483743176,1.0
29250,88.09909863099983,1.8781835606600892,-0.30032787343667705,0.016720648854970932,-0.0271376334130764,1.104659784520183,-0.1339851778516943,0.013500536736100913,0.00758019272936508,0.016720648854970932,0.0271376334130764,-0.6672925353050232,-0.5555632710456848,0.013500536736100913,0.00758019272936508,0.773523776139906,0.43431305128837133,0.016720648854970932,0.0271376334130764,-0.6672925353050232,-0.5555632710456848,-0.2218015023183001,-0.1641321153437959,165.75666694248144,5.6095949391630535,-0.001420758810177122,-0.02075550192394822,0.49999999999744177,-0.14852064159217557,0.49857924118726465,-0.1692761435161238,-0.27677773886896456,-0.3334082588599197,-0.27677773886896456,-0.27677773886896456,-0.27677773886896456,-0.27677773886896456,-0.40260269357716083,-0.40260269357716083,-0.40260269357716083,-0.40260269357716083,1.0
29300,88.24918074199968,2.160506655238216,-0.051225491630276655,-0.06410995125770569,0.14339900016784668,1.104659784520183,-0.1339851778516943,0.018428004290908576,0.003232535992283374,-0.06410995125770569,-0.14339900016784668,6.811954021453857,2.813326597213745,0.018428004290908576,0.003232535992283374,1.0558468707180328,0.18521066948197096,-0.06410995125770569,-0.14339900016784668,6.811954021453857,2.813326597213745,-0.25036519644816446,0.2621157834771054,165.74370600123862,5.60970329026759,-0.0019394125410499366,-0.008850980334287852,-0.5,0.2980695617215412,-0.5019394125410499,0.28921858138725337,0.7523046089892144,0.5513343648643587,0.7523046089892144,0.7523046089892144,0.7523046089892144,0.7523046089892144,0.7394105171116623,0.7394105171116623,0.7394105171116623,0.7394105171116623,1.0
29350,88.40086536399986,0.9805180515849354,0.3915566824681275,-0.04918782040476799,0.02652422897517681,1.104659784520183,-0.1339851778516943,-0.0021666819788515555,-0.004495470814872534,-0.04918782040476799,-0.02652422897517681,3.72186541557312,-0.5355739593505859,-0.0021666819788515555,-0.004495470814872534,-0.12414173293524762,-0.2575715046164332,-0.04918782040476799,-0.02652422897517681,3.72186541557312,-0.5355739593505859,0.16723782325051295,0.06074708340544124,165.77129596687607,5.6096807949271446,0.00022800219059280122,0.012309041169420066,-0.5,0.14572542556918017,-0.4997719978094072,0.15803446673860022,0.3325341745588942,0.21878155014404146,0.3325341745588942,0.3325341745588942,0.3325341745588942,0.3325341745588942,0.301915093783765,0.301915093783765,0.301915093783765,0.301915093783765,1.0
29400,88.55540084899985,0.6552198869967645,0.6824016920158881,-0.010913579724729061,0.00901629589498043,1.104659784520183,-0.1339851778516943,-0.007844206001609563,-0.0095716738444753,-0.010913579724729061,-0.00901629589498043,2.2982864379882812,-0.24676744639873505,-0.007844206001609563,-0.0095716738444753,-0.44943989752341856,-0.5484165141641938,-0.010913579724729061,-0.00901629589498043,2.2982864379882812,-0.24676744639873505,0.13544439534517894,0.16937686743702682,165.76661342395693,5.6095162114868735,0.000825469426430303,0.026208641280978343,-0.5,0.05351892957683827,-0.4991745305735697,0.07972757085781662,0.36373013522839076,0.24910443829484344,0.36373013522839076,0.36373013522839076,0.36373013522839076,0.36373013522839076,0.3400369721019411,0.3400369721019411,0.3400369721019411,0.3400369721019411,1.0
29450,88.69372611299968,0.7456372908991586,0.9951195019265419,0.03731729835271835,0.026405639946460724,1.104659784520183,-0.1339851778516943,-0.006266124602407216,-0.015029629257041962,0.03731729835271835,-0.026405639946460724,1.8998171091079712,-0.22697225213050842,-0.006266124602407216,-0.015029629257041962,-0.35902249362102445,-0.8611343240748475,0.03731729835271835,-0.026405639946460724,1.8998171091079712,-0.22697225213050842,0.03588407853116184,0.3037690155575066,165.76844791469549,5.609206739138877,0.0006593983170086287,0.04115467004307009,-0.5,0.1451811550132612,-0.4993406016829914,0.18633582505633128,0.46345652315182956,0.4901048406138379,0.46345652315182956,0.46345652315182956,0.46345652315182956,0.46345652315182956,0.6059689714017953,0.6059689714017953,0.6059689714017953,0.6059689714017953,1.0
29500,88.85817533199997,0.8756732070822117,1.2836384318555163,0.02364780567586422,0.03860263526439667,1.104659784520183,-0.1339851778516943,-0.003996569719165561,-0.020065234538633375,0.02364780567586422,-0.03860263526439667,2.8840949535369873,-0.1281367540359497,-0.003996569719165561,-0.020065234538633375,-0.2289865774379713,-1.149653254003822,0.02364780567586422,-0.03860263526439667,2.8840949535369873,-0.1281367540359497,0.02244739279281597,0.36281989669962184,165.7703668161195,5.608799436015164,0.0004205647410967442,0.0549457165659586,-0.5,0.19443644327164772,-0.49957943525890325,0.2493821598376063,0.47713204246608726,0.6122020565372281,0.47713204246608726,0.47713204246608726,0.47713204246608726,0.47713204246608726,0.73148506715375,0.73148506715375,0.73148506715375,0.73148506715375,1.0
29550,89.01268915299988,0.7333954574723801,1.4008276159834216,4.155491478741169e-05,-0.002462086733430624,1.104659784520183,-0.1339851778516943,-0.0064797849021852,-0.022110571649391203,4.155491478741169e-05,0.002462086733430624,1.9727667570114136,-1.401211142539978,-0.0064797849021852,-0.022110571649391203,-0.37126432704780293,-1.2668424381317274,4.155491478741169e-05,0.002462086733430624,1.9727667570114136,-1.401211142539978,0.12658045117316458,0.3419150708895811,165.76822355527747,5.6086006246203395,0.0006818828819771887,0.06054784944189068,-0.5,-0.014760592087814804,-0.4993181171180228,0.04578725735407588,0.37273766594485824,0.387702328243657,0.37273766594485824,0.37273766594485824,0.37273766594485824,0.37273766594485824,0.4808867447298716,0.4808867447298716,0.4808867447298716,0.4808867447298716,1.0
29600,89.16964462099986,0.8414822939533328,1.3215721285670037,0.04939179867506027,0.030547374859452248,1.104659784520183,-0.1339851778516943,-0.004593313727527854,-0.020727302443701776,0.04939179867506027,-0.030547374859452248,2.1526923179626465,-1.2462875843048096,-0.004593313727527854,-0.020727302443701776,-0.2631774905668502,-1.1875869507153094,0.04939179867506027,-0.030547374859452248,2.1526923179626465,-1.2462875843048096,-0.012944249919106837,0.3726184860236945,165.76994451077482,5.60873719188864,0.00048336178404366834,0.05675906730281361,-0.5,0.16343811677778147,-0.4995166382159563,0.22019718408059508,0.5124608881350632,0.5928156701042896,0.5124608881350632,0.5124608881350632,0.5124608881350632,0.5124608881350632,0.7209308921380554,0.7209308921380554,0.7209308921380554,0.7209308921380554,1.0
29650,89.31620632799968,0.9895677320700851,1.5342590966793233,0.023611312732100487,0.0048492299392819405,1.104659784520183,-0.1339851778516943,-0.002008735258132218,-0.02443939031334594,0.023611312732100487,-0.0048492299392819405,2.242328405380249,-1.734655499458313,-0.002008735258132218,-0.02443939031334594,-0.11509205245009807,-1.400273918827629,0.023611312732100487,-0.0048492299392819405,2.242328405380249,-1.734655499458313,-0.008904525315926216,0.3908447453742503,165.77135029976014,5.608350785214154,0.0002113812473978951,0.06692688595109927,-0.5,0.02900449772105477,-0.4997886187526021,0.09593138367215404,0.5086931440685283,0.4867761290464043,0.5086931440685283,0.5086931440685283,0.5086931440685283,0.5086931440685283,0.6139494150635364,0.6139494150635364,0.6139494150635364,0.6139494150635364,1.0
29700,89.46280253399982,0.9985240310626758,1.482434716186734,0.03593422472476959,0.02687341347336769,1.104659784520183,-0.1339851778516943,-0.0018524183519184577,-0.023534884240943937,0.03593422472476959,-0.02687341347336769,2.2081007957458496,-2.1202611923217773,-0.0018524183519184577,-0.023534884240943937,-0.1061357534575073,-1.3484495383350397,0.03593422472476959,-0.02687341347336769,2.2081007957458496,-2.1202611923217773,-0.04617044181927168,0.4098436996473377,165.77140002482312,5.6084507906220615,0.00019493182204092225,0.06444922720410581,-0.5,0.14732074496361416,-0.49980506817795906,0.21176997216771998,0.5459755099972308,0.6216136718150577,0.5459755099972308,0.5459755099972308,0.5459755099972308,0.5459755099972308,0.7581075493143654,0.7581075493143654,0.7581075493143654,0.7581075493143654,1.0
29750,89.51792736199968,0.9573465281039615,1.522122597576151,-0.003635900327935815,0.0005821087397634983,1.104659784520183,-0.1339851778516943,-0.00257110135629773,-0.024227568444330244,-0.003635900327935815,-0.0005821087397634983,2.948082208633423,-2.116096019744873,-0.00257110135629773,-0.024227568444330244,-0.14731325641622167,-1.3881374197244565,-0.003635900327935815,-0.0005821087397634983,2.948082208633423,-2.116096019744873,0.046297313837295705,0.39521687098403047,165.77113811151918,5.608374543077965,0.00027055983213701427,0.06634664803620224,-0.5,0.0034924946488261686,-0.49972944016786297,0.06983914268502842,0.4534321263305673,0.4650560136690589,0.4534321263305673,0.4534321263305673,0.4534321263305673,0.4534321263305673,0.5784140452517007,0.5784140452517007,0.5784140452517007,0.5784140452517007,1.0
29800,89.57216414799996,0.9117418886243153,1.4687246055318144,0.005786973517388105,-0.009986440651118755,1.104659784520183,-0.1339851778516943,-0.0033670524694025504,-0.023295597669202833,0.005786973517388105,0.009986440651118755,2.564541816711426,-2.5506763458251953,-0.0033670524694025504,-0.023295597669202833,-0.19291789589586789,-1.33473942768012,0.005786973517388105,0.009986440651118755,2.564541816711426,-2.5506763458251953,0.054064107830907523,0.3342461481166087,165.77074871705796,5.608476616346521,0.00035431919903274674,0.063793777029028,-0.5,-0.05913440518159715,-0.4996456808009673,0.00465937184743085,0.44558157297005974,0.33890551996403956,0.44558157297005974,0.44558157297005974,0.44558157297005974,0.44558157297005974,0.4503009132065545,0.4503009132065545,0.4503009132065545,0.4503009132065545,1.0
29850,89.62746425099976,0.8866125554507804,1.4546342454391954,0.014987153001129627,0.014196638949215412,1.104659784520183,-0.1339851778516943,-0.003805642072111367,-0.02304967449279502,0.014987153001129627,-0.014196638949215412,2.6751317977905273,-2.3242995738983154,-0.003805642072111367,-0.02304967449279502,-0.2180472290694026,-1.3206490675875011,0.014987153001129627,-0.014196638949215412,2.6751317977905273,-2.3242995738983154,0.03331251419753285,0.38493396765548826,165.77048954253067,5.608502883394853,0.00040047295497765357,0.06312015354487736,-0.5,0.08296231083610685,-0.49959952704502236,0.1460824643809842,0.4662870128474895,0.5310164320364725,0.4662870128474895,0.4662870128474895,0.4662870128474895,0.4662870128474895,0.6475881852483449,0.6475881852483449,0.6475881852483449,0.6475881852483449,1.0
29900,89.68127032299981,0.9306764536640599,1.4416897563015518,0.023238392546772957,0.020207636058330536,1.104659784520183,-0.1339851778516943,-0.003036581967025994,-0.022823750537354498,0.023238392546772957,-0.020207636058330536,2.6391220092773438,-2.462477207183838,-0.003036581967025994,-0.022823750537354498,-0.17398333085612316,-1.3077045784498575,0.023238392546772957,-0.020207636058330536,2.6391220092773438,-2.462477207183838,-0.0019232310160763183,0.3870604494128966,165.7709230626892,5.60852676869011,0.00031954314583376497,0.06250131610501852,-0.5,0.11504897209816442,-0.49968045685416623,0.17755028820318294,0.5016036878702426,0.5646107376160795,0.5016036878702426,0.5016036878702426,0.5016036878702426,0.5016036878702426,0.6900116595836401,0.6900116595836401,0.6900116595836401,0.6900116595836401,1.0
29950,89.73613880399989,0.959666764709356,1.4203417866072654,0.017522545531392097,0.0032219309359788895,1.104659784520183,-0.1339851778516943,-0.0025306055881083,-0.022451158177573233,0.017522545531392097,-0.0032219309359788895,2.619619369506836,-2.79306697845459,-0.0025306055881083,-0.022451158177573233,-0.14499301981082718,-1.2863566087555711,0.017522545531392097,-0.0032219309359788895,2.619619369506836,-2.79306697845459,0.006326590621219187,0.3503975059705579,165.771155132213,5.608565646310816,0.00026629839960292675,0.061480743502663075,-0.5,0.019304872906110746,-0.4997337016003971,0.08078561640877382,0.4934071109791779,0.43118312237933176,0.4934071109791779,0.4934071109791779,0.4934071109791779,0.4934071109791779,0.5545349001241262,0.5545349001241262,0.5545349001241262,0.5545349001241262,1.0
30000,89.84098699099968,1.0788739495718827,1.48451685666653,-0.0035980837419629097,-0.03569827973842621,1.104659784520183,-0.1339851778516943,-0.000450047720223664,-0.023571224447805433,-0.0035980837419629097,0.03569827973842621,2.8788833618164062,-3.0944461822509766,-0.000450047720223664,-0.023571224447805433,-0.02578583494830041,-1.3505316788148358,-0.0035980837419629097,0.03569827973842621,2.8788833618164062,-3.0944461822509766,-0.017229410089742242,0.35076840727290015,165.7716660412755,5.608446845415779,4.735891784349738e-05,0.06454877022344473,-0.5,-0.1839472598740373,-0.4999526410821565,-0.11939848965059256,0.5171820511718987,0.23136991762230757,0.5171820511718987,0.5171820511718987,0.5171820511718987,0.5171820511718987,0.36066543041528226,0.36066543041528226,0.36066543041528226,0.36066543041528226,1.0
30050,89.98707641200008,1.2874043206874264,1.6339359959404332,-0.07577954977750778,-0.009895800612866879,1.104659784520183,-0.1339851778516943,0.0031894938461482537,-0.02617908039363101,-0.07577954977750778,0.009895800612866879,2.183316946029663,-1.6920579671859741,0.0031894938461482537,-0.02617908039363101,0.18274453616724326,-1.4999508180887386,-0.07577954977750778,0.009895800612866879,2.183316946029663,-1.6920579671859741,0.0999648851093716,0.34491618656213896,165.77084462812113,5.608147839571118,-0.00033563435098795595,0.07169254193387004,-0.5,-0.058611509154917356,-0.5003356343509879,0.01308103277895268,0.4003707492416163,0.35799721934109163,0.4003707492416163,0.4003707492416163,0.4003707492416163,0.4003707492416163,0.45808990665149574,0.45808990665149574,0.45808990665149574,0.45808990665149574,1.0
30100,90.13154143299971,0.6736123057711395,1.5451376670364494,-0.08280085772275925,-0.02015364170074463,1.104659784520183,-0.1339851778516943,-0.0075231977365910994,-0.024629257183987646,-0.08280085772275925,0.02015364170074463,-10.154441833496094,-0.9140598773956299,-0.0075231977365910994,-0.024629257183987646,-0.43104747874904364,-1.411152489184755,-0.08280085772275925,0.02015364170074463,-10.154441833496094,-0.9140598773956299,0.2838703817089615,0.3386078501480614,165.7670198345523,5.608329314081517,0.0007916874696665989,0.0674469868730273,0.5,-0.11477253715783178,0.5007916874696666,-0.04732555028480448,-0.7846620691786281,0.29128229986325693,-0.7846620691786281,-0.7846620691786281,-0.7846620691786281,-0.7846620691786281,0.0951167825685999,0.0951167825685999,0.0951167825685999,0.0951167825685999,1.0
30150,90.28798057899985,1.583410098442087,0.23773775411039913,0.0717494860291481,-0.0946202501654625,1.104659784520183,-0.1339851778516943,0.008355769272893668,-0.0018108240631408991,0.0717494860291481,0.0946202501654625,-3.7687177658081055,-0.013702686876058578,0.008355769272893668,-0.0018108240631408991,0.4787503139219038,-0.10375257625870482,0.0717494860291481,0.0946202501654625,-3.7687177658081055,-0.013702686876058578,-0.2873486957345801,-0.14420469384001844,165.76593067422996,5.609719816594173,-0.0008793051775514211,0.0049581938595433805,0.5,-0.2866747520917548,0.4991206948224486,-0.2817165582322114,-0.21177199908786848,-0.42592125207222986,-0.21177199908786848,-0.21177199908786848,-0.21177199908786848,-0.21177199908786848,-0.478864251844197,-0.478864251844197,-0.478864251844197,-0.478864251844197,1.0
30200,90.48843311799965,2.0642539219071034,-0.17471342418393618,0.03096642531454563,-0.03554642200469971,1.104659784520183,-0.1339851778516943,0.01674807718023658,0.005387807001825421,0.03096642531454563,0.03554642200469971,-1.859395980834961,0.07398742437362671,0.01674807718023658,0.005387807001825421,0.9595941373869206,0.3086986020356305,0.03096642531454563,0.03554642200469971,-1.859395980834961,0.07398742437362671,-0.3108723115993922,-0.13541495158245187,165.7485741970298,5.609660467941872,-0.0017625781013733616,-0.01475237717241655,0.5,-0.18337761096175922,0.49823742189862663,-0.19812998813417576,-0.18736511029923442,-0.33354493971662763,-0.18736511029923442,-0.18736511029923442,-0.18736511029923442,-0.18736511029923442,-0.38038621729143623,-0.38038621729143623,-0.38038621729143623,-0.38038621729143623,1.0
30250,90.66212856599986,1.9239793387147899,-0.3382687205024516,0.019950639456510544,-0.04926091805100441,1.104659784520183,-0.1339851778516943,0.014299823846668006,0.008242385431658476,0.019950639456510544,0.04926091805100441,-1.0406684875488281,0.05500339716672897,0.014299823846668006,0.008242385431658476,0.8193195541946068,0.4722538983541459,0.019950639456510544,0.04926091805100441,-1.0406684875488281,0.05500339716672897,-0.22442467326064142,-0.20841120087363366,165.7548363493744,5.609570789985342,-0.0015048846016279143,-0.022568724902466957,0.5,-0.22659480821363842,0.4984951153983721,-0.24916353311610537,-0.2740704421377307,-0.457574733989739,-0.2740704421377307,-0.2740704421377307,-0.2740704421377307,-0.2740704421377307,-0.5260923445241716,-0.5260923445241716,-0.5260923445241716,-0.5260923445241716,1.0
30300,90.71832302699977,1.9641826859431313,-0.4635930067773859,0.03897907957434654,-0.02343461662530899,1.104659784520183,-0.1339851778516943,0.015001504626125099,0.01042970685986802,0.03897907957434654,0.02343461662530899,-0.5621192455291748,0.5432138442993164,0.015001504626125099,0.01042970685986802,0.8595229014229481,0.5975781846290802,0.03897907957434654,0.02343461662530899,-0.5621192455291748,0.5432138442993164,-0.3051141659427049,-0.19505413365696317,165.75314254235866,5.609476656434095,-0.0015787387935661922,-0.028558180714836876,0.4999999998282137,-0.13114264160778874,0.4984212610346475,-0.1597008223226256,-0.1933070950919426,-0.3547549559795888,-0.1933070950919426,-0.1933070950919426,-0.1933070950919426,-0.1933070950919426,-0.40308172975257445,-0.40308172975257445,-0.40308172975257445,-0.40308172975257445,1.0
30350,90.77273373799972,1.9620990513594543,-0.4201532170995164,-0.007871943525969982,-0.0006687454879283905,1.104659784520183,-0.1339851778516943,0.014965138342231513,0.00967153950361535,-0.007871943525969982,0.0006687454879283905,-1.7005977630615234,0.5071020722389221,0.014965138342231513,0.00967153950361535,0.8574392668392711,0.5541383949512108,-0.007871943525969982,0.0006687454879283905,-1.7005977630615234,0.5071020722389221,-0.20398908654992942,-0.13598194743117517,165.75323232106632,5.609511782215267,-0.001574911086267643,-0.026482100473027324,0.5,-0.004012233683321553,0.4984250889137324,-0.030494334156348876,-0.29443600236380296,-0.16647628158752403,-0.29443600236380296,-0.29443600236380296,-0.29443600236380296,-0.29443600236380296,-0.24008528217847477,-0.24008528217847477,-0.24008528217847477,-0.24008528217847477,1.0
30400,90.89944187699984,2.029532655261344,-0.45116136879687513,0.06664194911718369,-0.0189376138150692,1.104659784520183,-0.1339851778516943,0.016142076756805183,0.010212733845692127,0.06664194911718369,0.0189376138150692,9.272245407104492,0.05410539358854294,0.016142076756805183,0.010212733845692127,0.9248728707411608,0.5851465466485695,0.06664194911718369,0.0189376138150692,9.272245407104492,0.05410539358854294,-0.3730678344706967,-0.1781397844224346,165.75021619204023,5.609486979395465,-0.0016987910526060138,-0.02796404382838557,-0.5,-0.10848702007769426,-0.5016987910526061,-0.13645106390607983,0.8747666255233028,-0.31459084832851447,0.8747666255233028,0.8747666255233028,0.8747666255233028,0.8747666255233028,-0.09589919194768878,-0.09589919194768878,-0.09589919194768878,-0.09589919194768878,1.0
30450,91.05376041099998,1.193911197224411,0.41111324828959295,-0.176603302359581,0.039976708590984344,1.104659784520183,-0.1339851778516943,0.0015577310137450742,-0.004836797278840095,-0.176603302359581,-0.039976708590984344,2.6838035583496094,1.4366673231124878,0.0015577310137450742,-0.004836797278840095,0.08925141270422798,-0.27712807043789867,-0.176603302359581,-0.039976708590984344,2.6838035583496094,1.4366673231124878,0.3221299142586539,0.16733943774314092,165.77148281660823,5.609673453156116,-0.00016392152650014104,0.013243636895238725,-0.5,0.1991328798162645,-0.5001639215265001,0.21237651671150323,0.17803400726784624,0.3797159544546441,0.17803400726784624,0.17803400726784624,0.17803400726784624,0.17803400726784624,0.42422445627160565,0.42422445627160565,0.42422445627160565,0.42422445627160565,1.0
30500,91.20316839299994,0.6209148350035524,0.4760931600930084,0.046415746212005615,0.0016293637454509735,1.104659784520183,-0.1339851778516943,-0.008442942108958958,-0.005970910687465221,0.046415746212005615,-0.0016293637454509735,4.084597587585449,1.7650395631790161,-0.008442942108958958,-0.005970910687465221,-0.4837449495166308,-0.3421079822413141,0.046415746212005615,-0.0016293637454509735,4.084597587585449,1.7650395631790161,0.04869826431615072,0.09854291069240785,165.76581003053815,5.609645202197103,0.000888479092574776,0.01634900228750772,-0.5,0.009772723399948195,-0.4991115209074252,0.026121725687455917,0.4504132565912745,0.12466463637986377,0.4504132565912745,0.4504132565912745,0.4504132565912745,0.4504132565912745,0.2372679505276824,0.2372679505276824,0.2372679505276824,0.2372679505276824,1.0
30550,91.35192973799985,0.5367552717630651,0.4268413329987076,0.023103991523385048,-0.02573264390230179,1.104659784520183,-0.1339851778516943,-0.009911803584545848,-0.00511130414204672,0.023103991523385048,0.02573264390230179,1.016512155532837,1.4103795289993286,-0.009911803584545848,-0.00511130414204672,-0.567904512757118,-0.2928561551470133,0.023103991523385048,0.02573264390230179,1.016512155532837,1.4103795289993286,0.1268749203706374,0.03683984634439646,165.76358889194537,5.6096671590093585,0.0010430615975311492,0.013995273599149084,-0.5,-0.14206876802116053,-0.49895693840246885,-0.12807349442201144,0.37208201803183144,-0.09123364807761497,0.37208201803183144,0.37208201803183144,0.37208201803183144,0.37208201803183144,0.0017868564303428897,0.0017868564303428897,0.0017868564303428897,0.0017868564303428897,1.0
30600,91.50083698799972,0.8376454351870781,0.5411356108160118,0.04666684940457344,0.025498442351818085,1.104659784520183,-0.1339851778516943,-0.004660279545933007,-0.0071061156061477965,0.04666684940457344,-0.025498442351818085,2.5504767894744873,1.3577613830566406,-0.004660279545933007,-0.0071061156061477965,-0.26701434933310497,-0.4071504329643175,0.04666684940457344,-0.025498442351818085,2.5504767894744873,1.3577613830566406,-3.2962367297065254e-05,0.18453692181372705,165.76989345855634,5.609610986500284,0.0004904088050968448,0.019457387249296552,-0.5,0.1409762777097063,-0.4995095911949032,0.16043366495900285,0.49954255356220023,0.3449705867727299,0.49954255356220023,0.49954255356220023,0.49954255356220023,0.49954255356220023,0.46985622516327996,0.46985622516327996,0.46985622516327996,0.46985622516327996,1.0
30650,91.56708249299982,1.0620340114515106,0.5631608898160402,0.04880347475409508,0.023439861834049225,1.104659784520183,-0.1339851778516943,-0.0007439600862562644,-0.007490529243368656,0.04880347475409508,-0.023439861834049225,2.842566967010498,1.4527817964553833,-0.0007439600862562644,-0.007490529243368656,-0.04262577306867263,-0.4291757119643459,0.04880347475409508,-0.023439861834049225,2.842566967010498,1.4527817964553833,-0.09040949392654461,0.179596953061202,165.77163712931252,5.609598053680824,7.828758397120094e-05,0.020509985480379758,-0.5,0.1311680977488758,-0.4999217124160288,0.15167808322925558,0.5903312063425734,0.33127503629045757,0.5903312063425734,0.5903312063425734,0.5903312063425734,0.5903312063425734,0.4788578378761009,0.4788578378761009,0.4788578378761009,0.4788578378761009,1.0
30700,91.65651846499986,1.2138800023148837,0.6109828328158546,0.05633673444390297,0.0021516019478440285,1.104659784520183,-0.1339851778516943,0.0019062524102628244,-0.008325179603416473,0.05633673444390297,-0.0021516019478440285,3.626079559326172,1.5984784364700317,0.0019062524102628244,-0.008325179603416473,0.10922021779470054,-0.4769976549641604,0.05633673444390297,-0.0021516019478440285,3.626079559326172,1.5984784364700317,-0.1419749513227791,0.16410464207134293,165.77138335451096,5.609567628444994,-0.00020059684684826522,0.022795433764902236,-0.5,0.012901649099666509,-0.5002005968468483,0.03569708286456874,0.6421755481696274,0.19980172493591167,0.6421755481696274,0.6421755481696274,0.6421755481696274,0.6421755481696274,0.3603456119783185,0.3603456119783185,0.3603456119783185,0.3603456119783185,1.0
30750,91.81019025399974,1.3309602235811862,0.7353835227685299,-0.007116342894732952,0.012224594131112099,1.104659784520183,-0.1339851778516943,0.003949687760323287,-0.010496381234843285,-0.007116342894732952,-0.012224594131112099,4.455341815948486,1.1984230279922485,0.003949687760323287,-0.010496381234843285,0.226300439061003,-0.6013983449168356,-0.007116342894732952,-0.012224594131112099,4.455341815948486,1.1984230279922485,-0.05919046441299908,0.2196475937471639,165.77039750774009,5.609473440668948,-0.0004156312344457203,0.028740755451838285,-0.5,0.0719202025209278,-0.5004156312344458,0.10066095797276609,0.5596060956474449,0.32030855171993,0.5596060956474449,0.5596060956474449,0.5596060956474449,0.5596060956474449,0.4602100756317912,0.4602100756317912,0.4602100756317912,0.4602100756317912,1.0
30800,91.96186394400002,1.104096770959682,0.6375182778239129,0.02232518047094345,0.008812988176941872,1.104659784520183,-0.1339851778516943,-9.826440364117672e-06,-0.008788310487288982,0.02232518047094345,-0.008812988176941872,4.927120685577393,1.0810911655426025,-9.826440364117672e-06,-0.008788310487288982,-0.0005630135605009385,-0.5035330999722186,0.02232518047094345,-0.008812988176941872,4.927120685577393,1.0810911655426025,-0.03510093966420444,0.13817781734017184,165.77168271999153,5.609549360812215,1.0340449020540058e-06,0.02406359344984956,-0.5,0.052337054423536124,-0.49999896595509796,0.07640064787338569,0.5350999056193024,0.21457846521355753,0.5350999056193024,0.5350999056193024,0.5350999056193024,0.5350999056193024,0.3483534416183831,0.3483534416183831,0.3483534416183831,0.3483534416183831,1.0
30850,92.11174399599986,1.2067439487361014,0.7215977997850641,0.0028499469626694918,0.008048868738114834,1.104659784520183,-0.1339851778516943,0.0017817047797143507,-0.010255774979013952,0.0028499469626694918,-0.008048868738114834,5.51160192489624,0.8987950086593628,0.0017817047797143507,-0.010255774979013952,0.10208416421591834,-0.5876126219333698,0.0028499469626694918,-0.008048868738114834,5.51160192489624,0.8987950086593628,-0.03324485058563732,0.20705732118396797,165.77142119647561,5.6094849488740826,-0.00018749054672630343,0.02808190314594382,-0.5,0.047880339347283876,-0.5001874905467263,0.0759622424932277,0.5334323411323636,0.28301956367719566,0.5334323411323636,0.5334323411323636,0.5334323411323636,0.5334323411323636,0.41637764896028656,0.41637764896028656,0.41637764896028656,0.41637764896028656,1.0
30900,92.23851643199987,1.2596086524166479,0.8802694441459543,2.8732174541801214e-05,0.015569438226521015,1.104659784520183,-0.1339851778516943,0.002704367917031051,-0.01302511760266498,2.8732174541801214e-05,-0.015569438226521015,6.2655205726623535,0.988325297832489,0.002704367917031051,-0.01302511760266498,0.1549488678964648,-0.74628426629426,2.8732174541801214e-05,-0.015569438226521015,6.2655205726623535,0.988325297832489,-0.0472923895532608,0.2440036283397692,165.77108019074407,5.609336351335341,-0.00028458368542966933,0.035665354485533624,-0.5,0.09050999419714674,-0.5002845836854297,0.12617534868268038,0.5475769732386905,0.3701789770224496,0.5475769732386905,0.5475769732386905,0.5475769732386905,0.5475769732386905,0.5070732203321222,0.5070732203321222,0.5070732203321222,0.5070732203321222,1.0
30950,92.29320925100001,1.2100332184299913,0.8696287564710149,-0.013537566177546978,-0.0339718833565712,1.104659784520183,-0.1339851778516943,0.0018391133658587945,-0.012839402568060905,-0.013537566177546978,0.0339718833565712,5.358565807342529,0.9756580591201782,0.0018391133658587945,-0.012839402568060905,0.10537343390980819,-0.7356435786193206,-0.013537566177546978,0.0339718833565712,5.358565807342529,0.9756580591201782,-0.004685562168515383,0.1461502816637708,165.7714040712655,5.609347422278707,-0.00019353172201037763,0.03515678865728876,-0.5,-0.17734610955856087,-0.5001935317220104,-0.14218932090127212,0.5048790938905258,0.003960960762498689,0.5048790938905258,0.5048790938905258,0.5048790938905258,0.5048790938905258,0.13018073423513013,0.13018073423513013,0.13018073423513013,0.13018073423513013,1.0
31000,92.34644925999964,1.1923939347333161,0.8441401446749669,0.0328948087990284,-0.012910785153508186,1.104659784520183,-0.1339851778516943,0.0015312497876584577,-0.012394542370457203,0.0328948087990284,0.012910785153508186,6.541804313659668,1.1276718378067017,0.0015312497876584577,-0.012394542370457203,0.08773415021313312,-0.7101549668232726,0.0328948087990284,0.012910785153508186,6.541804313659668,1.1276718378067017,-0.08954696220145601,0.17439405427707655,165.7714895557673,5.609373295018524,-0.00016113487736267555,0.03393858162095471,-0.5,-0.07578775908271385,-0.5001611348773627,-0.04184917746175914,0.5897080970788187,0.1325448768153174,0.5897080970788187,0.5897080970788187,0.5897080970788187,0.5897080970788187,0.27997190108502207,0.27997190108502207,0.27997190108502207,0.27997190108502207,1.0
31050,92.40267159199993,1.2356893299432632,0.8386454175702504,0.005262804217636585,0.0357489213347435,1.104659784520183,-0.1339851778516943,0.002286896985024215,-0.012298641290981325,0.005262804217636585,-0.0357489213347435,5.518383026123047,0.12130692601203918,0.002286896985024215,-0.012298641290981325,0.13102954542308015,-0.7046602397185562,0.005262804217636585,-0.0357489213347435,5.518383026123047,0.12130692601203918,-0.04563637183828156,0.27035395184935407,165.77125185860223,5.609378753034391,-0.00024065258286478178,0.03367596700320709,-0.5,0.18413675576168614,-0.5002406525828648,0.21781272276489322,0.5458770244211463,0.4881666746142473,0.5458770244211463,0.5458770244211463,0.5458770244211463,0.5458770244211463,0.6246359307195338,0.6246359307195338,0.6246359307195338,0.6246359307195338,1.0
31100,92.5114603689999,1.3953648520295867,0.8051473417553046,0.02574961632490158,0.01364558283239603,1.104659784520183,-0.1339851778516943,0.005073760580271484,-0.011713989574927837,0.02574961632490158,-0.01364558283239603,6.326634407043457,0.9032964110374451,0.005073760580271484,-0.011713989574927837,0.29070506750940356,-0.6711621639036103,0.02574961632490158,-0.01364558283239603,6.326634407043457,0.9032964110374451,-0.17084521251557272,0.22617861853273943,165.76956186995733,5.609411110297394,-0.0005339207974654512,0.03207497190771499,-0.5,0.0798996155941134,-0.5005339207974655,0.1119745875018284,0.6713791333130382,0.33815320603456783,0.6713791333130382,0.6713791333130382,0.6713791333130382,0.6713791333130382,0.5059979893628274,0.5059979893628274,0.5059979893628274,0.5059979893628274,1.0
31150,92.68011218099991,1.3222132058536327,0.8773581293730892,-0.02303706295788288,-0.014972599223256111,1.104659784520183,-0.1339851778516943,0.003797023501247169,-0.012974305574316532,-0.02303706295788288,0.014972599223256111,7.692169666290283,0.6750209927558899,0.003797023501247169,-0.012974305574316532,0.21755342133344965,-0.7433729515213949,-0.02303706295788288,0.014972599223256111,7.692169666290283,0.6750209927558899,-0.013217224346388515,0.15249990993958923,165.77049494077679,5.6093393961668,-0.00039956600225113116,0.03552620961553321,-0.5,-0.08724330694636248,-0.5003995660022511,-0.05171709733082927,0.5136167903486396,0.10078281260875996,0.5136167903486396,0.5136167903486396,0.5136167903486396,0.5136167903486396,0.22918701019591986,0.22918701019591986,0.22918701019591986,0.22918701019591986,1.0
31200,92.84396679299971,1.1665140278030204,0.9690655318941166,-0.09211589395999908,0.013447264209389687,1.104659784520183,-0.1339851778516943,0.0010795602016150964,-0.014574901696760208,-0.09211589395999908,-0.013447264209389687,6.189188480377197,1.0785832405090332,0.0010795602016150964,-0.014574901696760208,0.061854243282837264,-0.8350803540424223,-0.09211589395999908,-0.013447264209389687,6.189188480377197,1.0785832405090332,0.15003609245419253,0.2958709410691667,165.77158671135825,5.6092377660715895,-0.00011360310664751884,0.039909387512513494,-0.5,0.07879294432883831,-0.5001136031066475,0.1187023318413518,0.350077510652455,0.41457327291051854,0.350077510652455,0.350077510652455,0.350077510652455,0.350077510652455,0.5020926505736323,0.5020926505736323,0.5020926505736323,0.5020926505736323,1.0
31250,92.99727821999977,0.8424785944376555,0.6696055994101336,-0.08077386766672134,-0.04254595935344696,1.104659784520183,-0.1339851778516943,-0.00457592500373721,-0.009348339897114784,-0.08077386766672134,0.04254595935344696,1.7685617208480835,0.6336751580238342,-0.00457592500373721,-0.009348339897114784,-0.2621811900825276,-0.5356204215584394,-0.08077386766672134,0.04254595935344696,1.7685617208480835,0.6336751580238342,0.2238393703285596,0.08389857717606383,165.76995764643937,5.609525950500123,0.0004815319153384209,0.025597093893148785,-0.5,-0.20746481079299176,-0.4995184680846616,-0.18186771689984296,0.275679097756102,-0.09796913972377913,0.275679097756102,0.275679097756102,0.275679097756102,0.275679097756102,-0.02904936528475363,-0.02904936528475363,-0.02904936528475363,-0.02904936528475363,1.0
31300,93.14524798999992,0.5641217053331905,0.4071341828503845,-0.07887212187051773,-0.00536436028778553,1.104659784520183,-0.1339851778516943,-0.009434169214218854,-0.004767349485773594,-0.07887212187051773,0.00536436028778553,1.0091156959533691,0.5083931684494019,-0.009434169214218854,-0.004767349485773594,-0.5405380791869926,-0.2731490049986902,-0.07887212187051773,0.00536436028778553,1.0091156959533691,0.5083931684494019,0.2710737184899258,0.10127933201564433,165.76435015008312,5.609674990463855,0.000992795054052983,0.013053479734340628,-0.5,-0.032063234264700244,-0.499007204945947,-0.019009754530359614,0.22793348645602124,0.08226957748528471,0.22793348645602124,0.22793348645602124,0.22793348645602124,0.22793348645602124,0.13925294909929004,0.13925294909929004,0.13925294909929004,0.13925294909929004,1.0
31350,93.31069933599974,0.37038955270428775,-0.5328856494331355,0.1292039006948471,-0.11870518326759338,1.104659784520183,-0.1339851778516943,-0.012815433144569396,0.011639091621618717,0.1292039006948471,0.11870518326759338,-8.70950984954834,-0.3225460648536682,-0.012815433144569396,0.011639091621618717,-0.7342702318158953,0.6668708272848298,0.1292039006948471,0.11870518326759338,-8.70950984954834,-0.3225460648536682,-0.05610376496670169,-0.4113036031843633,165.75815224755956,5.609415141638216,0.0013486523877666945,-0.031869874472716164,0.5,-0.2948443538678219,0.5013486523877667,-0.32671422834053804,-0.44524488742106505,-0.7380178315249013,-0.44524488742106505,-0.44524488742106505,-0.44524488742106505,-0.44524488742106505,-0.8493290533801676,-0.8493290533801676,-0.8493290533801676,-0.8493290533801676,1.0
31400,93.36443509699984,0.8400760753971035,-0.8359512281077977,0.16617631912231445,-0.07166778296232224,1.104659784520183,-0.1339851778516943,-0.004617856871336697,0.016928583818953485,0.16617631912231445,0.07166778296232224,-5.583352565765381,0.6130462288856506,-0.004617856871336697,0.016928583818953485,-0.26458370912307955,0.969936405959492,0.16617631912231445,0.07166778296232224,-5.583352565765381,0.6130462288856506,-0.27156472350342586,-0.3632863128819405,165.76992588578415,5.609066869401362,0.00048594453479071755,-0.04635514259309837,0.5,-0.2677056667525018,0.5004859445347907,-0.31406080934560016,-0.2289212210313648,-0.6773471222275407,-0.2289212210313648,-0.2289212210313648,-0.2289212210313648,-0.2289212210313648,-0.7345774274853819,-0.7345774274853819,-0.7345774274853819,-0.7345774274853819,1.0
31450,93.417921621,1.2891781421592199,-0.9406916454214143,0.13798482716083527,0.032050952315330505,1.104659784520183,-0.1339851778516943,0.0032204528711736215,0.01875664896098897,0.13798482716083527,-0.032050952315330505,-3.2039873600006104,-0.1825646162033081,0.0032204528711736215,0.01875664896098897,0.18451835763903673,1.0746768232731085,0.13798482716083527,-0.032050952315330505,-3.2039873600006104,-0.1825646162033081,-0.3130378732853745,-0.2113715735752765,165.77082827903308,5.608916519778524,-0.000338892229393069,-0.05136170864921407,0.5,0.16967790309525796,0.4996611077706069,0.11831619444604388,-0.18662323448523238,-0.09305537912923262,-0.18662323448523238,-0.18662323448523238,-0.18662323448523238,-0.18662323448523238,-0.1397111877505407,-0.1397111877505407,-0.1397111877505407,-0.1397111877505407,1.0
31500,93.4738763649998,1.6228876313494085,-0.9184942776708133,0.009857077151536942,0.02729528583586216,1.104659784520183,-0.1339851778516943,0.009044782202690841,0.018369231808464975,0.009857077151536942,-0.02729528583586216,-2.071455717086792,0.5836148858070374,0.009044782202690841,0.018369231808464975,0.5182278468292255,1.0524794555225077,0.009857077151536942,-0.02729528583586216,-2.071455717086792,0.5836148858070374,-0.19710993427686738,-0.1966777561685763,165.76494294597333,5.608949669196783,-0.0009518160516827501,-0.050300659778430616,0.5,0.1492336037025708,0.49904818394831724,0.09893294392414018,-0.3019382496714499,-0.09774481224443612,-0.3019382496714499,-0.3019382496714499,-0.3019382496714499,-0.3019382496714499,-0.1732293746622986,-0.1732293746622986,-0.1732293746622986,-0.1732293746622986,1.0
31550,93.5283203189997,1.5390697910108335,-0.7630405595434983,-0.1035386323928833,-0.015366549603641033,1.104659784520183,-0.1339851778516943,0.007581884916871787,0.015656052592676134,-0.1035386323928833,0.015366549603641033,-6.3078389167785645,1.2661763429641724,0.007581884916871787,0.015656052592676134,0.4344100064906504,0.8970257373951926,-0.1035386323928833,0.015366549603641033,-6.3078389167785645,1.2661763429641724,0.08432776658257737,-0.1994966524160004,165.76694680228186,5.609162436264402,-0.0007978635220004204,-0.042870166148946454,0.5,-0.08940211728304419,0.4992021364779996,-0.13227228343199066,-0.583529903060577,-0.33176893584799105,-0.583529903060577,-0.583529903060577,-0.583529903060577,-0.583529903060577,-0.4776514116131353,-0.4776514116131353,-0.4776514116131353,-0.4776514116131353,1.0
31600,93.63796380899976,1.2924865150384448,-0.8935033625496771,0.03573240339756012,-0.005962926894426346,1.104659784520183,-0.1339851778516943,0.003278194870799781,0.01793305805651471,0.03573240339756012,0.005962926894426346,-3.3026795387268066,0.8674253225326538,0.003278194870799781,0.01793305805651471,0.18782673051826165,1.0274885404013714,0.03573240339756012,0.005962926894426346,-3.3026795387268066,0.8674253225326538,-0.10157677736112547,-0.29765007452102266,165.7707973642194,5.608986162648417,-0.00034496853402134453,-0.04910609072383496,0.5,-0.03560890416461314,0.49965503146597867,-0.08471499488844811,-0.3980782541048532,-0.3823650694094708,-0.3980782541048532,-0.3980782541048532,-0.3980782541048532,-0.3980782541048532,-0.48188463293568407,-0.48188463293568407,-0.48188463293568407,-0.48188463293568407,1.0
31650,93.79308535799964,1.3027856932548836,-0.8180748621417289,0.012746741995215416,-0.062389302998781204,1.104659784520183,-0.1339851778516943,0.0034579494409263146,0.01661658237455413,0.012746741995215416,0.062389302998781204,-4.121674537658691,1.3781455755233765,0.0034579494409263146,0.01661658237455413,0.1981259087347004,0.9520600399934233,0.012746741995215416,0.062389302998781204,-4.121674537658691,1.3781455755233765,-0.0948311107118068,-0.3302347706281926,165.77069760728762,5.609090991296968,-0.00036388447712386535,-0.04550068007669862,0.5,-0.2542984953457683,0.4996361155228761,-0.2997991754224669,-0.4048050048110693,-0.6300339460506595,-0.4048050048110693,-0.4048050048110693,-0.4048050048110693,-0.4048050048110693,-0.7312351972534269,-0.7312351972534269,-0.7312351972534269,-0.7312351972534269,1.0
31700,93.94809692699982,1.5581946408519867,-0.8864970292042721,0.04312659427523613,0.00034061912447214127,1.104659784520183,-0.1339851778516943,0.007915676515549426,0.017810774471145124,0.04312659427523613,-0.00034061912447214127,-3.336419105529785,1.100996494293213,0.007915676515549426,0.017810774471145124,0.4535348563318037,1.0204822070559665,0.04312659427523613,-0.00034061912447214127,-3.336419105529785,1.100996494293213,-0.1959140037254298,-0.2545071148373033,165.76652062823226,5.608996236403927,-0.0008329907938308022,-0.04877118953317128,0.5,0.002043683132136856,0.4991670092061692,-0.04672750640103442,-0.3032530054807394,-0.3012346212383377,-0.3032530054807394,-0.3032530054807394,-0.3032530054807394,-0.3032530054807394,-0.37704787260852257,-0.37704787260852257,-0.37704787260852257,-0.37704787260852257,1.0
31750,94.10273055800008,1.6061501460665866,-0.7545873466719613,-0.011508519761264324,-0.020947255194187164,1.104659784520183,-0.1339851778516943,0.008752657976001502,0.015508516195695848,-0.011508519761264324,0.020947255194187164,-2.8878414630889893,1.4961721897125244,0.008752657976001502,0.015508516195695848,0.5014903615464035,0.8885725245236556,-0.011508519761264324,0.020947255194187164,-2.8878414630889893,1.4961721897125244,-0.10991642451021641,-0.25164245706906563,165.76537126953536,5.609173033387168,-0.0009210731515939996,-0.04246612711100418,0.5,-0.11881241004201148,0.499078926848406,-0.16127853715301566,-0.3891625023381896,-0.4129209942220813,-0.3891625023381896,-0.3891625023381896,-0.3891625023381896,-0.3891625023381896,-0.5102116198066287,-0.5102116198066287,-0.5102116198066287,-0.5102116198066287,1.0
31800,94.18147949900003,1.4694867052327998,-0.921620156433152,-0.027920125052332878,-0.011912769638001919,1.104659784520183,-0.1339851778516943,0.006367430966347457,0.01842378868488595,-0.027920125052332878,0.011912769638001919,-3.796262502670288,0.5353859663009644,0.006367430966347457,0.01842378868488595,0.36482692071261663,1.0556053342848464,-0.027920125052332878,0.011912769638001919,-3.796262502670288,0.5353859663009644,-0.040650761258443635,-0.29182858974102205,165.76834247308858,5.608945042876577,-0.0006700592957132677,-0.050450078177523554,0.5,-0.07015416586126262,0.4993299407042867,-0.12060424403878617,-0.4586791794458431,-0.4124328337798082,-0.4586791794458431,-0.4586791794458431,-0.4586791794458431,-0.4586791794458431,-0.527102628641269,-0.527102628641269,-0.527102628641269,-0.527102628641269,1.0
31850,94.23500044999992,1.425877014599326,-0.9865311793754855,0.018225183710455894,-0.016637630760669708,1.104659784520183,-0.1339851778516943,0.005606298279017211,0.019556699756067247,0.018225183710455894,0.016637630760669708,-2.4992189407348633,1.6135534048080444,0.005606298279017211,0.019556699756067247,0.321217230079143,1.12051635722718,0.018225183710455894,0.016637630760669708,-2.4992189407348633,1.6135534048080444,-0.10383436113264607,-0.3515102879599763,165.76909329991864,5.608845873978986,-0.000589961789525434,-0.05355290473312037,0.5,-0.09629758539688425,0.4994100382104746,-0.14985049013000462,-0.3955756770778285,-0.5013607780899809,-0.3955756770778285,-0.3955756770778285,-0.3955756770778285,-0.3955756770778285,-0.600254697359438,-0.600254697359438,-0.600254697359438,-0.600254697359438,1.0
31900,94.28885311699969,1.4637641806470927,-1.0004100170472456,0.006915950682014227,0.006593547761440277,1.104659784520183,-0.1339851778516943,0.006267554070800544,0.019798931169789286,0.006915950682014227,-0.006593547761440277,-2.613319158554077,1.2945263385772705,0.006267554070800544,0.019798931169789286,0.35910439612690953,1.13439519489894,0.006915950682014227,-0.006593547761440277,-2.613319158554077,1.2945263385772705,-0.10300742722461723,-0.2947112512054448,165.76844643863944,5.608823902739414,-0.0006595487470705171,-0.05421634307992772,0.5,0.03933354766829241,0.4993404512529295,-0.014882795411635306,-0.3963330240283123,-0.30959404661708007,-0.3963330240283123,-0.3963330240283123,-0.3963330240283123,-0.3963330240283123,-0.40867730262415813,-0.40867730262415813,-0.40867730262415813,-0.40867730262415813,1.0
31950,94.345070674,1.453194462906498,-0.9443535873118931,-0.023395905271172523,0.0028979952912777662,1.104659784520183,-0.1339851778516943,0.00608307769522071,0.01882056190399453,-0.023395905271172523,-0.0028979952912777662,-3.7329416275024414,1.2534902095794678,0.00608307769522071,0.01882056190399453,0.3485346783863148,1.0783387651635876,-0.023395905271172523,-0.0028979952912777662,-3.7329416275024414,1.2534902095794678,-0.0540359948940841,-0.26021359662608134,165.76863414532934,5.608910984581917,-0.0006401354032796895,-0.051536752974854876,0.5,0.0173685271108663,0.4993598645967203,-0.03416822586398857,-0.4453238697026362,-0.29438182249006994,-0.4453238697026362,-0.4453238697026362,-0.4453238697026362,-0.4453238697026362,-0.405712789915729,-0.405712789915729,-0.405712789915729,-0.405712789915729,1.0
32000,94.47741969399976,1.5502078018347145,-0.9407005033229942,0.02166430652141571,-0.03358587622642517,1.104659784520183,-0.1339851778516943,0.007776279877871276,0.018756803560536356,0.02166430652141571,0.03358587622642517,-3.331843137741089,1.5977929830551147,0.007776279877871276,0.018756803560536356,0.44554801731453136,1.0746856811746885,0.02166430652141571,0.03358587622642517,-3.331843137741089,1.5977929830551147,-0.16527131405251583,-0.31610760745820166,165.7667008376636,5.608916506412106,-0.0008183210690045525,-0.051362132065012264,0.5,-0.17583255987545468,0.49918167893099546,-0.22719469194046693,-0.33391036487847964,-0.5433022993986686,-0.33391036487847964,-0.33391036487847964,-0.33391036487847964,-0.33391036487847964,-0.6267798906182885,-0.6267798906182885,-0.6267798906182885,-0.6267798906182885,1.0
32050,94.64510495400009,1.8419444979147055,-0.8164845486430266,0.0321003757417202,0.017130911350250244,1.104659784520183,-0.1339851778516943,0.012868045773357154,0.016588826167862863,0.0321003757417202,-0.017130911350250244,-1.318022608757019,1.6133673191070557,0.012868045773357154,0.016588826167862863,0.7372847133945224,0.950469726494721,0.0321003757417202,-0.017130911350250244,-1.318022608757019,1.6133673191070557,-0.2693111362981106,-0.18716230556537092,165.7580409246634,5.609093115491244,-0.0013541897655060446,-0.04542466587874705,0.5,0.09894384948146749,0.49864581023449395,0.05351918360272044,-0.22933467393638335,-0.1336431219626505,-0.22933467393638335,-0.22933467393638335,-0.22933467393638335,-0.22933467393638335,-0.19097679044674631,-0.19097679044674631,-0.19097679044674631,-0.19097679044674631,1.0
32100,94.79831266599967,1.8571570367436163,-0.7320630369756987,0.011234150268137455,-0.012856466695666313,1.104659784520183,-0.1339851778516943,0.013133554663509132,0.015115392829757183,0.011234150268137455,0.012856466695666313,0.09349634498357773,1.6780076026916504,0.013133554663509132,0.015115392829757183,0.7524972522234333,0.866048214827393,0.011234150268137455,0.012856466695666313,0.09349634498357773,1.6780076026916504,-0.21252774627019197,-0.23494437188761755,165.7574721771729,5.609200780497165,-0.0013821341782656973,-0.04138953706812334,-0.4767937480495386,-0.07548256426403294,-0.4781758822278043,-0.11687210133215628,0.6907036284979963,-0.35181647321977383,0.6907036284979963,0.6907036284979963,0.6907036284979963,0.6907036284979963,-0.17914056609527476,-0.17914056609527476,-0.17914056609527476,-0.17914056609527476,1.0
32150,94.95457008899984,0.987398186513254,0.04111392683754838,-0.24155400693416595,0.10485918819904327,1.104659784520183,-0.1339851778516943,-0.002046600971370934,0.0016209091106429694,-0.24155400693416595,-0.10485918819904327,1.2561074495315552,2.2906062602996826,-0.002046600971370934,0.0016209091106429694,-0.11726159800692915,0.09287125101414594,-0.24155400693416595,-0.10485918819904327,1.2561074495315552,2.2906062602996826,0.5083465393484092,0.23259331792218207,165.77133764874742,5.609721318759399,0.00021536590570915852,-0.004438189487180604,-0.5,0.2910862553608023,-0.49978463409429086,0.2866480658736217,-0.008561905254118374,0.5192413837958038,-0.008561905254118374,-0.008561905254118374,-0.008561905254118374,-0.008561905254118374,0.5171009074822741,0.5171009074822741,0.5171009074822741,0.5171009074822741,1.0
32200,95.10384193699974,0.20944847126995503,-0.5372998726276679,0.12418442964553833,-0.1467154622077942,1.104659784520183,-0.1339851778516943,-0.01562438491731882,0.01171613435028121,0.12418442964553833,0.1467154622077942,-5.838749408721924,0.03020068258047104,-0.01562438491731882,0.01171613435028121,-0.8952113132502281,0.6712850504793623,0.12418442964553833,0.1467154622077942,-5.838749408721924,0.03020068258047104,-0.046618269603604545,-0.3718578664424088,165.7515709898266,5.609410994475222,0.001644300265721431,-0.03208084507506384,0.5,-0.2983087153656233,0.5016443002657214,-0.3303895604406871,-0.45502603066211683,-0.7022474268830959,-0.45502603066211683,-0.45502603066211683,-0.45502603066211683,-0.45502603066211683,-0.8160039345486252,-0.8160039345486252,-0.8160039345486252,-0.8160039345486252,1.0
32250,95.19367251899985,1.1049038004988012,-0.8225262244898731,0.13348880410194397,-0.0001215923111885786,1.104659784520183,-0.1339851778516943,4.258882254363355e-06,0.016694273303728552,0.13348880410194397,0.0001215923111885786,-3.168649673461914,0.9516770839691162,4.258882254363355e-06,0.016694273303728552,0.00024401597861818178,0.9565114023415675,0.13348880410194397,0.0001215923111885786,-3.168649673461914,0.9516770839691162,-0.2756259923195235,-0.23823787058455714,165.77168272645227,5.609085026697702,-4.481658993769359e-07,-0.04571344766860877,0.5,-0.0007295524289711582,0.4999995518341006,-0.04644300009757993,-0.2243735595145771,-0.2846808706821371,-0.2243735595145771,-0.2243735595145771,-0.2243735595145771,-0.2243735595145771,-0.34077426056078136,-0.34077426056078136,-0.34077426056078136,-0.34077426056078136,1.0
32300,95.25737405099972,1.5384657461561104,-0.8839682050249278,0.10159515589475632,0.02245461195707321,1.104659784520183,-0.1339851778516943,0.00757134234532714,0.017766638163011522,0.10159515589475632,-0.02245461195707321,-0.09368879348039627,0.593719482421875,0.00757134234532714,0.017766638163011522,0.43380596163592744,1.017953382876622,0.10159515589475632,-0.02245461195707321,-0.09368879348039627,0.593719482421875,-0.31668252924269447,-0.22123201690053715,165.76695996362218,5.608999855438273,-0.000796754054877234,-0.04865031255730081,0.47696760384257164,0.12634576170875444,0.4761708497876944,0.07769544915145363,-0.15948832054499995,-0.14353656774908352,-0.15948832054499995,-0.15948832054499995,-0.15948832054499995,-0.15948832054499995,-0.1834086478853335,-0.1834086478853335,-0.1834086478853335,-0.1834086478853335,1.0
32350,95.32145126199975,1.616929998845865,-0.8478044878038259,-0.16164377331733704,0.1235768049955368,1.104659784520183,-0.1339851778516943,0.008940801899880172,0.01713546222774312,-0.16164377331733704,-0.1235768049955368,1.857607364654541,-1.7825149297714233,0.008940801899880172,0.01713546222774312,0.5122702143256819,0.9817896656555203,-0.16164377331733704,-0.1235768049955368,1.857607364654541,-1.7825149297714233,0.21718127155949793,-0.021527131505550245,165.76509701748793,5.609050627545738,-0.0009408732366729242,-0.04692171362735942,-0.5,0.2957507176039343,-0.5009408732366729,0.24882900397657487,0.28375960167717496,0.22730187247102462,0.28375960167717496,0.28375960167717496,0.28375960167717496,0.28375960167717496,0.2982417728903184,0.2982417728903184,0.2982417728903184,0.2982417728903184,1.0
32400,95.3926482869997,0.9162302834043656,-0.2654792611154935,-0.13759903609752655,0.06344876438379288,1.104659784520183,-0.1339851778516943,-0.003288715202361344,0.006971969704609365,-0.13759903609752655,-0.06344876438379288,3.2198336124420166,0.21987560391426086,-0.003288715202361344,0.006971969704609365,-0.1884295011158175,0.3994644389671879,-0.13759903609752655,-0.06344876438379288,3.2198336124420166,0.21987560391426086,0.3058871518977991,0.033460203112678444,165.77079167251551,5.609615339239619,0.000346075609527559,-0.019090071058288333,-0.5,0.2560559048157156,-0.49965392439047246,0.23696583375742727,0.19376677249267338,0.2704260368701057,0.19376677249267338,0.19376677249267338,0.19376677249267338,0.19376677249267338,0.31886772999327406,0.31886772999327406,0.31886772999327406,0.31886772999327406,1.0
32450,95.58532650699999,-0.10763855862592428,-0.014928412297587625,-0.06846566498279572,0.010007145814597607,1.104659784520183,-0.1339851778516943,-0.021158597604371606,0.002599032449070364,-0.06846566498279572,-0.010007145814597607,-2.756026029586792,0.9722214341163635,-0.021158597604371606,0.002599032449070364,-1.2122983431461074,0.14891359014928193,-0.06846566498279572,-0.010007145814597607,-2.756026029586792,0.9722214341163635,0.4435321547025005,-0.020273935324626784,165.7348010953412,5.609711805157717,0.002226867021455029,-0.007116383049234429,0.5,0.059253799514777335,0.502226867021455,0.05213741646554291,-0.9457590217239555,0.031863481140916125,-0.9457590217239555,-0.9457590217239555,-0.9457590217239555,-0.9457590217239555,-0.20457627429007275,-0.20457627429007275,-0.20457627429007275,-0.20457627429007275,1.0
32500,95.79752223600008,1.068015656338855,-0.7490236773453098,0.1921500414609909,-0.000803651288151741,1.104659784520183,-0.1339851778516943,-0.0006395606882870185,0.015411411847453564,0.1921500414609909,0.000803651288151741,-2.7193093299865723,1.9894347190856934,-0.0006395606882870185,0.015411411847453564,-0.03664412818132818,0.8830088551970041,0.1921500414609909,0.000803651288151741,-2.7193093299865723,1.9894347190856934,-0.37847827922617117,-0.24675144873468774,165.77164902901836,5.609179953371282,6.730153891999054e-05,-0.04220020060697089,0.5,-0.004821492537800138,0.50006730153892,-0.04702169314477103,-0.12158902231274882,-0.2937731418794588,-0.12158902231274882,-0.12158902231274882,-0.12158902231274882,-0.12158902231274882,-0.324170397457646,-0.324170397457646,-0.324170397457646,-0.324170397457646,1.0
32550,96.01410984099994,1.9248476265130279,-0.6117188390597764,0.05976563319563866,0.05469801276922226,1.104659784520183,-0.1339851778516943,0.01431497832760215,0.01301499034045264,0.05976563319563866,-0.05469801276922226,-0.0906519666314125,-0.19380372762680054,0.01431497832760215,0.01301499034045264,0.8201878419928447,0.7457040169114707,0.05976563319563866,-0.05469801276922226,-0.0906519666314125,-0.19380372762680054,-0.297642650706808,-0.14292010164993849,165.75480062459314,5.609336959145298,-0.0015064796444244591,-0.03563762173846482,0.4740699013728895,0.2394957072539167,0.47256342172846505,0.20385808551545187,-0.17492077102165704,0.060937983865513384,-0.17492077102165704,-0.17492077102165704,-0.17492077102165704,-0.17492077102165704,0.017207791110099124,0.017207791110099124,0.017207791110099124,0.017207791110099124,1.0
32600,96.25472297499982,0.7604656315872563,0.7228824623184082,-0.1235242560505867,-0.03169466182589531,1.104659784520183,-0.1339851778516943,-0.00600732123479247,-0.010278196569997818,-0.1235242560505867,0.03169466182589531,1.389627456665039,0.982683002948761,-0.00600732123479247,-0.010278196569997818,-0.34419415293292677,-0.588897284466714,-0.1235242560505867,0.03169466182589531,1.389627456665039,0.982683002948761,0.34962721029655286,0.12160655628639784,165.7687096041897,5.609483887723547,0.0006321631960785174,0.02814330010524553,-0.5,-0.16821815588044378,-0.4993678368039215,-0.14007485577519824,0.14974062650736863,-0.018468299488800397,0.14974062650736863,0.14974062650736863,0.14974062650736863,0.14974062650736863,0.018966857138041762,0.018966857138041762,0.018966857138041762,0.018966857138041762,1.0
32650,96.45134641300001,0.8791416625201088,0.8235658006258902,-0.049316756427288055,0.10711875557899475,1.104659784520183,-0.1339851778516943,-0.003936033751815556,-0.012035452325362713,-0.049316756427288055,-0.10711875557899475,4.085578918457031,1.5008230209350586,-0.003936033751815556,-0.012035452325362713,-0.2255181220000743,-0.689580622774196,-0.049316756427288055,-0.10711875557899475,4.085578918457031,1.5008230209350586,0.12551221734559548,0.4228749776640558,165.77040637834142,5.6093935140887945,0.0004141943890697113,0.03295525512634412,-0.5,0.29184609942645834,-0.4995858056109303,0.32480135455280246,0.3740735882653348,0.7476763322168583,0.3740735882653348,0.3740735882653348,0.3740735882653348,0.3740735882653348,0.8411947292831919,0.8411947292831919,0.8411947292831919,0.8411947292831919,1.0
32700,96.53511705599976,0.7182960436515976,0.814389494836831,-0.008154407143592834,0.0037013310939073563,1.104659784520183,-0.1339851778516943,-0.006743319388478993,-0.011875295576173813,-0.008154407143592834,-0.0037013310939073563,2.760863780975342,-0.7046726942062378,-0.006743319388478993,-0.011875295576173813,-0.3863637408685855,-0.6804043169851367,-0.008154407143592834,-0.0037013310939073563,2.760863780975342,-0.7046726942062378,0.11547530280515653,0.18863868461402794,165.76793646380386,5.6094023402794635,0.0007096160476050015,0.03251668643892701,-0.5,0.022167509136532846,-0.499290383952395,0.05468419557545985,0.3838150811472385,0.24332288018948778,0.3838150811472385,0.3838150811472385,0.3838150811472385,0.3838150811472385,0.3392766504762974,0.3392766504762974,0.3392766504762974,0.3392766504762974,1.0
32750,96.59213156599981,0.7294301591332175,0.8047484693799464,0.02430008165538311,-0.023205311968922615,1.104659784520183,-0.1339851778516943,-0.006548992414027451,-0.011707027938682587,0.02430008165538311,0.023205311968922615,3.3702399730682373,1.0103180408477783,-0.006548992414027451,-0.011707027938682587,-0.3752296253869656,-0.6707632915282521,0.02430008165538311,0.023205311968922615,3.3702399730682373,1.0103180408477783,0.049166051744441316,0.16134966421302516,165.76814926937456,5.609411486093612,0.0006891659551704211,0.032055908441962724,-0.5,-0.1300274973059096,-0.49931083404482957,-0.09797158886394687,0.45014478230038824,0.06337807534907829,0.45014478230038824,0.45014478230038824,0.45014478230038824,0.45014478230038824,0.17591427092417533,0.17591427092417533,0.17591427092417533,0.17591427092417533,1.0
32800,96.67219878700007,0.8762767183284058,0.8072884993383977,0.031678877770900726,-0.022663094103336334,1.104659784520183,-0.1339851778516943,-0.003986036460846661,-0.011751359824556858,0.031678877770900726,0.022663094103336334,3.6139914989471436,0.7774090766906738,-0.003986036460846661,-0.011751359824556858,-0.2283830661917773,-0.6733033214867035,0.031678877770900726,0.022663094103336334,3.6139914989471436,0.7774090766906738,-0.01974645648618982,0.142838876289354,165.77037374333767,5.60940908919505,0.0004194562996258349,0.032177305140899795,-0.5,-0.12737297459464894,-0.4995805437003742,-0.09519566945374915,0.519327000186564,0.04764320683560484,0.519327000186564,0.519327000186564,0.519327000186564,0.519327000186564,0.17747495688224585,0.17747495688224585,0.17747495688224585,0.17747495688224585,1.0
32850,96.82215585199992,1.09248950479548,0.8737652364262509,-0.05809234455227852,0.004010329954326153,1.104659784520183,-0.1339851778516943,-0.0002124114520847785,-0.012911597762722523,-0.05809234455227852,-0.004010329954326153,4.53774881362915,1.1002967357635498,-0.0002124114520847785,-0.012911597762722523,-0.01217027972470312,-0.7397800585745566,-0.05809234455227852,-0.004010329954326153,4.53774881362915,1.1002967357635498,0.09669942108592137,0.19514527274041507,165.77167901081074,5.609343137428517,2.235224295815585e-05,0.035354489234289,-0.5,0.024010514458830692,-0.49997764775704184,0.05936500369311969,0.40327822667112045,0.25451027643353474,0.40327822667112045,0.40327822667112045,0.40327822667112045,0.40327822667112045,0.35532983310131483,0.35532983310131483,0.35532983310131483,0.35532983310131483,1.0
32900,96.96806381499982,0.7332750753882586,0.8877888954527565,-0.028524426743388176,-0.047622740268707275,1.104659784520183,-0.1339851778516943,-0.006481885965913533,-0.013156356785912067,-0.028524426743388176,0.047622740268707275,2.5235438346862793,1.1595135927200317,-0.006481885965913533,-0.013156356785912067,-0.3713847091319244,-0.7538037176010622,-0.028524426743388176,0.047622740268707275,2.5235438346862793,1.1595135927200317,0.16372701597458272,0.12041421769967031,165.76822131165517,5.609328431968513,0.0006821039879509732,0.036024743619868606,-0.5,-0.22226771295594983,-0.499317896012049,-0.18624296933608123,0.3355908800374663,-0.06582875163641091,0.3355908800374663,0.3355908800374663,0.3355908800374663,0.3355908800374663,0.018068968372955657,0.018068968372955657,0.018068968372955657,0.018068968372955657,1.0
32950,97.1183063389999,0.5069308772262342,0.5744087706360231,-0.054712943732738495,-0.03371575474739075,1.104659784520183,-0.1339851778516943,-0.010432337466627358,-0.007686841797549278,-0.054712943732738495,0.03371575474739075,1.9405544996261597,1.9747368097305298,-0.010432337466627358,-0.007686841797549278,-0.5977289072939489,-0.44042359278432885,-0.054712943732738495,0.03371575474739075,1.9405544996261597,1.9747368097305298,0.27493901543509147,0.06541714270511524,165.7627164562052,5.60959118638586,0.001097843450659941,0.021047528585713227,-0.5,-0.17634335446856625,-0.49890215654934006,-0.155295825882853,0.2239631411142486,-0.08987868317773777,0.2239631411142486,0.2239631411142486,0.2239631411142486,0.2239631411142486,-0.03388789789917562,-0.03388789789917562,-0.03388789789917562,-0.03388789789917562,1.0
33000,97.26475218099995,0.0008183365162501152,0.37412470568493267,-0.11176576465368271,-0.055333856493234634,1.104659784520183,-0.1339851778516943,-0.01926566768765042,-0.004191225424874575,-0.11176576465368271,0.055333856493234634,1.199568510055542,5.131566524505615,-0.01926566768765042,-0.004191225424874575,-1.103841448003933,-0.24013952783323841,-0.11176576465368271,0.055333856493234634,1.199568510055542,5.131566524505615,0.5046722345353771,-0.036991826984826615,165.741104854557,5.609686886402901,0.0020275916314740332,0.011475979965894861,-0.5,-0.24086540063201184,-0.49797240836852597,-0.22938942066611698,-0.006699826166851164,-0.2663812476509436,-0.006699826166851164,-0.006699826166851164,-0.006699826166851164,-0.006699826166851164,-0.2680562041926564,-0.2680562041926564,-0.2680562041926564,-0.2680562041926564,1.0
33050,97.41512357400006,-0.37301738794617084,-0.33597214943531417,0.24274174869060516,-0.3074273467063904,1.104659784520183,-0.1339851778516943,-0.025790331941097974,0.008202302705030888,0.24274174869060516,0.3074273467063904,-5.827545642852783,0.9881970882415771,-0.025790331941097974,0.008202302705030888,-1.477677172466354,0.46995732728700845,0.24274174869060516,0.3074273467063904,-5.827545642852783,0.9881970882415771,-0.09260275072199664,-0.721203118330161,165.7168875460888,5.609572309214372,0.002714535586012516,-0.02245896956087911,0.5,-0.2999972610175003,0.5027145355860125,-0.3224562305783794,-0.4101117848640159,-1.0436593489085404,-0.4101117848640159,-0.4101117848640159,-0.4101117848640159,-0.4101117848640159,-1.1461872951245444,-1.1461872951245444,-1.1461872951245444,-1.1461872951245444,1.0
33100,97.58868591700002,1.392942696195171,-1.1060380387878466,0.12752029299736023,0.014729885384440422,1.104659784520183,-0.1339851778516943,0.005031485985964541,0.021642487931530924,0.12752029299736023,-0.014729885384440422,-1.0345059633255005,3.1548831462860107,0.005031485985964541,0.021642487931530924,0.288282911674988,1.2400232166395408,0.12752029299736023,-0.014729885384440422,-1.0345059633255005,3.1548831462860107,-0.3652331674557552,-0.27141727603769594,165.76959706464345,5.6086478246816505,-0.0005294720924404537,-0.059265747026156994,0.5,0.08590830920046032,0.4994705279075595,0.026642562174303323,-0.13423736045180434,-0.2447747138633926,-0.13423736045180434,-0.13423736045180434,-0.13423736045180434,-0.13423736045180434,-0.2783340539763437,-0.2783340539763437,-0.2783340539763437,-0.2783340539763437,1.0
33150,97.78242553699965,1.8001550526950403,-1.019229962974981,0.006949256174266338,0.005947171710431576,1.104659784520183,-0.1339851778516943,0.012138682361692191,0.020127401191275568,0.006949256174266338,-0.005947171710431576,-2.1960339546203613,2.046766757965088,0.012138682361692191,0.020127401191275568,0.6954952681748572,1.1532151408266755,0.006949256174266338,-0.005947171710431576,-2.1960339546203613,2.046766757965088,-0.1887323947050071,-0.29661297427538486,165.75954352022484,5.608793677374453,-0.0012774263217480949,-0.055115984507249624,0.5,0.035515701409768764,0.4987225736782519,-0.01960028309748086,-0.30999017897324477,-0.3162132573728657,-0.30999017897324477,-0.30999017897324477,-0.30999017897324477,-0.30999017897324477,-0.39371080211617693,-0.39371080211617693,-0.39371080211617693,-0.39371080211617693,1.0
33200,97.841748586,1.786779728031157,-0.9828145959716464,0.04848603159189224,-0.01572910137474537,1.104659784520183,-0.1339851778516943,0.011905238907784225,0.01949183313874528,0.04848603159189224,0.01572910137474537,-0.11493699997663498,3.9302167892456055,0.011905238907784225,0.01949183313874528,0.6821199435109739,1.1167997738233408,0.04848603159189224,0.01572910137474537,-0.11493699997663498,3.9302167892456055,-0.2655351806873487,-0.3129803060128762,165.76000593224668,5.608851711703892,-0.0012528573444954667,-0.05337524482206729,0.49002333847326784,-0.09137993402725611,0.48877048112877236,-0.1447551788493234,-0.22323530044142365,-0.4577354848621996,-0.22323530044142365,-0.22323530044142365,-0.22323530044142365,-0.22323530044142365,-0.5135443099725555,-0.5135443099725555,-0.5135443099725555,-0.5135443099725555,1.0
33250,97.97156619299994,1.5013185884162326,-0.5282844498100742,-0.1974373310804367,0.3096015453338623,1.104659784520183,-0.1339851778516943,0.006923002135008575,0.011558785538654776,-0.1974373310804367,-0.3096015453338623,6.174835205078125,6.797135829925537,0.006923002135008575,0.011558785538654776,0.39665880389604946,0.6622696276617686,-0.1974373310804367,-0.3096015453338623,6.174835205078125,6.797135829925537,0.279032251147409,0.38232484262709815,165.76773415852628,5.60941943534314,-0.0007285250949096934,-0.03164996793177215,-0.5,0.2999974891560389,-0.5007285250949097,0.26834752122426675,0.22169627394750074,0.650672363851365,0.22169627394750074,0.22169627394750074,0.22169627394750074,0.22169627394750074,0.7060964323382402,0.7060964323382402,0.7060964323382402,0.7060964323382402,1.0
33300,98.12162581599978,0.12829229695399574,-0.126774620916291,-0.09236462414264679,-0.029890889301896095,1.104659784520183,-0.1339851778516943,-0.017040827367454766,0.004551117045339196,-0.09236462414264679,0.029890889301896095,2.5122807025909424,6.58494234085083,-0.017040827367454766,0.004551117045339196,-0.9763674875661874,0.2607597987679853,-0.09236462414264679,0.029890889301896095,2.5122807025909424,6.58494234085083,0.4527509104574122,-0.10420260586944455,165.74775929910203,5.609679634643099,0.0017933931743939911,-0.012461407552547004,-0.5,-0.16064847977171076,-0.498206606825606,-0.17310988732425778,0.0454556963681938,-0.2773124931937023,0.0454556963681938,0.0454556963681938,0.0454556963681938,0.0454556963681938,-0.2659485691016539,-0.2659485691016539,-0.2659485691016539,-0.2659485691016539,1.0
33350,98.26893196299989,-0.603688671029957,-0.28560294608148157,-0.09794530272483826,-0.05364406108856201,1.104659784520183,-0.1339851778516943,-0.029816305320709943,0.007323194264899939,-0.09794530272483826,0.05364406108856201,-6.526856899261475,7.6631388664245605,-0.029816305320709943,0.007323194264899939,-1.7083484555501403,0.41958812393317585,-0.09794530272483826,0.05364406108856201,-6.526856899261475,7.6631388664245605,0.6341075539404815,-0.20550592917048893,165.6984461470803,5.6096037670493875,0.003138517549497263,-0.020051789698666937,0.5,-0.23716327727899672,0.5031385175494972,-0.25721506697766366,-1.1372460714899786,-0.4627209961481526,-1.1372460714899786,-1.1372460714899786,-1.1372460714899786,-1.1372460714899786,-0.7470325140206473,-0.7470325140206473,-0.7470325140206473,-0.7470325140206473,1.0
33400,98.41800680400002,0.5059200625899252,-1.1246142323395771,0.20647652447223663,-0.07908516377210617,1.104659784520183,-0.1339851778516943,-0.0104499795101583,0.021966703671496363,0.20647652447223663,0.07908516377210617,-2.7723488807678223,4.46265172958374,-0.0104499795101583,0.021966703671496363,-0.5987397219302579,1.2585994101912716,0.20647652447223663,0.07908516377210617,-2.7723488807678223,4.46265172958374,-0.2913044020452876,-0.4814116228781088,165.76268610525702,5.608615239288823,0.0010997001388827732,-0.06015378651069144,0.5,-0.2756602435620443,0.5010997001388827,-0.33581403007273575,-0.2097952980935951,-0.8172256529508446,-0.2097952980935951,-0.2097952980935951,-0.2097952980935951,-0.2097952980935951,-0.8696744774742433,-0.8696744774742433,-0.8696744774742433,-0.8696744774742433,1.0
33450,98.57285338899965,1.8575828563496843,-0.6743453771681522,-0.2665247619152069,0.2323610484600067,1.104659784520183,-0.1339851778516943,0.013140986617654563,0.0141080296295695,-0.2665247619152069,-0.2323610484600067,8.133625030517578,5.7454752922058105,0.013140986617654563,0.0141080296295695,0.7529230718295012,0.8083305550198465,-0.2665247619152069,-0.2323610484600067,8.133625030517578,5.7454752922058105,0.21339546122862593,0.26598202910570645,165.7574560900547,5.6092686300408925,-0.00138291638306147,-0.03863085953189456,-0.5,0.2999448447979771,-0.5013829163830614,0.26131398526608257,0.28798745515443547,0.5272960143717891,0.28798745515443547,0.28798745515443547,0.28798745515443547,0.28798745515443547,0.5992928781603979,0.5992928781603979,0.5992928781603979,0.5992928781603979,1.0
33500,98.72335224800008,0.13308628933855135,0.004023364535385999,-0.16667915880680084,-0.04286057502031326,1.104659784520183,-0.1339851778516943,-0.016957156416028737,0.002268261544231791,-0.16667915880680084,0.04286057502031326,1.1644902229309082,6.003146171569824,-0.016957156416028737,0.002268261544231791,-0.9715734951816317,0.12996181331630832,-0.16667915880680084,0.04286057502031326,1.1644902229309082,6.003146171569824,0.5976831117140771,-0.10942285089194573,165.74799364617564,5.609715515890625,0.0017845858853555495,-0.006210700318155058,-0.5,-0.20844545286165367,-0.49821541411464443,-0.21465615317980874,-0.09946769759943264,-0.3240790040717545,-0.09946769759943264,-0.09946769759943264,-0.09946769759943264,-0.09946769759943264,-0.34894592847161265,-0.34894592847161265,-0.34894592847161265,-0.34894592847161265,1.0
33550,98.85055049099992,-0.8533595660331619,-0.2495295687843237,-0.12947964668273926,-0.0807018056511879,1.104659784520183,-0.1339851778516943,-0.03417388448491693,0.006693595058750361,-0.12947964668273926,0.0807018056511879,2.765716314315796,6.344860553741455,-0.03417388448491693,0.006693595058750361,-1.9580193505533452,0.383514746636018,-0.12947964668273926,0.0807018056511879,2.765716314315796,6.344860553741455,0.7452371355239856,-0.26928679274559486,165.67547742555683,5.609624107211074,0.0035975356136197793,-0.01832783159027088,-0.5,-0.277126275173798,-0.4964024643863802,-0.2954541067640689,-0.24883467113760543,-0.5647408995096638,-0.24883467113760543,-0.24883467113760543,-0.24883467113760543,-0.24883467113760543,-0.6269495672940651,-0.6269495672940651,-0.6269495672940651,-0.6269495672940651,1.0
33600,99.00017790099992,-1.1393230447171996,-1.0128270875149172,0.20986762642860413,-0.2344048172235489,1.104659784520183,-0.1339851778516943,-0.03916488872841001,0.020015649932902307,0.20986762642860413,0.2344048172235489,-6.544979572296143,2.7616827487945557,-0.03916488872841001,0.020015649932902307,-2.243982829237383,1.1468122653666115,0.20986762642860413,0.2344048172235489,-6.544979572296143,2.7616827487945557,0.19099741559627204,-0.7576706256384802,165.6453281849524,5.608804016382787,0.004123444885475874,-0.05480990975466704,0.5,-0.29994917402556376,0.5041234448854759,-0.3547590837802308,-0.6951208604817479,-1.112429709418711,-0.6951208604817479,-0.6951208604817479,-0.6951208604817479,-0.6951208604817479,-1.286209924539148,-1.286209924539148,-1.286209924539148,-1.286209924539148,1.0
33650,99.1466670269997,0.9034583632649706,-1.641122635607756,0.15316037833690643,-0.03510544076561928,1.104659784520183,-0.1339851778516943,-0.003511627260595559,0.030981475922744722,0.15316037833690643,0.03510544076561928,-1.4382753372192383,6.28798246383667,-0.003511627260595559,0.030981475922744722,-0.20120142125521243,1.7751078134594502,0.15316037833690643,0.03510544076561928,-1.4382753372192383,6.28798246383667,-0.3806163836778854,-0.5065906289918567,165.77066678584438,5.607515223711513,0.00036953310894632024,-0.0848497988943757,0.5,-0.18171138596881567,0.5003695331089463,-0.26656118486319136,-0.11975314943106086,-0.773151813855048,-0.11975314943106086,-0.11975314943106086,-0.11975314943106086,-0.11975314943106086,-0.8030901012128133,-0.8030901012128133,-0.8030901012128133,-0.8030901012128133,1.0
33700,99.29967690199965,1.610876316807118,-0.8861512508775402,-0.1368526816368103,0.3708670139312744,1.104659784520183,-0.1339851778516943,0.008835145216435195,0.017804739500861616,-0.1368526816368103,-0.3708670139312744,7.1459245681762695,7.125237941741943,0.008835145216435195,0.017804739500861616,0.506216532286935,1.0201364287292345,-0.1368526816368103,-0.3708670139312744,7.1459245681762695,7.125237941741943,0.21072837717735185,0.2831789649328265,165.7652517482223,5.608996731781845,-0.0009297540211785625,-0.04875466143305257,-0.5,0.29999978346346307,-0.5009297540211786,0.2512451220304105,0.29020137684382674,0.5344240869632371,0.29020137684382674,0.29020137684382674,0.29020137684382674,0.29020137684382674,0.6069744311741938,0.6069744311741938,0.6069744311741938,0.6069744311741938,1.0
33750,99.44953615999975,-0.6891893525861469,0.13918472779266036,-0.17996343970298767,-0.16602812707424164,1.104659784520183,-0.1339851778516943,-0.03130857372656465,-9.074926609173436e-05,-0.17996343970298767,0.16602812707424164,-15.088549613952637,6.261362552642822,-0.03130857372656465,-9.074926609173436e-05,-1.7938491371063303,-0.00519954994096605,-0.17996343970298767,0.16602812707424164,-15.088549613952637,6.261362552642822,0.9344608374785277,-0.22086257013821278,165.69093251567458,5.6097273554517155,0.0032956957271963578,0.00024847918892487104,0.5,-0.29921768682088756,0.5032956957271963,-0.2989692076319627,-1.437756533205724,-0.5198317777701755,-1.437756533205724,-1.437756533205724,-1.437756533205724,-1.437756533205724,-0.8792709110716066,-0.8792709110716066,-0.8792709110716066,-0.8792709110716066,1.0
33800,99.59879479899973,0.2076365101285579,-1.6486276261234247,0.26389622688293457,-0.045441657304763794,1.104659784520183,-0.1339851778516943,-0.015656009605154394,0.03111246271757409,0.26389622688293457,0.045441657304763794,-8.323127746582031,3.895947217941284,-0.015656009605154394,0.03111246271757409,-0.8970232743916252,1.7826128039751192,0.26389622688293457,0.045441657304763794,-8.323127746582031,3.895947217941284,-0.25452830668225046,-0.6157349184960662,165.7514894943799,5.607496480146531,0.001647628966063656,-0.0852087052443026,0.5,-0.21617151894663747,0.5016476289660636,-0.30138022419094007,-0.24711932228381317,-0.9171151426870063,-0.24711932228381317,-0.24711932228381317,-0.24711932228381317,-0.24711932228381317,-0.9788949732579596,-0.9788949732579596,-0.9788949732579596,-0.9788949732579596,1.0
33850,99.746635943,1.906371111034497,-1.2336244783798038,-0.03366375342011452,0.09700778126716614,1.104659784520183,-0.1339851778516943,0.013992502298206092,0.02386929138330743,-0.03366375342011452,-0.09700778126716614,-2.1625819206237793,3.471529483795166,0.013992502298206092,0.02386929138330743,0.801711326514314,1.367609656231498,-0.03366375342011452,-0.09700778126716614,-2.1625819206237793,3.471529483795166,-0.19985581322886026,-0.19095978558460538,165.75555265731137,5.608414256664296,-0.0014725384724961006,-0.06536523928863376,0.5,0.2878639032595076,0.4985274615275039,0.22249866397087387,-0.2986716482986436,0.03153887838626848,-0.2986716482986436,-0.2986716482986436,-0.2986716482986436,-0.2986716482986436,-0.043129033688392424,-0.043129033688392424,-0.043129033688392424,-0.043129033688392424,1.0
33900,99.81817945099965,1.4967144005854094,-0.8663498921434385,-0.1847974956035614,0.002984624356031418,1.104659784520183,-0.1339851778516943,0.006842643897980456,0.017459140594583006,-0.1847974956035614,-0.002984624356031418,-1.8256027698516846,4.907138824462891,0.006842643897980456,0.017459140594583006,0.3920546160652264,1.000335069995133,-0.1847974956035614,-0.002984624356031418,-1.8256027698516846,4.907138824462891,0.2694989172580723,-0.2537633002750031,165.76782529162773,5.609024820065108,-0.0007200685304533125,-0.047808166749503826,0.5,0.01788650682224762,0.4992799314695467,-0.029921659927256206,-0.768778848727619,-0.2836849602022593,-0.768778848727619,-0.768778848727619,-0.768778848727619,-0.768778848727619,-0.47587967238416407,-0.47587967238416407,-0.47587967238416407,-0.47587967238416407,1.0
33950,99.87527451799997,1.257265684087922,-1.0671978479074518,-0.0585382841527462,-0.010923251509666443,1.104659784520183,-0.1339851778516943,0.0026634754054248345,0.02096459871856496,-0.0585382841527462,0.010923251509666443,-3.7626290321350098,3.7014591693878174,0.0026634754054248345,0.02096459871856496,0.15260589956773887,1.201183025759146,-0.0585382841527462,0.010923251509666443,-3.7626290321350098,3.7014591693878174,0.1108593585568211,-0.4136450776804585,165.77109827479313,5.6087143907565595,-0.00028028049999969073,-0.05740901152865834,0.5,-0.06451636978151246,0.4997197195000003,-0.1219253813101708,-0.6105790780568214,-0.5355704589906293,-0.6105790780568214,-0.6105790780568214,-0.6105790780568214,-0.6105790780568214,-0.6882152285048346,-0.6882152285048346,-0.6882152285048346,-0.6882152285048346,1.0
34000,100.07136768400005,1.4104050353036606,-1.113659889571346,0.042525626718997955,0.0443945974111557,1.104659784520183,-0.1339851778516943,0.005336261298507453,0.0217755143227987,0.042525626718997955,-0.0443945974111557,-3.6483776569366455,4.40546989440918,0.005336261298507453,0.0217755143227987,0.3057452507834774,1.2476450674230404,0.042525626718997955,-0.0443945974111557,-3.6483776569366455,4.40546989440918,-0.13158026905309778,-0.3024451317797609,165.7693367402756,5.608634513433521,-0.0005615447190858155,-0.05963011035801325,0.5,0.21310528884969893,0.4994384552809142,0.15347517849168568,-0.3678581862278164,-0.14896995328807522,-0.3678581862278164,-0.3678581862278164,-0.3678581862278164,-0.3678581862278164,-0.24093449984502932,-0.24093449984502932,-0.24093449984502932,-0.24093449984502932,1.0
34050,100.25260910099996,1.7712833094648675,-0.9687457936635954,0.0022972794249653816,-0.02185000665485859,1.104659784520183,-0.1339851778516943,0.011634775381535293,0.01924628621665761,0.0022972794249653816,0.02185000665485859,0.13524958491325378,4.768415927886963,0.011634775381535293,0.01924628621665761,0.6666235249446844,1.1027309715152898,0.0022972794249653816,0.02185000665485859,0.13524958491325378,4.768415927886963,-0.17196870240397044,-0.313733101633686,165.7605304473289,5.608873634256293,-0.0012243923237443926,-0.05270273169673293,-0.49554819275411177,-0.12334643273405764,-0.49677258507785615,-0.17604916443079058,0.6687412874818266,-0.4897822660644766,0.6687412874818266,0.6687412874818266,0.6687412874818266,0.6687412874818266,-0.32259694419401996,-0.32259694419401996,-0.32259694419401996,-0.32259694419401996,1.0
34100,100.4498294519999,-0.3544097114912347,-0.09092876095564592,-0.2716134488582611,-0.08995897322893143,1.104659784520183,-0.1339851778516943,-0.02546556672081351,0.003925488765817135,-0.2716134488582611,0.08995897322893143,-8.182101249694824,8.984548568725586,-0.02546556672081351,0.003925488765817135,-1.4590694960114179,0.2249139388073402,-0.2716134488582611,0.08995897322893143,-8.182101249694824,8.984548568725586,1.0128735869266414,-0.16198304282432746,165.71825880165713,5.609691857769345,0.0026803380052955296,-0.010748361669391584,0.5,-0.28401629204556816,0.5026803380052955,-0.29476465371495975,-1.515553924931937,-0.4567476965392872,-1.515553924931937,-1.515553924931937,-1.515553924931937,-1.515553924931937,-0.8356361777722714,-0.8356361777722714,-0.8356361777722714,-0.8356361777722714,1.0
34150,100.64532405499995,0.8744475616521646,-1.817395730820622,0.23483295738697052,0.06400260329246521,1.104659784520183,-0.1339851778516943,-0.004017961267381905,0.03405802181689069,0.23483295738697052,-0.06400260329246521,-2.0966835021972656,5.654739856719971,-0.004017961267381905,0.03405802181689069,-0.23021222286801846,1.9513809086723162,0.23483295738697052,-0.06400260329246521,-2.0966835021972656,5.654739856719971,-0.3995987650023921,-0.4081913722189121,165.77035269166285,5.607054108868944,0.00042281582822028727,-0.09328017734719767,0.5,0.2569496360835089,0.5004228158282202,0.16366945873631122,-0.10082405082582813,-0.24452191348260088,-0.10082405082582813,-0.10082405082582813,-0.10082405082582813,-0.10082405082582813,-0.26972792618905794,-0.26972792618905794,-0.26972792618905794,-0.26972792618905794,1.0
34200,100.79955863899977,2.081052345283927,-0.9279217529944291,-0.02672918513417244,0.36397260427474976,1.104659784520183,-0.1339851778516943,0.01704126497730613,0.01853377229301259,-0.02672918513417244,-0.36397260427474976,12.779017448425293,6.749480724334717,0.01704126497730613,0.01853377229301259,0.9763925607637438,1.0619069308461235,-0.02672918513417244,-0.36397260427474976,12.779017448425293,6.749480724334717,-0.01301290020559362,0.363145668158986,165.74775807040473,5.608935674770617,-0.0017934392377152164,-0.05075129797359335,-0.5,0.2999997147016238,-0.5017934392377152,0.24924841672803044,0.5148063394433089,0.6123940848870164,0.5148063394433089,0.5148063394433089,0.5148063394433089,0.5148063394433089,0.7410956697478437,0.7410956697478437,0.7410956697478437,0.7410956697478437,1.0
34250,100.95080439899994,-0.1908754393487582,0.29908240444978107,-0.26394739747047424,-0.0574808269739151,1.104659784520183,-0.1339851778516943,-0.022611355232074856,-0.002881490190047771,-0.26394739747047424,0.0574808269739151,2.9634127616882324,5.698484420776367,-0.022611355232074856,-0.002881490190047771,-1.2955352238689413,-0.16509722659808676,-0.26394739747047424,0.0574808269739151,2.9634127616882324,5.698484420776367,0.8711246231144142,-0.03294840426252773,165.72956283453178,5.6097082371962275,0.002379814582413545,0.007889780562046193,-0.5,-0.24528810179768448,-0.49762018541758646,-0.23739832123563828,-0.37350443769682773,-0.270346725498166,-0.37350443769682773,-0.37350443769682773,-0.37350443769682773,-0.37350443769682773,-0.36372283492237295,-0.36372283492237295,-0.36372283492237295,-0.36372283492237295,1.0
34300,101.07179968899982,-1.081319797624982,-0.4081196510815704,-0.09611604362726212,-0.09339168667793274,1.104659784520183,-0.1339851778516943,-0.03815254108980298,0.009461514155846089,-0.09611604362726212,0.09339168667793274,-0.007095951121300459,4.798532009124756,-0.03815254108980298,0.009461514155846089,-2.185979582145165,0.5421048289332647,-0.09611604362726212,0.09339168667793274,-0.007095951121300459,4.798532009124756,0.7734130263123172,-0.3372496038331573,165.65177509283927,5.609521043998718,0.004016756725721251,-0.025906994695379982,0.0704869195213082,-0.2860191982705482,0.07450367624702946,-0.3119261929659282,-0.8479167025593467,-0.6491757967990854,-0.8479167025593467,-0.8479167025593467,-0.8479167025593467,-0.8479167025593467,-0.8611549724389221,-0.8611549724389221,-0.8611549724389221,-0.8611549724389221,1.0
34350,101.1778734909999,-0.7497641659008744,-1.052710909956149,0.2064473181962967,-0.13375906646251678,1.104659784520183,-0.1339851778516943,-0.03236580366268754,0.020711753952782602,0.2064473181962967,0.13375906646251678,-7.594449996948242,5.106215000152588,-0.03236580366268754,0.020711753952782602,-1.8544239504210578,1.1866960878078432,0.2064473181962967,0.13375906646251678,-7.594449996948242,5.106215000152588,0.08953038797378371,-0.6409308626505353,165.6853873650138,5.608738676840153,0.003407060788658899,-0.056716480823290505,0.5,-0.29716559568725637,0.5034070607886589,-0.3538820765105469,-0.5929374487624426,-0.9948129391610823,-0.5929374487624426,-0.5929374487624426,-0.5929374487624426,-0.5929374487624426,-1.1430473013516929,-1.1430473013516929,-1.1430473013516929,-1.1430473013516929,1.0
34400,101.32904158599968,1.5496408961336035,-1.3247213793829085,0.16990849375724792,0.06065071001648903,1.104659784520183,-0.1339851778516943,0.007766385506838561,0.025459232244174932,0.16990849375724792,-0.06065071001648903,18.204315185546875,3.964587688446045,0.007766385506838561,0.025459232244174932,0.4449811116134203,1.458706557234603,0.16990849375724792,-0.06065071001648903,18.204315185546875,3.964587688446045,-0.5328071979087897,-0.240154565889039,165.7667135072343,5.608233505853052,-0.0008172798133840101,-0.06972057365654602,-0.5,0.25127441213966206,-0.500817279813384,0.18155383848311604,1.0336244777221737,-0.05860072740592295,1.0336244777221737,1.0336244777221737,1.0336244777221737,1.0336244777221737,0.19980539202462047,0.19980539202462047,0.19980539202462047,0.19980539202462047,1.0
34450,101.4793016399999,0.7503965987293353,0.2147642127338629,-0.18440188467502594,0.18230922520160675,1.104659784520183,-0.1339851778516943,-0.006183059010654687,-0.0014098601252771916,-0.18440188467502594,-0.18230922520160675,5.250400543212891,6.476291656494141,-0.006183059010654687,-0.0014098601252771916,-0.35426318579084787,-0.08077903488216859,-0.18440188467502594,-0.18230922520160675,5.250400543212891,6.476291656494141,0.4822328251947111,0.3168767432577886,165.7685331092453,5.609722793043621,0.0006506569166119131,0.0038603184891269323,-0.5,0.2995918497182573,-0.4993493430833881,0.30345216820738424,0.017116517888676963,0.6203289114651729,0.017116517888676963,0.017116517888676963,0.017116517888676963,0.017116517888676963,0.6246080409373421,0.6246080409373421,0.6246080409373421,0.6246080409373421,1.0
34500,101.6307049359998,-0.9220284736794717,0.0387852825627703,-0.009355682879686356,-0.12256361544132233,1.104659784520183,-0.1339851778516943,-0.035372383017092945,0.0016615516203455625,-0.009355682879686356,0.12256361544132233,-5.624508857727051,3.7162671089172363,-0.035372383017092945,0.0016615516203455625,-2.026688258199655,0.09519989528892402,-0.009355682879686356,0.12256361544132233,-5.624508857727051,3.7162671089172363,0.6632451655163897,-0.27249175131865194,165.66861185930756,5.609721011273567,0.0037238059164771274,-0.004549472345888098,0.5,-0.2955762629365747,0.5037238059164771,-0.3001257352824628,-1.1669689714328668,-0.5726174866011147,-1.1669689714328668,-1.1669689714328668,-1.1669689714328668,-1.1669689714328668,-0.8643597294593314,-0.8643597294593314,-0.8643597294593314,-0.8643597294593314,1.0
34550,101.78084306899973,0.7937177138703758,-1.5372127266085305,0.2867162525653839,-0.01711566559970379,1.104659784520183,-0.1339851778516943,-0.005426962915807961,0.029167905885260553,0.2867162525653839,0.01711566559970379,-1.9124878644943237,6.7782368659973145,-0.005426962915807961,0.029167905885260553,-0.3109420706498073,1.671197904460225,0.2867162525653839,0.01711566559970379,-1.9124878644943237,6.7782368659973145,-0.45756667580663984,-0.5365720740250628,165.7692563121582,5.607766612100915,0.0005710896034330415,-0.07988079733570957,0.5,-0.09886231705807876,0.500571089603433,-0.17874311439378832,-0.04300441379679315,-0.7153151884188511,-0.04300441379679315,-0.04300441379679315,-0.04300441379679315,-0.04300441379679315,-0.7260662918680494,-0.7260662918680494,-0.7260662918680494,-0.7260662918680494,1.0
34600,101.93276028499986,2.0847780000327574,-0.6616496029658324,-0.13733232021331787,0.12881755828857422,1.104659784520183,-0.1339851778516943,0.01710628991946578,0.013886446568649262,-0.13733232021331787,-0.12881755828857422,11.887093544006348,6.9545440673828125,0.01710628991946578,0.013886446568649262,0.9801182155125742,0.7956347808175267,-0.13733232021331787,-0.12881755828857422,11.887093544006348,6.9545440673828125,0.07456369568945576,0.20942646248755814,165.74757514624577,5.6092829268779205,-0.0018002838462282311,-0.03802405922046964,-0.5,0.2965497032860263,-0.5018002838462282,0.25852564406555667,0.42723658815677246,0.4679521065531148,0.42723658815677246,0.42723658815677246,0.42723658815677246,0.42723658815677246,0.5747612535923079,0.5747612535923079,0.5747612535923079,0.5747612535923079,1.0
34650,102.0809855399998,0.7526324718263095,0.654540443256907,-0.07698294520378113,0.025781705975532532,1.104659784520183,-0.1339851778516943,-0.006144035663455722,-0.009085403319913895,-0.07698294520378113,-0.025781705975532532,4.126152038574219,5.206164836883545,-0.006144035663455722,-0.009085403319913895,-0.3520273126938735,-0.5205552654052127,-0.07698294520378113,-0.025781705975532532,4.126152038574219,5.206164836883545,0.29402154751989795,0.1434868339969215,165.76857274024988,5.6095371217980485,0.0006465503011083636,0.024877106430025733,-0.5,0.14229701791998967,-0.4993534496988916,0.16717412435001539,0.20533190217899366,0.31066095834693686,0.20533190217899366,0.20533190217899366,0.20533190217899366,0.20533190217899366,0.36199393389168527,0.36199393389168527,0.36199393389168527,0.36199393389168527,1.0
34700,102.14484707799966,0.26861119633463526,0.4725708101936917,-0.12461859732866287,-0.02762485295534134,1.104659784520183,-0.1339851778516943,-0.014591800570487975,-0.005909434084314854,-0.12461859732866287,0.02762485295534134,3.0626964569091797,6.923603057861328,-0.014591800570487975,-0.005909434084314854,-0.8360485881855478,-0.3385856323419974,-0.12461859732866287,0.02762485295534134,3.0626964569091797,6.923603057861328,0.47876322461449916,0.01301552757684643,165.75414139280207,5.609646885574915,0.0015356159220987029,0.016180669781800983,-0.5,-0.1507168097516252,-0.4984643840779013,-0.13453613996982422,0.019701159463402118,-0.12152061239297779,0.019701159463402118,0.019701159463402118,0.019701159463402118,0.019701159463402118,-0.11659532252712726,-0.11659532252712726,-0.11659532252712726,-0.11659532252712726,1.0
34750,102.278421729,-0.5155594338603702,0.125134601783121,-0.08607200533151627,-0.015704385936260223,1.104659784520183,-0.1339851778516943,-0.028278159964829686,0.0001544716930948196,-0.08607200533151627,0.015704385936260223,1.7293894290924072,4.9292426109313965,-0.028278159964829686,0.0001544716930948196,-1.6202192183805535,0.008850576068573304,-0.08607200533151627,0.015704385936260223,1.7293894290924072,4.9292426109313965,0.6200265390641488,-0.09861160956052308,165.70580692308536,5.609727319435743,0.0029765217303770815,-0.00042295660132082386,-0.5,-0.09124537989042882,-0.4970234782696229,-0.09166833649174964,-0.12300306079452594,-0.19027994605227272,-0.12300306079452594,-0.12300306079452594,-0.12300306079452594,-0.12300306079452594,-0.2210307112509042,-0.2210307112509042,-0.2210307112509042,-0.2210307112509042,1.0
34800,102.42710394000005,-0.9380371564335123,-0.30906568641710674,-0.022024836391210556,0.0037873685359954834,1.104659784520183,-0.1339851778516943,-0.035651787240058186,0.007732696335297077,-0.022024836391210556,-0.0037873685359954834,3.073164939880371,5.023610591888428,-0.035651787240058186,0.007732696335297077,-2.0426969409536957,0.443050864268801,-0.022024836391210556,-0.0037873685359954834,3.073164939880371,5.023610591888428,0.5874570896306113,-0.1745302117867934,165.66697730095734,5.6095895567347815,0.0037532446412807206,-0.021173087667318926,-0.5,0.022680849433889365,-0.49624675535871926,0.001507761766570439,-0.09121033427189201,-0.17302245002022296,-0.09121033427189201,-0.09121033427189201,-0.09121033427189201,-0.09121033427189201,-0.19582503358819597,-0.19582503358819597,-0.19582503358819597,-0.19582503358819597,1.0
34850,102.60545926199984,-1.224496357440905,-0.48988960860790526,-0.02505124919116497,0.0168937798589468,1.104659784520183,-0.1339851778516943,-0.040651443470269444,0.01088866914389655,-0.02505124919116497,-0.0168937798589468,2.9455745220184326,4.215424537658691,-0.040651443470269444,0.01088866914389655,-2.329156141961088,0.6238747864595996,-0.02505124919116497,-0.0168937798589468,2.9455745220184326,4.215424537658691,0.6860305807394628,-0.15861684067422727,165.63555558934726,5.609454105313164,0.004280123516357477,-0.02981496300530901,-0.5,0.0976738495542872,-0.4957198764836425,0.0678588865489782,-0.19031070425582025,-0.09075795412524906,-0.19031070425582025,-0.19031070425582025,-0.19031070425582025,-0.19031070425582025,-0.13833563018920414,-0.13833563018920414,-0.13833563018920414,-0.13833563018920414,1.0
34900,102.79108284299991,-1.3391855856108799,-0.8439459645312976,0.054216623306274414,0.021639706566929817,1.104659784520183,-0.1339851778516943,-0.042653148118406536,0.017068118292372675,0.054216623306274414,-0.021639706566929817,5.043218612670898,3.203444004058838,-0.042653148118406536,0.017068118292372675,-2.443845370131063,0.977931142382992,0.054216623306274414,-0.021639706566929817,5.043218612670898,3.203444004058838,0.5582457285565887,-0.21452296931603076,165.6218216267137,5.6090559363185335,0.004491127268340387,-0.04673728070455776,-0.5,0.122296127258667,-0.4955088727316596,0.07555884655410924,-0.0627368558249291,-0.13896412276192152,-0.0627368558249291,-0.0627368558249291,-0.0627368558249291,-0.0627368558249291,-0.1546483367181538,-0.1546483367181538,-0.1546483367181538,-0.1546483367181538,1.0
34950,102.93948578399977,-1.2160475201593048,-0.836723092844862,0.03164776787161827,0.001200749189592898,1.104659784520183,-0.1339851778516943,-0.04050398344174028,0.0169420553999953,0.03164776787161827,-0.001200749189592898,3.831618309020996,3.8171215057373047,-0.04050398344174028,0.0169420553999953,-2.3207073046794884,0.9707082706965563,0.03164776787161827,-0.001200749189592898,3.831618309020996,3.8171215057373047,0.5726796970148555,-0.2844064510315268,165.6365412451279,5.609065817762936,0.0042645808222271965,-0.04639203667624556,-0.5,0.007203110466167206,-0.4957354191777728,-0.03918892621007835,-0.07694427783708274,-0.32359537724160514,-0.07694427783708274,-0.07694427783708274,-0.07694427783708274,-0.07694427783708274,-0.34283144670087584,-0.34283144670087584,-0.34283144670087584,-0.34283144670087584,1.0
35000,103.086777945,-1.0173031025770969,-0.7406544010953698,0.028505835682153702,0.01873769983649254,1.104659784520183,-0.1339851778516943,-0.03703523898497224,0.015265340420883148,0.028505835682153702,-0.01873769983649254,3.0286452770233154,2.0284576416015625,-0.03703523898497224,0.015265340420883148,-2.1219628870972804,0.8746395789470641,0.028505835682153702,-0.01873769983649254,3.0286452770233154,2.0284576416015625,0.5204601981909956,-0.18906885295441925,165.65869448802584,5.609190281053493,0.003899017218370788,-0.04180017570627279,-0.5,0.10744289037824724,-0.49610098278162923,0.06564271467197444,-0.02435921540936642,-0.12342613828244481,-0.02435921540936642,-0.02435921540936642,-0.02435921540936642,-0.02435921540936642,-0.1295159421347864,-0.1295159421347864,-0.1295159421347864,-0.1295159421347864,1.0
35050,103.21277006899982,-0.7985501794298656,-0.6297616375260113,0.05588587000966072,0.008742628619074821,1.104659784520183,-0.1339851778516943,-0.03321728022769094,0.013329896579962223,0.05588587000966072,-0.008742628619074821,3.4737563133239746,2.0562610626220703,-0.03321728022769094,0.013329896579962223,-1.9032099639500488,0.7637468153777056,0.05588587000966072,-0.008742628619074821,3.4737563133239746,2.0562610626220703,0.4189862775270382,-0.19031640223183044,165.68078756163834,5.609317838159051,0.0034967579601040207,-0.0364999713546941,-0.5,0.05192764527887531,-0.496503242039896,0.015427673924181214,0.07751696451285778,-0.17488872830764923,0.07751696451285778,0.07751696451285778,0.07751696451285778,0.07751696451285778,-0.1555094871794348,-0.1555094871794348,-0.1555094871794348,-0.1555094871794348,1.0
35100,103.26822253599994,-0.590927583143699,-0.6767943735115721,0.07060327380895615,0.003652025945484638,1.104659784520183,-0.1339851778516943,-0.029593582320958375,0.01415077267913148,0.07060327380895615,-0.003652025945484638,4.486523628234863,2.1546826362609863,-0.029593582320958375,0.01415077267913148,-1.695587367663882,0.8107795513632664,0.07060327380895615,-0.003652025945484638,4.486523628234863,2.1546826362609863,0.32905475504985865,-0.22371982615306077,165.69953611196806,5.609265846163843,0.0031150597080513934,-0.03874791074619032,-0.5,0.021873272133446302,-0.49688494029194863,-0.01687463861274402,0.16783018524208998,-0.2405944647658048,0.16783018524208998,0.16783018524208998,0.16783018524208998,0.16783018524208998,-0.1986369184552823,-0.1986369184552823,-0.1986369184552823,-0.1986369184552823,1.0
35150,103.32411440399983,-0.35861065135676273,-0.5873015531072155,0.07917308807373047,0.08991467952728271,1.104659784520183,-0.1339851778516943,-0.025538886953145264,0.012588828306179493,0.07917308807373047,-0.08991467952728271,5.818634033203125,-1.3264644145965576,-0.025538886953145264,0.012588828306179493,-1.463270435876946,0.7212867309589098,0.07917308807373047,-0.08991467952728271,5.818634033203125,-1.3264644145965576,0.2505745572307847,-0.029586107969474057,165.71795074014858,5.6093621076911955,0.0026880585320344557,-0.034470613813164415,-0.5,0.2839887042190322,-0.49731194146796553,0.2495180904058678,0.24673738423718083,0.21993198243639375,0.24673738423718083,0.24673738423718083,0.24673738423718083,0.24673738423718083,0.28161632849568896,0.28161632849568896,0.28161632849568896,0.28161632849568896,1.0
35200,103.37993951299995,-0.14071064808213674,-0.468202690776057,-0.01728115789592266,0.058955755084753036,1.104659784520183,-0.1339851778516943,-0.021735814455896615,0.010510161023121327,-0.01728115789592266,-0.058955755084753036,1.6213963031768799,4.310306549072266,-0.021735814455896615,0.010510161023121327,-1.2453704326023198,0.6021878686277512,-0.01728115789592266,-0.058955755084753036,1.6213963031768799,4.310306549072266,0.3775032531446189,-0.07732732634901071,165.73276142960125,5.609472773502223,0.002287635751992475,-0.02877848873056257,-0.5,0.2481517131297284,-0.4977123642480075,0.21937322439916582,0.12020911110338861,0.1420458980501551,0.12020911110338861,0.12020911110338861,0.12020911110338861,0.12020911110338861,0.17209817582600226,0.17209817582600226,0.17209817582600226,0.17209817582600226,1.0
35250,103.43362354400006,-0.1497785112779088,-0.3209924506879919,-0.002897669794037938,0.051552098244428635,1.104659784520183,-0.1339851778516943,-0.021894078524783252,0.007940857640933245,-0.002897669794037938,-0.051552098244428635,3.1705241203308105,1.1902216672897339,-0.021894078524783252,0.007940857640933245,-1.254438295798092,0.4549776285396862,-0.002897669794037938,-0.051552098244428635,3.1705241203308105,1.1902216672897339,0.366636886067833,-0.024375627046333656,165.73219259682995,5.60958203690021,0.002304297874612359,-0.02174307662631311,-0.5,0.2322977698671736,-0.49769570212538766,0.21055469324086049,0.13105881605755465,0.18617906619452684,0.13105881605755465,0.13105881605755465,0.13105881605755465,0.13105881605755465,0.2189437702089155,0.2189437702089155,0.2189437702089155,0.2189437702089155,1.0
35300,103.48943985699998,-0.09976791953592834,-0.2752675091655036,0.01738632470369339,0.046721167862415314,1.104659784520183,-0.1339851778516943,-0.021021229038015007,0.007142806861083954,0.01738632470369339,-0.046721167862415314,2.8423328399658203,1.4546935558319092,-0.021021229038015007,0.007142806861083954,-1.2044277040561115,0.40925268701719786,0.01738632470369339,-0.046721167862415314,2.8423328399658203,1.4546935558319092,0.30885619147143395,-0.042475341165801636,165.7352784185397,5.609609781502742,0.002212405233975936,-0.01955785475358606,-0.5,0.21979486579154286,-0.4977875947660241,0.2002370110379568,0.18893140329459013,0.15776166987215517,0.18893140329459013,0.18893140329459013,0.18893140329459013,0.18893140329459013,0.2049945206958027,0.2049945206958027,0.2049945206958027,0.2049945206958027,1.0
35350,103.54391819099965,-0.03078998585031502,-0.2043177318830193,0.009154543280601501,0.01210628543049097,1.104659784520183,-0.1339851778516943,-0.019817336983978747,0.0059044996439479285,0.009154543280601501,-0.01210628543049097,1.6161695718765259,1.5869628190994263,-0.019817336983978747,0.0059044996439479285,-1.1354497703704982,0.3383029097347136,0.009154543280601501,-0.01210628543049097,1.6161695718765259,1.5869628190994263,0.3081600167752108,-0.08118468492880415,165.73932865526402,5.609647019936512,0.0020856662483566516,-0.016167158520132646,-0.5,0.07125076873472068,-0.49791433375164335,0.05508361021458803,0.18975431697643252,-0.02610107471421612,0.18975431697643252,0.18975431697643252,0.18975431697643252,0.18975431697643252,0.021337504529892012,0.021337504529892012,0.021337504529892012,0.021337504529892012,1.0
35400,103.599680025,-0.005353827772658627,-0.15781246792828343,0.004796796943992376,0.027688419446349144,1.104659784520183,-0.1339851778516943,-0.01937339227646589,0.005092829668428749,0.004796796943992376,-0.027688419446349144,0.5109579563140869,1.4950891733169556,-0.01937339227646589,0.005092829668428749,-1.1100136122928417,0.29179764577997774,0.004796796943992376,-0.027688419446349144,0.5109579563140869,1.4950891733169556,0.31268112965867256,-0.039905832879511494,165.7407619549704,5.609667593511158,0.0020389317778825595,-0.01394468795858159,-0.4999999986703077,0.1510017633280082,-0.49796106689242514,0.1370570753694266,0.18527993723375258,0.09715124248991511,0.18527993723375258,0.18527993723375258,0.18527993723375258,0.18527993723375258,0.14347122679835325,0.14347122679835325,0.14347122679835325,0.14347122679835325,1.0
35450,103.74036742199996,0.16378546835745958,-0.05879200720932851,0.017388934269547462,0.01050854753702879,1.104659784520183,-0.1339851778516943,-0.016421354664489626,0.003364596602041274,0.017388934269547462,-0.01050854753702879,0.3471100926399231,0.2701507806777954,-0.016421354664489626,0.003364596602041274,-0.9408743161627235,0.19277718506102284,0.017388934269547462,-0.01050854753702879,0.3471100926399231,0.2701507806777954,0.24339701632013377,-0.045658042591697964,165.7494669879551,5.609701282224774,0.0017281874325682043,-0.009212576368651675,-0.4999990665744577,0.062139036594528976,-0.4982708791418895,0.0529264602258773,0.2548738628217557,0.007268417634179333,0.2548738628217557,0.2548738628217557,0.2548738628217557,0.2548738628217557,0.07098688333961826,0.07098688333961826,0.07098688333961826,0.07098688333961826,1.0
35500,103.90947867199975,0.7405261749658735,-0.42452974085148143,0.25187182426452637,-0.10151949524879456,1.104659784520183,-0.1339851778516943,-0.006355330403894185,0.009747924252878876,0.25187182426452637,0.10151949524879456,0.48091360926628113,-0.6514292359352112,-0.006355330403894185,0.009747924252878876,-0.3641336095543096,0.5585149187031758,0.25187182426452637,0.10151949524879456,0.48091360926628113,-0.6514292359352112,-0.36384662466717055,-0.4047215728081788,165.76835515651493,5.609508363347435,0.0006687858918934728,-0.026691262842386845,-0.49999999557742786,-0.2898338749533651,-0.4993312096855344,-0.3165251377957519,0.863177834352705,-0.7212467106039306,0.863177834352705,0.863177834352705,0.863177834352705,0.863177834352705,-0.5054522520157544,-0.5054522520157544,-0.5054522520157544,-0.5054522520157544,1.0
35550,104.06789208800001,1.0990769020848399,0.740004412546308,-0.15955454111099243,0.07479774206876755,1.104659784520183,-0.1339851778516943,-9.743968024849767e-05,-0.010577030975837261,-0.15955454111099243,-0.07479774206876755,3.6777031421661377,0.4638765752315521,-9.743968024849767e-05,-0.010577030975837261,-0.005582882435343165,-0.6060192346946137,-0.15955454111099243,-0.07479774206876755,3.6777031421661377,0.4638765752315521,0.3235729399435229,0.37954041095994495,165.77168194573497,5.6094695234752345,1.0253662689434972e-05,0.02896159924596227,-0.5,0.2713243752962082,-0.4999897463373106,0.30028597454217043,0.1764168063937877,0.6798263855021154,0.1764168063937877,0.1764168063937877,0.1764168063937877,0.1764168063937877,0.7239305871005624,0.7239305871005624,0.7239305871005624,0.7239305871005624,1.0
35600,104.22185683399994,0.6658711934814292,0.23161136790958858,0.25718408823013306,-0.16573376953601837,1.104659784520183,-0.1339851778516943,-0.0076583056338131415,-0.0017038984526880087,0.25718408823013306,0.16573376953601837,-3.4999806880950928,-2.165119171142578,-0.0076583056338131415,-0.0017038984526880087,-0.43878859103875395,-0.09762619005789427,0.25718408823013306,0.16573376953601837,-3.4999806880950928,-2.165119171142578,-0.31444297081944794,-0.3947972320664949,165.7668508511984,5.609720682793424,0.0008059058035421535,0.0046654218054804335,0.5,-0.2992084334124377,0.5008059058035421,-0.2945430116069573,-0.18636293498409418,-0.6893402436734521,-0.18636293498409418,-0.18636293498409418,-0.18636293498409418,-0.18636293498409418,-0.7359309774194757,-0.7359309774194757,-0.7359309774194757,-0.7359309774194757,1.0
35650,104.36934343899975,1.564209903076652,0.18279264417777535,-0.1701175421476364,0.17793278396129608,1.104659784520183,-0.1339851778516943,0.008020662646740676,-0.0008518509869463744,-0.1701175421476364,-0.17793278396129608,2.8102638721466064,2.8520047664642334,0.008020662646740676,-0.0008518509869463744,0.4595501185564691,-0.04880746632608103,-0.1701175421476364,-0.17793278396129608,2.8102638721466064,2.8520047664642334,0.19914020155113743,0.44864113979870357,165.76638279038514,5.6097257019087845,-0.000844039271246877,0.002332440674398932,-0.5,0.2995138277620339,-0.5008440392712469,0.3018462684364328,0.30170383772010945,0.7504874082351364,0.30170383772010945,0.30170383772010945,0.30170383772010945,0.30170383772010945,0.8259133676651638,0.8259133676651638,0.8259133676651638,0.8259133676651638,1.0
35700,104.51786771399975,0.3544757722271134,0.5807599927904887,-0.08022315055131912,-0.008298235945403576,1.104659784520183,-0.1339851778516943,-0.013093181010335683,-0.007797691535670311,-0.08022315055131912,0.008298235945403576,-8.476743698120117,2.2846076488494873,-0.013093181010335683,-0.007797691535670311,-0.7501840122930697,-0.44677481493879445,-0.08022315055131912,0.008298235945403576,-8.476743698120117,2.2846076488494873,0.41413849702492606,0.020821514819122866,165.7575594104969,5.609587230227208,0.0013778848994241094,0.021351057900963366,0.5,-0.04933725875566627,0.5013778848994241,-0.0279862008547029,-0.9155163819243501,-0.007164686035580035,-0.9155163819243501,-0.9155163819243501,-0.9155163819243501,-0.9155163819243501,-0.23604378151666758,-0.23604378151666758,-0.23604378151666758,-0.23604378151666758,1.0
35750,104.6454617989998,1.3583313529063659,-0.5119045889633257,0.12322717905044556,0.008475870825350285,1.104659784520183,-0.1339851778516943,0.004427404087036849,0.011272903035860508,0.12322717905044556,-0.008475870825350285,-2.7308528423309326,-0.4537993371486664,0.004427404087036849,0.011272903035860508,0.2536715683861829,0.64588976681502,0.12322717905044556,-0.008475870825350285,-2.7308528423309326,-0.4537993371486664,-0.2862686870167389,-0.2166658346268977,165.77006781098817,5.609434479277116,-0.0004659026156665438,-0.030867122645480298,0.5,0.050373631980485674,0.49953409738433346,0.019506509335005376,-0.21326541036759455,-0.19715932529189234,-0.21326541036759455,-0.21326541036759455,-0.21326541036759455,-0.21326541036759455,-0.250475677883791,-0.250475677883791,-0.250475677883791,-0.250475677883791,1.0
35800,104.70101795099981,1.681374434490522,-0.3339398746725445,0.07256928086280823,0.03264997527003288,1.104659784520183,-0.1339851778516943,0.010065569486469032,0.00816683281911537,0.07256928086280823,-0.03264997527003288,-1.5949711799621582,-0.6093249320983887,0.010065569486469032,0.00816683281911537,0.5767146499703389,0.46792505252423877,0.07256928086280823,-0.03264997527003288,-1.5949711799621582,-0.6093249320983887,-0.2695879577420317,-0.07115637269523102,165.7633358201309,5.609573647429494,-0.001059244117652786,-0.022361845238147368,0.5,0.17210572527221601,0.4989407558823472,0.14974388003406863,-0.2293527981403155,0.07858750733883761,-0.2293527981403155,-0.2293527981403155,-0.2293527981403155,-0.2293527981403155,0.021249307803758735,0.021249307803758735,0.021249307803758735,0.021249307803758735,1.0
35850,104.76089901799969,1.84483900401891,-0.3308985195011847,0.005201792344450951,-0.014381902292370796,1.104659784520183,-0.1339851778516943,0.012918564435094596,0.008113751157652586,0.005201792344450951,0.014381902292370796,9.161381721496582,-0.18514971435070038,0.012918564435094596,0.008113751157652586,0.7401792194987269,0.46488369735287904,0.005201792344450951,0.014381902292370796,9.161381721496582,-0.18514971435070038,-0.17292272045883048,-0.17443832218212316,165.75793360318627,5.609575639271724,-0.0013595067642429846,-0.022216496090372035,-0.5,-0.0839878273743756,-0.501359506764243,-0.10620432346474763,0.6742822272230735,-0.2806426456468708,0.6742822272230735,0.6742822272230735,0.6742822272230735,0.6742822272230735,-0.11207208884110242,-0.11207208884110242,-0.11207208884110242,-0.11207208884110242,1.0
35900,104.8174888399999,1.7463026396274863,-0.08743773387697605,-0.23060409724712372,0.22196608781814575,1.104659784520183,-0.1339851778516943,0.011198780443519355,0.0038645588490180674,-0.23060409724712372,-0.22196608781814575,2.7812438011169434,-4.674731254577637,0.011198780443519355,0.0038645588490180674,0.6416428551073032,0.22142291172867037,-0.23060409724712372,-0.22196608781814575,2.7812438011169434,-4.674731254577637,0.3111478915084505,0.3728350328332496,165.76135060648744,5.609692951763105,-0.0011785062683501303,-0.010581528534470572,-0.5,0.2999164118220393,-0.5011785062683501,0.28933488328756873,0.19003061475989963,0.6621699161208183,0.19003061475989963,0.19003061475989963,0.19003061475989963,0.19003061475989963,0.7096775698107932,0.7096775698107932,0.7096775698107932,0.7096775698107932,1.0
35950,104.95414852399972,0.6013867371971041,0.33786955464240254,-0.061425987631082535,0.012632778845727444,1.104659784520183,-0.1339851778516943,-0.008783771712332963,-0.0035584536683745684,-0.061425987631082535,-0.012632778845727444,-3.2588093280792236,0.6808149814605713,-0.008783771712332963,-0.0035584536683745684,-0.503273047323079,-0.20388437679070823,-0.061425987631082535,-0.012632778845727444,-3.2588093280792236,0.6808149814605713,0.3149775780219355,0.042662116379965635,165.76532631843145,5.6096981889143915,0.0009243475266984135,0.009743378121022423,0.5,0.07422399472438955,0.5009243475266985,0.08396737284541197,-0.8159019255486339,0.12662948922537762,-0.8159019255486339,-0.8159019255486339,-0.8159019255486339,-0.8159019255486339,-0.07734599216178087,-0.07734599216178087,-0.07734599216178087,-0.07734599216178087,1.0
36000,105.10193275799975,1.3727569258768444,-0.263915174475987,0.16858230531215668,-0.010410204529762268,1.104659784520183,-0.1339851778516943,0.004679177831858398,0.006944671242963522,0.16858230531215668,0.010410204529762268,-1.175919771194458,0.04710850864648819,0.004679177831858398,0.006944671242963522,0.26809714135666135,0.39790035232768134,0.16858230531215668,0.010410204529762268,-1.175919771194458,0.04710850864648819,-0.37345103772610433,-0.20758021782266028,165.76987891752992,5.609616214856927,-0.0004923975312049435,-0.01901532290328497,0.5,-0.061574064305851474,0.49950760246879505,-0.08058938720913644,-0.12605656474269072,-0.2881696050317967,-0.12605656474269072,-0.12605656474269072,-0.12605656474269072,-0.12605656474269072,-0.3196837462174694,-0.3196837462174694,-0.3196837462174694,-0.3196837462174694,1.0
36050,105.25047384999971,1.7651062571342373,-0.22437504928822455,-0.007130288053303957,-0.04750176519155502,1.104659784520183,-0.1339851778516943,0.011526965480297809,0.0062545658717863255,-0.007130288053303957,0.04750176519155502,-3.972126007080078,-0.2530251741409302,0.011526965480297809,0.0062545658717863255,0.6604464726140543,0.35836022713991883,-0.007130288053303957,0.04750176519155502,-3.972126007080078,-0.2530251741409302,-0.1301550851331813,-0.2007278947285237,165.76073616553091,5.60963720939496,-0.0012130458857551722,-0.017125695508478173,0.5,-0.22193971009308322,0.49878695411424484,-0.2390654056015614,-0.36863186898106354,-0.4397933003300851,-0.36863186898106354,-0.36863186898106354,-0.36863186898106354,-0.36863186898106354,-0.531951267575351,-0.531951267575351,-0.531951267575351,-0.531951267575351,1.0
36100,105.39809421599966,1.849825255556431,0.07672386179229702,-0.18859493732452393,0.2345070242881775,1.104659784520183,-0.1339851778516943,0.013005590941756965,0.0009993984992615877,-0.18859493732452393,-0.2345070242881775,4.110875129699707,-3.8846065998077393,0.013005590941756965,0.0009993984992615877,0.7451654710362478,0.05726131605939729,-0.18859493732452393,-0.2345070242881775,4.110875129699707,-3.8846065998077393,0.14231217845983923,0.4388338263398317,165.757747738627,5.609725072341682,-0.0013686661644658803,-0.0027364385330523933,-0.5,0.2999493813748398,-0.5013686661644658,0.2972129428417874,0.3590564877046266,0.736046769181619,0.3590564877046266,0.3590564877046266,0.3590564877046266,0.3590564877046266,0.8258108911077757,0.8258108911077757,0.8258108911077757,0.8258108911077757,1.0
36150,105.54481113299971,0.7546795542257564,0.7374969860689728,-0.10353437066078186,-0.03871067985892296,1.104659784520183,-0.1339851778516943,-0.00610830733552575,-0.01053326812805608,-0.10353437066078186,0.03871067985892296,-13.551464080810547,2.4120986461639404,-0.00610830733552575,-0.01053326812805608,-0.3499802302944267,-0.6035118082172786,-0.10353437066078186,0.03871067985892296,-13.551464080810547,2.4120986461639404,0.35225235814362327,0.07721952333470351,165.7686088048983,5.609471652776652,0.0006427904381254223,0.028841763075650007,0.5,-0.19481187224445665,0.5006427904381254,-0.16597010916880664,-0.8528951485817486,-0.08875058583410313,-0.8528951485817486,-0.8528951485817486,-0.8528951485817486,-0.8528951485817486,-0.3019743729795403,-0.3019743729795403,-0.3019743729795403,-0.3019743729795403,1.0
36200,105.691531941,1.486442329682239,-0.0741382883459034,0.09198673069477081,-0.0057623544707894325,1.104659784520183,-0.1339851778516943,0.006663362439721824,0.0036324397358112035,0.09198673069477081,0.0057623544707894325,-2.07034969329834,-0.4135671854019165,0.006663362439721824,0.0036324397358112035,0.38178254516205595,0.20812346619759772,0.09198673069477081,0.0057623544707894325,-2.07034969329834,-0.4135671854019165,-0.2701439509966464,-0.0851231591674279,165.7680247772524,5.6096969626698,-0.0007012017333791197,-0.009945960168213943,0.5,-0.03442186576446428,0.4992987982666209,-0.044367825932678226,-0.22915484726997448,-0.12949098510010612,-0.22915484726997448,-0.22915484726997448,-0.22915484726997448,-0.22915484726997448,-0.18677969691759974,-0.18677969691759974,-0.18677969691759974,-0.18677969691759974,1.0
36250,105.83821224999974,1.8972188709900915,-0.06602024833158623,-0.00538239348679781,0.003410919336602092,1.104659784520183,-0.1339851778516943,0.013832765575498344,0.0034907532087527214,-0.00538239348679781,-0.003410919336602092,-3.0943682193756104,-0.004491633735597134,0.013832765575498344,0.0034907532087527214,0.7925590864699084,0.20000542618328054,-0.00538239348679781,-0.003410919336602092,-3.0943682193756104,-0.004491633735597134,-0.1749845853155612,-0.061488095011545646,165.75591882725578,5.609699288872688,-0.0014557260130236879,-0.009558006832720333,0.5,0.020433827885696573,0.4985442739869763,0.01087582105297624,-0.32355968867141516,-0.050612273958569404,-0.32355968867141516,-0.32355968867141516,-0.32355968867141516,-0.32355968867141516,-0.1315021961264232,-0.1315021961264232,-0.1315021961264232,-0.1315021961264232,1.0
36300,105.91622994299996,1.8629492506031988,-0.13135751776681087,0.003930079285055399,-0.04050546884536743,1.104659784520183,-0.1339851778516943,0.013234647866338493,0.004631103684660047,0.003930079285055399,0.04050546884536743,7.506648540496826,-0.6218717694282532,0.013234647866338493,0.004631103684660047,0.7582894660830157,0.26534269561850515,0.003930079285055399,0.04050546884536743,7.506648540496826,-0.6218717694282532,-0.18364897813062064,-0.1672692425145908,165.75725257204277,5.609677941830439,-0.0013927741369075335,-0.01268042113802865,-0.5,-0.20089517785462835,-0.5013927741369075,-0.213575598992657,0.6850417522675282,-0.3808448415072478,0.6850417522675282,0.6850417522675282,0.6850417522675282,0.6850417522675282,-0.20958440344036575,-0.20958440344036575,-0.20958440344036575,-0.20958440344036575,1.0
36350,105.98153407499967,1.8297449262834165,-0.14447496276888647,-0.08212774246931076,0.2527649402618408,1.104659784520183,-0.1339851778516943,0.012655123081058265,0.00486004628939554,-0.08212774246931076,-0.2527649402618408,2.07763409614563,-4.438017845153809,0.012655123081058265,0.00486004628939554,0.7250851417632334,0.2784601406205808,-0.08212774246931076,-0.2527649402618408,2.07763409614563,-4.438017845153809,0.1186669449135157,0.1746179472511303,165.75848863522017,5.6096729335450295,-0.001331780108167806,-0.01330729575455215,-0.5,0.29997561308597354,-0.5013317801081678,0.2866683173314214,0.3826648351946521,0.46128626458255173,0.3826648351946521,0.3826648351946521,0.3826648351946521,0.3826648351946521,0.5569524733812148,0.5569524733812148,0.5569524733812148,0.5569524733812148,1.0
36400,106.14507608399981,0.8713408927968667,0.32021276858597914,0.1847527176141739,-0.21858082711696625,1.104659784520183,-0.1339851778516943,-0.004072182867676018,-0.0032502846163697543,0.1847527176141739,0.21858082711696625,-4.714023113250732,-1.6830326318740845,-0.004072182867676018,-0.0032502846163697543,-0.23331889172331644,-0.1862275907342848,0.1847527176141739,0.21858082711696625,-4.714023113250732,-1.6830326318740845,-0.2748716455266393,-0.39859596212935716,165.77031655234197,5.609703025067797,0.0004285217070960315,0.008899577946646229,0.5,-0.2999042929153989,0.5004285217070961,-0.29100471496875263,-0.22555687618045678,-0.6896006770981098,-0.22555687618045678,-0.22555687618045678,-0.22555687618045678,-0.22555687618045678,-0.745989896143224,-0.745989896143224,-0.745989896143224,-0.745989896143224,1.0
36450,106.29640274699977,1.9920323553970352,-0.24268550579255935,0.042694833129644394,0.01684550568461418,1.104659784520183,-0.1339851778516943,0.015487573053687812,0.006574143625330179,0.042694833129644394,-0.01684550568461418,-1.531113624572754,0.4989739656448364,0.015487573053687812,0.006574143625330179,0.887372570876852,0.37667068364425366,0.042694833129644394,-0.01684550568461418,-1.531113624572754,0.4989739656448364,-0.30103092655805674,-0.11273482038398175,165.75192164977724,5.609627760048425,-0.0016298999809004782,-0.01800075288757815,0.5,0.09741482612394742,0.49837010001909954,0.07941407323636926,-0.1973391734610428,-0.03332074714761249,-0.1973391734610428,-0.1973391734610428,-0.1973391734610428,-0.1973391734610428,-0.08265554051287319,-0.08265554051287319,-0.08265554051287319,-0.08265554051287319,1.0
36500,106.44762137399994,1.7539245971326918,-0.3264631654089077,0.002511045429855585,-0.086329884827137,1.104659784520183,-0.1339851778516943,0.011331808697432284,0.008036339625250547,0.002511045429855585,0.086329884827137,12.095870018005371,-0.6989561915397644,0.011331808697432284,0.008036339625250547,0.6492648126125088,0.46044834326060197,0.002511045429855585,0.086329884827137,12.095870018005371,-0.6989561915397644,-0.18751920450147694,-0.2687538399502065,165.76110368446024,5.60957852078854,-0.0011925067083191365,-0.02200452662232156,-0.5,-0.2815957748065658,-0.5011925067083192,-0.30360030142888733,0.6887117112097961,-0.5723541413790938,0.6887117112097961,0.6887117112097961,0.6887117112097961,0.6887117112097961,-0.4001762135766448,-0.4001762135766448,-0.4001762135766448,-0.4001762135766448,1.0
36550,106.62775899799999,0.6050322439448926,0.6497307094207486,-0.08610141277313232,-0.061217233538627625,1.104659784520183,-0.1339851778516943,-0.008720145616680382,-0.009001457628328356,-0.08610141277313232,0.061217233538627625,1.3692867755889893,0.004204834811389446,-0.008720145616680382,-0.009001457628328356,-0.49962754057529046,-0.5157455315690543,-0.08610141277313232,0.061217233538627625,1.3692867755889893,0.004204834811389446,0.33488470078617477,0.04989311158143024,165.76541807085923,5.60954062125727,0.0009176515888454814,0.024647242233490324,-0.5,-0.25227933123063095,-0.4990823484111545,-0.22763208899714063,0.16419764762497974,-0.17773897741571038,0.16419764762497974,0.16419764762497974,0.16419764762497974,0.16419764762497974,-0.13668956550946543,-0.13668956550946543,-0.13668956550946543,-0.13668956550946543,1.0
36600,106.7295863219997,0.38928729875553786,0.49816422270481703,-0.0035803797654807568,0.024866467341780663,1.104659784520183,-0.1339851778516943,-0.012485605254769324,-0.006356123399455101,-0.0035803797654807568,-0.024866467341780663,1.4441057443618774,-2.019282817840576,-0.012485605254769324,-0.006356123399455101,-0.7153724857646452,-0.36417904485312275,-0.0035803797654807568,-0.024866467341780663,1.4441057443618774,-2.019282817840576,0.2193019683231083,0.11245023222766158,165.75883973808513,5.609634257551569,0.00131393880568511,0.017403776733566193,-0.5,0.13800427134153886,-0.4986860611943149,0.15540804807510505,0.2793840928712066,0.26785828030276665,0.2793840928712066,0.2793840928712066,0.2793840928712066,0.2793840928712066,0.3377043035205683,0.3377043035205683,0.3377043035205683,0.3377043035205683,1.0
36650,106.86628195599997,0.5076414303433271,0.09342226692048321,0.2999688982963562,-0.0013470575213432312,1.104659784520183,-0.1339851778516943,-0.010419935975223778,0.000707956349942833,0.2999688982963562,0.0013470575213432312,-4.308757305145264,-2.0159754753112793,-0.010419935975223778,0.000707956349942833,-0.597018354176856,0.04056291093121111,0.2999688982963562,0.0013470575213432312,-4.308757305145264,-2.0159754753112793,-0.30557011771853826,-0.1820842093880033,165.7627377607393,5.60972621923057,0.0010965382903001884,-0.0019384447762604972,0.5,-0.008080390237990637,0.5010965382903002,-0.010018835014251135,-0.19552642057176195,-0.19210304440225442,-0.19552642057176195,-0.19552642057176195,-0.19552642057176195,-0.19552642057176195,-0.2409846495451949,-0.2409846495451949,-0.2409846495451949,-0.2409846495451949,1.0
36700,107.05192247700006,1.8914198269413391,-0.13173815407069364,0.005630531348288059,0.010373019613325596,1.104659784520183,-0.1339851778516943,0.013731553163379432,0.004637747041415423,0.005630531348288059,-0.010373019613325596,-0.5179017186164856,0.5295722484588623,0.013731553163379432,0.004637747041415423,0.786760042421156,0.26572333192238795,0.005630531348288059,-0.010373019613325596,-0.5179017186164856,0.5295722484588623,-0.18812447884163508,-0.04006955543142401,165.75614866421674,5.60967779990601,-0.0014450733374689227,-0.012698611498573513,0.499999998992777,0.061360320994175155,0.49855492565530807,0.04866170949560164,-0.310430446813673,0.008592154064177633,-0.310430446813673,-0.310430446813673,-0.310430446813673,-0.310430446813673,-0.06901545763924061,-0.06901545763924061,-0.06901545763924061,-0.06901545763924061,1.0
36750,107.24900191200004,1.5406430823974637,0.1405626384164311,-0.14394226670265198,0.1389096975326538,1.104659784520183,-0.1339851778516943,0.00760934403166175,-0.00011479834327474256,-0.14394226670265198,-0.1389096975326538,2.8050739765167236,-1.809653401374817,0.00760934403166175,-0.00011479834327474256,0.4359832978772806,-0.006577460564736786,-0.14394226670265198,-0.1389096975326538,2.8050739765167236,-1.809653401374817,0.26589324429125055,0.20693536393891385,165.76691243637197,5.609727344058244,-0.0008007532338384823,0.0003143276027425525,-0.5,0.2976912956232961,-0.5008007532338384,0.29800562322603863,0.23490750894258788,0.5049409871649525,0.23490750894258788,0.23490750894258788,0.23490750894258788,0.23490750894258788,0.5636678644005995,0.5636678644005995,0.5636678644005995,0.5636678644005995,1.0
36800,107.41913995200002,0.9531914252110665,-0.20203422088462686,0.18037132918834686,-0.09540879726409912,1.104659784520183,-0.1339851778516943,-0.0026436215825378882,0.005864644858520477,0.18037132918834686,0.09540879726409912,-3.355365037918091,-0.7489128112792969,-0.0026436215825378882,0.005864644858520477,-0.15146835930911662,0.33601939873632114,0.18037132918834686,0.09540879726409912,-3.355365037918091,-0.7489128112792969,-0.2927559876640957,-0.3675515075975285,165.77110695546298,5.609648101042094,0.00027819125029878816,-0.01605802996846732,0.5,-0.28707958650810117,0.5002781912502988,-0.3031376164765685,-0.2075222035862031,-0.6706891240740971,-0.2075222035862031,-0.2075222035862031,-0.2075222035862031,-0.2075222035862031,-0.7225696749706478,-0.7225696749706478,-0.7225696749706478,-0.7225696749706478,1.0
36850,107.56618255500007,1.779058092452752,0.028827026835450378,-0.17411257326602936,0.25374549627304077,1.104659784520183,-0.1339851778516943,0.011770470943301917,0.0018353559705428777,-0.17411257326602936,-0.25374549627304077,1.7203689813613892,0.7305168509483337,0.011770470943301917,0.0018353559705428777,0.6743983079325687,0.10515815101624394,-0.17411257326602936,-0.25374549627304077,1.7203689813613892,0.7305168509483337,0.24980200509816658,0.40531457744473054,165.7602687968539,5.609719610429414,-0.0012386736243074302,-0.0050253644665035745,-0.5,0.29997655104336046,-0.5012386736243074,0.29495118657685687,0.2514366685261408,0.7002657640215875,0.2514366685261408,0.2514366685261408,0.2514366685261408,0.2514366685261408,0.7631249311531226,0.7631249311531226,0.7631249311531226,0.7631249311531226,1.0
36900,107.66009613400001,0.6522117756367557,0.5756337757358355,-0.1475543975830078,-0.008426953107118607,1.104659784520183,-0.1339851778516943,-0.007896707449108361,-0.007708222169894726,-0.1475543975830078,0.008426953107118607,-2.4012794494628906,0.09062264859676361,-0.007896707449108361,-0.007708222169894726,-0.4524480088834274,-0.4416485978841412,-0.1475543975830078,0.008426953107118607,-2.4012794494628906,0.09062264859676361,0.46441294431127644,0.12224844443459956,165.76654533929175,5.609590427742398,0.0008309945387513785,0.02110607240006311,0.5,-0.050088354153837764,0.5008309945387514,-0.028982281753774652,-0.9652439388500278,0.09326616268082491,-0.9652439388500278,-0.9652439388500278,-0.9652439388500278,-0.9652439388500278,-0.14804482203168204,-0.14804482203168204,-0.14804482203168204,-0.14804482203168204,1.0
36950,107.81119834299989,1.200271917610691,-0.28300603345384867,0.1503116339445114,-0.06336618214845657,1.104659784520183,-0.1339851778516943,0.001668746527284385,0.007277869589161127,0.1503116339445114,0.06336618214845657,-2.7785115242004395,-1.0684013366699219,0.001668746527284385,0.007277869589161127,0.09561213309050794,0.41699121130554295,0.1503116339445114,0.06336618214845657,-2.7785115242004395,-1.0684013366699219,-0.29290559600904836,-0.256231871343343,165.7714533069139,5.609605292368085,-0.00017560381609224262,-0.019927682045892313,0.5,-0.2559211865060368,0.4998243961839078,-0.2758488685519291,-0.20691880017485942,-0.532080739895272,-0.20691880017485942,-0.20691880017485942,-0.20691880017485942,-0.20691880017485942,-0.583810439938987,-0.583810439938987,-0.583810439938987,-0.583810439938987,1.0
37000,107.960809186,1.7615510369495397,-0.29342695445615763,0.017858117818832397,0.014514333568513393,1.104659784520183,-0.1339851778516943,0.011464915182441474,0.007459748971741646,0.017858117818832397,-0.014514333568513393,-4.751907825469971,-0.28252002596855164,0.011464915182441474,0.007459748971741646,0.6568912524293568,0.4274121323078519,0.017858117818832397,-0.014514333568513393,-4.751907825469971,-0.28252002596855164,-0.1793502005883353,-0.12626738215470756,165.76085369895335,5.609599114308423,-0.0012065154235169685,-0.02042570303552551,0.5,0.0847195930913711,0.49879348457648304,0.0642938900558456,-0.3194432839881477,-0.061973492098861965,-0.3194432839881477,-0.3194432839881477,-0.3194432839881477,-0.3194432839881477,-0.1418343130958989,-0.1418343130958989,-0.1418343130958989,-0.1418343130958989,1.0
37050,108.10999755400007,2.2140514963497075,-0.23354244381485104,0.03692521154880524,0.03468945622444153,1.104659784520183,-0.1339851778516943,0.01936253806576133,0.006414567090105265,0.03692521154880524,-0.03468945622444153,11.853962898254395,-2.914400339126587,0.01936253806576133,0.006414567090105265,1.1093917118295247,0.36752762166654535,0.03692521154880524,-0.03468945622444153,11.853962898254395,-2.914400339126587,-0.3402839639946321,-0.06856788669480762,165.7407965917629,5.609632537290714,-0.002037789155122387,-0.017563805296186324,-0.5,0.1801232057627071,-0.5020377891551224,0.1625594004665208,0.8423217531497545,0.09399151377171316,0.8423217531497545,0.8423217531497545,0.8423217531497545,0.8423217531497545,0.3045719520591518,0.3045719520591518,0.3045719520591518,0.3045719520591518,1.0
37100,108.2573318589998,1.0023429605823593,0.2903795961888477,-0.1627957671880722,-0.04881934076547623,1.104659784520183,-0.1339851778516943,-0.0017857654578983771,-0.0027295975317247214,-0.1627957671880722,0.04881934076547623,-3.466609477996826,2.9974844455718994,-0.0017857654578983771,-0.0027295975317247214,-0.1023168239378239,-0.15639441833715337,-0.1627957671880722,0.04881934076547623,-3.466609477996826,2.9974844455718994,0.3871648699021915,-0.07288611560316241,165.77142000300623,5.609710201589857,0.00018791785678551684,0.007473883180347731,0.5,-0.22544925791148562,0.5001879178567855,-0.2179753747311379,-0.8873527877589771,-0.2908614903343003,-0.8873527877589771,-0.8873527877589771,-0.8873527877589771,-0.8873527877589771,-0.5126996872740446,-0.5126996872740446,-0.5126996872740446,-0.5126996872740446,1.0
37150,108.40924423999968,1.220521400787369,-0.3189521984777151,0.20621544122695923,-0.042584627866744995,1.104659784520183,-0.1339851778516943,0.002022166680544616,0.007905248522292824,0.20621544122695923,0.042584627866744995,-2.362220287322998,0.10929196327924728,0.002022166680544616,0.007905248522292824,0.1158616162671859,0.4529373763294095,0.20621544122695923,0.042584627866744995,-2.362220287322998,0.10929196327924728,-0.406106424920647,-0.2574611785827931,165.7713458393322,5.609583337442527,-0.00021279465339885974,-0.021645571354769542,0.5,-0.20758580003893162,0.49978720534660115,-0.22923137139370117,-0.09368078042595412,-0.48669254997649425,-0.09368078042595412,-0.09368078042595412,-0.09368078042595412,-0.09368078042595412,-0.5101127450829828,-0.5101127450829828,-0.5101127450829828,-0.5101127450829828,1.0
37200,108.55852403399967,1.9380429116592577,-0.031531151421700654,-0.24821172654628754,0.18006038665771484,1.104659784520183,-0.1339851778516943,0.014545279499143363,0.002888804911635816,-0.24821172654628754,-0.18006038665771484,2.8156843185424805,-0.020812032744288445,0.014545279499143363,0.002888804911635816,0.8333831271390746,0.16551632927339496,-0.24821172654628754,-0.18006038665771484,2.8156843185424805,-0.020812032744288445,0.25798741460528435,0.23859592315416972,165.75425306188606,5.609708139912441,-0.0015307194393629486,-0.007909809012369234,-0.5,0.29955346179575604,-0.501530719439363,0.2916436527833868,0.24354330483407866,0.5302395759375564,0.24354330483407866,0.24354330483407866,0.24354330483407866,0.24354330483407866,0.5911254021460761,0.5911254021460761,0.5911254021460761,0.5911254021460761,1.0
37250,108.67074158900004,0.648031166256179,0.15461886090341323,-0.09501005709171295,-0.09728670120239258,1.104659784520183,-0.1339851778516943,-0.007969672847539185,-0.00036012570606544633,-0.09501005709171295,0.09728670120239258,-8.735594749450684,3.4287784099578857,-0.007969672847539185,-0.00036012570606544633,-0.4566286182640041,-0.020633683051718907,-0.09501005709171295,0.09728670120239258,-8.735594749450684,3.4287784099578857,0.3360766425686606,-0.19355758931034497,165.7664499624706,5.6097270755142805,0.0008386732302398504,0.0009860547623353605,0.5,-0.2879958568393417,0.5008386732302399,-0.2870098020770063,-0.8369153157989004,-0.4805673913873513,-0.8369153157989004,-0.8369153157989004,-0.8369153157989004,-0.8369153157989004,-0.6897962203370764,-0.6897962203370764,-0.6897962203370764,-0.6897962203370764,1.0
37300,108.73085860099991,0.7989290414853898,-0.14794886101377844,0.15825052559375763,-0.11768457293510437,1.104659784520183,-0.1339851778516943,-0.005336008090525864,0.004920677251648158,0.15825052559375763,0.11768457293510437,-4.268344879150391,3.042635202407837,-0.005336008090525864,0.004920677251648158,-0.30573074303479336,0.28193403886547275,0.15825052559375763,0.11768457293510437,-4.268344879150391,3.042635202407837,-0.21358532085011642,-0.3225805929765001,165.76933696290612,5.609671566732477,0.0005615180730369026,-0.013473311381004473,0.5,-0.29463144451441475,0.500561518073037,-0.30810475589541925,-0.28697619722292056,-0.6306853488719193,-0.28697619722292056,-0.28697619722292056,-0.28697619722292056,-0.28697619722292056,-0.7024293981776495,-0.7024293981776495,-0.7024293981776495,-0.7024293981776495,1.0
37350,108.78514301899986,1.3591729602781584,-0.4821161596413432,0.13133078813552856,-0.004290915094316006,1.104659784520183,-0.1339851778516943,0.004442092906683685,0.01075299686519429,0.13133078813552856,0.004290915094316006,-3.1195664405822754,-0.3349095582962036,0.004442092906683685,0.01075299686519429,0.2545131757579754,0.6161013374930374,0.13133078813552856,0.004290915094316006,-3.1195664405822754,-0.3349095582962036,-0.30784274171411774,-0.1899284433480316,165.77005707759474,5.609460872662253,-0.0004674483631122922,-0.02944344892919076,0.5,-0.025682472904504126,0.4995325516368877,-0.055125921833694885,-0.19168980992276996,-0.2450543651817265,-0.19168980992276996,-0.19168980992276996,-0.19168980992276996,-0.19168980992276996,-0.292976817662419,-0.292976817662419,-0.292976817662419,-0.292976817662419,1.0
37400,108.8407204529999,1.7079179369873667,-0.43929012649342275,0.0746128037571907,0.016940712928771973,1.104659784520183,-0.1339851778516943,0.010528841000050308,0.010005541581194847,0.0746128037571907,-0.016940712928771973,-1.5955830812454224,-0.0167454294860363,0.010528841000050308,0.010005541581194847,0.6032581524671836,0.5732753043451171,0.0746128037571907,-0.016940712928771973,-1.5955830812454224,-0.0167454294860363,-0.2848123115950929,-0.13500459075155757,165.76254980688702,5.609496634466944,-0.001107999707233552,-0.027396691355597334,0.5,0.09792552098791171,0.4988920002927664,0.07052882963231438,-0.21407968869767352,-0.06447576111924319,-0.21407968869767352,-0.21407968869767352,-0.21407968869767352,-0.21407968869767352,-0.11799568329366157,-0.11799568329366157,-0.11799568329366157,-0.11799568329366157,1.0
37450,108.89473859600002,1.8208652534755767,-0.39343842626489245,0.012745216488838196,0.013914372771978378,1.104659784520183,-0.1339851778516943,0.012500143554061652,0.009205278444569557,0.012745216488838196,-0.013914372771978378,-2.0864624977111816,-0.034168653190135956,0.012500143554061652,0.009205278444569557,0.7162054689553937,0.5274236041165867,0.012745216488838196,-0.013914372771978378,-2.0864624977111816,-0.034168653190135956,-0.1953420929405199,-0.1298829501341473,165.75880981218248,5.609532068229548,-0.0013154689202524124,-0.025205354802580047,0.5,0.0813958025800161,0.4986845310797476,0.05619044777743605,-0.3033424381392277,-0.07369250235671125,-0.3033424381392277,-0.3033424381392277,-0.3033424381392277,-0.3033424381392277,-0.14952811189151816,-0.14952811189151816,-0.14952811189151816,-0.14952811189151816,1.0
37500,108.95375827399994,1.8086733658071041,-0.3524350397691605,0.018206575885415077,-0.006869058590382338,1.104659784520183,-0.1339851778516943,0.012287354972213508,0.008489634345751255,0.018206575885415077,0.006869058590382338,-0.9552659392356873,-0.3415679633617401,0.012287354972213508,0.008489634345751255,0.7040135812869209,0.4864202176208548,0.018206575885415077,0.006869058590382338,-0.9552659392356873,-0.3415679633617401,-0.1574881956682737,-0.13985851117921516,165.75924434490207,5.60956125493609,-0.0012930735831130464,-0.023245748118837572,0.5,-0.040957006635229366,0.49870692641688696,-0.06420275475406693,-0.34121873074861325,-0.2040612659332821,-0.34121873074861325,-0.34121873074861325,-0.34121873074861325,-0.34121873074861325,-0.2893659486204354,-0.2893659486204354,-0.2893659486204354,-0.2893659486204354,1.0
37550,109.0089737139997,1.8415641417553004,-0.3908851361344977,9.907956700772047e-05,0.00795949250459671,1.104659784520183,-0.1339851778516943,0.012861407306045295,0.009160715125035494,9.907956700772047e-05,-0.00795949250459671,-1.57052743434906,-0.5025984644889832,0.012861407306045295,0.009160715125035494,0.7369043572351174,0.524870313986192,9.907956700772047e-05,-0.00795949250459671,-1.57052743434906,-0.5025984644889832,-0.17431015108769687,-0.14552956134980113,165.75805499611744,5.6095339546178895,-0.0013534910792118728,-0.025083329115099102,0.5,0.04735759319613826,0.4986465089207881,0.02227426408103916,-0.3243363578330912,-0.12325529726876197,-0.3243363578330912,-0.3243363578330912,-0.3243363578330912,-0.3243363578330912,-0.20433938672703478,-0.20433938672703478,-0.20433938672703478,-0.20433938672703478,1.0
37600,109.10450697299984,1.8524962864087289,-0.4077505007012724,0.014377404935657978,0.019273120909929276,1.104659784520183,-0.1339851778516943,0.013052209224551917,0.009455071266274899,0.014377404935657978,-0.019273120909929276,-0.4573827087879181,0.0034266519360244274,0.013052209224551917,0.009455071266274899,0.7478365018885459,0.5417356785529667,0.014377404935657978,-0.019273120909929276,-0.4573827087879181,0.0034266519360244274,-0.2029806583003794,-0.14543902275021364,165.7576476616184,5.6095213249054865,-0.0013735726723901566,-0.0258893523609821,0.49999998866429507,0.11023255227421827,0.49862641599190494,0.08434319991323617,-0.29564575769152557,-0.06109582283697747,-0.29564575769152557,-0.29564575769152557,-0.29564575769152557,-0.29564575769152557,-0.13500726225985887,-0.13500726225985887,-0.13500726225985887,-0.13500726225985887,1.0
37650,109.25245036299975,1.6433098969677467,-0.474101519619715,-0.018713993951678276,0.00035045237746089697,1.104659784520183,-0.1339851778516943,0.009401217978447677,0.01061311500845477,-0.018713993951678276,-0.00035045237746089697,-0.5047294497489929,-0.5558855533599854,0.009401217978447677,0.01061311500845477,0.5386501124475637,0.6080866974714093,-0.018713993951678276,-0.00035045237746089697,-0.5047294497489929,-0.5558855533599854,-0.08110611286700227,-0.18088141897943805,165.76440128204075,5.609467761149692,-0.0009893272619558053,-0.02906040851392419,0.4999999982941085,0.0021026798322710543,0.4990106710321527,-0.026957728681653137,-0.41790455816515043,-0.20783914766109118,-0.41790455816515043,-0.41790455816515043,-0.41790455816515043,-0.41790455816515043,-0.3123152872023788,-0.3123152872023788,-0.3123152872023788,-0.3123152872023788,1.0
37700,109.40103663199989,1.4999109291169752,-0.47759105259450396,0.0014863978140056133,-0.011795718222856522,1.104659784520183,-0.1339851778516943,0.0068984338454902185,0.010674018848221748,0.0014863978140056133,0.011795718222856522,-0.46382060647010803,-0.2955425977706909,0.0068984338454902185,0.010674018848221748,0.39525114459679217,0.6115762304461982,0.0014863978140056133,0.011795718222856522,-0.46382060647010803,-0.2955425977706909,-0.07208806058078962,-0.22225108195747428,165.76776213398472,5.60946477302366,-0.0007259396299878964,-0.029227182234284606,0.4999999912378477,-0.0694899003405704,0.4992740516078598,-0.09871708257485501,-0.4271859910270702,-0.3209681645323293,-0.4271859910270702,-0.4271859910270702,-0.4271859910270702,-0.4271859910270702,-0.4277646622890968,-0.4277646622890968,-0.4277646622890968,-0.4277646622890968,1.0
37750,109.54960921699967,1.4663478064223558,-0.5231665570484718,0.017225781455636024,0.01555553823709488,1.104659784520183,-0.1339851778516943,0.00631264684721828,0.011469461459200829,0.017225781455636024,-0.01555553823709488,8.544259071350098,0.23493409156799316,0.00631264684721828,0.011469461459200829,0.3616880219021728,0.6571517349001661,0.017225781455636024,-0.01555553823709488,8.544259071350098,0.23493409156799316,-0.09577197918023003,-0.19527024384632138,165.76839970342166,5.609424176289892,-0.0006642940853679328,-0.0314053672688936,-0.5,0.09043417920602566,-0.500664294085368,0.05902881193713206,0.596436273265598,-0.13624143190918933,0.596436273265598,0.596436273265598,0.596436273265598,0.596436273265598,0.01286763640721017,0.01286763640721017,0.01286763640721017,0.01286763640721017,1.0
37800,109.69931539799973,0.8579167963134413,0.15944304219049174,-0.08083196729421616,0.04276563599705696,1.104659784520183,-0.1339851778516943,-0.004306477550417184,-0.00044432355323806424,-0.08083196729421616,-0.04276563599705696,2.0778167247772217,0.3087410628795624,-0.004306477550417184,-0.00044432355323806424,-0.24674298820674181,-0.025457864338797424,-0.08083196729421616,-0.04276563599705696,2.0778167247772217,0.3087410628795624,0.2871147198567088,0.08892291122928828,165.77015482318174,5.609726919399193,0.0004531771701052747,0.0012165956374561148,-0.5,0.2081504334379788,-0.4995468228298947,0.2093670290754349,0.21243210297318593,0.29828994030472317,0.21243210297318593,0.21243210297318593,0.21243210297318593,0.21243210297318593,0.35139796604801965,0.35139796604801965,0.35139796604801965,0.35139796604801965,1.0
37850,109.87993435899989,0.4166123509842466,0.22257454738998572,-0.002757459180429578,0.023509450256824493,1.104659784520183,-0.1339851778516943,-0.012008693125098942,-0.001546176180709154,-0.002757459180429578,-0.023509450256824493,0.3971964418888092,0.7891793251037598,-0.012008693125098942,-0.001546176180709154,-0.6880474335359366,-0.08858936953829141,-0.002757459180429578,-0.023509450256824493,0.3971964418888092,0.7891793251037598,0.20287165738732157,0.042797776564767256,165.7598021147691,5.60972186428713,0.0012637454646567522,0.004233564009766767,-0.4999998741100597,0.1315056044434088,-0.49873612864540295,0.13573916845317557,0.29586447125808135,0.17853694501794282,0.29586447125808135,0.29586447125808135,0.29586447125808135,0.29586447125808135,0.25250306283246315,0.25250306283246315,0.25250306283246315,0.25250306283246315,1.0
37900,110.02962479899998,0.8080637258091943,-0.2810897651852634,0.1790669560432434,-0.12866778671741486,1.104659784520183,-0.1339851778516943,-0.005176577772945163,0.007244424398522823,0.1790669560432434,0.12866778671741486,-3.718507766723633,-0.630205512046814,-0.005176577772945163,0.007244424398522823,-0.29659605871098876,0.4150749430369577,0.1790669560432434,0.12866778671741486,-3.718507766723633,-0.630205512046814,-0.30102226027234696,-0.37352075744519925,165.7694750429919,5.609606411832594,0.0005447406220955434,-0.019836102739591653,0.5,-0.2965290909246568,0.5005447406220955,-0.3163651936642484,-0.19952248034974857,-0.6898859511094477,-0.19952248034974857,-0.19952248034974857,-0.19952248034974857,-0.19952248034974857,-0.7397665711968848,-0.7397665711968848,-0.7397665711968848,-0.7397665711968848,1.0
37950,110.19069822999973,1.8720961545623152,-0.2828132940532074,-0.025030246004462242,0.03415068984031677,1.104659784520183,-0.1339851778516943,0.01339429145678878,0.007274505652021616,-0.025030246004462242,-0.03415068984031677,-2.3196306228637695,-0.04356229305267334,0.01339429145678878,0.007274505652021616,0.7674363700421322,0.41679847190490166,-0.025030246004462242,-0.03415068984031677,-2.3196306228637695,-0.04356229305267334,-0.1225608178431243,-0.0753788634182013,165.7569023486879,5.609605405197716,-0.0014095765229199184,-0.01991847094339525,0.5,0.1780425560004641,0.4985904234770801,0.15812408505706885,-0.3760296056339558,0.08274522163886755,-0.3760296056339558,-0.3760296056339558,-0.3760296056339558,-0.3760296056339558,-0.011262179769621405,-0.011262179769621405,-0.011262179769621405,-0.011262179769621405,1.0
38000,110.25071239299996,1.6878095399057318,-0.23922625510178588,-0.011659881100058556,-0.010867321863770485,1.104659784520183,-0.1339851778516943,0.01017788326367736,0.006513768311124294,-0.011659881100058556,0.010867321863770485,-1.5765701532363892,-0.6373451352119446,0.01017788326367736,0.006513768311124294,0.5831497553855487,0.3732114329534802,-0.011659881100058556,0.010867321863770485,-1.5765701532363892,-0.6373451352119446,-0.048725316411441524,-0.11841052041191048,165.76314850934457,5.609629581308278,-0.0010710641944977767,-0.01783543496944931,0.5,-0.06419623499058061,0.49892893580550224,-0.08203166996002992,-0.45020361939406073,-0.2004421903719404,-0.45020361939406073,-0.45020361939406073,-0.45020361939406073,-0.45020361939406073,-0.3129930952204556,-0.3129930952204556,-0.3129930952204556,-0.3129930952204556,1.0
38050,110.30547991499998,1.7359747532721923,-0.334681617208152,-0.0033862637355923653,0.012394280172884464,1.104659784520183,-0.1339851778516943,0.011018524821847678,0.008179778668563812,-0.0033862637355923653,-0.012394280172884464,10.941765785217285,-0.5951061844825745,0.011018524821847678,0.008179778668563812,0.6313149687520093,0.46866679505984626,-0.0033862637355923653,-0.012394280172884464,10.941765785217285,-0.5951061844825745,-0.16217424404083666,-0.1335376281226816,165.76168053803858,5.609573159677893,-0.0011595354920363318,-0.022397293806915772,-0.5,0.07287902142569685,-0.5011595354920363,0.050481727618781086,0.663333779532873,-0.08305590050390052,0.663333779532873,0.663333779532873,0.663333779532873,0.663333779532873,0.08277754437931772,0.08277754437931772,0.08277754437931772,0.08277754437931772,1.0
38100,110.36128917999986,1.7129286277955116,-0.17374381746627204,-0.0760510042309761,0.27748697996139526,1.104659784520183,-0.1339851778516943,0.01061629405245185,0.005370884172152727,-0.0760510042309761,-0.27748697996139526,6.557676792144775,-3.892035961151123,0.01061629405245185,0.005370884172152727,0.6082688432753285,0.3077289953179663,-0.0760510042309761,-0.27748697996139526,6.557676792144775,-3.892035961151123,0.019000529890480622,0.43706583297288143,165.7623974612834,5.609660887580613,-0.0011172034877703087,-0.014706040046954028,-0.5,0.29999092801933536,-0.5011172034877703,0.28528488797238133,0.4821166735972897,0.7223507209452628,0.4821166735972897,0.4821166735972897,0.4821166735972897,0.4821166735972897,0.8428798893445852,0.8428798893445852,0.8428798893445852,0.8428798893445852,1.0
38150,110.41608092399974,1.1668698379700957,0.23610389815573804,-0.19189345836639404,0.08225233107805252,1.104659784520183,-0.1339851778516943,0.0010857702605426324,-0.0017823078972287478,-0.19189345836639404,-0.08225233107805252,0.7483714818954468,-0.9840624928474426,0.0010857702605426324,-0.0017823078972287478,0.062210053449912615,-0.10211872030404372,-0.19189345836639404,-0.08225233107805252,0.7483714818954468,-0.9840624928474426,0.391341938997874,0.15690541423852028,165.77158560353007,5.6097200527557884,-0.00011425659733145586,0.004880113993742087,-0.49999999999990014,0.27845242956261373,-0.5001142565972316,0.28333254355635584,0.10877231759935763,0.4402379577948761,0.10877231759935763,0.10877231759935763,0.10877231759935763,0.10877231759935763,0.4674310371947155,0.4674310371947155,0.4674310371947155,0.4674310371947155,1.0
