tick,time_s,euler_roll_deg,euler_pitch_deg,gyro_roll_rad_s,gyro_pitch_rad_s,roll_offset_deg,pitch_offset_deg,roll_rad,pitch_rad,rolldot_rad_s,pitchdot_rad_s,vel_roll_raw_rad_s,vel_pitch_raw_rad_s,roll_f_rad,pitch_f_rad,roll_f_deg,pitch_f_deg,rolldot_f_rad_s,pitchdot_f_rad_s,vel_roll_f_rad_s,vel_pitch_f_rad_s,tau_fb_roll_nm,tau_fb_pitch_nm,denom_roll,denom_pitch,tau_ff_roll_g_nm,tau_ff_pitch_g_nm,tau_ff_roll_f_nm,tau_ff_pitch_f_nm,tau_ff_roll_nm,tau_ff_pitch_nm,tau_roll_total_nm,tau_pitch_total_nm,tau_motor1_raw_nm,tau_motor1_sat_nm,tau_motor1_ramped_nm,tau_motor1_final_nm,tau_motor2_raw_nm,tau_motor2_sat_nm,tau_motor2_ramped_nm,tau_motor2_final_nm,ramp_scale
50,12.035985731999972,0.7945092687621568,-1.9114596019661565,0.0019743049051612616,-0.000930166570469737,0.9891590071468491,0.048198386774836184,-0.003397278822958469,0.03252004302979913,0.0019743049051612616,0.000930166570469737,0.019030453637242317,0.0007840343751013279,-0.003397278822958469,0.03252004302979913,-0.19464973838469227,1.8632612151913204,0.0019743049051612616,0.000930166570469737,0.019030453637242317,0.0007840343751013279,0.052847787532948685,-0.48907590746081164,165.77073187239284,5.607290073277694,0.00035749998067338874,-0.08906563965491425,-0.18161814791331538,-0.005580355680511574,-0.181260647932642,-0.09464599533542582,0.1284128603996933,-0.5837219027962375,0.1284128603996933,0.1284128603996933,0.004270173757357402,0.004270173757357402,-0.5516186876963142,-0.5516186876963142,-0.018343237873037484,-0.018343237873037484,0.03325347433322653
100,12.135710935000134,0.7492698843205476,-1.9836273807365112,-0.05292929708957672,-0.0025347096379846334,0.9891590071468491,0.048198386774836184,-0.004186855033040046,0.03377960838319268,-0.05292929708957672,0.0025347096379846334,-0.3223041594028473,-0.002512203063815832,-0.004186855033040046,0.03377960838319268,-0.23988912282630148,1.9354289939616751,-0.05292929708957672,0.0025347096379846334,-0.3223041594028473,-0.002512203063815832,0.16806609610170062,-0.5175431622640098,165.77023852643617,5.607097632269565,0.00044058896314498424,-0.09251721484532509,0.49999748231037844,-0.015195243299587791,0.5004380712735235,-0.10771245814491288,-0.6685041673752241,-0.6252556204089227,-0.6685041673752241,-0.6685041673752241,-0.04445486174585127,-0.04445486174585127,-0.7923816622527287,-0.7923816622527287,-0.052692591855783205,-0.052692591855783205,0.06649900466648735
150,12.254962611000337,0.27336722247235906,-2.04340754422999,-0.05152268335223198,-0.1026647537946701,0.9891590071468491,0.048198386774836184,-0.012492923401296138,0.0348229690635344,-0.05152268335223198,0.1026647537946701,-0.3608097434043884,0.019520731642842293,-0.012492923401296138,0.0348229690635344,-0.71579178467449,1.9952091574551538,-0.05152268335223198,0.1026647537946701,-0.3608097434043884,0.019520731642842293,0.29465324346239774,-0.6899554912995949,165.7588246786305,5.6069326888637105,0.001314709019681963,-0.09537648903936492,0.4999994603744025,-0.2902817093435032,0.5013141693940845,-0.38565819838286813,-0.7959674128564822,-1.075613689682463,-0.7959674128564822,-0.7959674128564822,-0.08449765406344685,-0.08449765406344685,-1.2746055428965837,-1.2746055428965837,-0.13530852707213353,-0.13530852707213353,0.10615717766662176
200,12.411655105000136,-0.4550404359977664,-2.57896267705069,-0.10111428052186966,0.19715386629104614,0.9891590071468491,0.048198386774836184,-0.02520603533834219,0.04417016945721116,-0.10111428052186966,-0.19715386629104614,-0.5130889415740967,-0.20102719962596893,-0.02520603533834219,0.04417016945721116,-1.4441994431446155,2.5307642902758536,-0.10111428052186966,-0.19715386629104614,-0.5130889415740967,-0.20102719962596893,0.570918673094899,-0.2948241306125352,165.71934213131328,5.605231307518264,0.002653009911515731,-0.1209993264608602,0.4999999987789536,0.29977453736632675,0.5026530086904694,0.17877521090546655,-1.0735716817853684,-0.11604891970706865,-1.0735716817853684,-1.0735716817853684,-0.17002798545361034,-0.17002798545361034,-0.38444184015341076,-0.38444184015341076,-0.06088635972277019,-0.06088635972277019,0.1583759969998937
250,12.586477195000043,-1.4373552542212384,-1.3598609951153315,-0.09397155046463013,0.05198705196380615,0.9891590071468491,0.048198386774836184,-0.04235066320747137,0.02289283119083848,-0.09397155046463013,-0.05198705196380615,-0.4395795464515686,-0.6230305433273315,-0.04235066320747137,0.02289283119083848,-2.4265142613680872,1.3116626083404954,-0.09397155046463013,-0.05198705196380615,-0.4395795464515686,-0.6230305433273315,0.8218430782881481,-0.24210967102215714,165.62393932425934,5.608519490261735,0.00445923946942124,-0.06269053721727008,0.49999997689419334,0.23333573548049644,0.5044592163636146,0.17064519826322636,-1.3263022946517626,-0.07146447275893078,-1.3263022946517626,-1.3263022946517626,-0.2873563058993818,-0.2873563058993818,-0.4030400464218714,-0.4030400464218714,-0.0873225503238033,-0.0873225503238033,0.216659736666467
300,12.74548373900052,-2.0958559265362835,-1.2212189338563566,-0.035452671349048615,-0.027803311124444008,0.9891590071468491,0.048198386774836184,-0.05384366806596518,0.020473070740117692,-0.035452671349048615,0.027803311124444008,-1.3440115451812744,0.010919280350208282,-0.05384366806596518,0.020473070740117692,-3.0850149336831327,1.1730205470815205,-0.035452671349048615,0.027803311124444008,-1.3440115451812744,0.010919280350208282,0.8841390056166856,-0.3707322832467549,165.5328922900925,5.608761332339935,0.005671448447932591,-0.056062742867216166,0.5,-0.15151587079130885,0.5056714484479325,-0.207578613658525,-1.3898104540646181,-0.5783108969052799,-1.3898104540646181,-1.3898104540646181,-0.37473868386818604,-0.37473868386818604,-0.9257635104214345,-0.9257635104214345,-0.2496163404541425,-0.2496163404541425,0.2696329436666929
350,12.933721088000311,-2.1649494798498976,-0.7895938804372749,-0.0091624166816473,0.12047619372606277,0.9891590071468491,0.048198386774836184,-0.05504957806318998,0.012939792423858308,-0.0091624166816473,-0.12047619372606277,0.7947704792022705,-0.0891888439655304,-0.05504957806318998,0.012939792423858308,-3.154108486996747,0.7413954936624387,-0.0091624166816473,-0.12047619372606277,0.7947704792022705,-0.0891888439655304,0.8475359712408242,0.04973696755907692,165.52207910092207,5.609341457526566,0.005798720937481315,-0.03543169805806746,-0.4999999999999844,0.29519412149132496,-0.4942012790625031,0.2597624234332575,-0.35333469217832114,0.3094993909923344,-0.35333469217832114,-0.35333469217832114,-0.1174304923843209,-0.1174304923843209,0.22116571794775414,0.22116571794775414,0.07350424323470973,0.07350424323470973,0.33234917199994624
400,13.051098111000101,-2.134234332595762,0.011925089240362423,0.05427687242627144,0.08075738698244095,0.9891590071468491,0.048198386774836184,-0.05451349761337042,-0.001049352614209056,0.05427687242627144,-0.08075738698244095,0.8087636232376099,-0.4086456298828125,-0.05451349761337042,-0.001049352614209056,-3.123393339742611,-0.06012347601519861,0.05427687242627144,-0.08075738698244095,0.8087636232376099,-0.4086456298828125,0.7292896834285625,0.17094914720703966,165.5269155822807,5.609724836453795,0.005742140626497475,0.0028732172423396518,-0.49999999999999106,0.27717514035471585,-0.4942578593734936,0.2800483575970555,-0.2350318240550689,0.4509975048040952,-0.2350318240550689,-0.2350318240550689,-0.08732085534597676,-0.08732085534597676,0.39223954879032796,0.39223954879032796,0.14572789467381383,0.14572789467381383,0.3715277949998684
450,13.208334019000176,-1.574938315993744,0.4675495005758216,0.09900783747434616,-0.0032196147367358208,0.9891590071468491,0.048198386774836184,-0.04475194063037634,-0.009001498744473792,0.09900783747434616,0.0032196147367358208,-2.502063751220703,0.014838052913546562,-0.04475194063037634,-0.009001498744473792,-2.5640973231405932,-0.5157478873506577,0.09900783747434616,0.0032196147367358208,-2.502063751220703,0.014838052913546562,0.49265614507373184,0.11219347768928656,165.60671315718955,5.609540619551205,0.004712403649133778,0.0246473548196673,0.5,-0.019291033215858743,0.5047124036491337,0.005356321603808556,-0.9973685487228656,0.11754979929309511,-0.9973685487228656,-0.9973685487228656,-0.42283611868634624,-0.42283611868634624,-0.1317923378876213,-0.1317923378876213,-0.055873589252798644,-0.055873589252798644,0.4239517269998032
500,13.358589668000604,-0.610511923289094,0.39276663980742466,0.1259024739265442,-0.017792049795389175,0.9891590071468491,0.048198386774836184,-0.027919524684548377,-0.00769629160000477,0.1259024739265442,0.017792049795389175,1.759505271911621,-0.21939115226268768,-0.027919524684548377,-0.00769629160000477,-1.599670930435943,-0.4409650265822609,0.1259024739265442,0.017792049795389175,1.759505271911621,-0.21939115226268768,0.1860016624811718,0.05045578598708349,165.70746714775075,5.6095908513367245,0.002938752683356587,0.021073404067881604,-0.5,-0.10246362716103324,-0.4970612473166434,-0.08139022309315164,0.3110595848354716,-0.03093443710606815,0.3110595848354716,0.3110595848354716,0.14745566636625038,0.14745566636625038,0.046830459102799746,0.046830459102799746,0.022199658489524595,0.022199658489524595,0.4740431529999114
550,13.516774747000454,0.5162413321994607,0.34907429321282335,0.13716302812099457,-0.0018208546098321676,0.9891590071468491,0.048198386774836184,-0.008253970518708229,-0.0069337162940064445,0.13716302812099457,0.0018208546098321676,5.359523296356201,-0.6678961515426636,-0.008253970518708229,-0.0069337162940064445,-0.4729176749473884,-0.3972726799876595,0.13716302812099457,0.0018208546098321676,5.359523296356201,-0.6678961515426636,-0.13399441042459556,0.04790702393482187,165.7660699747959,5.6096165652787375,0.0008685920735378683,0.018985326265605347,-0.5,-0.010920300568127124,-0.49913140792646216,0.008065025697478223,0.6331258183510577,0.0559720496323001,0.6331258183510577,0.6331258183510577,0.3334947619801591,0.3334947619801591,0.21425350422006453,0.21425350422006453,0.11285659077903257,0.11285659077903257,0.5267432669998016
600,13.681452658000126,0.7251562749817878,0.7662443985119103,0.06187083572149277,0.018466897308826447,0.9891590071468491,0.048198386774836184,-0.004607716910541057,-0.014214708172366957,0.06187083572149277,-0.018466897308826447,2.9919605255126953,0.0658036321401596,-0.004607716910541057,-0.014214708172366957,-0.26400273216506126,-0.8144427852867465,0.06187083572149277,-0.018466897308826447,2.9919605255126953,0.0658036321401596,-0.024015381522262916,0.24280826643064007,165.76993359270156,5.6092616662930626,0.0004848774753607695,0.03892299735038923,-0.5,0.10602374551256903,-0.49951512252463925,0.14494674286295828,0.5235305040469022,0.38775500929359835,0.5235305040469022,0.5235305040469022,0.30451243979058107,0.30451243979058107,0.5186376353053239,0.5186376353053239,0.30166649406906954,0.30166649406906954,0.5816517613332811
650,13.836636951999935,1.3472985696843855,1.0440309134598262,0.06398600339889526,0.041282009333372116,0.9891590071468491,0.048198386774836184,0.0062507145479321485,-0.019062997475848532,0.06398600339889526,-0.041282009333372116,1.992377519607544,0.4798451364040375,0.0062507145479321485,-0.019062997475848532,0.3581395625375364,-1.0922293002346624,0.06398600339889526,-0.041282009333372116,1.992377519607544,0.4798451364040375,-0.2248624066229166,0.3468807320952516,165.76846380559903,5.608889817236647,-0.0006577766405749328,0.052200736653719666,-0.5,0.20343841287558784,-0.500657776640575,0.2556391495293075,0.7255201832634915,0.6025198816245592,0.7255201832634915,0.7255201832634915,0.45953706829537416,0.45953706829537416,0.783899927440432,0.783899927440432,0.496514201538216,0.496514201538216,0.6333897786665451
700,13.962457276999885,1.6975206815233148,1.4644389819927488,0.08741918206214905,0.04462989419698715,0.9891590071468491,0.048198386774836184,0.012363243512809277,-0.026400502473697997,0.08741918206214905,-0.04462989419698715,3.8440916538238525,0.1072605773806572,0.012363243512809277,-0.026400502473697997,0.7083616743764657,-1.512637368767585,0.08741918206214905,-0.04462989419698715,3.8440916538238525,0.1072605773806572,-0.3442102530541509,0.4754714257967186,165.75909022978018,5.60812100879231,-0.0013010606028184956,0.07229912146331563,-0.5,0.21380235181340262,-0.5013010606028185,0.28610147327671825,0.8455113136569694,0.7615728990734368,0.8455113136569694,0.8455113136569694,0.5710797983480728,0.5710797983480728,0.9729507274876792,0.9729507274876792,0.6571556125642797,0.6571556125642797,0.6754253776665186
750,14.11767104000046,1.865126586844552,1.9421403848310308,0.00850590504705906,0.05743865296244621,0.9891590071468491,0.048198386774836184,0.015288518406450749,-0.0347379647946218,0.00850590504705906,-0.05743865296244621,4.4208574295043945,-0.13716530799865723,0.015288518406450749,-0.0347379647946218,0.8759675796977028,-1.990338771605867,0.00850590504705906,-0.05743865296244621,4.4208574295043945,-0.13716530799865723,-0.23485723313701387,0.6269299586616417,165.75242633574072,5.606946314720583,-0.0016089483705495097,0.0951435337466412,-0.5,0.2452041633430462,-0.5016089483705495,0.3403476970896874,0.7364661815075634,0.9672776557513291,0.7364661815075634,0.7364661815075634,0.5354490420376757,0.5354490420376757,1.1513942011282199,1.1513942011282199,0.837123193817025,0.837123193817025,0.7270517716666897
800,14.270403073000125,1.5260679923171854,2.5281213101900537,-0.07168634235858917,0.011230544187128544,0.9891590071468491,0.048198386774836184,0.009370829574763775,-0.04496526129601989,-0.07168634235858917,-0.011230544187128544,3.2075295448303223,-0.7510386109352112,0.009370829574763775,-0.04496526129601989,0.5369089851703363,-2.57631969696489,-0.07168634235858917,-0.011230544187128544,3.2075295448303223,-0.7510386109352112,0.02221321905106663,0.6690765895313998,165.7644482785647,5.605068013936118,-0.000986129184509423,0.12317952657791507,-0.5,0.06627251176325426,-0.5009861291845095,0.18945203834116933,0.4787729101334428,0.8585286278725691,0.4787729101334428,0.4787729101334428,0.3724676650237217,0.3724676650237217,0.9782218554059299,0.9782218554059299,0.7610205227707363,0.7610205227707363,0.777963115999834
850,14.422091458000068,0.7519414487813746,2.1968095375636567,0.028921566903591156,-0.07541909068822861,0.9891590071468491,0.048198386774836184,-0.004140227437019348,-0.03918278001307044,0.028921566903591156,0.07541909068822861,3.37258243560791,-1.2672834396362305,-0.004140227437019348,-0.03918278001307044,-0.23721755836547448,-2.245007924338493,0.028921566903591156,0.07541909068822861,3.37258243560791,-1.2672834396362305,0.024720880992825517,0.4126168818038227,165.77027051444574,5.606189192400508,0.00043568221620118153,0.10732601796949472,-0.5,-0.27199543899263434,-0.49956431778379884,-0.16466942102313964,0.4748434367909733,0.24794746078068308,0.4748434367909733,0.4748434367909733,0.3934271693823562,0.3934271693823562,0.3666583199784264,0.3666583199784264,0.3037913842391446,0.3037913842391446,0.8285408176664836
900,14.57452529800048,0.8014424977391016,1.7981439888712947,0.05849655717611313,-0.0014784205704927444,0.9891590071468491,0.048198386774836184,-0.003276271149516105,-0.03222475357411895,0.05849655717611313,0.0014784205704927444,3.8090617656707764,-1.08161199092865,-0.003276271149516105,-0.03222475357411895,-0.18771650940774753,-1.8463423756461308,0.05849655717611313,0.0014784205704927444,3.8090617656707764,-1.08161199092865,-0.051359574383000595,0.4842145576918021,165.7707984030178,5.6073341310157865,0.00034476609699592283,0.08825649099348021,-0.5,-0.008867939187242352,-0.4996552339030041,0.07938855180623786,0.5510148082860047,0.5636031094980399,0.5510148082860047,0.5510148082860047,0.48442154610361765,0.48442154610361765,0.7013568115695411,0.7013568115695411,0.6165938663021775,0.6165938663021775,0.8791443329998098
950,14.73832224600028,0.7216629000255907,1.7827534382371404,0.005229739472270012,-0.01711205765604973,0.9891590071468491,0.048198386774836184,-0.0046686878055334086,-0.031956137791858054,0.005229739472270012,0.01711205765604973,2.7925593852996826,-1.5284146070480347,-0.0046686878055334086,-0.031956137791858054,-0.2674961071212583,-1.8309518250119765,0.005229739472270012,0.01711205765604973,2.7925593852996826,-1.5284146070480347,0.07240075887120419,0.4496014014536779,165.7698869962031,5.6073738600467955,0.0004912936326756714,0.08752044301980064,-0.5,-0.09884301981512561,-0.4995087063673243,-0.011322576795324973,0.42710794749612013,0.4382788246583529,0.42710794749612013,0.42710794749612013,0.3988985064328299,0.3988985064328299,0.5450558115323829,0.5450558115323829,0.5090562009379997,0.5090562009379997,0.9339524323331716
1000,14.844133248000617,0.7165266511305941,1.639886691533101,0.021704455837607384,-0.00915251113474369,0.9891590071468491,0.048198386774836184,-0.00475833225995302,-0.02946264267025981,0.021704455837607384,0.00915251113474369,2.566410541534424,-1.8817757368087769,-0.00475833225995302,-0.02946264267025981,-0.27263235601625496,-1.688085078307937,0.021704455837607384,0.00915251113474369,2.566410541534424,-1.8817757368087769,0.0649498181719187,0.3960443982578876,165.7698173738283,5.607726788425695,0.0005007272046061576,0.08068831997019402,-0.5,-0.05430982414454947,-0.49949927279539386,0.026378495825644548,0.43454945462347516,0.4224228940835322,0.43454945462347516,0.43454945462347516,0.42110368188986563,0.42110368188986563,0.531060257739401,0.531060257739401,0.5146282602821654,0.5146282602821654,0.9690581299998181
1050,15.008247540000411,0.8908495672528627,1.6272785892120805,-0.03477904945611954,-0.03556008264422417,0.9891590071468491,0.048198386774836184,-0.0017158234119415278,-0.029242589772329665,-0.03477904945611954,0.03556008264422417,2.5565590858459473,-2.7328543663024902,-0.0017158234119415278,-0.029242589772329665,-0.0983094398939864,-1.6754769759869166,-0.03477904945611954,0.03556008264422417,2.5565590858459473,-2.7328543663024902,0.11731368769500952,0.4121068148456981,165.77144017997142,5.607756558970634,0.0001805577718419029,0.08008541599023983,-0.5,-0.1834289414864447,-0.4998194422281581,-0.10334352549620487,0.3825057545331486,0.30876328934949326,0.3825057545331486,0.3825057545331486,0.3825057545331486,0.3825057545331486,0.4043897279827804,0.4043897279827804,0.4043897279827804,0.4043897279827804,1.0
1100,15.162134502999834,0.9540520290464881,1.4907987097122377,0.005458552855998278,0.01249124389141798,0.9891590071468491,0.048198386774836184,-0.0006127323582768435,-0.026860566512332297,0.005458552855998278,-0.01249124389141798,3.248053789138794,-2.8662192821502686,-0.0006127323582768435,-0.026860566512332297,-0.03510697810036099,-1.5389970964870738,0.005458552855998278,-0.01249124389141798,3.248053789138794,-2.8662192821502686,-0.015452971128695737,0.46402152530556917,165.7716517969296,5.608064538234921,6.447836922390284e-05,0.07355947055823574,-0.5,0.07342621137085102,-0.4999355216307761,0.14698568192908676,0.5153884927594719,0.611007207234656,0.5153884927594719,0.5153884927594719,0.5153884927594719,0.5153884927594719,0.739854330424524,0.739854330424524,0.739854330424524,0.739854330424524,1.0
1150,15.333585121000397,0.8457330728554608,1.5084748123974077,0.01651441678404808,-0.007232325151562691,0.9891590071468491,0.048198386774836184,-0.0025032547861337656,-0.027169072703109122,0.01651441678404808,0.007232325151562691,4.582448482513428,-3.751070022583008,-0.0025032547861337656,-0.027169072703109122,-0.14342593429138828,-1.5566731991722438,0.01651441678404808,0.007232325151562691,4.582448482513428,-3.751070022583008,0.02955249729148832,0.37477453766619767,165.77116647509342,5.6080261243377985,0.0002634202327545358,0.07440463848376151,-0.5,-0.04309382418401079,-0.49973657976724545,0.031310814299750724,0.4701840824757571,0.4060853519659484,0.4701840824757571,0.4701840824757571,0.4701840824757571,0.4701840824757571,0.5236313725848877,0.5236313725848877,0.5236313725848877,0.5236313725848877,1.0
1200,15.503586937000364,0.92141503731464,1.4980907904248726,-0.04264860600233078,-0.00931950006633997,0.9891590071468491,0.048198386774836184,-0.0011823553219437594,-0.02698783733008895,-0.04264860600233078,0.00931950006633997,3.849533796310425,-3.782728433609009,-0.0011823553219437594,-0.02698783733008895,-0.06774396983220911,-1.5462891771997087,-0.04264860600233078,0.00931950006633997,3.849533796310425,-3.782728433609009,0.12093329353471238,0.35173550195770353,165.77156755551087,5.608048744150958,0.0001244203406621115,0.07390813399016997,-0.5,-0.05527833233932289,-0.4998755796593379,0.018629801650847086,0.3789422861246255,0.37036530360855063,0.3789422861246255,0.3789422861246255,0.3789422861246255,0.3789422861246255,0.465100875139707,0.465100875139707,0.465100875139707,0.465100875139707,1.0
1250,15.684858977000658,0.7709412207833518,1.4143241765050727,-0.04524516314268112,-0.03598976880311966,0.9891590071468491,0.048198386774836184,-0.003808618858456611,-0.025525834113941527,-0.04524516314268112,0.03598976880311966,3.499638795852661,-1.8718714714050293,-0.003808618858456611,-0.025525834113941527,-0.21821778636349728,-1.4625225632799088,-0.04524516314268112,0.03598976880311966,3.499638795852661,-1.8718714714050293,0.17801616633227485,0.31755243884983914,165.77048767517542,5.60822568007339,0.00040078620930399534,0.06990302207638897,-0.5,-0.1850347614364374,-0.499599213790696,-0.11513173936004843,0.32158304745842115,0.2024206994897907,0.32158304745842115,0.32158304745842115,0.32158304745842115,0.32158304745842115,0.282816461354396,0.282816461354396,0.282816461354396,0.282816461354396,1.0
1300,15.74844714000028,0.6681362549649347,1.3273463064583089,-0.013973986729979515,-0.06180031970143318,0.9891590071468491,0.048198386774836184,-0.005602903999388217,-0.024007783905253745,-0.013973986729979515,0.06180031970143318,3.757750988006592,-1.4950793981552124,-0.005602903999388217,-0.024007783905253745,-0.32102275218191445,-1.375544693233145,-0.013973986729979515,0.06180031970143318,3.757750988006592,-1.4950793981552124,0.13843235559645062,0.2485436508052799,165.76909643445006,5.60839897545578,0.000589604595397097,0.06574460280701248,-0.5,-0.25329382420064633,-0.4994103954046029,-0.18754922139363384,0.3609780398081523,0.06099442941164607,0.3609780398081523,0.3609780398081523,0.3609780398081523,0.3609780398081523,0.15123893936368416,0.15123893936368416,0.15123893936368416,0.15123893936368416,1.0
1350,15.804175592999854,0.7021503302273338,1.1451318004411781,-0.00921634677797556,-0.08128633350133896,0.9891590071468491,0.048198386774836184,-0.005009246394038198,-0.020827540830359793,-0.00921634677797556,0.08128633350133896,4.47050666809082,-0.30913466215133667,-0.005009246394038198,-0.020827540830359793,-0.2870086769195153,-1.1933301872160142,-0.00921634677797556,0.08128633350133896,4.47050666809082,-0.30913466215133667,0.11150446996288457,0.15912764377786864,165.7696154614721,5.608727591922212,0.000527131742305546,0.05703361533063661,-0.5,-0.2776351807684516,-0.49947286825769444,-0.220601565437815,0.3879683982948099,-0.06147392165994636,0.3879683982948099,0.3879683982948099,0.3879683982948099,0.3879683982948099,0.03551817791375611,0.03551817791375611,0.03551817791375611,0.03551817791375611,1.0
1400,15.943252658000347,0.883393295195883,0.9898280263104859,-0.0033797232899814844,-0.036683134734630585,0.9891590071468491,0.048198386774836184,-0.0018459599092602724,-0.01811697863100562,-0.0033797232899814844,0.036683134734630585,3.052213191986084,0.6676439046859741,-0.0018459599092602724,-0.01811697863100562,-0.10576571195096603,-1.038026413085322,-0.0033797232899814844,0.036683134734630585,3.052213191986084,0.6676439046859741,0.05531335683053704,0.18907717922585626,165.77140199267075,5.608970881438082,0.00019425219217617174,0.049609800745874594,-0.5,-0.1875903107792419,-0.49980574780782383,-0.1379805100333673,0.44449239097728677,0.05109666919248895,0.44449239097728677,0.44449239097728677,0.44449239097728677,0.44449239097728677,0.16221976693681064,0.16221976693681064,0.16221976693681064,0.16221976693681064,1.0
1450,16.106270592000328,0.7389787635928954,0.5334653083780875,-0.04453310742974281,-0.07695583999156952,0.9891590071468491,0.048198386774836184,-0.004366468973457813,-0.010151946619735099,-0.04453310742974281,0.07695583999156952,3.1125805377960205,2.2973453998565674,-0.004366468973457813,-0.010151946619735099,-0.25018024355395374,-0.5816636951529236,-0.04453310742974281,0.07695583999156952,3.1125805377960205,2.2973453998565674,0.17523961550133993,0.011928659908490291,165.77011195776478,5.6094898325655755,0.00045949023759307006,0.027797590604407226,-0.5,-0.27359155193644275,-0.49954050976240694,-0.24579396133203552,0.324300894261067,-0.23386530142354522,0.324300894261067,0.324300894261067,0.324300894261067,0.324300894261067,-0.15279007785827847,-0.15279007785827847,-0.15279007785827847,-0.15279007785827847,1.0
1500,16.257162220999817,0.6107755259023742,0.36522067364774835,-0.026013948023319244,-0.05539672449231148,0.9891590071468491,0.048198386774836184,-0.0066040375828742975,-0.00721552379487548,-0.026013948023319244,0.05539672449231148,3.0749669075012207,3.41554594039917,-0.0066040375828742975,-0.00721552379487548,-0.3783834812444749,-0.4134190604225846,-0.026013948023319244,0.05539672449231148,3.0749669075012207,3.41554594039917,0.1624400753287391,0.02849253467972805,165.76808962156917,5.609607375029576,0.0006949586546334751,0.019756967404817877,-0.5,-0.24099931611868444,-0.4993050413453665,-0.22124234871386655,0.3368649660166274,-0.1927498140341385,0.3368649660166274,0.3368649660166274,0.3368649660166274,0.3368649660166274,-0.10853357252998164,-0.10853357252998164,-0.10853357252998164,-0.10853357252998164,1.0
1550,16.408846748000542,0.43359777747002537,0.1688110468435609,0.017008023336529732,-0.004811522085219622,0.9891590071468491,0.048198386774836184,-0.009696372654289007,-0.003787529124529101,0.017008023336529732,0.004811522085219622,3.039991617202759,2.9395837783813477,-0.009696372654289007,-0.003787529124529101,-0.5555612296768238,-0.21700943361839709,0.017008023336529732,0.004811522085219622,3.039991617202759,2.9395837783813477,0.13047864822040922,0.053931119621760726,165.76393690127068,5.609694310334558,0.0010203894530316792,0.010370612352713965,-0.5,-0.02878034910531218,-0.4989796105469683,-0.018409736752598216,0.3685009623265591,0.03552138286916251,0.3685009623265591,0.3685009623265591,0.3685009623265591,0.3685009623265591,0.1276466234508023,0.1276466234508023,0.1276466234508023,0.1276466234508023,1.0
1600,16.562582538000242,0.4787072015544192,0.1100098082066823,0.004343332722783089,-0.03095351904630661,0.9891590071468491,0.048198386774836184,-0.008909064680337905,-0.002761253906064667,0.004343332722783089,0.03095351904630661,3.2270545959472656,3.0803709030151367,-0.008909064680337905,-0.002761253906064667,-0.5104518055924299,-0.15820819498151847,0.004343332722783089,0.03095351904630661,3.2270545959472656,3.0803709030151367,0.14542067470889447,0.007396443517983901,165.76514368887047,5.609709800957919,0.0009375332377091608,0.00756056149719903,-0.5,-0.1651441326961003,-0.4990624667622908,-0.15758357119890126,0.35364179205339635,-0.15018712768091735,0.35364179205339635,0.35364179205339635,0.35364179205339635,0.35364179205339635,-0.061776679667568266,-0.061776679667568266,-0.061776679667568266,-0.061776679667568266,1.0
1650,16.67577885100036,0.5101348229163519,0.10621940673297563,-0.009348591789603233,-0.009032445028424263,0.9891590071468491,0.048198386774836184,-0.008360549211502075,-0.00269509892037604,-0.009348591789603233,0.009032445028424263,2.9543251991271973,2.984955310821533,-0.008360549211502075,-0.00269509892037604,-0.47902418423049714,-0.1544177935078118,-0.009348591789603233,0.009032445028424263,2.9543251991271973,2.984955310821533,0.16176686604507837,0.03942367815502611,165.7659240914327,5.609710632931877,0.0008798082094884678,0.007379422546990086,-0.5,-0.05361273526442122,-0.49912019179051154,-0.046233312717431134,0.3373533257454332,-0.006809634562405027,0.3373533257454332,0.3373533257454332,0.3373533257454332,0.3373533257454332,0.07752869687395328,0.07752869687395328,0.07752869687395328,0.07752869687395328,1.0
1700,16.731142004000503,0.48712119419908156,0.07337524815988587,0.0058158873580396175,-0.0005711270496249199,0.9891590071468491,0.048198386774836184,-0.008762212805449962,-0.0021218602132285014,0.0058158873580396175,0.0005711270496249199,3.378777027130127,3.145446300506592,-0.008762212805449962,-0.0021218602132285014,-0.5020378129477675,-0.12157363493472206,0.0058158873580396175,0.0005711270496249199,3.378777027130127,3.145446300506592,0.13703780588815206,0.046047383329515544,165.76535748230899,5.609716997270658,0.0009220786910599209,0.00580983963975157,-0.5,-0.0034266132705601596,-0.4990779213089401,0.0023832263691914105,0.362040115420788,0.04843060969870695,0.362040115420788,0.362040115420788,0.362040115420788,0.362040115420788,0.13894063855390396,0.13894063855390396,0.13894063855390396,0.13894063855390396,1.0
1750,16.869956010999886,0.5722141454783334,0.11338974465974029,0.016550656408071518,0.0005125021561980247,0.9891590071468491,0.048198386774836184,-0.007277060635387897,-0.0028202449256787077,0.016550656408071518,-0.0005125021561980247,4.024158477783203,3.4002304077148438,-0.007277060635387897,-0.0028202449256787077,-0.4169448616685157,-0.16158813143457648,0.016550656408071518,-0.0005125021561980247,4.024158477783203,3.4002304077148438,0.09319868385282791,0.09670567381483228,165.76731995459178,5.609709042063389,0.0007657848417820975,0.007722084834499099,-0.5,0.0030749052512919653,-0.4992342151582179,0.010796990085791065,0.40603553130539,0.10750266390062334,0.40603553130539,0.40603553130539,0.40603553130539,0.40603553130539,0.20901154672697084,0.20901154672697084,0.20901154672697084,0.20901154672697084,1.0
1800,17.02374708000025,0.7057437567827008,0.09688628673748376,0.03177523985505104,-0.008532091043889523,0.9891590071468491,0.048198386774836184,-0.004946529269218444,-0.002532205246970989,0.03177523985505104,0.008532091043889523,5.731682777404785,3.5995712280273438,-0.004946529269218444,-0.002532205246970989,-0.2834152503641482,-0.14508467351231993,0.03177523985505104,0.008532091043889523,5.731682777404785,3.5995712280273438,0.029263711996323674,0.024008723013639634,165.7696669027833,5.609712595509034,0.0005205318024197128,0.006933403618792166,-0.5,-0.050701380676822075,-0.49947946819758027,-0.04376797705802991,0.4702157562012566,-0.019759254044390273,0.4702157562012566,0.4702157562012566,0.4702157562012566,0.4702157562012566,0.09779468500592388,0.09779468500592388,0.09779468500592388,0.09779468500592388,1.0
1850,17.17387459300062,0.691109382794861,0.16215494745610415,0.009593230672180653,0.02902906760573387,0.9891590071468491,0.048198386774836184,-0.005201947279274463,-0.0036713582748780027,0.009593230672180653,-0.02902906760573387,4.516853332519531,3.641742467880249,-0.005201947279274463,-0.0036713582748780027,-0.2980496243519881,-0.21035333423094033,0.009593230672180653,-0.02902906760573387,4.516853332519531,3.641742467880249,0.07282427962006993,0.11057602762046757,165.7694533510573,5.609696307506497,0.000547410348645118,0.010052523470633694,-0.5,0.15692635203750985,-0.49945258965135486,0.16697887550814355,0.42662831003128493,0.27755490312861114,0.42662831003128493,0.42662831003128493,0.42662831003128493,0.42662831003128493,0.38421198063643236,0.38421198063643236,0.38421198063643236,0.38421198063643236,1.0
1900,17.331370001999858,0.8937292924008164,0.15482724837416473,0.017992660403251648,0.012372064404189587,0.9891590071468491,0.048198386774836184,-0.0016655627265572542,-0.003543465799302794,0.017992660403251648,-0.012372064404189587,4.687228202819824,3.8463187217712402,-0.0016655627265572542,-0.003543465799302794,-0.09542971474603267,-0.2030256351490009,0.017992660403251648,-0.012372064404189587,4.687228202819824,3.8463187217712402,-0.0028380186285898515,0.05158417011390788,165.77145418150315,5.60969843424965,0.000175268781038194,0.0097023396850488,-0.5,0.07275357966605388,-0.4998247312189618,0.08245591935110268,0.5026627498475517,0.13404008946501056,0.5026627498475517,0.5026627498475517,0.5026627498475517,0.5026627498475517,0.25970577692689845,0.25970577692689845,0.25970577692689845,0.25970577692689845,1.0
1950,17.48522816500008,0.9314579767154975,0.27503845770447016,-0.014050493016839027,0.054849833250045776,0.9891590071468491,0.048198386774836184,-0.0010070729628205294,-0.005641547199920752,-0.014050493016839027,-0.054849833250045776,6.243413925170898,3.8824334144592285,-0.0010070729628205294,-0.005641547199920752,-0.0577010304313516,-0.3232368444793064,-0.014050493016839027,-0.054849833250045776,6.243413925170898,3.8824334144592285,0.06268644984370142,0.1873238698987555,165.77159917256685,5.609654017604918,0.00010597520296691267,0.015447154840618246,-0.5,0.23982528697956468,-0.4998940247970331,0.25527244182018294,0.4372075749533317,0.44259631171893843,0.4372075749533317,0.4372075749533317,0.4372075749533317,0.4372075749533317,0.5518982054572713,0.5518982054572713,0.5518982054572713,0.5518982054572713,1.0
2000,17.633534241000234,0.7455655739128735,0.1997355954246531,0.025714673101902008,-0.012850798666477203,0.9891590071468491,0.048198386774836184,-0.004251507446169853,-0.004327264316962101,0.025714673101902008,0.012850798666477203,6.69183874130249,4.299407958984375,-0.004251507446169853,-0.004327264316962101,-0.2435934332339756,-0.24793398219948928,0.025714673101902008,0.012850798666477203,6.69183874130249,4.299407958984375,0.03129224284909487,0.045486399749196625,165.77019358010895,5.609684215429129,0.0004473925130657239,0.011848470942955509,-0.5,-0.07545070813124133,-0.49955260748693425,-0.06360223718828582,0.4682603646378394,-0.018115837439089198,0.4682603646378394,0.4682603646378394,0.4682603646378394,0.4682603646378394,0.09894925372037064,0.09894925372037064,0.09894925372037064,0.09894925372037064,1.0
2050,17.79327368400027,0.9175182009497361,0.24261021362913054,0.011769203469157219,-0.03809266537427902,0.9891590071468491,0.048198386774836184,-0.0012503679469227785,-0.005075567570165731,0.011769203469157219,0.03809266537427902,7.587442874908447,3.628124475479126,-0.0012503679469227785,-0.005075567570165731,-0.07164080619711294,-0.2908086004039667,0.011769203469157219,0.03809266537427902,7.587442874908447,3.628124475479126,0.022984026289011736,0.0514548474987236,165.77155392429108,5.609667998077234,0.00013157737908752224,0.013897421974186537,-0.5,-0.19265019008330692,-0.49986842262091247,-0.17875276810912039,0.4768843963319007,-0.1272979206103968,0.4768843963319007,0.4768843963319007,0.4768843963319007,0.4768843963319007,-0.008076821527421618,-0.008076821527421618,-0.008076821527421618,-0.008076821527421618,1.0
2100,17.85965009099982,1.0289947856105721,0.24214391981614494,0.038306962698698044,0.016902988776564598,0.9891590071468491,0.048198386774836184,0.0006952654942870146,-0.005067429207847454,0.038306962698698044,-0.016902988776564598,7.8888092041015625,3.6213996410369873,0.0006952654942870146,-0.005067429207847454,0.039835778463722986,-0.29034230659098115,0.038306962698698044,-0.016902988776564598,7.8888092041015625,3.6213996410369873,-0.08514087381271057,0.14447028610806434,165.77164290311796,5.609668188336884,-7.316340689745536e-05,0.013875138027929114,-0.5,0.09772324311490933,-0.5000731634068974,0.11159838114283845,0.585214037219608,0.25606866725090277,0.585214037219608,0.585214037219608,0.585214037219608,0.585214037219608,0.40237217655580476,0.40237217655580476,0.40237217655580476,0.40237217655580476,1.0
2150,18.018803631000083,1.196795671488272,0.2973047676770059,0.0013999978546053171,0.0013651143526658416,0.9891590071468491,0.048198386774836184,0.0036239434406161314,-0.006030167621211149,0.0013999978546053171,-0.0013651143526658416,8.847457885742188,4.096146583557129,0.0036239434406161314,-0.006030167621211149,0.2076366643414228,-0.3455031544518421,0.0013999978546053171,-0.0013651143526658416,8.847457885742188,4.096146583557129,-0.046992460380548516,0.10196447105825758,165.7706007586722,5.609643563109808,-0.00038135238776691727,0.016511257078667338,-0.5,0.00818865156952715,-0.5003813523877669,0.024699908648194487,0.5473738127683154,0.12666437970645206,0.5473738127683154,0.5473738127683154,0.5473738127683154,0.5473738127683154,0.2635078328985309,0.2635078328985309,0.2635078328985309,0.2635078328985309,1.0
2200,18.172205261000272,0.9682305412680825,0.3119407158100061,-0.015294970944523811,-0.018189817667007446,0.9891590071468491,0.048198386774836184,-0.0003652706369757647,-0.006285613105283119,-0.015294970944523811,0.018189817667007446,10.075014114379883,4.504210948944092,-0.0003652706369757647,-0.006285613105283119,-0.02092846587876655,-0.3601391025848423,-0.015294970944523811,0.018189817667007446,10.075014114379883,4.504210948944092,0.060907490904635694,0.10871556741247376,165.77167173581043,5.609636312030133,3.843774985377069e-05,0.01721070791588302,-0.5,-0.10456607189865384,-0.4999615622501462,-0.08735536398277083,0.4390540713455105,0.021360203429702934,0.4390540713455105,0.4390540713455105,0.4390540713455105,0.4390540713455105,0.13112372126608057,0.13112372126608057,0.13112372126608057,0.13112372126608057,1.0
2250,18.32441135800036,0.9669566042661694,0.2637900699563847,-0.009876005351543427,0.060350868850946426,0.9891590071468491,0.048198386774836184,-0.0003875050321221346,-0.00544522579817567,-0.009876005351543427,-0.060350868850946426,9.665928840637207,3.7487292289733887,-0.0003875050321221346,-0.00544522579817567,-0.022202402880679706,-0.3119884567312209,-0.009876005351543427,-0.060350868850946426,9.665928840637207,3.7487292289733887,0.030119070608318522,0.15214108471871385,165.77167035687648,5.609659034278253,4.0777495003314637e-05,0.014909598086680666,-0.5,0.2507347691105349,-0.4999592225049967,0.26564436719721557,0.46984015189667816,0.4177854519159294,0.46984015189667816,0.46984015189667816,0.46984015189667816,0.46984015189667816,0.5352454898900989,0.5352454898900989,0.5352454898900989,0.5352454898900989,1.0
2300,18.47145190900028,1.0810256726038483,0.2466490432235766,0.00920837838202715,0.005743107758462429,0.9891590071468491,0.048198386774836184,0.001603375785052777,-0.005146058444515802,0.00920837838202715,-0.005743107758462429,12.115036964416504,4.110101699829102,0.001603375785052777,-0.005146058444515802,0.09186666545699917,-0.2948474299984128,0.00920837838202715,-0.005743107758462429,12.115036964416504,4.110101699829102,-0.013251787102490281,0.11905372210610499,165.77147092932518,5.6096663373579085,-0.0001687247775428982,0.014090435661139118,-0.5,0.034307900779470386,-0.5001687247775429,0.04839833644060951,0.5134205118800332,0.1674520585467145,0.5134205118800332,0.5134205118800332,0.5134205118800332,0.5134205118800332,0.2958071865167228,0.2958071865167228,0.2958071865167228,0.2958071865167228,1.0
2350,18.62324063200049,1.0482108825101684,0.25323403927455646,0.02792409248650074,-0.014485076069831848,0.9891590071468491,0.048198386774836184,0.0010306496545672457,-0.005260988306836225,0.02792409248650074,0.014485076069831848,12.908272743225098,4.535860061645508,0.0010306496545672457,-0.005260988306836225,0.05905187536331937,-0.30143242604939263,0.02792409248650074,0.014485076069831848,12.908272743225098,4.535860061645508,-0.04712012640545973,0.03935317228677916,165.77159521452447,5.609663580567954,-0.00010845620138380214,0.014405129615833482,-0.5,-0.084558020955153,-0.5001084562013838,-0.07015289133931951,0.5472285826068435,-0.03079971905254035,0.5472285826068435,0.5472285826068435,0.5472285826068435,0.5472285826068435,0.10600742659917052,0.10600742659917052,0.10600742659917052,0.10600742659917052,1.0
2400,18.76596827600042,1.0926598326379071,0.21037665662556274,0.02031334862112999,0.00943723600357771,0.9891590071468491,0.048198386774836184,0.0018064301833510404,-0.0045129858708241955,0.02031334862112999,-0.00943723600357771,12.731748580932617,3.257911443710327,0.0018064301833510404,-0.0045129858708241955,0.10350082549105809,-0.25857504340039894,0.02031334862112999,-0.00943723600357771,12.731748580932617,3.257911443710327,-0.02622356677073138,0.09506867543473108,165.7714138873654,5.609680431258631,-0.00019009243084536258,0.012356999591154648,-0.5,0.055960466402236335,-0.5001900924308453,0.06831746599339099,0.5264136592015767,0.16338614142812208,0.5264136592015767,0.5264136592015767,0.5264136592015767,0.5264136592015767,0.29498955622851625,0.29498955622851625,0.29498955622851625,0.29498955622851625,1.0
2450,18.822244106000653,1.1114401848127977,0.29057185534181296,0.0409720353782177,-0.04315639287233353,0.9891590071468491,0.048198386774836184,0.002134209163486958,-0.005912656132713892,0.0409720353782177,0.04315639287233353,14.492805480957031,5.679574012756348,0.002134209163486958,-0.005912656132713892,0.12228117766594862,-0.33877024211664913,0.0409720353782177,0.04315639287233353,14.492805480957031,5.679574012756348,-0.09671902023798375,0.01893865998450779,165.7713074730422,5.609646797780065,-0.00022458503221027695,0.016189492249462433,-0.5,-0.20935971497940603,-0.5002245850322102,-0.1931702227299436,0.596943605270194,-0.17423156274543583,0.596943605270194,0.596943605270194,0.596943605270194,0.596943605270194,-0.02499566142788734,-0.02499566142788734,-0.02499566142788734,-0.02499566142788734,1.0
2500,18.87640343500061,1.2361517550944143,0.2238933075083271,0.0002958085387945175,0.079292893409729,0.9891590071468491,0.048198386774836184,0.004310836680233479,-0.004748895932571031,0.0002958085387945175,-0.079292893409729,14.096399307250977,-0.22172565758228302,0.004310836680233479,-0.004748895932571031,0.24699274794756518,-0.27209169428316327,0.0002958085387945175,-0.079292893409729,14.096399307250977,-0.22172565758228302,-0.05224951834197617,0.23869479798681842,165.7701517284503,5.609675395216077,-0.0004536358935820236,0.013002951502277533,-0.5,0.27585354380904326,-0.500453635893582,0.2888564953113208,0.5527031542355583,0.5275512932981392,0.5527031542355583,0.5527031542355583,0.5527031542355583,0.5527031542355583,0.6657270818570288,0.6657270818570288,0.6657270818570288,0.6657270818570288,1.0
2550,19.04827789800038,1.2077003886633146,0.21681991291105163,0.03645619377493858,-0.002759188413619995,0.9891590071468491,0.048198386774836184,0.0038142666593194013,-0.004625441907555796,0.03645619377493858,0.002759188413619995,13.5531644821167,4.156191825866699,0.0038142666593194013,-0.004625441907555796,0.21854138151646552,-0.2650182996858878,0.03645619377493858,0.002759188413619995,13.5531644821167,4.156191825866699,-0.0866514301109735,0.0479202715333912,165.77048412826431,5.609678062624451,-0.0004013805408773765,0.012664918468769227,-0.5,-0.016538346098923035,-0.5004013805408773,-0.003873427630153808,0.5870528106518509,0.04404684390323739,0.5870528106518509,0.5870528106518509,0.5870528106518509,0.5870528106518509,0.1908100465662001,0.1908100465662001,0.1908100465662001,0.1908100465662001,1.0
2600,19.21141870200063,1.4539760926796412,0.331654562745367,0.004959976300597191,0.11290538311004639,0.9891590071468491,0.048198386774836184,0.008112588562071324,-0.00662968464253936,0.004959976300597191,-0.11290538311004639,16.64575958251953,3.4942007064819336,0.008112588562071324,-0.00662968464253936,0.46481708553279216,-0.37985294952020315,0.004959976300597191,-0.11290538311004639,16.64575958251953,3.4942007064819336,-0.11166344170841601,0.22994424098318414,165.76626060824435,5.609626069779577,-0.0008537133393993539,0.018152833760058534,-0.5,0.2935127200959286,-0.5008537133393993,0.31166555385598715,0.6125171550478153,0.5416097948391713,0.6125171550478153,0.6125171550478153,0.6125171550478153,0.6125171550478153,0.6947390836011251,0.6947390836011251,0.6947390836011251,0.6947390836011251,1.0
2650,19.36594763300036,1.398816658881382,0.45350230941319125,0.0035916361957788467,0.00781511701643467,0.9891590071468491,0.048198386774836184,0.00714987482875586,-0.008756329008028842,0.0035916361957788467,-0.00781511701643467,16.8884220123291,3.429532289505005,0.00714987482875586,-0.008756329008028842,0.40965765173453295,-0.5017006961880274,0.0035916361957788467,-0.00781511701643467,16.8884220123291,3.429532289505005,-0.05627093831560266,0.12355292949318765,165.76747112317835,5.609550654062765,-0.0007524002781068665,0.023976020509786023,-0.5,0.04651254388796332,-0.5007524002781069,0.07048856439774934,0.5570233385937096,0.194041493890937,0.5570233385937096,0.5570233385937096,0.5570233385937096,0.5570233385937096,0.3332973285393644,0.3332973285393644,0.3332973285393644,0.3332973285393644,1.0
2700,19.465324157000396,1.4146088032943918,0.4514963148704702,0.007545806467533112,-0.01708005741238594,0.9891590071468491,0.048198386774836184,0.007425499744713307,-0.008721317798481322,0.007545806467533112,0.01708005741238594,16.200035095214844,3.2746798992156982,0.007425499744713307,-0.008721317798481322,0.4254497961475427,-0.4996947016453063,0.007545806467533112,0.01708005741238594,16.200035095214844,3.2746798992156982,-0.11076169554012266,0.16928220637318445,165.76714015447038,5.609552064422147,-0.0007814060554703206,0.02388015148469191,-0.5,-0.0986718249800712,-0.5007814060554703,-0.07479167349537928,0.611543101595593,0.09449053287780516,0.611543101595593,0.611543101595593,0.611543101595593,0.611543101595593,0.24737630827670343,0.24737630827670343,0.24737630827670343,0.24737630827670343,1.0
2750,19.54480671300007,1.4607116196966259,0.5290510851835551,0.04778437688946724,-0.036472197622060776,0.9891590071468491,0.048198386774836184,0.008230145685374737,-0.010074903891072608,0.04778437688946724,0.036472197622060776,17.870561599731445,4.771754264831543,0.008230145685374737,-0.010074903891072608,0.47155261254977676,-0.5772494719583913,0.04778437688946724,0.036472197622060776,17.870561599731445,4.771754264831543,-0.19569252164923046,0.12031107098331703,165.7661023299299,5.609493424246622,-0.0008660847967390696,0.02758662527034453,-0.5,-0.18681751428344728,-0.5008660847967391,-0.15923088901310276,0.6965586064459696,-0.038919818029785724,0.6965586064459696,0.6965586064459696,0.6965586064459696,0.6965586064459696,0.13521983358170667,0.13521983358170667,0.13521983358170667,0.13521983358170667,1.0
2800,19.69718799600014,1.560282971190718,0.5699783257422121,0.010250793769955635,0.03284674510359764,0.9891590071468491,0.048198386774836184,0.00996799360960722,-0.010789218992576937,0.010250793769955635,-0.03284674510359764,20.37074851989746,3.0773956775665283,0.00996799360960722,-0.010789218992576937,0.5711239640438689,-0.6181767125170484,0.010250793769955635,-0.03284674510359764,20.37074851989746,3.0773956775665283,-0.16567444561628797,0.24613761733808603,165.76349686466133,5.609459074200629,-0.0010489751019047788,0.029542636616749395,-0.5,0.17289599618925552,-0.5010489751019048,0.2024386328060049,0.6667234207181928,0.44857625014409097,0.6667234207181928,0.6667234207181928,0.6667234207181928,0.6667234207181928,0.6152571053236392,0.6152571053236392,0.6152571053236392,0.6152571053236392,1.0
2850,19.893533681000008,1.4740877981341554,0.7552653496687908,0.02866004966199398,-0.033554188907146454,0.9891590071468491,0.048198386774836184,0.008463604040443898,-0.014023087621317244,0.02866004966199398,0.033554188907146454,22.78128433227539,4.053590774536133,0.008463604040443898,-0.014023087621317244,0.48492879098730624,-0.8034637364436269,0.02866004966199398,0.033554188907146454,22.78128433227539,4.053590774536133,-0.1526935342311083,0.1689461593918402,165.7657812517024,5.609274137362404,-0.000890653519641573,0.03839824739486615,-0.5,-0.17570770157686996,-0.5008906535196416,-0.1373094541820038,0.6535841877507499,0.03163670520983641,0.6535841877507499,0.6535841877507499,0.6535841877507499,0.6535841877507499,0.19503275214752389,0.19503275214752389,0.19503275214752389,0.19503275214752389,1.0
2900,20.078043665999758,1.3723798780903187,0.6779416318487227,0.07218542695045471,-0.12701228260993958,0.9891590071468491,0.048198386774836184,0.006688465960323815,-0.012673534155474047,0.07218542695045471,0.12701228260993958,20.998266220092773,2.0080246925354004,0.006688465960323815,-0.012673534155474047,0.3832208709434697,-0.726140018623559,0.07218542695045471,0.12701228260993958,20.998266220092773,2.0080246925354004,-0.1489138232260891,0.023091247523113284,165.7679971635443,5.609357175713993,-0.0007038435154492687,0.03470257272543505,-0.5,-0.2962929339493177,-0.5007038435154493,-0.2615903612238827,0.6496176667415383,-0.2384991137007694,0.6496176667415383,0.6496176667415383,0.6496176667415383,0.6496176667415383,-0.07609469701538482,-0.07609469701538482,-0.07609469701538482,-0.07609469701538482,1.0
2950,20.22999528499986,1.6497363579247883,0.6719571054753221,0.049230754375457764,-0.07419943809509277,0.9891590071468491,0.048198386774836184,0.011529249735176567,-0.012569084466085768,0.049230754375457764,0.07419943809509277,25.00713348388672,1.5396260023117065,0.011529249735176567,-0.012569084466085768,0.6605773507779393,-0.7201554922501582,0.049230754375457764,0.07419943809509277,25.00713348388672,1.5396260023117065,-0.24172346081545296,0.12523582213065687,165.76073182667187,5.60936325251862,-0.0012132862915499437,0.034416547236997164,-0.5,-0.27066378681512127,-0.5012132862915499,-0.2362472395781241,0.7429367471070029,-0.11101141744746723,0.7429367471070029,0.7429367471070029,0.7429367471070029,0.7429367471070029,0.07472276932928348,0.07472276932928348,0.07472276932928348,0.07472276932928348,1.0
3000,20.387781815999915,1.8285735488407593,0.8910937465156906,-0.19870369136333466,0.007709014229476452,0.9891590071468491,0.048198386774836184,0.014650547541677952,-0.01639374036400113,-0.19870369136333466,-0.007709014229476452,21.75142478942871,2.3956799507141113,0.014650547541677952,-0.01639374036400113,0.8394145416939102,-0.9392921332905267,-0.19870369136333466,-0.007709014229476452,21.75142478942871,2.3956799507141113,0.09139267274374419,0.29333364411167084,165.75399986725878,5.609107945304226,-0.0015417992269947682,0.04489039795632349,-0.5,0.04589102658505372,-0.5015417992269948,0.09078142454137722,0.41014912648325064,0.38411506865304806,0.41014912648325064,0.41014912648325064,0.41014912648325064,0.41014912648325064,0.4866523502738607,0.4866523502738607,0.4866523502738607,0.4866523502738607,1.0
3050,20.540601812000205,0.779618015628501,0.5615687086874868,-0.13895779848098755,0.04143707826733589,0.9891590071468491,0.048198386774836184,-0.0036571802198886866,-0.010642443486140109,-0.13895779848098755,-0.04143707826733589,14.848594665527344,0.8369752168655396,-0.0036571802198886866,-0.010642443486140109,-0.20954099151834812,-0.6097670954623229,-0.13895779848098755,-0.04143707826733589,14.848594665527344,0.8369752168655396,0.33219585436071863,0.19876747405351403,165.77058082125203,5.6094663243404534,0.0003848499690156045,0.029140719018984934,-0.5,0.2039399123454907,-0.4996151500309844,0.23308063136447563,0.16741929567026576,0.4318481054179897,0.16741929567026576,0.16741929567026576,0.16741929567026576,0.16741929567026576,0.47370292933555613,0.47370292933555613,0.47370292933555613,0.47370292933555613,1.0
3100,20.699465454000347,1.2311830059166415,0.14274703163057903,-0.05996987596154213,0.14086347818374634,0.9891590071468491,0.048198386774836184,0.004224115647375584,-0.003332626242772676,-0.05996987596154213,-0.14086347818374634,14.540671348571777,-4.060403347015381,0.004224115647375584,-0.003332626242772676,0.24202399876979247,-0.1909454184054152,-0.05996987596154213,-0.14086347818374634,14.540671348571777,-4.060403347015381,0.04016399198261293,0.26520358788576215,165.7702127069597,5.609701775724255,-0.0004445099988556877,0.00912503809394826,-0.5,0.29786423569647563,-0.5004445099988557,0.3069892737904239,0.46028051801624276,0.572192861676186,0.46028051801624276,0.46028051801624276,0.46028051801624276,0.46028051801624276,0.6872629911802467,0.6872629911802467,0.6872629911802467,0.6872629911802467,1.0
3150,20.877615326000523,0.39619571493588845,-0.005086932628002425,-0.15505191683769226,0.014397901482880116,0.9891590071468491,0.048198386774836184,-0.01034916179254651,-0.000752436820184812,-0.15505191683769226,-0.014397901482880116,5.942794322967529,-0.734366238117218,-0.01034916179254651,-0.000752436820184812,-0.5929632922109607,-0.04311145414683376,-0.15505191683769226,-0.014397901482880116,5.942794322967529,-0.734366238117218,0.5033094839589916,0.04606283318611078,165.76285885882248,5.609726069509,0.0010890898653059017,0.0020602361244565267,-0.5,0.08407629075149378,-0.4989109101346941,0.0861365268759503,-0.00439857382429748,0.13219936006206107,-0.00439857382429748,-0.00439857382429748,-0.00439857382429748,-0.00439857382429748,0.13109971660598668,0.13109971660598668,0.13109971660598668,0.13109971660598668,1.0
3200,21.028918248000082,0.8581550525215984,-0.22245688670936167,-0.06239844113588333,0.17593060433864594,0.9891590071468491,0.048198386774836184,-0.002286450341343879,0.003041384573443793,-0.06239844113588333,-0.17593060433864594,5.467641830444336,-2.3933005332946777,-0.002286450341343879,0.003041384573443793,-0.13100395462525072,0.1742584999345255,-0.06239844113588333,-0.17593060433864594,5.467641830444336,-2.3933005332946777,0.12869333560631777,0.27036834360808326,165.77125202688808,5.609706054414202,0.00024060558191665933,-0.008327587760540394,-0.5,0.29947332556647366,-0.4997593944180833,0.2911457378059333,0.3710660588117656,0.5615140814140165,0.3710660588117656,0.3710660588117656,0.3710660588117656,0.3710660588117656,0.6542805961169579,0.6542805961169579,0.6542805961169579,0.6542805961169579,1.0
3250,21.17837532900012,0.2622968732099436,0.2638281696053487,-0.07691089808940887,-0.009814275428652763,0.9891590071468491,0.048198386774836184,-0.012686137445271015,-0.005445890762493946,-0.07691089808940887,0.009814275428652763,1.9818880558013916,0.8631941080093384,-0.012686137445271015,-0.005445890762493946,-0.7268621339369055,-0.3120265563801849,-0.07691089808940887,0.009814275428652763,1.9818880558013916,0.8631941080093384,0.38884229168276413,0.09937019213331393,165.75842388637054,5.609659017586043,0.0013350442960816597,0.014911418854945728,-0.5,-0.05814087949223921,-0.49866495570391833,-0.04322946063729348,0.1098226640211542,0.056140731496020446,0.1098226640211542,0.1098226640211542,0.1098226640211542,0.1098226640211542,0.083596397501309,0.083596397501309,0.083596397501309,0.083596397501309,1.0
3300,21.333427237999786,-0.019169968109798808,0.11276000655435041,0.038552962243556976,-0.09436497092247009,0.9891590071468491,0.048198386774836184,-0.01759866056148894,-0.002809253922314383,0.038552962243556976,0.09436497092247009,-3.9988672733306885,2.6129987239837646,-0.01759866056148894,-0.002809253922314383,-1.008328975256648,-0.1609583933291866,0.038552962243556976,0.09436497092247009,-3.9988672733306885,2.6129987239837646,0.29193248288871726,-0.03927853426040337,165.74616743246975,5.60970918467397,0.001852111903085137,0.00769199036029089,0.5,-0.2865410564737661,0.5018521119030851,-0.2788490661134752,-0.7937845947918023,-0.31812760037387855,-0.7937845947918023,-0.7937845947918023,-0.7937845947918023,-0.7937845947918023,-0.5165737490718292,-0.5165737490718292,-0.5165737490718292,-0.5165737490718292,1.0
3350,21.482661975000156,1.2611166301193397,-0.4288509560794252,0.12388159334659576,0.007912121713161469,0.9891590071468491,0.048198386774836184,0.004746555946767331,0.006643640640540981,0.12388159334659576,-0.007912121713161469,-0.2403082698583603,-0.31496116518974304,0.004746555946767331,0.006643640640540981,0.2719576229724907,0.380652569304589,0.12388159334659576,-0.007912121713161469,-0.2403082698583603,-0.31496116518974304,-0.3191586045167431,-0.04575281719661127,165.7698265954501,5.609625642823998,-0.0004994879451479706,-0.018191047699485586,0.49993310575984085,0.047080409771933146,0.49943361781469287,0.02888936207244756,-0.18027501329794976,-0.01686345512416371,-0.18027501329794976,-0.18027501329794976,-0.18027501329794976,-0.18027501329794976,-0.061932208448651146,-0.061932208448651146,-0.061932208448651146,-0.061932208448651146,1.0
3400,21.589465513000505,1.0603610419916805,0.04151324611004951,-0.22543001174926758,0.10864008218050003,0.9891590071468491,0.048198386774836184,0.0012427099421620375,-0.0015657633711816743,-0.22543001174926758,-0.10864008218050003,1.4825359582901,1.618667483329773,0.0012427099421620375,-0.0015657633711816743,0.07120203484483138,-0.08971163288488569,-0.22543001174926758,-0.10864008218050003,1.4825359582901,1.618667483329773,0.43794577694223247,0.31570692375105314,165.77155549720135,5.609721723796174,-0.00013077151931711105,0.004287195493902722,-0.5,0.2923213327858637,-0.5001307715193171,0.2966085282797664,0.062184994577084596,0.6123154520308196,0.062184994577084596,0.062184994577084596,0.062184994577084596,0.062184994577084596,0.6278617006750907,0.6278617006750907,0.6278617006750907,0.6278617006750907,1.0
3450,21.686261634000402,0.16504675883723763,0.0736312868722688,-0.12763606011867523,-0.0707930251955986,0.9891590071468491,0.048198386774836184,-0.014383472139015793,-0.00212632893177215,-0.12763606011867523,0.0707930251955986,-10.190285682678223,5.828819751739502,-0.014383472139015793,-0.00212632893177215,-0.8241122483096115,-0.12182967364710498,-0.12763606011867523,0.0707930251955986,-10.190285682678223,5.828819751739502,0.4865173653429134,-0.0698430083003796,165.7546386870823,5.609716953515247,0.0015136887788569343,0.005822075410629681,0.5,-0.2666196545386414,0.5015136887788569,-0.2607975791280117,-0.9880310541217703,-0.3306405874283913,-0.9880310541217703,-0.9880310541217703,-0.9880310541217703,-0.9880310541217703,-0.5776483509588339,-0.5776483509588339,-0.5776483509588339,-0.5776483509588339,1.0
3500,21.84127898800034,1.0628703894597198,-0.5796835443051241,0.10016053169965744,0.03208904713392258,0.9891590071468491,0.048198386774836184,0.0012865063175559084,0.00927616592438426,0.10016053169965744,-0.03208904713392258,-1.9553005695343018,-0.38230183720588684,0.0012865063175559084,0.00927616592438426,0.0737113823128708,0.531485157530288,0.10016053169965744,-0.03208904713392258,-1.9553005695343018,-0.38230183720588684,-0.22043056988601495,-0.041816875114731866,165.77154637128254,5.609529048663658,-0.00013538025745645545,-0.025399462878235683,0.5,0.16983328686268842,0.49986461974254354,0.14443382398445273,-0.2794340498565286,0.10261694886972086,-0.2794340498565286,-0.2794340498565286,-0.2794340498565286,-0.2794340498565286,0.03275843640558872,0.03275843640558872,0.03275843640558872,0.03275843640558872,1.0
3550,22.002848916999938,1.1272765120120012,-0.6995273775034901,0.02914973720908165,-0.07876073569059372,0.9891590071468491,0.048198386774836184,0.0024106052145361906,0.011367835401906633,0.02914973720908165,0.07876073569059372,6.0181684494018555,0.12391392141580582,0.0024106052145361906,0.011367835401906633,0.1381175048651521,0.651328990728654,0.02914973720908165,0.07876073569059372,6.0181684494018555,0.12391392141580582,-0.051749261178799105,-0.292539718361445,165.7712039826125,5.609429525449815,-0.0002536705790862363,-0.031127079921732317,-0.5,-0.27535538346586136,-0.5002536705790862,-0.30648246338759366,0.5520029317578853,-0.5990221817490387,0.5520029317578853,0.5520029317578853,0.5520029317578853,0.5520029317578853,-0.4610214488095673,-0.4610214488095673,-0.4610214488095673,-0.4610214488095673,1.0
3600,22.15737501700005,0.1589026168126277,-0.09666616654920292,-0.16344265639781952,0.02407219260931015,0.9891590071468491,0.048198386774836184,-0.014490707647055387,0.0008459223381942138,-0.16344265639781952,-0.02407219260931015,-9.584355354309082,3.823606491088867,-0.014490707647055387,0.0008459223381942138,-0.8302563903342214,0.04846777977436673,-0.16344265639781952,-0.02407219260931015,-9.584355354309082,3.823606491088867,0.5608408397222064,0.013812394448928678,165.75438360158708,5.60972572510839,0.0015249755960985664,-0.0023162075226441105,0.5,0.13421975938162276,0.5015249755960985,0.13190355185897865,-1.062365815318305,0.14571594630790732,-1.062365815318305,-1.062365815318305,-1.062365815318305,-1.062365815318305,-0.11987550752166895,-0.11987550752166895,-0.11987550752166895,-0.11987550752166895,1.0
3650,22.335798561000047,1.02786577668511,-0.9567007550622779,0.10076732933521271,-0.008778790012001991,0.9891590071468491,0.048198386774836184,0.0006755605712533003,0.015856357588781976,0.10076732933521271,0.008778790012001991,-1.2766613960266113,0.16325433552265167,0.0006755605712533003,0.015856357588781976,0.038706769538261035,0.9085023682874418,0.10076732933521271,0.008778790012001991,-1.2766613960266113,0.16325433552265167,-0.1832381562103917,-0.22217093025163703,165.77164512852593,5.60914788835198,-7.108983967075855e-05,-0.04341871798327723,0.5,-0.05213808668994226,0.49992891016032925,-0.0955568046732195,-0.31669075394993756,-0.3177277349248565,-0.31669075394993756,-0.31669075394993756,-0.31669075394993756,-0.31669075394993756,-0.3969004234123409,-0.3969004234123409,-0.3969004234123409,-0.3969004234123409,1.0
3700,22.43430907200036,1.2687544891587066,-1.0954694949860153,-0.23249994218349457,0.10168470442295074,0.9891590071468491,0.048198386774836184,0.004879861734807492,0.0182783289992949,-0.23249994218349457,-0.10168470442295074,0.4292919337749481,-1.0772913694381714,0.004879861734807492,0.0182783289992949,0.27959548201185747,1.0472711082111792,-0.23249994218349457,-0.10168470442295074,0.4292919337749481,-1.0772913694381714,0.390683996903094,-0.025708575089459645,165.7697208736347,5.608957347112151,-0.000513516151722547,-0.05005169894091078,-0.4999999651313393,0.2898997077540141,-0.5005134812830618,0.2398480088131033,0.10982948437996781,0.21413943372364366,0.10982948437996781,0.10982948437996781,0.10982948437996781,0.10982948437996781,0.2415968048186356,0.2415968048186356,0.2415968048186356,0.2415968048186356,1.0
3750,22.498751967000317,0.5958645292531488,-0.5154615166953157,-0.13380391895771027,0.028725508600473404,0.9891590071468491,0.048198386774836184,-0.006864283569157123,0.008155280090286397,-0.13380391895771027,-0.028725508600473404,1.581886649131775,3.061805486679077,-0.006864283569157123,0.008155280090286397,-0.3932944778937003,0.4672631299204795,-0.13380391895771027,-0.028725508600473404,1.581886649131775,3.061805486679077,0.41329316422132156,-0.05040143057942785,165.76780085507426,5.609574082041163,0.0007223457979452805,-0.022330211343132934,-0.5,0.15559915997658944,-0.4992776542020547,0.1332689486334565,0.08598448998073316,0.08286751805402866,0.08598448998073316,0.08598448998073316,0.08598448998073316,0.08598448998073316,0.10436364054921195,0.10436364054921195,0.10436364054921195,0.10436364054921195,1.0
3800,22.56632480999997,0.2165817500843871,-0.450382086901259,-0.013602535240352154,0.03738533332943916,0.9891590071468491,0.048198386774836184,-0.013484016861766576,0.007019429765059613,-0.013602535240352154,-0.03738533332943916,1.6849400997161865,-0.5309242010116577,-0.013484016861766576,0.007019429765059613,-0.7725772570624619,0.4021837001264228,-0.013602535240352154,-0.03738533332943916,1.6849400997161865,-0.5309242010116577,0.25338724295020965,-0.013926648458272989,165.75670366744572,5.609613808747327,0.0014190200957368863,-0.01922002538893778,-0.5,0.19013363664928185,-0.4985809799042631,0.17091361126034407,0.24519373695405344,0.15698696280207108,0.24519373695405344,0.24519373695405344,0.24519373695405344,0.24519373695405344,0.21828539704058444,0.21828539704058444,0.21828539704058444,0.21828539704058444,1.0
3850,22.72589323900047,0.008360991977528636,-0.10005116561317892,-0.0603824257850647,0.0295475535094738,0.9891590071468491,0.048198386774836184,-0.01711815466172993,0.0009050017170375213,-0.0603824257850647,-0.0295475535094738,1.4764883518218994,0.7995833158493042,-0.01711815466172993,0.0009050017170375213,-0.9807980151693204,0.05185277883834274,-0.0603824257850647,-0.0295475535094738,1.4764883518218994,0.7995833158493042,0.3988253607796468,0.0899749541460626,165.74754169393654,5.6097254866852415,0.0018015327457882693,-0.002477971964228501,-0.5,0.1591737847726904,-0.49819846725421174,0.1566958128084619,0.09937310647456493,0.2466707669545245,0.09937310647456493,0.09937310647456493,0.09937310647456493,0.09937310647456493,0.2715140435731657,0.2715140435731657,0.2715140435731657,0.2715140435731657,1.0
3900,22.9049013190006,-0.28196080106742516,-0.12682207205472407,-0.02940068580210209,-0.012177692726254463,0.9891590071468491,0.048198386774836184,-0.02218522584065795,0.001372242178185843,-0.02940068580210209,0.012177692726254463,0.6642250418663025,0.7524597644805908,-0.02218522584065795,0.001372242178185843,-1.2711198082142743,0.07862368527988788,-0.02940068580210209,0.012177692726254463,0.6642250418663025,0.7524597644805908,0.41197351578672503,-0.021778144595468927,165.7311353778715,5.609723034263609,0.002334950313386084,-0.0037573172129990932,-0.4999999999971078,-0.0716549077271685,-0.4976650496837217,-0.07541222494016758,0.08569153389699669,-0.0971903695356365,0.08569153389699669,0.08569153389699669,0.08569153389699669,0.08569153389699669,-0.07576748606138733,-0.07576748606138733,-0.07576748606138733,-0.07576748606138733,1.0
3950,23.093592592999812,-0.6704426177485776,-0.2525398412588746,-0.05507437139749527,-0.04419112950563431,0.9891590071468491,0.048198386774836184,-0.02896551262587309,0.0035664311790606007,-0.05507437139749527,0.04419112950563431,-12.992091178894043,0.3150968849658966,-0.02896551262587309,0.0035664311790606007,-1.6596016248954266,0.2043414544840384,-0.05507437139749527,0.04419112950563431,-12.992091178894043,0.3150968849658966,0.5523829836341757,-0.0839463786080987,165.70256576374467,5.609698057908879,0.003048911203748198,-0.009765221425066343,0.5,-0.21249874904451696,0.5030489112037482,-0.2222639704695833,-1.0554318948379238,-0.30621034907768196,-1.0554318948379238,-1.0554318948379238,-1.0554318948379238,-1.0554318948379238,-0.5700683227871629,-0.5700683227871629,-0.5700683227871629,-0.5700683227871629,1.0
4000,23.24917979300062,0.4709057915009424,-1.0117116322460895,0.31689345836639404,-0.07459786534309387,0.9891590071468491,0.048198386774836184,-0.009045224972069263,0.016816478520049714,0.31689345836639404,0.07459786534309387,-3.6941816806793213,0.9885258078575134,-0.009045224972069263,0.016816478520049714,-0.5182532156459067,0.9635132454712534,0.31689345836639404,0.07459786534309387,-3.6941816806793213,0.9885258078575134,-0.46473299016244984,-0.40257349372634144,165.76494228609636,5.609075588287678,0.0009518626484687442,-0.04604812474740566,0.5,-0.2711052778614761,0.5009518626484687,-0.31715340260888175,-0.03621887248601885,-0.7197268963352232,-0.03621887248601885,-0.03621887248601885,-0.03621887248601885,-0.03621887248601885,-0.728781614456728,-0.728781614456728,-0.728781614456728,-0.728781614456728,1.0
4050,23.40177872500044,1.6616903629110742,-0.5536595630720236,-0.18335776031017303,0.23286136984825134,0.9891590071468491,0.048198386774836184,0.011737886480987073,0.00882196176738944,-0.18335776031017303,-0.23286136984825134,4.714746952056885,1.7350550889968872,0.011737886480987073,0.00882196176738944,0.6725313557642251,0.5054611762971873,-0.18335776031017303,-0.23286136984825134,4.714746952056885,1.7350550889968872,0.21279516310083346,0.3326169917062128,165.7603319035473,5.609547994948733,-0.0012352442633838262,-0.024155738742964977,-0.5,0.29994593754068644,-0.5012352442633838,0.2757901987977215,0.2884400811625504,0.6084071905039343,0.2884400811625504,0.2884400811625504,0.2884400811625504,0.2884400811625504,0.680517210794572,0.680517210794572,0.680517210794572,0.680517210794572,1.0
4100,23.45725411300009,1.028986568039227,-0.0942608060432345,-0.16924026608467102,0.059649765491485596,0.9891590071468491,0.048198386774836184,0.0006951220706105238,0.0008039408776676284,-0.16924026608467102,-0.059649765491485596,3.645690679550171,1.6208720207214355,0.0006951220706105238,0.0008039408776676284,0.039827560892377815,0.046062419268398325,-0.16924026608467102,-0.059649765491485596,3.645690679550171,1.6208720207214355,0.3487668296493711,0.13143088351370935,165.77164291954688,5.609725884751684,-7.314831429148249e-05,-0.0022012586652975065,-0.5,0.2494516566079688,-0.5000731483142915,0.2472503979426713,0.1513063186649204,0.3786812814563807,0.1513063186649204,0.1513063186649204,0.1513063186649204,0.1513063186649204,0.4165078611226108,0.4165078611226108,0.4165078611226108,0.4165078611226108,1.0
4150,23.512621709000086,0.5875757211693681,0.045691007355103175,-0.12429838627576828,0.020114434882998466,0.9891590071468491,0.048198386774836184,-0.007008950561285018,-0.0016386790602700785,-0.12429838627576828,-0.020114434882998466,0.6953772902488708,1.3736252784729004,-0.007008950561285018,-0.0016386790602700785,-0.401583285977481,-0.09388939412993935,-0.12429838627576828,-0.020114434882998466,0.6953772902488708,1.3736252784729004,0.36698617698331837,0.09262776750490802,165.76763550809483,5.60972118525549,0.0007375699578024581,0.004486845211290845,-0.4999999999991681,0.11457166676864046,-0.49926243004136567,0.11905851197993131,0.1322762530580473,0.2116862794848393,0.1322762530580473,0.1322762530580473,0.1322762530580473,0.1322762530580473,0.24475534274935112,0.24475534274935112,0.24475534274935112,0.24475534274935112,1.0
4200,23.67709195899988,0.16246740193020578,-0.14669324012462,-0.024027429521083832,0.0423511378467083,0.9891590071468491,0.048198386774836184,-0.014428490409627556,0.0017190594872226938,-0.024027429521083832,-0.0423511378467083,3.159034490585327,-3.820279121398926,-0.014428490409627556,0.0017190594872226938,-0.8266916052166433,0.09849485334978382,-0.024027429521083832,-0.0423511378467083,3.159034490585327,-3.820279121398926,0.27652274822217854,0.08264880937303916,165.75453183100961,5.609720563181236,0.001518427065176469,-0.004706934093163844,-0.5,0.20685326623953557,-0.49848157293482354,0.20214633214637173,0.221958824712645,0.2847951415194109,0.221958824712645,0.221958824712645,0.221958824712645,0.221958824712645,0.3402848476975721,0.3402848476975721,0.3402848476975721,0.3402848476975721,1.0
4250,23.83498924700052,-0.17810273213678313,-0.2975295502698081,0.1890491545200348,-0.18513944745063782,0.9891590071468491,0.048198386774836184,-0.02037256058305502,0.004351649730815552,0.1890491545200348,0.18513944745063782,-4.30576229095459,0.8910058736801147,-0.02037256058305502,0.004351649730815552,-1.1672617392836322,0.24933116349497192,0.1890491545200348,0.18513944745063782,-4.30576229095459,0.8910058736801147,0.045877033411881096,-0.34848433017314345,165.73749039007512,5.60968372763182,0.0021441162999699787,-0.011915241195732269,0.5,-0.29963550990819826,0.50214411629997,-0.31155075110393055,-0.5480211497118511,-0.660035081277074,-0.5480211497118511,-0.5480211497118511,-0.5480211497118511,-0.5480211497118511,-0.7970403687050368,-0.7970403687050368,-0.7970403687050368,-0.7970403687050368,1.0
4300,23.98580679600036,1.626568889868634,-0.9754827080627552,-0.13660001754760742,0.1494317501783371,0.9891590071468491,0.048198386774836184,0.01112490113824606,0.016184164508595132,-0.13660001754760742,-0.1494317501783371,6.663745880126953,-0.648737907409668,0.01112490113824606,0.016184164508595132,0.6374098827217848,0.927284321287919,-0.13660001754760742,-0.1494317501783371,6.663745880126953,-0.648737907409668,-0.09460428307346008,-0.00028067868724257483,165.7614864791811,5.609123681162587,-0.0011707309246263254,-0.04431644992636537,-0.5,0.2984824045852629,-0.5011707309246263,0.2541659546588975,0.5957750139980864,0.25388527597165494,0.5957750139980864,0.5957750139980864,0.5957750139980864,0.5957750139980864,0.40282902947117655,0.40282902947117655,0.40282902947117655,0.40282902947117655,1.0
4350,24.125842514000396,0.03413328674281023,0.22678506552860767,-0.21128682792186737,0.006053149700164795,0.9891590071468491,0.048198386774836184,-0.01666834326228127,-0.0047993666311958805,-0.21128682792186737,-0.006053149700164795,-8.011674880981445,-0.08588069677352905,-0.01666834326228127,-0.0047993666311958805,-0.9550257204040389,-0.27498345230344384,-0.21128682792186737,-0.006053149700164795,-8.011674880981445,-0.08588069677352905,0.665993320990063,0.15398678378695008,165.7487936974752,5.609674284489241,0.0017541853099886833,0.013141146863894462,0.5,0.036142499334478856,0.5017541853099887,0.04928364619837332,-1.1677475063000518,0.2032704299853234,-1.1677475063000518,-1.1677475063000518,-1.1677475063000518,-1.1677475063000518,-0.08866644658968953,-0.08866644658968953,-0.08866644658968953,-0.08866644658968953,1.0
4400,24.19324912800039,0.17181610329474173,-0.352184297121427,0.19488292932510376,0.01883067563176155,0.9891590071468491,0.048198386774836184,-0.014265324790030717,0.005305555015220307,0.19488292932510376,-0.01883067563176155,-5.26137113571167,-5.278141021728516,-0.014265324790030717,0.005305555015220307,-0.8173429038521074,0.30398591034659084,0.19488292932510376,-0.01883067563176155,-5.26137113571167,-5.278141021728516,-0.13034781771011092,-0.11874414687030965,165.75491753544526,5.609662495175689,0.0015012535018025307,-0.01452715953920752,0.5,0.1079288669275101,0.5015012535018025,0.09340170738830257,-0.3711534357916916,-0.02534243948200708,-0.3711534357916916,-0.3711534357916916,-0.3711534357916916,-0.3711534357916916,-0.11813079842992998,-0.11813079842992998,-0.11813079842992998,-0.11813079842992998,1.0
4450,24.37400966400037,1.2481029853163499,-0.6223430915920255,0.08201617002487183,0.029750080779194832,0.9891590071468491,0.048198386774836184,0.004519424997270108,0.010020715481950902,0.08201617002487183,-0.029750080779194832,-2.2818684577941895,-1.0255436897277832,0.004519424997270108,0.010020715481950902,0.25894397816950077,0.5741447048171894,0.08201617002487183,-0.029750080779194832,-2.2818684577941895,-1.0255436897277832,-0.20291960493725336,-0.05115840684196293,165.76999998333383,5.609495934084882,-0.00047558624845776576,-0.027438241834951846,0.5,0.16004498527190078,0.4995244137515422,0.13260674343694895,-0.29660480881428886,0.08144833659498601,-0.29660480881428886,-0.29660480881428886,-0.29660480881428886,-0.29660480881428886,0.007297134391413801,0.007297134391413801,0.007297134391413801,0.007297134391413801,1.0
4500,24.569882927000435,1.452043469309645,-0.4455617876162283,0.02020583488047123,-0.02043263055384159,0.9891590071468491,0.048198386774836184,0.0080788579210639,0.006935299671604298,0.02020583488047123,0.02043263055384159,-0.4117185175418854,-1.0723942518234253,0.0080788579210639,0.006935299671604298,0.4628844621627959,0.3973634008413921,0.02020583488047123,0.02043263055384159,-0.4117185175418854,-1.0723942518234253,-0.12404907132513845,-0.14730401885639896,165.76630560260452,5.609616514664593,-0.0008501636040430428,-0.01898966184051642,0.4999999295766373,-0.1161984086066666,0.49914976597259425,-0.135188070447183,-0.37510069464745577,-0.28249208930358194,-0.37510069464745577,-0.37510069464745577,-0.37510069464745577,-0.37510069464745577,-0.3762672629654459,-0.3762672629654459,-0.3762672629654459,-0.3762672629654459,1.0
4550,24.765939034999974,1.8753281147002006,-0.3889152935696102,0.07317709177732468,0.013122044503688812,0.9891590071468491,0.048198386774836184,0.015466568656265736,0.005946631840779446,0.07317709177732468,-0.013122044503688812,-0.20085541903972626,-0.5369642972946167,0.015466568656265736,0.005946631840779446,0.8861691075533515,0.340716906794774,0.07317709177732468,-0.013122044503688812,-0.20085541903972626,-0.5369642972946167,-0.3469733527739864,-0.047174864259944965,165.7519752126962,5.609645869092069,-0.00162768914506464,-0.016282523016522013,0.49967592671756583,0.07697314764513977,0.4980482375725012,0.060690624628617754,-0.15107488479851483,0.013515760368672788,-0.15107488479851483,-0.15107488479851483,-0.15107488479851483,-0.15107488479851483,-0.02425296083095592,-0.02425296083095592,-0.02425296083095592,-0.02425296083095592,1.0
4600,24.935487767999803,2.20141372539448,0.10322350833817216,-0.25644931197166443,0.22473078966140747,0.9891590071468491,0.048198386774836184,0.021157836206257344,-0.002642810629331507,-0.25644931197166443,-0.22473078966140747,5.810628414154053,0.16026832163333893,0.021157836206257344,-0.002642810629331507,1.2122547182476309,-0.15142189511300835,-0.25644931197166443,-0.22473078966140747,5.810628414154053,0.16026832163333893,0.1083843974016081,0.4775336842677433,165.73480374958638,5.609711276242004,-0.002226786863311995,0.007236252023549751,-0.5,0.2999251617880407,-0.502226786863312,0.30716141381159046,0.3938423894617039,0.7846950980793337,0.3938423894617039,0.3938423894617039,0.3938423894617039,0.3938423894617039,0.8831556954447597,0.8831556954447597,0.8831556954447597,0.8831556954447597,1.0
4650,25.06411415599996,0.8922082946500192,0.5887802357016704,-0.10246210545301437,-0.027510669082403183,0.9891590071468491,0.048198386774836184,-0.0016921091452240938,-0.011117374227032996,-0.10246210545301437,0.027510669082403183,3.2047672271728516,-0.5137664079666138,-0.0016921091452240938,-0.011117374227032996,-0.09695071249682988,-0.6369786224765065,-0.10246210545301437,0.027510669082403183,3.2047672271728516,-0.5137664079666138,0.2552815892737499,0.13290953499539152,165.77144683811358,5.60944250541268,0.0001780622916627893,0.03044123246995076,-0.5,-0.15020403578523392,-0.4998219377083372,-0.11976280331528316,0.24454034843458733,0.013146731680108353,0.24454034843458733,0.24454034843458733,0.24454034843458733,0.24454034843458733,0.07428181878875519,0.07428181878875519,0.07428181878875519,0.07428181878875519,1.0
4700,25.11989222400007,0.6093841950241015,0.4675396288180368,-0.0052742864936590195,-0.010210550390183926,0.9891590071468491,0.048198386774836184,-0.0066283208876848215,-0.009001326449797488,-0.0052742864936590195,0.010210550390183926,2.984748363494873,0.05402182415127754,-0.0066283208876848215,-0.009001326449797488,-0.3797748121227476,-0.5157380155928729,-0.0052742864936590195,0.010210550390183926,2.984748363494873,0.05402182415127754,0.18186210137256226,0.1087499005835613,165.76806314909936,5.609540626700314,0.0006975141188567307,0.02464688303422398,-0.5,-0.060425668503499085,-0.4993024858811433,-0.035778785469275105,0.31744038450858103,0.0729711151142862,0.31744038450858103,0.31744038450858103,0.31744038450858103,0.31744038450858103,0.15233121124143145,0.15233121124143145,0.15233121124143145,0.15233121124143145,1.0
4750,25.21661451199998,0.8447791408883333,0.4194973054957836,0.10406631976366043,0.014452541247010231,0.9891590071468491,0.048198386774836184,-0.0025199040398001665,-0.008162829727516509,0.10406631976366043,-0.014452541247010231,3.864983320236206,0.21582050621509552,-0.0025199040398001665,-0.008162829727516509,-0.14437986625851576,-0.46769569227061975,0.10406631976366043,-0.014452541247010231,3.864983320236206,0.21582050621509552,-0.1317801016579252,0.16374985847917894,165.77115958502074,5.609573798094765,0.00026517225921131624,0.022350883898453286,-0.5,0.08437828747282344,-0.4997348277407887,0.10672917137127673,0.6315149293987139,0.2704790298504557,0.6315149293987139,0.6315149293987139,0.6315149293987139,0.6315149293987139,0.42835776220013416,0.42835776220013416,0.42835776220013416,0.42835776220013416,1.0
4800,25.395845312000347,0.9616192383166275,0.9897737049622433,-0.031651005148887634,0.039592768996953964,0.9891590071468491,0.048198386774836184,-0.00048065964132547323,-0.018116030544624663,-0.031651005148887634,-0.039592768996953964,4.316255569458008,-0.7317951917648315,-0.00048065964132547323,-0.018116030544624663,-0.027539768830221547,-1.0379720917370794,-0.031651005148887634,-0.039592768996953964,4.316255569458008,-0.7317951917648315,0.07129670502576571,0.3687273490689347,165.771663694042,5.608970960610479,5.058023772930585e-05,0.04960720418065018,-0.5,0.19783764615263183,-0.4999494197622707,0.247444850333282,0.428652714736505,0.6161721994022167,0.428652714736505,0.428652714736505,0.428652714736505,0.428652714736505,0.723335378086343,0.723335378086343,0.723335378086343,0.723335378086343,1.0
4850,25.579321041000185,0.7626927001435037,1.080293775145599,0.02644609846174717,-0.010057931765913963,0.9891590071468491,0.048198386774836184,-0.00395258270204067,-0.01969590380846057,0.02644609846174717,0.010057931765913963,3.4634299278259277,-1.3431882858276367,-0.00395258270204067,-0.01969590380846057,-0.22646630700334539,-1.1284921619204353,0.02644609846174717,0.010057931765913963,3.4634299278259277,-1.3431882858276367,0.025373724206623254,0.3017939854586074,165.77039562303605,5.608833280732312,0.0004159358764039599,0.05393416481720448,-0.5,-0.05954656904580996,-0.499584064123596,-0.005612404228605483,0.47421033991697276,0.29618158123000193,0.47421033991697276,0.47421033991697276,0.47421033991697276,0.47421033991697276,0.41473416620924514,0.41473416620924514,0.41473416620924514,0.41473416620924514,1.0
4900,25.736803005000183,0.7964344216127484,1.168817615822313,0.01967432349920273,0.02493520826101303,0.9891590071468491,0.048198386774836184,-0.0033636785671114916,-0.021240936294780112,0.01967432349920273,-0.02493520826101303,3.487675666809082,-1.4681503772735596,-0.0033636785671114916,-0.021240936294780112,-0.1927245855341007,-1.217016002597149,0.01967432349920273,-0.02493520826101303,3.487675666809082,-1.4681503772735596,0.036333689154205095,0.3680245215973167,165.77075058794037,5.608687511183645,0.00035396415636315925,0.05816589416439453,-0.5,0.13832923226152513,-0.4996460358436368,0.19649512642591965,0.4633123466894317,0.5645196480232364,0.4633123466894317,0.4633123466894317,0.4633123466894317,0.4633123466894317,0.6803477346955943,0.6803477346955943,0.6803477346955943,0.6803477346955943,1.0
4950,25.898237706000145,0.9782620614464215,1.222567362608905,0.02926034666597843,0.004627805668860674,0.9891590071468491,0.048198386774836184,-0.0001901875808835024,-0.022179046348319388,0.02926034666597843,-0.004627805668860674,3.625727415084839,-2.245663642883301,-0.0001901875808835024,-0.022179046348319388,-0.010896945700427664,-1.2707657493837412,0.02926034666597843,-0.004627805668860674,3.625727415084839,-2.245663642883301,-0.03566241575961444,0.4004782795969151,165.77167974794233,5.608593635189447,2.0013605487105624e-05,0.06073540635126656,-0.5,0.027687815335842084,-0.4999799863945129,0.08842322168710864,0.5356424021541274,0.48890150128402377,0.5356424021541274,0.5356424021541274,0.5356424021541274,0.5356424021541274,0.6228121018225556,0.6228121018225556,0.6228121018225556,0.6228121018225556,1.0
5000,26.05358991400044,1.1045935605000947,1.3405378563448365,0.017996883019804955,-0.016488194465637207,0.9891590071468491,0.048198386774836184,0.0020147130265831988,-0.024238019884214736,0.017996883019804955,0.016488194465637207,4.029160499572754,-2.380016565322876,0.0020147130265831988,-0.024238019884214736,0.11543455335324572,-1.3887362431196726,0.017996883019804955,0.016488194465637207,4.029160499572754,-2.380016565322876,-0.03912350699839087,0.35452219271522734,165.77134831827965,5.608373375697676,-0.00021201029571577337,0.06637527728005481,-0.5,-0.09549258149615618,-0.5002120102957158,-0.02911730421610137,0.5393355172941067,0.32540488849912597,0.5393355172941067,0.5393355172941067,0.5393355172941067,0.5393355172941067,0.4602387678226526,0.4602387678226526,0.4602387678226526,0.4602387678226526,1.0
5050,26.16564914799983,1.0748556639057996,1.3911731435916086,-0.003612126223742962,0.004441037308424711,0.9891590071468491,0.048198386774836184,0.0014956888183951383,-0.025121772364364005,-0.003612126223742962,-0.004441037308424711,4.430057525634766,-3.0847561359405518,0.0014956888183951383,-0.025121772364364005,0.08569665675895047,-1.4393715303664447,-0.003612126223742962,-0.004441037308424711,4.430057525634766,-3.0847561359405518,0.009609611137745461,0.41911343712114535,165.77149842384765,5.6082728435150555,-0.00015739275701332934,0.06879614676580245,-0.5,0.026576372472303798,-0.5001573927570133,0.09537251923810625,0.4905477816192679,0.5144859563592517,0.4905477816192679,0.4905477816192679,0.4905477816192679,0.4905477816192679,0.6371229017640686,0.6371229017640686,0.6371229017640686,0.6371229017640686,1.0
5100,26.318417872000282,1.0435183291069579,1.2669211169750871,0.0014391206204891205,-0.017019793391227722,0.9891590071468491,0.048198386774836184,0.000948749147355557,-0.022953165397630076,0.0014391206204891205,0.017019793391227722,4.9657182693481445,-3.117979049682617,0.000948749147355557,-0.022953165397630076,0.05435932196010885,-1.3151195037499233,0.0014391206204891205,0.017019793391227722,4.9657182693481445,-3.117979049682617,-0.001980355312552272,0.3386194490859877,165.77160857040127,5.608513115378479,-9.983773110702868e-05,0.06285580100560939,-0.5,-0.09834922901031266,-0.500099837731107,-0.03549342800470327,0.5020801930436593,0.3031260210812844,0.5020801930436593,0.5020801930436593,0.5020801930436593,0.5020801930436593,0.4286460693421992,0.4286460693421992,0.4286460693421992,0.4286460693421992,1.0
5150,26.470550783999897,0.9891680592819335,1.262107861322638,-0.005310296081006527,0.011710703372955322,0.9891590071468491,0.048198386774836184,1.579895615583249e-07,-0.02286915823875461,-0.005310296081006527,-0.011710703372955322,4.68141508102417,-2.951209306716919,1.579895615583249e-07,-0.02286915823875461,9.05213508441433e-06,-1.3103062480974743,-0.005310296081006527,-0.011710703372955322,4.68141508102417,-2.951209306716919,0.06109465685757548,0.36962260842447253,165.77168272794455,5.608521986951986,-1.6625379552343425e-08,0.06262569379867325,-0.5,0.06900698975726643,-0.5000000166253795,0.13163268355593968,0.43890535976780404,0.5012552919804122,0.43890535976780404,0.43890535976780404,0.43890535976780404,0.43890535976780404,0.6109816319223632,0.6109816319223632,0.6109816319223632,0.6109816319223632,1.0
5200,26.619770647000223,1.0093351533017483,1.1651974021187945,-0.023791693150997162,0.049523331224918365,0.9891590071468491,0.048198386774836184,0.0003521401807665865,-0.0211777516460279,-0.023791693150997162,-0.049523331224918365,5.129836559295654,-4.594624996185303,0.0003521401807665865,-0.0211777516460279,0.020176146154899294,-1.2133957888936309,-0.023791693150997162,-0.049523331224918365,5.129836559295654,-4.594624996185303,0.03061552175539608,0.45103824468221676,165.77167251187936,5.6086936882389775,-3.7056020302418125e-05,0.0579928322090055,-0.5,0.22726836710226092,-0.5000370560203025,0.2852611993112664,0.4694215342649064,0.7362994439934831,0.4694215342649064,0.4694215342649064,0.4694215342649064,0.4694215342649064,0.8536548275597098,0.8536548275597098,0.8536548275597098,0.8536548275597098,1.0
5250,26.676133420000042,1.0025675030513235,1.177669220821532,-0.013457555323839188,-0.013229193165898323,0.9891590071468491,0.048198386774836184,0.0002340224012732546,-0.021395425946102477,-0.013457555323839188,0.013229193165898323,4.817882537841797,-4.991315841674805,0.0002340224012732546,-0.021395425946102477,0.013408495904474472,-1.2258676075963684,-0.013457555323839188,0.013229193165898323,4.817882537841797,-4.991315841674805,0.04136023204511271,0.33298734005465713,165.77167821596373,5.6086723304805695,-2.4626382128837546e-05,0.05858904080488797,-0.5,-0.07757338590525993,-0.5000246263821289,-0.01898434510037196,0.45866439433701617,0.3140029949542852,0.45866439433701617,0.45866439433701617,0.45866439433701617,0.45866439433701617,0.4286690935385392,0.4286690935385392,0.4286690935385392,0.4286690935385392,1.0
5300,26.803894177000075,0.9445949918103708,1.0514044228339723,-0.03269807994365692,-0.036709804087877274,0.9891590071468491,0.048198386774836184,-0.0007777887955307955,-0.01919168949185405,-0.03269807994365692,0.036709804087877274,4.632175445556641,-2.9713964462280273,-0.0007777887955307955,-0.01919168949185405,-0.04456401533647833,-1.0996028096088084,-0.03269807994365692,0.036709804087877274,4.632175445556641,-2.9713964462280273,0.09524435092775449,0.26445584771018243,165.77163288818863,5.6088784709168396,8.184741063704896e-05,0.05255320077286149,-0.5,-0.18768772787378024,-0.49991815258936295,-0.13513452710091875,0.4046738016616085,0.12932132060926368,0.4046738016616085,0.4046738016616085,0.4046738016616085,0.4046738016616085,0.2304897710246658,0.2304897710246658,0.2304897710246658,0.2304897710246658,1.0
5350,26.974368541999866,0.6990227972785554,0.9621736575781622,-0.0089972373098135,-0.014321010559797287,0.9891590071468491,0.048198386774836184,-0.005063832141458988,-0.017634318844066,-0.0089972373098135,0.014321010559797287,2.202707052230835,-2.1272499561309814,-0.005063832141458988,-0.017634318844066,-0.29013620986829364,-1.0103720443529982,-0.0089972373098135,0.014321010559797287,2.202707052230835,-2.1272499561309814,0.13278121515124064,0.2697056610136948,165.7695701620954,5.609010651387334,0.0005328759925768818,0.04828792786491529,-0.5,-0.08365099747525089,-0.4994671240074231,-0.0353630696103356,0.36668590885618246,0.23434259140335922,0.36668590885618246,0.36668590885618246,0.36668590885618246,0.36668590885618246,0.32601406861740484,0.32601406861740484,0.32601406861740484,0.32601406861740484,1.0
5400,27.137403350000568,0.7244121045273738,0.9560066370878754,-0.010866671800613403,0.0033365576528012753,0.9891590071468491,0.048198386774836184,-0.0046207051351666445,-0.01752668403147254,-0.010866671800613403,-0.0033365576528012753,0.8098801374435425,-2.0703699588775635,-0.0046207051351666445,-0.01752668403147254,-0.2647469026194753,-1.0042050238627114,-0.010866671800613403,-0.0033365576528012753,0.8098801374435425,-2.0703699588775635,0.0788604153940981,0.30056214786000446,165.76992371790223,5.609019373805156,0.0004862442664189282,0.04799314787526286,-0.49999999999999145,0.01998968305704962,-0.49951375573357254,0.06798283093231249,0.42065334033947444,0.36854497879231696,0.42065334033947444,0.42065334033947444,0.42065334033947444,0.42065334033947444,0.4737083138771856,0.4737083138771856,0.4737083138771856,0.4737083138771856,1.0
5450,27.311123444999794,1.0898889102689977,0.5162147051338682,0.2323365956544876,-0.20714250206947327,0.9891590071468491,0.048198386774836184,0.0017580684646964079,-0.009850866795168257,0.2323365956544876,0.20714250206947327,-3.5544495582580566,-2.366549015045166,0.0017580684646964079,-0.009850866795168257,0.10072990312214854,-0.5644130919087044,0.2323365956544876,0.20714250206947327,-3.5544495582580566,-2.366549015045166,-0.3773961513186315,-0.18911973366844254,165.77142808946428,5.609503713245566,-0.00018500326893178672,0.026973148085986966,0.5,-0.2998487804450501,0.4998149967310682,-0.27287563235906315,-0.1224188454124367,-0.4619953660275057,-0.1224188454124367,-0.1224188454124367,-0.1224188454124367,-0.1224188454124367,-0.49260007738061484,-0.49260007738061484,-0.49260007738061484,-0.49260007738061484,1.0
5500,27.467918872000155,2.2928607803142538,0.24764078135497716,-0.1632983237504959,0.11696438491344452,0.9891590071468491,0.048198386774836184,0.022753888405859478,-0.005163367540226318,-0.1632983237504959,-0.11696438491344452,6.332261562347412,2.9547269344329834,0.022753888405859478,-0.005163367540226318,1.3037017731674048,-0.2958391681298133,-0.1632983237504959,-0.11696438491344452,6.332261562347412,2.9547269344329834,-0.019267317995486866,0.4193692621695666,165.72903016906403,5.609665926064086,-0.002394821122530441,0.014137830356037861,-0.5,0.29447598515040224,-0.5023948211225304,0.3086138155064401,0.5216621391180173,0.7279830776760068,0.5216621391180173,0.5216621391180173,0.5216621391180173,0.5216621391180173,0.8583986124555111,0.8583986124555111,0.8583986124555111,0.8583986124555111,1.0
5550,27.53744012700008,1.561365983060988,0.46743797639328,-0.18193495273590088,-0.023993341252207756,0.9891590071468491,0.048198386774836184,0.009986895732581616,-0.008999552280292845,-0.18193495273590088,0.023993341252207756,2.4512693881988525,-0.6685590147972107,0.009986895732581616,-0.008999552280292845,0.572206975914139,-0.5156363631681161,-0.18193495273590088,0.023993341252207756,2.4512693881988525,-0.6685590147972107,0.24203902969483176,0.16852573441265392,165.76346579008018,5.609540700308853,-0.0010509643850483237,0.024642024919315938,-0.5,-0.13384108455936178,-0.5010509643850484,-0.10919905964004584,0.2590119346902166,0.059326674772608085,0.2590119346902166,0.2590119346902166,0.2590119346902166,0.2590119346902166,0.12407965844516224,0.12407965844516224,0.12407965844516224,0.12407965844516224,1.0
5600,27.68647031799992,0.9145780179554572,0.36712210759923003,-0.03324345126748085,0.04085211083292961,0.9891590071468491,0.048198386774836184,-0.0013016838207840914,-0.007248710077838041,-0.03324345126748085,-0.04085211083292961,2.034585952758789,0.8096528053283691,-0.0013016838207840914,-0.007248710077838041,-0.07458098919139186,-0.4153204943740662,-0.03324345126748085,-0.04085211083292961,2.034585952758789,0.8096528053283691,0.11346260136818975,0.21812276502229944,165.77154313498104,5.609606268672017,0.00013697740202786633,0.019847837744546872,-0.5,0.20203703832204062,-0.4998630225979721,0.2218848760665875,0.38640042122978235,0.4400076410888869,0.38640042122978235,0.38640042122978235,0.38640042122978235,0.38640042122978235,0.5366077463963325,0.5366077463963325,0.5366077463963325,0.5366077463963325,1.0
5650,27.859339626000292,0.848706819826208,0.3299096361754138,0.03267280384898186,-0.007021237630397081,0.9891590071468491,0.048198386774836184,-0.0024513531103730196,-0.006599229928688146,0.03267280384898186,0.007021237630397081,1.5307226181030273,0.04160832613706589,-0.0024513531103730196,-0.006599229928688146,-0.14045218732064108,-0.37810802295025003,0.03267280384898186,0.007021237630397081,1.5307226181030273,0.04160832613706589,0.004770441540971955,0.12095642035658571,165.77118766079292,5.60962699836276,0.00025795854086637824,0.01806944349736165,-0.5,-0.04185268748665183,-0.49974204145913365,-0.02378324398929018,0.4949715999181617,0.09717317636729553,0.4949715999181617,0.4949715999181617,0.4949715999181617,0.4949715999181617,0.22091607634683597,0.22091607634683597,0.22091607634683597,0.22091607634683597,1.0
5700,28.035731171000407,0.8886527009393516,0.25760162508366224,0.009961639530956745,0.0008390150032937527,0.9891590071468491,0.048198386774836184,-0.001754165962338447,-0.005337217059568502,0.009961639530956745,-0.0008390150032937527,1.9579259157180786,0.05947638303041458,-0.001754165962338447,-0.005337217059568502,-0.10050630620749754,-0.3058000118584985,0.009961639530956745,-0.0008390150032937527,1.9579259157180786,0.05947638303041458,0.02535243913493949,0.1094077262336239,165.7714292186855,5.609661718505009,0.00018459260394516758,0.014613854700901978,-0.5,0.0050336175758520845,-0.49981540739605484,0.019647472276754063,0.47446296826111534,0.12905519851037794,0.47446296826111534,0.47446296826111534,0.47446296826111534,0.47446296826111534,0.24767094057565678,0.24767094057565678,0.24767094057565678,0.24767094057565678,1.0
5750,28.188146272000267,1.00241681200276,0.24135148447029123,0.023348022252321243,-0.018178023397922516,0.9891590071468491,0.048198386774836184,0.00023139234632253702,-0.0050535986019531265,0.023348022252321243,0.018178023397922516,1.7015361785888672,0.06462198495864868,0.00023139234632253702,-0.0050535986019531265,0.013257804855910866,-0.28954987124512743,0.023348022252321243,0.018178023397922516,1.7015361785888672,0.06462198495864868,-0.03571250927159886,0.0929675785534443,165.7716783168095,5.609668510970203,-2.4349619134406924e-05,0.013837267945315866,-0.5,-0.1045038984592012,-0.5000243496191344,-0.09066663051388534,0.5357368588907333,0.0023009480395589643,0.5357368588907333,0.5357368588907333,0.5357368588907333,0.5357368588907333,0.1362351627622423,0.1362351627622423,0.1362351627622423,0.1362351627622423,1.0
5800,28.33848111000043,1.1694020238831722,0.2659838413404282,0.00013220496475696564,0.009490560740232468,0.9891590071468491,0.048198386774836184,0.0031458340957760816,-0.005483514331863262,0.00013220496475696564,-0.009490560740232468,3.3146162033081055,-0.08102455735206604,0.0031458340957760816,-0.005483514331863262,0.18024301673632306,-0.31418222811526436,0.00013220496475696564,-0.009490560740232468,3.3146162033081055,-0.08102455735206604,-0.029127778731984223,0.12865596493373352,165.77086741591089,5.609658069823365,-0.00033103995163939184,0.015014437633144308,-0.5,0.05626922059213704,-0.5003310399516394,0.07128365822528135,0.5294588186836237,0.19993962315901487,0.5294588186836237,0.5294588186836237,0.5294588186836237,0.5294588186836237,0.3323043278299208,0.3323043278299208,0.3323043278299208,0.3323043278299208,1.0
5850,28.402690251000422,1.0983222729032593,0.2693390917289176,-0.012507665902376175,0.003936628811061382,0.9891590071468491,0.048198386774836184,0.0019052584096789366,-0.005542074498371221,-0.012507665902376175,-0.003936628811061382,2.9194369316101074,-0.019497685134410858,0.0019052584096789366,-0.005542074498371221,0.10916326575641022,-0.3175374785037538,-0.012507665902376175,-0.003936628811061382,2.9194369316101074,-0.019497685134410858,0.018727934072847258,0.12292892716729055,165.77138366664138,5.609656581671883,-0.00020049224692219445,0.015174783906502074,-0.5,0.023571088681115116,-0.5002004922469222,0.03874587258761719,0.48147255817407497,0.16167479975490773,0.48147255817407497,0.48147255817407497,0.48147255817407497,0.48147255817407497,0.2820429392984265,0.2820429392984265,0.2820429392984265,0.2820429392984265,1.0
5900,28.536875024999972,1.038552141250124,0.33310048177614693,-0.015811309218406677,0.0012686648406088352,0.9891590071468491,0.048198386774836184,0.0008620728179812437,-0.006654920690343715,-0.015811309218406677,-0.0012686648406088352,2.3701653480529785,-0.028831779956817627,0.0008620728179812437,-0.006654920690343715,0.04939313410327489,-0.3812988685509831,-0.015811309218406677,-0.0012686648406088352,2.3701653480529785,-0.028831779956817627,0.04168761304930883,0.141369081446875,165.7716215013023,5.609625297077552,-9.071669784791305e-05,0.018221934433116906,-0.5,0.007610355920733255,-0.5000907166978479,0.025832290353850162,0.45840310364853903,0.16720137180072514,0.45840310364853903,0.45840310364853903,0.45840310364853903,0.45840310364853903,0.2818021477128599,0.2818021477128599,0.2818021477128599,0.2818021477128599,1.0
5950,28.69212128900017,0.9192471993051015,0.3616348510139181,-0.043467916548252106,-0.02235226333141327,0.9891590071468491,0.048198386774836184,-0.0012201912328600878,-0.007152939383522607,-0.043467916548252106,0.02235226333141327,1.1005499362945557,-0.01286456361413002,-0.0012201912328600878,-0.007152939383522607,-0.06991180784174768,-0.4098332377887543,-0.043467916548252106,0.02235226333141327,1.1005499362945557,-0.01286456361413002,0.12410373799957157,0.11345448252861236,165.7715600664306,5.609609447641541,0.0001284018523081043,0.019585599498007186,-0.5,-0.12584015590793088,-0.4998715981476919,-0.10625455640992369,0.3757678601481203,0.007199926118688665,0.3757678601481203,0.3757678601481203,0.3757678601481203,0.3757678601481203,0.10114189115571874,0.10114189115571874,0.10114189115571874,0.10114189115571874,1.0
6000,28.843891356000313,0.9641848281236136,0.11958808797067398,0.13797740638256073,-0.1970866173505783,0.9891590071468491,0.048198386774836184,-0.000435881651937961,-0.002928426424623467,0.13797740638256073,0.1970866173505783,-2.850271701812744,-1.7925910949707031,-0.000435881651937961,-0.002928426424623467,-0.024974179023235506,-0.16778647474551017,0.13797740638256073,0.1970866173505783,-2.850271701812744,-1.7925910949707031,-0.14810956764085534,-0.23036059547274212,165.77166707522898,5.609707608670905,4.586820981513506e-05,0.00801829674825452,0.5,-0.299773930293777,0.5000458682098151,-0.29175563354552253,-0.35193630056895975,-0.5221162290182646,-0.35193630056895975,-0.35193630056895975,-0.35193630056895975,-0.35193630056895975,-0.6101003041605045,-0.6101003041605045,-0.6101003041605045,-0.6101003041605045,1.0
6050,28.992872445000103,2.0629681387958487,-0.10890451151022366,-0.0996314063668251,0.1764003485441208,0.9891590071468491,0.048198386774836184,0.01874150488525629,0.001059521752758883,-0.0996314063668251,-0.1764003485441208,11.325295448303223,0.07277535647153854,0.01874150488525629,0.001059521752758883,1.0738091316489997,0.06070612473538748,-0.0996314063668251,-0.1764003485441208,11.325295448303223,0.07277535647153854,-0.10844846805004732,0.35875167440352806,165.74274604204197,5.609724787024998,-0.001972413776649575,-0.0029010612289731464,-0.5,0.2994831208184238,-0.5019724137766496,0.29658205958945066,0.610420881826697,0.6553337339929788,0.610420881826697,0.610420881826697,0.610420881826697,0.610420881826697,0.807938954449653,0.807938954449653,0.807938954449653,0.807938954449653,1.0
6100,29.157873090000066,0.8347759553228794,0.44958498248077733,-0.011926362290978432,-0.03821815550327301,0.9891590071468491,0.048198386774836184,-0.002694492563605308,-0.00868795875518117,-0.011926362290978432,0.03821815550327301,1.092595100402832,0.7085158824920654,-0.002694492563605308,-0.00868795875518117,-0.15438305182396966,-0.4977833692556135,-0.011926362290978432,0.03821815550327301,1.092595100402832,0.7085158824920654,0.09951025987184707,0.0856372017430988,165.77108458319387,5.609553402970525,0.0002835444858594151,0.02378880652393734,-0.5,-0.1930919211418927,-0.49971645551414057,-0.16930311461795536,0.4002061956422935,-0.08366591287485656,0.4002061956422935,0.4002061956422935,0.4002061956422935,0.4002061956422935,0.016385636035716813,0.016385636035716813,0.016385636035716813,0.016385636035716813,1.0
6150,29.279775766000057,0.7945194073242061,0.4987703486328028,-0.07597620040178299,0.00712246261537075,0.9891590071468491,0.048198386774836184,-0.00339710187166929,-0.009546405338332987,-0.07597620040178299,-0.00712246261537075,0.1768791526556015,0.7526402473449707,-0.00339710187166929,-0.009546405338332987,-0.19463959982264292,-0.5469687354076389,-0.07597620040178299,-0.00712246261537075,0.1768791526556015,0.7526402473449707,0.22096152327058205,0.19575830086522245,165.77073197144304,5.609517324915686,0.00035748135972172034,0.02613944933597661,-0.4991548628201231,0.042448047732919984,-0.49879738146040137,0.0685874970688966,0.2778358581898193,0.26434579793411905,0.2778358581898193,0.2778358581898193,0.2778358581898193,0.2778358581898193,0.33380476248157387,0.33380476248157387,0.33380476248157387,0.33380476248157387,1.0
6200,29.38200425500054,0.4285984525235463,0.18649483349154705,-0.06001519411802292,-0.11289714276790619,0.9891590071468491,0.048198386774836184,-0.009783627334982156,-0.004096169425756671,-0.06001519411802292,0.11289714276790619,-6.3982133865356445,-2.9078617095947266,-0.009783627334982156,-0.004096169425756671,-0.5605605546233028,-0.23469322026638323,-0.06001519411802292,0.11289714276790619,-6.3982133865356445,-2.9078617095947266,0.26352033741693504,-0.12007220206020455,165.7637968705254,5.609688702092329,0.001029572202531626,0.011215705302987536,0.5,-0.29351060457814027,0.5010295722025316,-0.2822948992751527,-0.7645499096194667,-0.40236710133535725,-0.7645499096194667,-0.7645499096194667,-0.7645499096194667,-0.7645499096194667,-0.5935045787402239,-0.5935045787402239,-0.5935045787402239,-0.5935045787402239,1.0
6250,29.583335301999796,1.5381759967249138,0.01614130114874049,-0.18276987969875336,0.23958995938301086,0.9891590071468491,0.048198386774836184,0.009582154117524624,-0.0011229393939720467,-0.18276987969875336,-0.23958995938301086,4.710544586181641,4.474117279052734,0.009582154117524624,-0.0011229393939720467,0.5490169895780648,-0.06433968792357668,-0.18276987969875336,-0.23958995938301086,4.710544586181641,4.474117279052734,0.19075601987921892,0.48476884504268325,165.76411830921026,5.609724468016858,-0.0010083690298931672,0.003074704261582594,-0.5,0.2999586935892253,-0.5010083690298932,0.30303339785080785,0.3102523491506743,0.7878022428934911,0.3102523491506743,0.3102523491506743,0.3102523491506743,0.3102523491506743,0.8653653301811597,0.8653653301811597,0.8653653301811597,0.8653653301811597,1.0
6300,29.778588480000508,0.39718908057330216,0.3230804075007531,-0.046033911406993866,-0.04849805310368538,0.9891590071468491,0.048198386774836184,-0.010331824291497468,-0.006480037402943708,-0.046033911406993866,0.04849805310368538,1.0024218559265137,1.6520968675613403,-0.010331824291497468,-0.006480037402943708,-0.591969926573547,-0.3712787942755893,-0.046033911406993866,0.04849805310368538,1.0024218559265137,1.6520968675613403,0.2616335972946631,0.04498838023680932,165.7628883982847,5.609630591506485,0.0010872652315995145,0.017743074025531994,-0.5,-0.22460615265435546,-0.4989127347684005,-0.20686307862882347,0.23727913747373736,-0.16187469839201415,0.23727913747373736,0.23727913747373736,0.23727913747373736,0.23727913747373736,-0.10255491402357982,-0.10255491402357982,-0.10255491402357982,-0.10255491402357982,1.0
6350,29.97517478000009,-0.21258962457643366,-0.02424240909742477,-0.05994646996259689,-0.01874985173344612,0.9891590071468491,0.048198386774836184,-0.02097447040490806,-0.0004181106860050932,-0.05994646996259689,0.01874985173344612,0.8043957948684692,0.9042935967445374,-0.02097447040490806,-0.0004181106860050932,-1.2017486317232828,-0.023955977677411415,-0.05994646996259689,0.01874985173344612,0.8043957948684692,0.9042935967445374,0.44646084093376226,0.00864167787124917,165.73544018455675,5.609726971504955,0.0022074826317024965,0.0011448225736681538,-0.4999999999999894,-0.10750644414745587,-0.4977925173682869,-0.10636162157378772,0.05133167643452463,-0.09771994370253854,0.05133167643452463,0.05133167643452463,0.05133167643452463,0.05133167643452463,-0.08488702459390739,-0.08488702459390739,-0.08488702459390739,-0.08488702459390739,1.0
6400,30.17578210100055,0.573539629064139,-0.9130865821171614,0.3000340461730957,-0.10245729237794876,0.9891590071468491,0.048198386774836184,-0.0072539265826344485,0.015095146670355462,0.3000340461730957,0.10245729237794876,-2.6635689735412598,1.6093608140945435,-0.0072539265826344485,0.015095146670355462,-0.4156193780827101,0.8648881953423253,0.3000340461730957,0.10245729237794876,-2.6635689735412598,1.6093608140945435,-0.4682775807254427,-0.4239951290082989,165.76734764922406,5.609202190207433,0.0007633502978570877,-0.041334092098668444,0.5,-0.2902020494153368,0.5007633502978571,-0.33153614151400523,-0.03248576957241445,-0.7555312705223041,-0.03248576957241445,-0.03248576957241445,-0.03248576957241445,-0.03248576957241445,-0.7636527129154077,-0.7636527129154077,-0.7636527129154077,-0.7636527129154077,1.0
6450,30.374177366000367,1.1358652614498808,0.06289036750528079,-0.14596712589263916,0.07701322436332703,0.9891590071468491,0.048198386774836184,0.002560507170856003,-0.0019388645241269844,-0.14596712589263916,-0.07701322436332703,4.26617431640625,2.1336123943328857,0.002560507170856003,-0.0019388645241269844,0.14670625430303175,-0.11108875428011698,-0.14596712589263916,-0.07701322436332703,4.26617431640625,2.1336123943328857,0.27948721486181494,0.22527048896458401,165.77114259043802,5.609718710002441,-0.0002694449894769363,0.005308780406000653,-0.5,0.27364944059523894,-0.5002694449894769,0.27895822100123957,0.22078223012766196,0.5042287099658236,0.22078223012766196,0.22078223012766196,0.22078223012766196,0.22078223012766196,0.5594242674977391,0.5594242674977391,0.5594242674977391,0.5594242674977391,1.0
6500,30.55853523499991,0.5107771275025976,-0.01664398706339756,0.01760219782590866,-0.01367794256657362,0.9891590071468491,0.048198386774836184,-0.008349338881671428,-0.0005507281684549526,0.01760219782590866,0.01367794256657362,3.587754964828491,1.7345967292785645,-0.008349338881671428,-0.0005507281684549526,-0.4783818796442515,-0.03155439971143862,0.01760219782590866,0.01367794256657362,3.587754964828491,1.7345967292785645,0.11614311265810529,0.013308804520782279,165.76593952404554,5.609726675364625,0.000878628455083362,0.0015079405527961458,-0.5,-0.08007997069450593,-0.49912137154491665,-0.07857203014170978,0.38297825888681136,-0.06526322562092751,0.38297825888681136,0.38297825888681136,0.38297825888681136,0.38297825888681136,0.03048133910077533,0.03048133910077533,0.03048133910077533,0.03048133910077533,1.0
6550,30.707674033999865,0.34800478163833454,-0.04230362039296031,0.012447670102119446,0.0028027533553540707,0.9891590071468491,0.048198386774836184,-0.011190252248197793,-0.00010288308199960731,0.012447670102119446,-0.0028027533553540707,2.1521477699279785,2.1422929763793945,-0.011190252248197793,-0.00010288308199960731,-0.6411542255085145,-0.0058947663818758695,0.012447670102119446,-0.0028027533553540707,2.1521477699279785,2.1422929763793945,0.16512336963348995,0.058204830623270504,165.76136633675029,5.60972735003644,0.001177608727452887,0.00028170260636795915,-0.5,0.01679892878370528,-0.4988223912725471,0.017080631390073236,0.3336990216390572,0.07528546201334374,0.3336990216390572,0.3336990216390572,0.3336990216390572,0.3336990216390572,0.15871021742310804,0.15871021742310804,0.15871021742310804,0.15871021742310804,1.0
6600,30.79768695799976,0.3873123068683464,-0.10537097584211971,0.0055291857570409775,0.010651066899299622,0.9891590071468491,0.048198386774836184,-0.010504206512123346,0.0009978499211138114,0.0055291857570409775,-0.010651066899299622,2.1047415733337402,1.8243252038955688,-0.010504206512123346,0.0009978499211138114,-0.6018467002785027,0.05717258906728353,0.0055291857570409775,-0.010651066899299622,2.1047415733337402,1.8243252038955688,0.17249567500779867,0.03944898586360575,165.7625924933645,5.609725079470382,0.0011054071144240758,-0.002732198391626808,-0.5,0.06295698068497496,-0.4988945928855759,0.060224782293348156,0.32639891787777725,0.0996737681569539,0.32639891787777725,0.32639891787777725,0.32639891787777725,0.32639891787777725,0.18127349762639822,0.18127349762639822,0.18127349762639822,0.18127349762639822,1.0
6650,30.854316990999905,0.3849511158083583,-0.10066340802892726,0.017630845308303833,0.013712255284190178,0.9891590071468491,0.048198386774836184,-0.010545417070388793,0.0009156873630126938,0.017630845308303833,-0.013712255284190178,2.478780508041382,1.9572064876556396,-0.010545417070388793,0.0009156873630126938,-0.6042078913384908,0.052465021254091075,0.017630845308303833,-0.013712255284190178,2.478780508041382,1.9572064876556396,0.14844035369586542,0.0485013784173948,165.76252102770678,5.609725441843573,0.0011097442135277527,-0.002507230187089241,-0.5,0.08027114257360825,-0.4988902557864722,0.077763912386519,0.3504499020906068,0.1262652908039138,0.3504499020906068,0.3504499020906068,0.3504499020906068,0.3504499020906068,0.2138777663265655,0.2138777663265655,0.2138777663265655,0.2138777663265655,1.0
6700,30.93883722999999,0.4871963796408046,-0.04500818854130024,0.0018645988311618567,-0.022996103391051292,0.9891590071468491,0.048198386774836184,-0.008760900571942329,-5.56794629665092e-05,0.0018645988311618567,0.022996103391051292,2.0118820667266846,2.07083797454834,-0.008760900571942329,-5.56794629665092e-05,-0.5019626275060445,-0.0031901982335359436,0.0018645988311618567,0.022996103391051292,2.0118820667266846,2.07083797454834,0.13731285458321454,0.012555054075734214,165.76535937669908,5.609727367287713,0.0009219405930769117,0.00015245509276466676,-0.5,-0.12900620771957283,-0.49907805940692307,-0.12885375262680815,0.36176520482370855,-0.11629869855107394,0.36176520482370855,0.36176520482370855,0.36176520482370855,0.36176520482370855,-0.025857397345146804,-0.025857397345146804,-0.025857397345146804,-0.025857397345146804,1.0
6750,31.092211799000324,0.666021190838905,0.005922993389265941,0.041818518191576004,-0.0019333611708134413,0.9891590071468491,0.048198386774836184,-0.005639818832278251,-0.000944596279587131,0.041818518191576004,0.0019333611708134413,3.894145965576172,1.9399200677871704,-0.005639818832278251,-0.000944596279587131,-0.3231378163079441,-0.054121380164102124,0.041818518191576004,0.0019333611708134413,3.894145965576172,1.9399200677871704,0.0055880489309795695,0.09158727008458681,165.7690622425918,5.609725317890823,0.0005934892971477086,0.002586385303062396,-0.5,-0.011594389134370229,-0.4994065107028523,-0.009008003831307832,0.4938184617718727,0.08257926625327898,0.4938184617718727,0.4938184617718727,0.4938184617718727,0.4938184617718727,0.20603388169624715,0.20603388169624715,0.20603388169624715,0.20603388169624715,1.0
6800,31.243146376999903,0.6753621682199851,0.06832944591053895,0.005327412858605385,-0.004689082503318787,0.9891590071468491,0.048198386774836184,-0.005476788021624086,-0.0020337943505728618,0.005327412858605385,0.004689082503318787,3.7025794982910156,2.084407329559326,-0.005476788021624086,-0.0020337943505728618,-0.313796838926864,-0.11652783268537514,0.005327412858605385,0.004689082503318787,3.7025794982910156,2.084407329559326,0.10221714407879634,0.061970123725095465,165.76921155375518,5.60971784078402,0.0005763328972713004,0.005568707074756051,-0.5,-0.028052303217062886,-0.4994236671027287,-0.022483596142306835,0.39720652302393233,0.03948652758278863,0.39720652302393233,0.39720652302393233,0.39720652302393233,0.39720652302393233,0.13878815833877173,0.13878815833877173,0.13878815833877173,0.13878815833877173,1.0
6850,31.40883025400035,0.7596233305243763,0.08732897111857153,0.043780356645584106,0.013689611107110977,0.9891590071468491,0.048198386774836184,-0.004006153307855129,-0.0023653986217686907,0.043780356645584106,-0.013689611107110977,2.7063181400299072,2.3442564010620117,-0.004006153307855129,-0.0023653986217686907,-0.22953567662247287,-0.1355273578934077,0.043780356645584106,-0.013689611107110977,2.7063181400299072,2.3442564010620117,0.008459542025647665,0.11413567324054352,165.77036049757024,5.60971447847193,0.0004215732465058316,0.006476670922226789,-0.5,0.0801449893504719,-0.4995784267534942,0.08662166027269869,0.4911188847278465,0.2007573335132422,0.4911188847278465,0.4911188847278465,0.4911188847278465,0.4911188847278465,0.32353705469520383,0.32353705469520383,0.32353705469520383,0.32353705469520383,1.0
6900,31.559448695000356,1.2074294222523354,0.19750160329774324,0.044629257172346115,0.011543209664523602,0.9891590071468491,0.048198386774836184,0.003809537403285504,-0.004288273798883893,0.044629257172346115,-0.011543209664523602,4.008964538574219,2.5709218978881836,0.003809537403285504,-0.004288273798883893,0.21827041510548642,-0.24569999007257945,0.044629257172346115,-0.011543209664523602,4.008964538574219,2.5709218978881836,-0.11750961836975736,0.1597955441948552,165.77048709867213,5.609684989686444,-0.00040088286996836544,0.01174171014565468,-0.5,0.06805447038107934,-0.5004008828699683,0.07979618052673403,0.6179105012397257,0.23959172472158924,0.6179105012397257,0.6179105012397257,0.6179105012397257,0.6179105012397257,0.39406935003152066,0.39406935003152066,0.39406935003152066,0.39406935003152066,1.0
6950,31.715050523000173,1.628943554543977,0.3841876287251978,0.0441623292863369,0.04982968047261238,0.9891590071468491,0.048198386774836184,0.011166346855461598,-0.007546559610054829,0.0441623292863369,-0.04982968047261238,5.822658061981201,3.057744264602661,0.011166346855461598,-0.007546559610054829,0.6397845473971279,-0.432386015500034,0.0441623292863369,-0.04982968047261238,5.822658061981201,3.057744264602661,-0.22055740089154374,0.2227684773862999,165.76141036639274,5.609596111774015,-0.001175092830581064,0.02066340773083428,-0.5,0.22804795315753387,-0.501175092830581,0.24871136088836815,0.7217324937221248,0.47147983827466805,0.7217324937221248,0.7217324937221248,0.7217324937221248,0.7217324937221248,0.6519129617051993,0.6519129617051993,0.6519129617051993,0.6519129617051993,1.0
7000,31.784714915000222,1.6524549866578648,0.47383407502502667,0.002478337846696377,-0.004866031929850578,0.9891590071468491,0.048198386774836184,0.011576698757708073,-0.00911118526069913,0.002478337846696377,0.004866031929850578,6.356235027313232,3.163217544555664,0.011576698757708073,-0.00911118526069913,0.6632959795110158,-0.5220324617998628,0.002478337846696377,0.004866031929850578,6.356235027313232,3.163217544555664,-0.15089230299971493,0.17817284751322446,165.76064150457918,5.609536040501452,-0.001218280054097681,0.02494770385213236,-0.5,-0.02910436409232655,-0.5012182800540976,-0.0041566602401941904,0.6521105830538125,0.17401618727303025,0.6521105830538125,0.6521105830538125,0.6521105830538125,0.6521105830538125,0.3370438330364834,0.3370438330364834,0.3370438330364834,0.3370438330364834,1.0
7050,31.838759574000505,1.6073430812938116,0.5285312971155466,-0.022724134847521782,0.024776697158813477,0.9891590071468491,0.048198386774836184,0.010789347477257252,-0.010065831877873278,-0.022724134847521782,-0.024776697158813477,7.253937721252441,2.2548584938049316,0.010789347477257252,-0.010065831877873278,0.6181840741469625,-0.5767296838903827,-0.022724134847521782,-0.024776697158813477,7.253937721252441,2.2548584938049316,-0.10424831446871854,0.2187142424943192,165.7620922836252,5.609493845377331,-0.0011354161181619138,0.02756178348307668,-0.5,0.13757927897409455,-0.5011354161181619,0.16514106245717122,0.6053837305868804,0.38385530495149045,0.6053837305868804,0.6053837305868804,0.6053837305868804,0.6053837305868804,0.5352012375982106,0.5352012375982106,0.5352012375982106,0.5352012375982106,1.0
7100,31.89557199200044,1.4885286323085607,0.5467744655843862,-0.037762243300676346,0.0051637496799230576,0.9891590071468491,0.048198386774836184,0.00871564414352179,-0.010384235233650542,-0.037762243300676346,-0.0051637496799230576,6.953621864318848,2.5701375007629395,0.00871564414352179,-0.010384235233650542,0.4993696251617117,-0.5949728523592224,-0.037762243300676346,-0.0051637496799230576,6.953621864318848,2.5701375007629395,-0.028373236626235226,0.20089843726769863,165.7654245369734,5.609478837818654,-0.0009171778592158016,0.02843366566566221,-0.5,0.030872815731548237,-0.5009171778592159,0.059306481397210446,0.5292904144854511,0.2602049186649091,0.5292904144854511,0.5292904144854511,0.5292904144854511,0.5292904144854511,0.39252752228627186,0.39252752228627186,0.39252752228627186,0.39252752228627186,1.0
7150,32.077393163000124,1.2153527618546676,0.4491563881103591,-0.012492673471570015,0.030367475003004074,0.9891590071468491,0.048198386774836184,0.003947825767099858,-0.008680478372261859,-0.012492673471570015,-0.030367475003004074,6.772472858428955,1.6397275924682617,0.003947825767099858,-0.008680478372261859,0.22619375470781855,-0.4973547748851952,-0.012492673471570015,-0.030367475003004074,6.772472858428955,1.6397275924682617,0.002256824615373708,0.18689770708718376,165.77039871923037,5.609553702420554,-0.0004154352922449337,0.023768323469305,-0.5,0.162677596054263,-0.500415435292245,0.18644591952356798,0.4981586106768713,0.3733436266107517,0.4981586106768713,0.4981586106768713,0.4981586106768713,0.4981586106768713,0.49788327927996956,0.49788327927996956,0.49788327927996956,0.49788327927996956,1.0
7200,32.23274265500004,1.0544046901486062,0.4584726060556978,-0.0033267163671553135,0.0007680077105760574,0.9891590071468491,0.048198386774836184,0.0011387519910931593,-0.0088430770492414,-0.0033267163671553135,-0.0007680077105760574,6.840571880340576,2.234900951385498,0.0011387519910931593,-0.0088430770492414,0.06524568300175713,-0.506670992830534,-0.0033267163671553135,-0.0007680077105760574,6.840571880340576,2.234900951385498,0.04123288644313052,0.15748774798376106,165.77157589361605,5.609547135240516,-0.00011983191794827242,0.024213557480262084,-0.5,0.004607683898873376,-0.5001198319179483,0.02882124137913546,0.4588869454748178,0.18630898936289653,0.4588869454748178,0.4588869454748178,0.4588869454748178,0.4588869454748178,0.30103072573160095,0.30103072573160095,0.30103072573160095,0.30103072573160095,1.0
7250,32.39330400700055,1.089498095382426,0.46803705868868417,0.04116678610444069,-0.003770098090171814,0.9891590071468491,0.048198386774836184,0.0017512474581599241,-0.009010008238838053,0.04116678610444069,0.003770098090171814,7.7713093757629395,2.8082103729248047,0.0017512474581599241,-0.009010008238838053,0.10033908823557687,-0.5162354454635203,0.04116678610444069,0.003770098090171814,7.7713093757629395,2.8082103729248047,-0.08685854213363886,0.16030613792183657,165.77143006153867,5.609540266292249,-0.0001842854862664909,0.0246706559215186,-0.5,-0.022577816357704925,-0.5001842854862665,0.0020928395638136754,0.5870428276199053,0.16239897748565024,0.5870428276199053,0.5870428276199053,0.5870428276199053,0.5870428276199053,0.3091596843906266,0.3091596843906266,0.3091596843906266,0.3091596843906266,1.0
7300,32.543500450000465,1.2499662395775881,0.4670857947642012,0.0123441806063056,0.0028014988638460636,0.9891590071468491,0.048198386774836184,0.004551944918930531,-0.008993405551300383,0.0123441806063056,-0.0028014988638460636,8.250234603881836,2.525644302368164,0.004551944918930531,-0.008993405551300383,0.2608072324307391,-0.5152841815390373,0.0123441806063056,-0.0028014988638460636,8.250234603881836,2.525644302368164,-0.05523783461337839,0.17962388322875644,165.76997567957426,5.609540955218349,-0.00047900841798245014,0.024625193655946474,-0.5,0.016791425425619164,-0.5004790084179824,0.04141661908156564,0.5557168430313608,0.22104050231032207,0.5557168430313608,0.5557168430313608,0.5557168430313608,0.5557168430313608,0.3599697130681623,0.3599697130681623,0.3599697130681623,0.3599697130681623,1.0
7350,32.69346678900001,1.1539530964759555,0.4901947259647344,-0.0011049536988139153,-0.00721757672727108,0.9891590071468491,0.048198386774836184,0.002876199446618561,-0.009396732487366534,-0.0011049536988139153,0.00721757672727108,8.752448081970215,2.2914011478424072,0.002876199446618561,-0.009396732487366534,0.16479408932910647,-0.5383931127395706,-0.0011049536988139153,0.00721757672727108,8.752448081970215,2.2914011478424072,-0.01859300469617476,0.17581963491413108,165.77100118962773,5.609523859736776,-0.00030266580691895015,0.025729605437885536,-0.5,-0.04300715589985426,-0.500302665806919,-0.017277550461968723,0.5188956705030937,0.15854208445216236,0.5188956705030937,0.5188956705030937,0.5188956705030937,0.5188956705030937,0.2882660020779358,0.2882660020779358,0.2882660020779358,0.2882660020779358,1.0
7400,32.88000695299979,1.0109773869103131,0.46790717837274814,-0.10975617915391922,0.02320718765258789,0.9891590071468491,0.048198386774836184,0.000380802564322949,-0.00900774139969144,-0.10975617915391922,-0.02320718765258789,6.752477645874023,1.2501579523086548,0.000380802564322949,-0.00900774139969144,0.021818379763464034,-0.5161055651475842,-0.10975617915391922,-0.02320718765258789,6.752477645874023,1.2501579523086548,0.23009301555591868,0.24850350349825262,165.77167078112703,5.609540360429307,-4.007218835966246e-05,0.024664448754588297,-0.5,0.13003663709494412,-0.5000400721883597,0.1547010858495324,0.269947056632441,0.403204589347785,0.269947056632441,0.269947056632441,0.269947056632441,0.269947056632441,0.4706913535058953,0.4706913535058953,0.4706913535058953,0.4706913535058953,1.0
7450,33.01308288100063,0.4676278343078652,0.3620707558211825,-0.03907318785786629,-0.04573237895965576,0.9891590071468491,0.048198386774836184,-0.009102436117827892,-0.007160547357634642,-0.03907318785786629,0.04573237895965576,4.454010963439941,0.9467934966087341,-0.009102436117827892,-0.007160547357634642,-0.5215311728389839,-0.4102691425960187,-0.03907318785786629,0.04573237895965576,4.454010963439941,0.9467934966087341,0.23457279643672335,0.08710993819582827,165.76485675029525,5.609609196651779,0.0009578835185330915,0.019606431558158072,-0.5,-0.21700664323454386,-0.4990421164814669,-0.19740021167638577,0.26446932004474355,-0.1102902734805575,0.26446932004474355,0.26446932004474355,0.26446932004474355,0.26446932004474355,-0.04417294346937162,-0.04417294346937162,-0.04417294346937162,-0.04417294346937162,1.0
7500,33.067801707999934,0.5477328798631566,0.2842501150585695,-0.020157452672719955,0.023068655282258987,0.9891590071468491,0.048198386774836184,-0.0077043393254280085,-0.005802320950315335,-0.020157452672719955,-0.023068655282258987,6.173675537109375,0.26154547929763794,-0.0077043393254280085,-0.005802320950315335,-0.44142612728369257,-0.33244850183340574,-0.020157452672719955,-0.023068655282258987,6.173675537109375,0.26154547929763794,0.1695615261971024,0.16573452705636366,165.76679258856527,5.60964977697021,0.0008107502523616064,0.015887377566715554,-0.5,0.1293608007454528,-0.4991892497476384,0.14524817831216835,0.329627723550536,0.310982705368532,0.329627723550536,0.329627723550536,0.329627723550536,0.329627723550536,0.393389636256166,0.393389636256166,0.393389636256166,0.393389636256166,1.0
7550,33.12341541200021,0.5562973501129708,0.3472461503927871,-0.12410395592451096,0.06963175535202026,0.9891590071468491,0.048198386774836184,-0.007554861120879648,-0.006901809182600118,-0.12410395592451096,-0.06963175535202026,-0.06990788877010345,0.41651588678359985,-0.007554861120879648,-0.006901809182600118,-0.4328616570338783,-0.3954445371676233,-0.12410395592451096,-0.06963175535202026,-0.06990788877010345,0.41651588678359985,0.38471934695880905,0.2847145740557096,165.76698050208108,5.609617582756506,0.0007950196229229087,0.01889795882502401,0.4424763983716021,0.2651247867708399,0.44327141799452496,0.2840227455958639,-0.827990764953334,0.5687373196515735,-0.827990764953334,-0.827990764953334,-0.827990764953334,-0.827990764953334,0.36173962841324,0.36173962841324,0.36173962841324,0.36173962841324,1.0
7600,33.23629307900046,0.4564089284310019,-0.26303506724883385,0.16579334437847137,-0.046607013791799545,0.9891590071468491,0.048198386774836184,-0.009298242963850498,0.0037496074283262714,0.16579334437847137,0.046607013791799545,-5.900245666503906,-2.1996569633483887,-0.009298242963850498,0.0037496074283262714,-0.5327500787158472,0.21483668047399768,0.16579334437847137,0.046607013791799545,-5.900245666503906,-2.1996569633483887,-0.10008888427871354,-0.36868672241758105,165.76455992003233,5.609694969111448,0.0009784901724693119,-0.010266778451425373,0.5,-0.21947706088710214,0.5009784901724693,-0.22974383933852752,-0.4008896058937558,-0.5984305617561085,-0.4008896058937558,-0.4008896058937558,-0.4008896058937558,-0.4008896058937558,-0.6986529632295475,-0.6986529632295475,-0.6986529632295475,-0.6986529632295475,1.0
7650,33.39238745900002,1.5619968150638623,-0.5864484197911987,0.09703976660966873,0.012896420434117317,0.9891590071468491,0.048198386774836184,0.009997905828058724,0.009394235275103711,0.09703976660966873,-0.012896420434117317,-2.4370837211608887,0.08389206975698471,0.009997905828058724,0.009394235275103711,0.5728378079170133,0.5382500330163625,0.09703976660966873,-0.012896420434117317,-2.4370837211608887,0.08389206975698471,-0.3492255171236301,-0.06267166877350945,165.7634476626484,5.609523967890995,-0.0010521231016566777,-0.02572276741666937,0.5,0.07570706543544124,0.4989478768983433,0.04998429801877187,-0.1497223597747132,-0.012687370754737581,-0.1497223597747132,-0.1497223597747132,-0.1497223597747132,-0.1497223597747132,-0.050117960698415884,-0.050117960698415884,-0.050117960698415884,-0.050117960698415884,1.0
7700,33.539538658999845,1.9901570415830434,-0.5077515671436935,0.029713034629821777,0.03349115699529648,0.9891590071468491,0.048198386774836184,0.017470711506903172,0.00802071608544793,0.029713034629821777,-0.03349115699529648,-1.7659106254577637,0.6923490166664124,0.017470711506903172,0.00802071608544793,1.0009980344361944,0.4595531803688574,0.029713034629821777,-0.03349115699529648,-1.7659106254577637,0.6923490166664124,-0.3048404635383102,-0.019542817671106605,165.74653708645835,5.609579098998984,-0.0018386436091553738,-0.0219617460249142,0.5,0.1754590597599945,0.49816135639084463,0.1534973137350803,-0.19332089285253445,0.1339544960639737,-0.19332089285253445,-0.19332089285253445,-0.19332089285253445,-0.19332089285253445,0.08562427285084008,0.08562427285084008,0.08562427285084008,0.08562427285084008,1.0
7750,33.70245506900028,1.9765946337689253,-0.48345727795704574,0.043181926012039185,-0.03000321052968502,0.9891590071468491,0.048198386774836184,0.017234002836048604,0.007596700749709271,0.043181926012039185,0.03000321052968502,0.6322911381721497,-0.01776254177093506,0.017234002836048604,0.007596700749709271,0.9874356266220762,0.43525889118220956,0.043181926012039185,0.03000321052968502,0.6322911381721497,-0.01776254177093506,-0.306323110398032,-0.09546101755478123,165.74721384450194,5.609594361706973,-0.0018137271150233606,-0.020800704190871332,-0.49999999998962524,-0.16112857687590343,-0.5018137271046486,-0.18192928106677475,0.8081368375026805,-0.27739029862155595,0.8081368375026805,0.8081368375026805,0.8081368375026805,0.8081368375026805,-0.07535608924588583,-0.07535608924588583,-0.07535608924588583,-0.07535608924588583,1.0
7800,33.82328063500063,1.6443153221579137,-0.1484668881736416,-0.18076597154140472,0.1326548308134079,0.9891590071468491,0.048198386774836184,0.011434634812176228,0.0017500154854496945,-0.18076597154140472,-0.1326548308134079,5.995148658752441,2.912485122680664,0.011434634812176228,0.0017500154854496945,0.6551563150110646,0.10026850139880542,-0.18076597154140472,-0.1326548308134079,5.995148658752441,2.912485122680664,0.21694277038462004,0.292282198188004,165.76091082461213,5.609720315665094,-0.0012033285797180557,-0.00479169442900046,-0.5,0.29703822748589565,-0.501203328579718,0.2922465330568952,0.284260558195098,0.5845287312448992,0.284260558195098,0.284260558195098,0.284260558195098,0.284260558195098,0.6555938707936737,0.6555938707936737,0.6555938707936737,0.6555938707936737,1.0
7850,33.96728475600048,0.5372467252181886,0.10775294428420215,0.01639075018465519,-0.008827684447169304,0.9891590071468491,0.048198386774836184,-0.007887357249855995,-0.0027218641998479143,0.01639075018465519,0.008827684447169304,-7.652592182159424,2.920395612716675,-0.007887357249855995,-0.0027218641998479143,-0.45191228192866045,-0.15595133105903833,0.01639075018465519,0.008827684447169304,-7.652592182159424,2.920395612716675,0.1583560496078042,0.05305209027054875,165.7665574980099,5.609710298758094,0.0008300105483862737,0.007452708546430972,0.5,-0.052422543955944124,0.5008300105483863,-0.04496983540951315,-0.6591860601561905,0.008082254861035601,-0.6591860601561905,-0.6591860601561905,-0.6591860601561905,-0.6591860601561905,-0.15671426017801204,-0.15671426017801204,-0.15671426017801204,-0.15671426017801204,1.0
7900,34.13431855300041,2.192329573798363,-0.5478739125973467,0.19840402901172638,0.1340782344341278,0.9891590071468491,0.048198386774836184,0.020999287851154805,0.008720983117236757,0.19840402901172638,-0.1340782344341278,15.95689582824707,-0.8325841426849365,0.020999287851154805,0.008720983117236757,1.203170566651514,0.49967552582251057,0.19840402901172638,-0.1340782344341278,15.95689582824707,-0.8325841426849365,-0.7155574823513046,0.02931371976120295,165.73535437105056,5.609552077876874,-0.0022100953334307826,-0.023879235047990843,-0.5,0.2972013840097177,-0.5022100953334308,0.27332214896172685,1.2177675776847354,0.3026358687229298,1.2177675776847354,1.2177675776847354,1.2177675776847354,1.2177675776847354,0.6070777631441137,0.6070777631441137,0.6070777631441137,0.6070777631441137,1.0
7950,34.28701199900024,1.2102058941499456,0.7713157606097918,-0.33093106746673584,0.07217689603567123,0.9891590071468491,0.048198386774836184,0.0038579959794878965,-0.014303220138535834,-0.33093106746673584,-0.07217689603567123,3.308415651321411,0.15141300857067108,0.0038579959794878965,-0.014303220138535834,0.2210468870030966,-0.8195141473846279,-0.33093106746673584,-0.07217689603567123,3.308415651321411,0.15141300857067108,0.5858611439256233,0.45420581801590193,165.77045648764923,5.609255848604214,-0.0004059822825387324,0.0391653867247669,-0.5,0.2683223035212966,-0.5004059822825387,0.3074876902460635,-0.08545516164308453,0.7616935082619654,-0.08545516164308453,-0.08545516164308453,-0.08545516164308453,-0.08545516164308453,0.7403297178511943,0.7403297178511943,0.7403297178511943,0.7403297178511943,1.0
8000,34.45113956099976,0.7121362802373039,-0.30286134001022286,0.100301593542099,-0.12576882541179657,0.9891590071468491,0.048198386774836184,-0.004834958687424659,0.0044447070168098434,0.100301593542099,0.12576882541179657,-4.961334705352783,-1.0527117252349854,-0.004834958687424659,0.0044447070168098434,-0.27702272690954516,0.2546629532353867,0.100301593542099,0.12576882541179657,-4.961334705352783,-1.0527117252349854,-0.11138496298576125,-0.2817682397527323,165.76975681226043,5.609681840956962,0.0005087908543458992,-0.012170043549489765,0.5,-0.2961051155857125,0.5005087908543459,-0.30827515913520226,-0.38912382786858457,-0.5900433988879346,-0.38912382786858457,-0.38912382786858457,-0.38912382786858457,-0.38912382786858457,-0.6873243558550807,-0.6873243558550807,-0.6873243558550807,-0.6873243558550807,1.0
8050,34.52058858000055,1.3250992809430804,-0.5401805582709736,0.13260118663311005,0.020865943282842636,0.9891590071468491,0.048198386774836184,0.005863263867795468,0.008586708753718995,0.13260118663311005,-0.020865943282842636,-1.804309368133545,-1.0642387866973877,0.005863263867795468,0.008586708753718995,0.33594027379623137,0.4919821714961375,0.13260118663311005,-0.020865943282842636,-1.804309368133545,-1.0642387866973877,-0.3398037252651445,-0.04926387929947131,165.76885048687785,5.609557434265534,-0.000617003384295624,-0.02351156027849643,0.5,0.11840079587042877,0.4993829966157044,0.09488923559193234,-0.15957927135055988,0.045625356292461026,-0.15957927135055988,-0.15957927135055988,-0.15957927135055988,-0.15957927135055988,0.005730538454821056,0.005730538454821056,0.005730538454821056,0.005730538454821056,1.0
8100,34.574677188999885,1.6939325910532368,-0.48309725228259204,0.07859870046377182,0.043610189110040665,0.9891590071468491,0.048198386774836184,0.012300619520246987,0.00759041711629834,0.07859870046377182,-0.043610189110040665,10.010231971740723,-3.346503257751465,0.012300619520246987,0.00759041711629834,0.7047735839063878,0.43489886550775586,0.07859870046377182,-0.043610189110040665,10.010231971740723,-3.346503257751465,-0.2987259424518941,-0.044200940937429906,165.75921747557118,5.609594581658649,-0.0012944696321701436,-0.020783498342749496,-0.5,0.21074762588809018,-0.5012944696321702,0.18996412754534067,0.8000204120840643,0.14576318660791077,0.8000204120840643,0.8000204120840643,0.8000204120840643,0.8000204120840643,0.3457682896289268,0.3457682896289268,0.3457682896289268,0.3457682896289268,1.0
8150,34.71814888900008,0.8762062820025901,0.27838581068673174,-0.23512206971645355,0.08744049817323685,0.9891590071468491,0.048198386774836184,-0.0019713969528675056,-0.0056999695306876675,-0.23512206971645355,-0.08744049817323685,-3.46968674659729,0.028871910646557808,-0.0019713969528675056,-0.0056999695306876675,-0.11295272514425894,-0.3265841974615679,-0.23512206971645355,-0.08744049817323685,-3.46968674659729,0.028871910646557808,0.5235587996397748,0.3216196266713147,165.77136254322656,5.609652490415399,0.00020745208950274436,0.015607123906659179,0.5,0.2823719838327643,0.5002074520895028,0.2979791077394235,-1.0237662517292776,0.6195987344107382,-1.0237662517292776,-1.0237662517292776,-1.0237662517292776,-1.0237662517292776,0.3636571714784188,0.3636571714784188,0.3636571714784188,0.3636571714784188,1.0
8200,34.87718473299992,0.18209760572866043,-0.5719912038349559,0.176794171333313,-0.14107877016067505,0.9891590071468491,0.048198386774836184,-0.014085878720507025,0.009141909255995416,0.176794171333313,0.14107877016067505,-12.106282234191895,-2.3154330253601074,-0.014085878720507025,0.009141909255995416,-0.8070614014181886,0.5237928170601198,0.176794171333313,0.14107877016067505,-12.106282234191895,-2.3154330253601074,-0.07647617620493316,-0.41784975708952815,165.7553366603669,5.6095347479334245,0.0014823664744132196,-0.02503183389110306,0.5,-0.297882484612828,0.5014823664744132,-0.3229143185039311,-0.42500619026948006,-0.7407640755934592,-0.42500619026948006,-0.42500619026948006,-0.42500619026948006,-0.42500619026948006,-0.8470156231608292,-0.8470156231608292,-0.8470156231608292,-0.8470156231608292,1.0
8250,35.03064841500054,1.9558744011480453,-0.832224185976792,0.12100184708833694,0.08080796897411346,0.9891590071468491,0.048198386774836184,0.016872366555035115,0.013683831616654062,0.12100184708833694,-0.08080796897411346,-3.9802496433258057,-1.6104782819747925,0.016872366555035115,0.013683831616654062,0.9667153940011963,0.7840257992019559,0.12100184708833694,-0.08080796897411346,-3.9802496433258057,-1.6104782819747925,-0.49572149677001387,-0.01937853352835678,165.74822995049976,5.609295801785768,-0.0017756608440300796,-0.03746920505150432,0.5,0.2772195231364432,0.4982243391559699,0.2397503180849389,-0.00250284238595605,0.22037178455658213,-0.00250284238595605,-0.00250284238595605,-0.00250284238595605,-0.00250284238595605,0.2197460739600931,0.2197460739600931,0.2197460739600931,0.2197460739600931,1.0
8300,35.198284477000016,1.4457238367800906,-0.7288257941133772,0.0037178038619458675,-0.005785953253507614,0.9891590071468491,0.048198386774836184,0.00796855952590704,0.011879189237370157,0.0037178038619458675,0.005785953253507614,-4.391946792602539,-2.3525311946868896,0.00796855952590704,0.011879189237370157,0.4565648296332416,0.680627407338541,0.0037178038619458675,0.005785953253507614,-4.391946792602539,-2.3525311946868896,-0.1420990468355335,-0.15228203212411578,165.76645142434072,5.609402127103218,-0.0008385560670589356,-0.032527348715456074,0.5,-0.0345615867927093,0.49916144393294104,-0.06708893550816537,-0.3570623970974075,-0.21937096763228114,-0.3570623970974075,-0.3570623970974075,-0.3570623970974075,-0.3570623970974075,-0.308636566906633,-0.308636566906633,-0.308636566906633,-0.308636566906633,1.0
8350,35.396064843000204,1.4387421027878682,-0.8078742947814321,0.04569222033023834,0.0012426543980836868,0.9891590071468491,0.048198386774836184,0.007846705280244351,0.013258845842792653,0.04569222033023834,-0.0012426543980836868,-3.421998977661133,-0.7390539646148682,0.007846705280244351,0.013258845842792653,0.44958309564101917,0.759675908006596,0.04569222033023834,-0.0012426543980836868,-3.421998977661133,-0.7390539646148682,-0.18675502188999343,-0.16540532473144168,165.76661019315026,5.609322192263448,-0.0008257324437461468,-0.03630540321741439,0.5,0.007454391652139588,0.4991742675562538,-0.028851011565274802,-0.3124192456662604,-0.1942563362967165,-0.3124192456662604,-0.3124192456662604,-0.3124192456662604,-0.3124192456662604,-0.27236114771328157,-0.27236114771328157,-0.27236114771328157,-0.27236114771328157,1.0
8400,35.4949539700001,1.49771416952517,-0.8255879101461843,0.0035595993977040052,0.03893722966313362,0.9891590071468491,0.048198386774836184,0.008875962011516095,0.013568006753339433,0.0035595993977040052,-0.03893722966313362,-2.9878125190734863,-0.968971312046051,0.008875962011516095,0.013568006753339433,0.5085551623783209,0.777389523371348,0.0035595993977040052,-0.03893722966313362,-2.9878125190734863,-0.968971312046051,-0.1219457385715349,-0.0933098856215656,165.7651921913999,5.609303076725625,-0.0009340495419768726,-0.03715202360933822,0.5,0.19559566339227652,0.4990659504580231,0.1584436397829383,-0.3771202118864882,0.0651337541613727,-0.3771202118864882,-0.3771202118864882,-0.3771202118864882,-0.3771202118864882,-0.029146298810249355,-0.029146298810249355,-0.029146298810249355,-0.029146298810249355,1.0
8450,35.66259764300048,1.5566616902701418,-0.6174292507318774,0.022808635607361794,0.008150279521942139,0.9891590071468491,0.048198386774836184,0.009904790334403515,0.009934952780022287,0.022808635607361794,-0.008150279521942139,-1.6885558366775513,-0.02592664211988449,0.009904790334403515,0.009934952780022287,0.5675026831232928,0.5692308639570413,0.022808635607361794,-0.008150279521942139,-1.6885558366775513,-0.02592664211988449,-0.17373043663748589,-0.08784240362035148,165.76360034163764,5.609499878683063,-0.0010423235152904776,-0.0272033991539117,0.5,0.04847311222361157,0.4989576764847095,0.021269713069699873,-0.3252272398472236,-0.0665726905506516,-0.3252272398472236,-0.3252272398472236,-0.3252272398472236,-0.3252272398472236,-0.14787950051245752,-0.14787950051245752,-0.14787950051245752,-0.14787950051245752,1.0
8500,35.858373779999965,1.7668734618602722,-0.5365012741033053,0.044147834181785583,0.019624216482043266,0.9891590071468491,0.048198386774836184,0.013573677875101567,0.008522493130876684,0.044147834181785583,-0.019624216482043266,-0.5749357342720032,0.11114189028739929,0.013573677875101567,0.008522493130876684,0.7777144547134232,0.4883028873284691,0.044147834181785583,-0.019624216482043266,-0.5749357342720032,0.11114189028739929,-0.2737572338419097,-0.06597787150810525,165.75650380381683,5.609559966537802,-0.0014284569139731479,-0.023335723028955823,0.4999999998971171,0.11204999071727609,0.49857154298314393,0.08871426768832026,-0.22481430914123424,0.022736396180215016,-0.22481430914123424,-0.22481430914123424,-0.22481430914123424,-0.22481430914123424,-0.033467181105093544,-0.033467181105093544,-0.033467181105093544,-0.033467181105093544,1.0
8550,36.060381248999875,0.47316983912824295,0.33530108334936043,-0.21035714447498322,-0.02561911754310131,0.9891590071468491,0.048198386774836184,-0.009005709886550903,-0.006693328433320858,-0.21035714447498322,0.02561911754310131,-8.994802474975586,0.6560796499252319,-0.009005709886550903,-0.006693328433320858,-0.5159891680186062,-0.3834994701241966,-0.21035714447498322,0.02561911754310131,-8.994802474975586,0.6560796499252319,0.5742929104531614,0.15161737729247496,165.76500104982034,5.609624115437749,0.0009477041058295121,0.018327101523265776,0.5,-0.14153979955713106,0.5009477041058296,-0.12321269803386528,-1.075240614558991,0.028404679258609677,-1.075240614558991,-1.075240614558991,-1.075240614558991,-1.075240614558991,-0.24040547438113807,-0.24040547438113807,-0.24040547438113807,-0.24040547438113807,1.0
8600,36.21950919600022,1.0824290630348743,-0.7452389521323294,0.1709214448928833,0.0031826156191527843,0.9891590071468491,0.048198386774836184,0.001627869568765164,0.012165652885450982,0.1709214448928833,-0.0031826156191527843,-4.811061382293701,-1.621427297592163,0.001627869568765164,0.012165652885450982,0.09327005588802524,0.6970405653574933,0.1709214448928833,-0.0031826156191527843,-4.811061382293701,-1.621427297592163,-0.3476442824281795,-0.15165325040567934,165.7714644088656,5.609386251646425,-0.0001713022864632046,-0.03331179354949954,0.5,0.01906994596384338,0.4998286977135368,-0.014241847585656161,-0.15218441528535726,-0.1658950979913355,-0.15218441528535726,-0.15218441528535726,-0.15218441528535726,-0.15218441528535726,-0.20394120181267483,-0.20394120181267483,-0.20394120181267483,-0.20394120181267483,1.0
8650,36.372477478999826,1.913656788444785,-0.585597634352709,-0.02925560623407364,0.0659211128950119,0.9891590071468491,0.048198386774836184,0.016135530211031437,0.009379386267974042,-0.02925560623407364,-0.0659211128950119,-4.306933403015137,-1.5787843465805054,0.016135530211031437,0.009379386267974042,0.9244977812979359,0.5373992475778728,-0.02925560623407364,-0.0659211128950119,-4.306933403015137,-1.5787843465805054,-0.15809498147117312,-0.01655899754485761,165.7502335999756,5.60952461040758,-0.0016981019760381544,-0.025682106950922604,0.5,0.25991730902677435,0.49830189802396185,0.23423520207585175,-0.34020691655278873,0.21767620453099412,-0.34020691655278873,-0.34020691655278873,-0.34020691655278873,-0.34020691655278873,0.13262447539279693,0.13262447539279693,0.13262447539279693,0.13262447539279693,1.0
8700,36.56797230000029,2.0929560843467896,-0.6209221988012513,-0.04110870882868767,0.01763060688972473,0.9891590071468491,0.048198386774836184,0.019264893271028996,0.009995916224434041,-0.04110870882868767,-0.01763060688972473,7.78176212310791,-4.782430648803711,0.019264893271028996,0.009995916224434041,1.1037970771999406,0.5727238120264152,-0.04110870882868767,-0.01763060688972473,7.78176212310791,-4.782430648803711,-0.2783236630454006,0.012776906475252522,165.7411073126919,5.609497078194595,-0.002027510108956864,-0.027370334381139526,-0.5,0.10160702510521717,-0.5020275101089569,0.07423669072407765,0.7803511731543575,0.08701359719933018,0.7803511731543575,0.7803511731543575,0.7803511731543575,0.7803511731543575,0.28210139048791955,0.28210139048791955,0.28210139048791955,0.28210139048791955,1.0
8750,36.669930125000064,0.8123851544805496,0.44278582264672056,-0.17643365263938904,0.029209963977336884,0.9891590071468491,0.048198386774836184,-0.0030852857604622835,-0.008569291029707528,-0.17643365263938904,-0.029209963977336884,1.304604411125183,0.11828754097223282,-0.0030852857604622835,-0.008569291029707528,-0.17677385266629952,-0.4909842094215567,-0.17643365263938904,-0.029209963977336884,1.304604411125183,0.11828754097223282,0.43548052083979144,0.19840474931606797,165.77089849871496,5.609558122992927,0.00032466833614129055,0.02346386650170721,-0.5,0.15771325546833406,-0.4996753316638587,0.18117712197004127,0.06419481082406725,0.3795818712861092,0.06419481082406725,0.06419481082406725,0.06419481082406725,0.06419481082406725,0.39563057399212603,0.39563057399212603,0.39563057399212603,0.39563057399212603,1.0
8800,36.72549856000023,0.3352741894795035,0.5197126691234139,-0.08521149307489395,0.015989594161510468,0.9891590071468491,0.048198386774836184,-0.011412442997097969,-0.009911917783902026,-0.08521149307489395,-0.015989594161510468,-12.75757884979248,-0.5058231949806213,-0.011412442997097969,-0.009911917783902026,-0.6538848176673456,-0.5679110558982501,-0.08521149307489395,-0.015989594161510468,-12.75757884979248,-0.5058231949806213,0.3638043298770396,0.21883927437377151,165.76095259481852,5.609500932386261,0.0012009930136206676,0.027140322830147195,0.5,0.09279561863173608,0.5012009930136206,0.11993594146188327,-0.8650053228906602,0.3387752158356548,-0.8650053228906602,-0.8650053228906602,-0.8650053228906602,-0.8650053228906602,0.12252388511298973,0.12252388511298973,0.12252388511298973,0.12252388511298973,1.0
8850,36.85218296400035,1.2032045233638595,-0.37052354180589636,0.22397707402706146,-0.026874803006649017,0.9891590071468491,0.048198386774836184,0.003735799007117749,0.005625635217293166,0.22397707402706146,0.026874803006649017,-2.1225829124450684,-0.8920514583587646,0.003735799007117749,0.005625635217293166,0.2140455162170104,0.3223251550310602,0.22397707402706146,0.026874803006649017,-2.1225829124450684,-0.8920514583587646,-0.49702455720575633,-0.20081141258799828,165.77053293648066,5.609654430826095,-0.0003931232046887019,-0.015403585469414003,0.5,-0.14732707157034353,0.4996068767953113,-0.16273065703975753,-0.00258231958955496,-0.3635420696277558,-0.00258231958955496,-0.00258231958955496,-0.00258231958955496,-0.00258231958955496,-0.36418764952514454,-0.36418764952514454,-0.36418764952514454,-0.36418764952514454,1.0
8900,37.00206722199982,1.796705807164184,-0.34625668009763444,0.02992379292845726,-0.0138383898884058,0.9891590071468491,0.048198386774836184,0.014094350524246693,0.00520209858135786,0.02992379292845726,0.0138383898884058,-3.823164939880371,0.23150412738323212,0.014094350524246693,0.00520209858135786,0.8075468000173348,0.29805829332279826,0.02992379292845726,0.0138383898884058,-3.823164939880371,0.23150412738323212,-0.21741987737636573,-0.05832391742998831,165.75531699243848,5.609665000745449,-0.0014832581451313764,-0.014243881318948309,0.5,-0.08097329190581194,0.4985167418548686,-0.09521717322476025,-0.2810968644785029,-0.15354109065474858,-0.2810968644785029,-0.2810968644785029,-0.2810968644785029,-0.2810968644785029,-0.2238153067743743,-0.2238153067743743,-0.2238153067743743,-0.2238153067743743,1.0
8950,37.15580687500005,2.4829714118987423,-0.4519047921993487,-0.024438822641968727,0.058718279004096985,0.9891590071468491,0.048198386774836184,0.026071944870054722,0.00704600598604884,-0.024438822641968727,-0.058718279004096985,16.357776641845703,-1.694502830505371,0.026071944870054722,0.00704600598604884,1.493812404751893,0.4037064054245125,-0.024438822641968727,-0.058718279004096985,16.357776641845703,-1.694502830505371,-0.3765954095842029,0.08060175439834993,165.71568442850122,5.609612947182257,-0.0027441897160226402,-0.019292795973103148,-0.5,0.24769999233491766,-0.5027441897160226,0.2284071963618145,0.8793395993002255,0.30900895076016444,0.8793395993002255,0.8793395993002255,0.8793395993002255,0.8793395993002255,0.5288438505852209,0.5288438505852209,0.5288438505852209,0.5288438505852209,1.0
9000,37.30816436999976,0.8497065887659686,0.317934366889251,-0.3037765324115753,0.0438980832695961,0.9891590071468491,0.048198386774836184,-0.002433903850615024,-0.006390222050831653,-0.3037765324115753,-0.0438980832695961,-13.125310897827148,-1.0221600532531738,-0.002433903850615024,-0.006390222050831653,-0.13945241838088046,-0.36613275366408715,-0.3037765324115753,-0.0438980832695961,-13.125310897827148,-1.0221600532531738,0.6390633901230991,0.2522342263251109,165.77119468369432,5.609633255788094,0.0002561223291651701,0.017497144511760255,0.5,0.21161901038455827,0.5002561223291652,0.22911615489631854,-1.1393195124522641,0.4813503812214294,-1.1393195124522641,-1.1393195124522641,-1.1393195124522641,-1.1393195124522641,0.1965205031083634,0.1965205031083634,0.1965205031083634,0.1965205031083634,1.0
9050,37.46492386600039,0.7307671686632475,-1.0675573933342293,0.25076237320899963,-0.19043901562690735,0.9891590071468491,0.048198386774836184,-0.0045097883418202395,0.017791170924319887,0.25076237320899963,0.19043901562690735,-4.7669997215271,-1.3465368747711182,-0.0045097883418202395,0.017791170924319887,-0.2583918384836016,1.0193590065593932,0.25076237320899963,0.19043901562690735,-4.7669997215271,-1.3465368747711182,-0.4119431702541756,-0.5884400254552039,165.77000715181833,5.608997844939587,0.00047457215430625,-0.04871750089643481,0.5,-0.2997051010692294,0.5004745721543062,-0.3484226019656642,-0.08853140190013065,-0.9368626274208681,-0.08853140190013065,-0.08853140190013065,-0.08853140190013065,-0.08853140190013065,-0.9589954778959008,-0.9589954778959008,-0.9589954778959008,-0.9589954778959008,1.0
9100,37.55301854800018,1.581687289945657,-1.0335367546869247,-0.055921368300914764,0.11565028876066208,0.9891590071468491,0.048198386774836184,0.010341569446027283,0.01719739876629319,-0.055921368300914764,-0.11565028876066208,-6.062932968139648,-2.247262954711914,0.010341569446027283,0.01719739876629319,0.5925282827988081,0.9853383679120886,-0.055921368300914764,-0.11565028876066208,-6.062932968139648,-2.247262954711914,-0.03702297799323942,0.014971834591091554,165.76287180068243,5.6090457265893185,-0.0010882908313093744,-0.04709133774137559,0.5,0.29418074638027547,0.4989117091686906,0.2470894086388999,-0.46188873117545115,0.26206124322999147,-0.46188873117545115,-0.46188873117545115,-0.46188873117545115,-0.46188873117545115,0.14658906043612868,0.14658906043612868,0.14658906043612868,0.14658906043612868,1.0
9150,37.61404595000022,1.1717655895011139,-0.7600514446471185,-0.1464679092168808,-0.027316510677337646,0.9891590071468491,0.048198386774836184,0.0031870860978960996,0.012424179650261068,-0.1464679092168808,0.027316510677337646,-4.57269811630249,2.0402612686157227,0.0031870860978960996,0.012424179650261068,0.18260658235426483,0.7118530578722824,-0.1464679092168808,0.027316510677337646,-4.57269811630249,2.0402612686157227,0.2723006356039719,-0.18122113374429313,165.7708458930052,5.609371599697864,-0.00033538097898417035,-0.03401974016271638,0.5,-0.14932941975224312,0.49966461902101583,-0.1833491599149595,-0.7719652546249878,-0.36457029365925264,-0.7719652546249878,-0.7719652546249878,-0.7719652546249878,-0.7719652546249878,-0.5575616073154996,-0.5575616073154996,-0.5575616073154996,-0.5575616073154996,1.0
9200,37.68127921999985,1.177361115256941,-1.0693232106780892,0.035867687314748764,0.012691343203186989,0.9891590071468491,0.048198386774836184,0.003284746445715428,0.017821990250959062,0.035867687314748764,-0.012691343203186989,-4.125097274780273,-0.15337125957012177,0.003284746445715428,0.017821990250959062,0.188202108110092,1.021124823903253,0.035867687314748764,-0.012691343203186989,-4.125097274780273,-0.15337125957012177,-0.09105015870071803,-0.24092755362166177,165.77079382183217,5.60899531531563,-0.0003456579693285992,-0.04880190643229422,0.5,0.07455377562781086,0.4996543420306714,0.02575186919551664,-0.40860418332995335,-0.21517568442614513,-0.40860418332995335,-0.40860418332995335,-0.40860418332995335,-0.40860418332995335,-0.31732673025863345,-0.31732673025863345,-0.31732673025863345,-0.31732673025863345,1.0
9250,37.855953467999825,1.1755185650066244,-0.8873965864623039,0.03059796243906021,-0.014636412262916565,0.9891590071468491,0.048198386774836184,0.0032525878772139555,0.014646771661355161,0.03059796243906021,0.014636412262916565,-3.518671751022339,-1.2802538871765137,0.0032525878772139555,0.014646771661355161,0.18635955785977526,0.8391981996874678,0.03059796243906021,0.014636412262916565,-3.518671751022339,-1.2802538871765137,-0.0876476886659328,-0.2127957338871638,165.770811141885,5.609232925659842,-0.00034227385924813866,-0.04010620435164527,0.5,-0.08539318556085541,0.4996577261407519,-0.12549938991250068,-0.41201003747481907,-0.3382951237996645,-0.41201003747481907,-0.41201003747481907,-0.41201003747481907,-0.41201003747481907,-0.44129763316836923,-0.44129763316836923,-0.44129763316836923,-0.44129763316836923,1.0
9300,38.04418709899983,1.2044967097774613,-0.8577864357498293,0.04906834289431572,-0.016371872276067734,0.9891590071468491,0.048198386774836184,0.0037583519145846372,0.014129977039410734,0.04906834289431572,0.016371872276067734,-4.564058303833008,-1.2257015705108643,0.0037583519145846372,0.014129977039410734,0.2153377026306122,0.8095880489749931,0.04906834289431572,0.016371872276067734,-4.564058303833008,-1.2257015705108643,-0.13132258957544496,-0.19819606160032463,165.77051901207915,5.609267201646532,-0.0003954964998602165,-0.03869096217889446,0.5,-0.09486489951797607,0.4996045035001398,-0.13355586169687053,-0.36828191392469484,-0.33175192329719516,-0.36828191392469484,-0.36828191392469484,-0.36828191392469484,-0.36828191392469484,-0.4238224017783689,-0.4238224017783689,-0.4238224017783689,-0.4238224017783689,1.0
9350,38.247278720000395,1.5955965433035648,-0.7603734240334612,-0.009153993800282478,0.0027312389574944973,0.9891590071468491,0.048198386774836184,0.010584331713616849,0.012429799250676297,-0.009153993800282478,-0.0027312389574944973,-3.9623665809631348,-0.818471372127533,0.010584331713616849,0.012429799250676297,0.6064375361567157,0.712175037258625,-0.009153993800282478,-0.0027312389574944973,-3.9623665809631348,-0.818471372127533,-0.12442950951928286,-0.13034712549635333,165.7624532866622,5.609371277787152,-0.0011138396883934474,-0.03403512884630252,0.5,0.016371153870637475,0.49888616031160654,-0.017663974975665044,-0.3744566507923237,-0.14801110047201838,-0.3744566507923237,-0.3744566507923237,-0.3744566507923237,-0.3744566507923237,-0.2416252631700993,-0.2416252631700993,-0.2416252631700993,-0.2416252631700993,1.0
9400,38.443786116999945,1.7613079249037698,-0.48724883335919617,-0.004001641180366278,-0.036130379885435104,0.9891590071468491,0.048198386774836184,0.013476540930569176,0.007662875875248574,-0.004001641180366278,0.036130379885435104,-0.6646590232849121,2.0722203254699707,0.013476540930569176,0.007662875875248574,0.7721489177569207,0.43905044658436,-0.004001641180366278,0.036130379885435104,-0.6646590232849121,2.0722203254699707,-0.1917602002332858,-0.11957099662194479,165.75672027224374,5.609592034268065,-0.0014182332552867024,-0.020981905025703625,0.49999999999715755,-0.18555657325927669,0.4985817667418708,-0.20653847828498031,-0.30682156650858505,-0.3261094749069251,-0.30682156650858505,-0.30682156650858505,-0.30682156650858505,-0.30682156650858505,-0.4028148665340714,-0.4028148665340714,-0.4028148665340714,-0.4028148665340714,1.0
9450,38.61077527799989,1.8119755488273936,-0.515848062713656,0.046945616602897644,0.025486748665571213,0.9891590071468491,0.048198386774836184,0.014360857792198659,0.008162026591016912,0.046945616602897644,-0.025486748665571213,8.263313293457031,-0.7433817982673645,0.014360857792198659,0.008162026591016912,0.8228165416805445,0.46764967593881995,0.046945616602897644,-0.025486748665571213,8.263313293457031,-0.7433817982673645,-0.25514513265185773,-0.04182292862556508,165.75469223885693,5.6095738283137,-0.0015113085642165795,-0.022348684735250958,-0.5,0.14092160318142447,-0.5015113085642166,0.11857291844617351,0.7566564412160743,0.07674998982060843,0.7566564412160743,0.7566564412160743,0.7566564412160743,0.7566564412160743,0.265914100124627,0.265914100124627,0.265914100124627,0.265914100124627,1.0
9500,38.789262258000235,0.5282709495142928,-0.15612610489437787,0.24586887657642365,-0.13291658461093903,0.9891590071468491,0.048198386774836184,-0.00804401408880949,0.0018836940353503455,0.24586887657642365,0.13291658461093903,-3.082970142364502,-4.404367446899414,-0.00804401408880949,0.0018836940353503455,-0.4608880576325563,0.10792771811954169,0.24586887657642365,0.13291658461093903,-3.082970142364502,-4.404367446899414,-0.21097575140450858,-0.37235807848267766,165.7663518850393,5.609719196080436,0.0008464967210041274,-0.005157718523556865,0.5,-0.297068925219881,0.5008464967210041,-0.30222664374343783,-0.28987074531649554,-0.6745847222261154,-0.28987074531649554,-0.28987074531649554,-0.28987074531649554,-0.28987074531649554,-0.7470524085552394,-0.7470524085552394,-0.7470524085552394,-0.7470524085552394,1.0
9550,38.84357910900053,1.2369032893465273,-0.6285699295984029,0.17351959645748138,-0.023004166781902313,0.9891590071468491,0.048198386774836184,0.0043239534273743635,0.010129394307150506,0.17351959645748138,0.023004166781902313,-1.4661582708358765,0.03699660673737526,0.0043239534273743635,0.010129394307150506,0.24774428219967815,0.5803715428235667,0.17351959645748138,0.023004166781902313,-1.4661582708358765,0.03699660673737526,-0.39096906226679834,-0.22843501363772345,165.77014239742934,5.609490886771738,-0.00045501620583588386,-0.027735835807260207,0.5,-0.12904563894305954,0.4995449837941641,-0.15678147475031975,-0.10857592152736578,-0.38521648838804323,-0.10857592152736578,-0.10857592152736578,-0.10857592152736578,-0.10857592152736578,-0.4123604687698847,-0.4123604687698847,-0.4123604687698847,-0.4123604687698847,1.0
9600,38.908299317000456,1.8287549757405879,-0.5348500225106018,0.11587682366371155,0.03914235532283783,0.9891590071468491,0.048198386774836184,0.014653714038431645,0.008493673353805208,0.11587682366371155,-0.03914235532283783,11.235092163085938,-5.202591896057129,0.014653714038431645,0.008493673353805208,0.8395959685937386,0.48665163573576564,0.11587682366371155,-0.03914235532283783,11.235092163085938,-5.202591896057129,-0.44522617339288595,-0.010912431242146706,165.75399222279776,5.609561096834214,-0.0015421325111124337,-0.023256807849743585,-0.5,0.19630135060245182,-0.5015421325111125,0.17304454275270825,0.9467683059039984,0.16213211151056156,0.9467683059039984,0.9467683059039984,0.9467683059039984,0.9467683059039984,0.39882418798656116,0.39882418798656116,0.39882418798656116,0.39882418798656116,1.0
9650,39.10166984300031,0.3133956261444982,0.24546363187660913,0.020812228322029114,-0.34609174728393555,0.9891590071468491,0.048198386774836184,-0.011794295962899923,-0.005125369113520719,0.020812228322029114,0.34609174728393555,-4.910358905792236,0.11339180171489716,-0.011794295962899923,-0.005125369113520719,-0.6757633810023509,-0.2936620186514453,0.020812228322029114,0.34609174728393555,-4.910358905792236,0.11339180171489716,0.21052819151245836,-0.4667944417500425,165.76022254395605,5.609666827159951,0.0012411810968620295,0.01403378542324519,0.5,-0.2999994166605,0.501241181096862,-0.2859656312372548,-0.7117693726093204,-0.7527600729872973,-0.7117693726093204,-0.7117693726093204,-0.7117693726093204,-0.7117693726093204,-0.9307024161396273,-0.9307024161396273,-0.9307024161396273,-0.9307024161396273,1.0
9700,39.256761297000594,1.563603083457579,-0.6962612664197546,0.07848721742630005,0.01262700092047453,0.9891590071468491,0.048198386774836184,0.010025940500199795,0.011310831009759569,0.07848721742630005,-0.01262700092047453,-3.1322968006134033,-0.8804240226745605,0.010025940500199795,0.011310831009759569,0.5744440763107298,0.6480628796449185,0.07848721742630005,-0.01262700092047453,-3.1322968006134033,-0.8804240226745605,-0.30467339210569316,-0.09867194688623716,165.7634014151431,5.60943250507592,-0.0010550735077508584,-0.030970982356757944,0.5,0.07419144835941656,0.49894492649224914,0.043220466002658615,-0.19427153438655598,-0.05545148088357855,-0.19427153438655598,-0.19427153438655598,-0.19427153438655598,-0.19427153438655598,-0.10401936448021754,-0.10401936448021754,-0.10401936448021754,-0.10401936448021754,1.0
9750,39.41590557800009,1.6622652727401188,-0.5906344186179173,-0.03229296952486038,-0.02896355465054512,0.9891590071468491,0.048198386774836184,0.01174792055040598,0.009467294737114572,-0.03229296952486038,0.02896355465054512,-6.072669506072998,-0.9660488963127136,0.01174792055040598,0.009467294737114572,0.6731062655932697,0.5424360318430812,-0.03229296952486038,0.02896355465054512,-6.072669506072998,-0.9660488963127136,-0.10299355376400321,-0.15193790912571203,165.7603124890929,5.6095207918054095,-0.0012363003015716067,-0.025922823455948776,0.5,-0.1566406329215792,0.4987636996984284,-0.18256345637752797,-0.39577014593442517,-0.33450136550324,-0.39577014593442517,-0.39577014593442517,-0.39577014593442517,-0.39577014593442517,-0.4334439019868463,-0.4334439019868463,-0.4334439019868463,-0.4334439019868463,1.0
9800,39.568347897999956,1.7831133038290354,-0.4512467461615003,-0.017067257314920425,0.011703857220709324,0.9891590071468491,0.048198386774836184,0.013857116587460042,0.007034520916058682,-0.017067257314920425,-0.011703857220709324,-3.0145480632781982,-0.6414300203323364,0.013857116587460042,0.007034520916058682,0.7939542966821863,0.4030483593866641,-0.017067257314920425,-0.011703857220709324,-3.0145480632781982,-0.6414300203323364,-0.16913239276783576,-0.042129561731551995,165.75586327818118,5.609613319912138,-0.0014582889780801194,-0.019261347735308423,0.5,0.06896808502770228,0.49854171102191985,0.04970673729239386,-0.3294093182540841,0.0075771755608418645,-0.3294093182540841,-0.3294093182540841,-0.3294093182540841,-0.3294093182540841,-0.07477515400267916,-0.07477515400267916,-0.07477515400267916,-0.07477515400267916,1.0
9850,39.7142579729998,1.6181612471654656,-0.555614064391705,0.009835122153162956,-0.007474258542060852,0.9891590071468491,0.048198386774836184,0.010978160090744496,0.008856074250652456,0.009835122153162956,0.007474258542060852,-0.8814608454704285,-0.576632022857666,0.010978160090744496,0.008856074250652456,0.6290022400186165,0.5074156776168689,0.009835122153162956,0.007474258542060852,-0.8814608454704285,-0.576632022857666,-0.17509995721119131,-0.1275033321871541,165.76175368615088,5.609546605037898,-0.001155287366928684,-0.024249146962101856,0.4999999999999995,-0.04451447340296544,0.49884471263307084,-0.0687636203650673,-0.3237447554218795,-0.19626695255222137,-0.3237447554218795,-0.3237447554218795,-0.3237447554218795,-0.3237447554218795,-0.27720314140769126,-0.27720314140769126,-0.27720314140769126,-0.27720314140769126,1.0
9900,39.76900051699977,1.5487449674135683,-0.533588571948265,-0.018322743475437164,0.01668144389986992,0.9891590071468491,0.048198386774836184,0.009766617454588417,0.008471656888141298,-0.018322743475437164,-0.01668144389986992,-1.794596552848816,-0.4502740502357483,0.009766617454588417,0.008471656888141298,0.5595859602667193,0.4853901851734289,-0.018322743475437164,-0.01668144389986992,-1.794596552848816,-0.4502740502357483,-0.09661697885761525,-0.07764855306257265,165.7638242672803,5.609561957728762,-0.0010277820684615727,-0.02319652172124861,0.5,0.09653331192845857,0.49897221793153845,0.07333679020720996,-0.40235523907392323,-0.004311762855362694,-0.40235523907392323,-0.40235523907392323,-0.40235523907392323,-0.40235523907392323,-0.1049005726238435,-0.1049005726238435,-0.1049005726238435,-0.1049005726238435,1.0
9950,39.83961989999989,1.5572160028099706,-0.5476009184739578,0.033010084182024,-0.0017378279007971287,0.9891590071468491,0.048198386774836184,0.009914464913308621,0.008716218470945024,0.033010084182024,0.0017378279007971287,-0.42822083830833435,-0.5850846171379089,0.009914464913308621,0.008716218470945024,0.5680569956631216,0.49940253169912163,0.033010084182024,0.0017378279007971287,-0.42822083830833435,-0.5850846171379089,-0.2099984916678155,-0.11552704102523957,165.76358454499206,5.6095522693673585,-0.001043341678754998,-0.02386618831574041,0.4999999636049685,-0.010422770776712432,0.49895662192621354,-0.034288959092452845,-0.288958130258398,-0.14981600011769242,-0.288958130258398,-0.288958130258398,-0.288958130258398,-0.288958130258398,-0.22205553268229192,-0.22205553268229192,-0.22205553268229192,-0.22205553268229192,1.0
10000,39.992606278000494,1.620783826363339,-0.5997013880194034,0.04899433255195618,-0.010177306830883026,0.9891590071468491,0.048198386774836184,0.011023932732641697,0.009625543206348085,0.04899433255195618,0.010177306830883026,-0.1461627334356308,-0.4288337826728821,0.011023932732641697,0.009625543206348085,0.6316248192164898,0.5515030012445673,0.04899433255195618,0.010177306830883026,-0.1461627334356308,-0.4288337826728821,-0.23796331594019848,-0.14614603968267523,165.76167071754486,5.609513827967517,-0.0011601046397171466,-0.02635615011959084,0.4971183583762241,-0.06023427360643644,0.4959582537365069,-0.08659042372602728,-0.25799493779630844,-0.23273646340870252,-0.25799493779630844,-0.25799493779630844,-0.25799493779630844,-0.25799493779630844,-0.29723519785777963,-0.29723519785777963,-0.29723519785777963,-0.29723519785777963,1.0
10050,40.14753092899991,1.5314226471830639,-0.13664057570832316,-0.14432357251644135,0.07672145217657089,0.9891590071468491,0.048198386774836184,0.009464285932481293,0.0015436073945602402,-0.14432357251644135,-0.07672145217657089,6.504055500030518,0.6796298623085022,0.009464285932481293,0.0015436073945602402,0.5422636400362149,0.08844218893348699,-0.14432357251644135,-0.07672145217657089,6.504055500030518,0.6796298623085022,0.09904211623300258,0.16132970104573852,165.76430326010083,5.609721882580811,-0.0009959645430482464,-0.004226530443093834,-0.5,0.2733538422736959,-0.5009959645430483,0.26912731183060207,0.4019538483100457,0.4304570128763406,0.4019538483100457,0.4019538483100457,0.4019538483100457,0.4019538483100457,0.530945474953852,0.530945474953852,0.530945474953852,0.530945474953852,1.0
10100,40.29924894600026,0.5691246588176663,-0.05931942587930044,0.027938609942793846,-0.017787422984838486,0.9891590071468491,0.048198386774836184,-0.007330982349812982,0.00019409874861594286,0.027938609942793846,0.017787422984838486,3.1855363845825195,1.0752661228179932,-0.007330982349812982,0.00019409874861594286,-0.4200343483291828,0.011121039104464254,0.027938609942793846,0.017787422984838486,3.1855363845825195,1.0752661228179932,0.08814943424688186,-0.024544452771048116,165.76725506060595,5.609727287599076,0.0007714593708725173,-0.0005314588431535431,-0.5,-0.10243910391839893,-0.49922854062912747,-0.10297056276155248,0.4110791063822456,-0.12751501553260058,0.4110791063822456,0.4110791063822456,0.4110791063822456,0.4110791063822456,-0.024745238937039185,-0.024745238937039185,-0.024745238937039185,-0.024745238937039185,1.0
10150,40.45414593100031,0.8116576859730903,0.1085289311471523,0.023205747827887535,0.010426035150885582,0.9891590071468491,0.048198386774836184,-0.0030979824811220164,-0.0027354077255586163,0.023205747827887535,-0.010426035150885582,2.4474406242370605,0.1217987984418869,-0.0030979824811220164,-0.0027354077255586163,-0.17750132117375877,-0.1567273179219885,0.023205747827887535,-0.010426035150885582,2.4474406242370605,0.1217987984418869,0.03679437280816704,0.08078873067812457,165.77089203084108,5.60971012840421,0.00032600443580087967,0.00748979207094098,-0.5,0.06166504080628666,-0.4996739955641991,0.06915483287722764,0.46287962275603206,0.1499435635553522,0.46287962275603206,0.46287962275603206,0.46287962275603206,0.46287962275603206,0.26566346924436024,0.26566346924436024,0.26566346924436024,0.26566346924436024,1.0
10200,40.60355467400041,1.2030813665153877,0.2503119456094075,0.027843885123729706,0.028871094807982445,0.9891590071468491,0.048198386774836184,0.0037336495146155363,-0.005209988151327707,0.027843885123729706,-0.028871094807982445,3.868218421936035,0.019832393154501915,0.0037336495146155363,-0.005209988151327707,0.2139223593685386,-0.2985103323842437,0.027843885123729706,-0.028871094807982445,3.868218421936035,0.019832393154501915,-0.13514507415162302,0.1619848246671158,165.7705342592254,5.609664811408928,-0.00039289700858884943,0.0142654840597003,-0.5,0.15623672576259953,-0.5003928970085888,0.17050220982229983,0.6355379711602118,0.33248703448941563,0.6355379711602118,0.6355379711602118,0.6355379711602118,0.6355379711602118,0.4913715272794686,0.4913715272794686,0.4913715272794686,0.4913715272794686,1.0
10250,40.75725469900044,1.2634544758061883,0.40947651084887576,-0.044536005705595016,-0.012056516483426094,0.9891590071468491,0.048198386774836184,0.0047873590514063875,-0.007987933867261744,-0.044536005705595016,0.012056516483426094,5.059865951538086,-0.17184510827064514,0.0047873590514063875,-0.007987933867261744,0.27429546865933935,-0.4576748976237119,-0.044536005705595016,0.012056516483426094,5.059865951538086,-0.17184510827064514,0.015913594300261222,0.14154553799922145,165.7697945463809,5.609580308576355,-0.0005037817881767119,0.021871981317463998,-0.5,-0.07096893255940152,-0.5005037817881767,-0.049096951241937525,0.48459018748791544,0.09244858675728393,0.48459018748791544,0.48459018748791544,0.48459018748791544,0.48459018748791544,0.21359613362926277,0.21359613362926277,0.21359613362926277,0.21359613362926277,1.0
10300,40.8261783830003,1.2153743196392355,0.5564496953479737,-0.07638009637594223,0.02308633178472519,0.9891590071468491,0.048198386774836184,0.0039482020214200025,-0.010553099848912097,-0.07638009637594223,-0.02308633178472519,4.957442760467529,-0.11451008915901184,0.0039482020214200025,-0.010553099848912097,0.22621531249238638,-0.6046480821228098,-0.07638009637594223,-0.02308633178472519,4.957442760467529,-0.11451008915901184,0.10329710033547734,0.2298713479099642,165.77039847446972,5.609470688949001,-0.00041547488642722637,0.02889606843187803,-0.5,0.129447126435298,-0.5004154748864272,0.15834319486717602,0.3971183745509499,0.3882145427771402,0.3971183745509499,0.3971183745509499,0.3971183745509499,0.3971183745509499,0.48749413641487765,0.48749413641487765,0.48749413641487765,0.48749413641487765,1.0
10350,40.980672697000045,0.6724451971967136,0.7881725073988246,-0.08918803185224533,0.01957656815648079,0.9891590071468491,0.048198386774836184,-0.005527698770165443,-0.014597425871179438,-0.08918803185224533,-0.01957656815648079,1.332769751548767,0.0400155670940876,-0.005527698770165443,-0.014597425871179438,-0.31671380995013554,-0.8363708941736607,-0.08918803185224533,-0.01957656815648079,1.332769751548767,0.0400155670940876,0.26790136152492205,0.289530376145964,165.76916539759566,5.609236251639481,0.0005816904405360326,0.03997107022652668,-0.5,0.11180389553014905,-0.499418309559464,0.15177496575667573,0.23151694803454193,0.4413053419026397,0.23151694803454193,0.23151694803454193,0.23151694803454193,0.23151694803454193,0.4991845789112752,0.4991845789112752,0.4991845789112752,0.4991845789112752,1.0
10400,41.16622239099979,0.1663200688491293,0.9282294316721971,0.006990354508161545,-0.072384312748909,0.9891590071468491,0.048198386774836184,-0.014361248686909675,-0.017041880339966155,0.006990354508161545,0.072384312748909,-6.101818561553955,-0.08994236588478088,-0.014361248686909675,-0.017041880339966155,-0.8228389382977198,-0.9764278184470332,0.006990354508161545,0.072384312748909,-6.101818561553955,-0.08994236588478088,0.35137037007656247,0.20247689919468664,165.75469131391654,5.609057999017416,0.001511349706816324,0.046665423653786675,0.5,-0.26857032535760184,0.5015113497068163,-0.22190490170381516,-0.8528817197833788,-0.019428002509128517,-0.8528817197833788,-0.8528817197833788,-0.8528817197833788,-0.8528817197833788,-0.23264843245497321,-0.23264843245497321,-0.23264843245497321,-0.23264843245497321,1.0
10450,41.323564041999816,1.152903915386418,-0.2972158418156635,0.017792293801903725,-0.043577298521995544,0.9891590071468491,0.048198386774836184,0.0028578877821564715,0.004346174485399388,0.017792293801903725,0.043577298521995544,-6.120708465576172,-0.9958261847496033,0.0028578877821564715,0.004346174485399388,0.16374490823956903,0.24901745504082734,0.017792293801903725,0.043577298521995544,-6.120708465576172,-0.9958261847496033,-0.10723439401229544,-0.10719837434780954,165.77100984018537,5.609683837395357,-0.00030073883877777954,-0.01190024930161726,0.5,-0.2106476242331193,0.4996992611612222,-0.22254787353473657,-0.39246486714892675,-0.32974624788254614,-0.39246486714892675,-0.39246486714892675,-0.39246486714892675,-0.39246486714892675,-0.42786246466977784,-0.42786246466977784,-0.42786246466977784,-0.42786246466977784,1.0
10500,41.47426334000011,1.3897891765110348,-0.4379701657558913,-0.013669826090335846,0.02807246707379818,0.9891590071468491,0.048198386774836184,0.006992315538227559,0.006802800874575041,-0.013669826090335846,-0.02807246707379818,-4.8525590896606445,-1.187504768371582,0.006992315538227559,0.006802800874575041,0.4006301693641858,0.38977177898105514,-0.013669826090335846,-0.02807246707379818,-4.8525590896606445,-1.187504768371582,-0.07896229269037847,-0.011993678675213573,165.76765469653844,5.609620710133008,-0.0007358193547795306,-0.01862685635351436,0.5,0.15271559785997013,0.4992641806452205,0.13408874150645578,-0.420301887954842,0.1220950628312422,-0.420301887954842,-0.420301887954842,-0.420301887954842,-0.420301887954842,0.0170195908425317,0.0170195908425317,0.0170195908425317,0.0170195908425317,1.0
10550,41.529617387000144,1.405111958862018,-0.3639730702267368,-0.004870404023677111,0.03220479562878609,0.9891590071468491,0.048198386774836184,0.007259748540818692,0.005511307920678519,-0.004870404023677111,-0.03220479562878609,-6.341743469238281,-0.1653381735086441,0.007259748540818692,0.005511307920678519,0.4159529517151689,0.31577468345190063,-0.004870404023677111,-0.03220479562878609,-6.341743469238281,-0.1653381735086441,-0.08505022255119743,0.005330060859080214,165.76734068784552,5.609657365493833,-0.0007639629795741194,-0.015090540521879066,0.5,0.17030458774886392,0.4992360370204259,0.15521404722698487,-0.4141858144692285,0.1605441080860651,-0.4141858144692285,-0.4141858144692285,-0.4141858144692285,-0.4141858144692285,0.05699765446875797,0.05699765446875797,0.05699765446875797,0.05699765446875797,1.0
10600,41.63261786500061,1.3372386615323089,-0.4650699818245483,0.03740110248327255,0.0008267455268651247,0.9891590071468491,0.048198386774836184,0.006075136028230194,0.007275781891657971,0.03740110248327255,-0.0008267455268651247,-6.31083345413208,-0.5008639097213745,0.006075136028230194,0.007275781891657971,0.3480796543854599,0.4168715950497121,0.03740110248327255,-0.0008267455268651247,-6.31083345413208,-0.5008639097213745,-0.1224543789452065,-0.09061171510020191,165.76864210016757,5.6096053623975735,-0.000639299664120595,-0.019921965531279305,0.5,0.004960021140769048,0.4993607003358794,-0.014961944390510257,-0.3769063213906729,-0.10557365949071217,-0.3769063213906729,-0.3769063213906729,-0.3769063213906729,-0.3769063213906729,-0.1998002398383804,-0.1998002398383804,-0.1998002398383804,-0.1998002398383804,1.0
10650,41.78498295999998,1.425924399036693,-0.6092050626409473,0.031200040131807327,0.005374656058847904,0.9891590071468491,0.048198386774836184,0.007622994147241116,0.00979141361953225,0.031200040131807327,-0.005374656058847904,-5.998654365539551,-0.9929856061935425,0.007622994147241116,0.00979141361953225,0.436765391889844,0.5610066758661112,0.031200040131807327,-0.005374656058847904,-5.998654365539551,-0.9929856061935425,-0.1560282265015216,-0.13531359803210252,165.76689530661173,5.60950640481277,-0.0008021897299929448,-0.02681034874418552,0.5,0.032124301907742174,0.49919781027000704,0.005313953163556654,-0.34316958376848544,-0.12999964486854587,-0.34316958376848544,-0.34316958376848544,-0.34316958376848544,-0.34316958376848544,-0.21579204081066722,-0.21579204081066722,-0.21579204081066722,-0.21579204081066722,1.0
10700,41.93593345299996,1.4430986962612786,-0.5471991112516906,0.032892826944589615,0.04859413206577301,0.9891590071468491,0.048198386774836184,0.007922742180526257,0.00870920561195817,0.032892826944589615,-0.04859413206577301,-4.684057712554932,-0.9651274085044861,0.007922742180526257,0.00870920561195817,0.4539396891144295,0.49900072447685445,0.032892826944589615,-0.04859413206577301,-4.684057712554932,-0.9651274085044861,-0.15474122981102795,-0.02773350514112176,165.7665114086148,5.609552551022843,-0.0008337343661369253,-0.023846985445048877,0.5,0.22485912988956594,0.49916626563386307,0.20101214444451707,-0.3444250358228351,0.17327863930339532,-0.3444250358228351,-0.3444250358228351,-0.3444250358228351,-0.3444250358228351,0.08717238034768654,0.08717238034768654,0.08717238034768654,0.08717238034768654,1.0
10750,42.073632745000396,1.4214691947071407,-0.5255742520917542,-0.004082360304892063,-0.007987651973962784,0.9891590071468491,0.048198386774836184,0.007545236162841321,0.008331780619337224,-0.004082360304892063,0.007987651973962784,-4.32831335067749,-0.1808023899793625,0.007545236162841321,0.008331780619337224,0.4323101875602916,0.47737586531691806,-0.004082360304892063,0.007987651973962784,-4.32831335067749,-0.1808023899793625,-0.10075976078471824,-0.10744009697656395,165.76699247574447,5.60956737502157,-0.0007940067229669532,-0.02281350882492158,0.5,-0.047522325055257275,0.499205993277033,-0.07033583388017886,-0.3984462324923148,-0.17777593085674281,-0.3984462324923148,-0.3984462324923148,-0.3984462324923148,-0.3984462324923148,-0.2773874889798215,-0.2773874889798215,-0.2773874889798215,-0.2773874889798215,1.0
10800,42.215010248,1.3936687239596022,-0.6587325785817081,0.037958089262247086,-0.013801848515868187,0.9891590071468491,0.048198386774836184,0.007060026414692406,0.010655831843032502,0.037958089262247086,0.013801848515868187,-3.030886173248291,-0.4011988341808319,0.007060026414692406,0.010655831843032502,0.4045097168127532,0.6105341918068719,0.037958089262247086,0.013801848515868187,-3.030886173248291,-0.4011988341808319,-0.1812607215200438,-0.18364979325295658,165.76757630735278,5.609465667123504,-0.0007429449780344359,-0.02917738052161853,0.5,-0.08076997625889624,0.49925705502196555,-0.10994735678051477,-0.31799633350192175,-0.29359715003347137,-0.31799633350192175,-0.31799633350192175,-0.31799633350192175,-0.31799633350192175,-0.3730962334089518,-0.3730962334089518,-0.3730962334089518,-0.3730962334089518,1.0
10850,42.37600450700029,1.568159993572741,-0.6562545539343156,0.031929861754179,-0.0031426092609763145,0.9891590071468491,0.048198386774836184,0.010105473585426811,0.010612582153989934,0.031929861754179,0.0031426092609763145,-2.2038636207580566,-0.03784956783056259,0.010105473585426811,0.010612582153989934,0.579000986425892,0.6080561671594795,0.031929861754179,0.0031426092609763145,-2.2038636207580566,-0.03784956783056259,-0.2100920558936331,-0.1323736512482607,165.76326950829005,5.60946778721769,-0.001063443684130229,-0.029058949392802774,0.5,-0.018830865627594104,0.49893655631586975,-0.04788981502039688,-0.28884450042223664,-0.18026346626865758,-0.28884450042223664,-0.28884450042223664,-0.28884450042223664,-0.28884450042223664,-0.25247459137421674,-0.25247459137421674,-0.25247459137421674,-0.25247459137421674,1.0
10900,42.53244778699991,1.7623630824088308,-0.627349566892792,0.027380237355828285,-0.005372781306505203,0.9891590071468491,0.048198386774836184,0.013494956903159619,0.01010809495986905,0.027380237355828285,0.005372781306505203,-1.5788657665252686,-0.0005353606538847089,0.013494956903159619,0.01010809495986905,0.7732040752619818,0.5791511801179559,0.027380237355828285,0.005372781306505203,-1.5788657665252686,-0.0005353606538847089,-0.24885399221714558,-0.13443513373003857,165.75667935191234,5.60949188025547,-0.0014201715334622971,-0.02767751201284965,0.5,-0.03211318232835428,0.4985798284665377,-0.05979069434120393,-0.24972583624939212,-0.1942258280712425,-0.24972583624939212,-0.24972583624939212,-0.24972583624939212,-0.24972583624939212,-0.25665728713359054,-0.25665728713359054,-0.25665728713359054,-0.25665728713359054,1.0
10950,42.636872351999955,1.7732609693947035,-0.5716817108881898,-0.01385260559618473,-0.01705899089574814,0.9891590071468491,0.048198386774836184,0.013685160912573338,0.009136507585062646,-0.01385260559618473,0.01705899089574814,6.865885257720947,-0.5569137930870056,0.013685160912573338,0.009136507585062646,0.7841019622478544,0.5234833241133536,-0.01385260559618473,0.01705899089574814,6.865885257720947,-0.5569137930870056,-0.17431759584829945,-0.14443210988827856,165.75625344938754,5.609534975498651,-0.0014401905311830188,-0.025017042752819463,-0.5,-0.09855908401845377,-0.501440190531183,-0.12357612677127323,0.6757577863794825,-0.2680082366595518,0.6757577863794825,0.6757577863794825,0.6757577863794825,0.6757577863794825,-0.0990687900646812,-0.0990687900646812,-0.0990687900646812,-0.0990687900646812,1.0
11000,42.69211503400038,1.7646217405899896,-0.6010870626472697,-0.09298598021268845,0.03853296861052513,0.9891590071468491,0.048198386774836184,0.013534377925097946,0.0096497277909657,-0.09298598021268845,-0.03853296861052513,5.526623249053955,-0.11859384179115295,0.013534377925097946,0.0096497277909657,0.7754627334431405,0.5528886758724336,-0.09298598021268845,-0.03853296861052513,5.526623249053955,-0.11859384179115295,-0.041044393627833575,-0.056544615489105915,165.7565915704932,5.609512753538701,-0.0014243205929398684,-0.02642237407003052,-0.5,0.19419381004944355,-0.5014243205929398,0.16777143597941302,0.5424687142207734,0.1112268204903071,0.5424687142207734,0.5424687142207734,0.5424687142207734,0.5424687142207734,0.24684399904550045,0.24684399904550045,0.24684399904550045,0.24684399904550045,1.0
11050,42.88919838899983,0.3961603900512748,-0.024375879598244346,0.12127931416034698,-0.19306263327598572,0.9891590071468491,0.048198386774836184,-0.010349778328090906,-0.00041578118631150577,0.12127931416034698,0.19306263327598572,-8.967002868652344,-0.5366388559341431,-0.010349778328090906,-0.00041578118631150577,-0.5929986170955743,-0.023822507176591838,0.12127931416034698,0.19306263327598572,-8.967002868652344,-0.5366388559341431,-0.0008051933463263661,-0.11172862401540651,165.76285780746343,5.609726975982269,0.0010891547507665767,0.0011384442050934261,0.5,-0.29973446757768707,0.5010891547507665,-0.29859602337259367,-0.5002839614044402,-0.4103246473880002,-0.5002839614044402,-0.5002839614044402,-0.5002839614044402,-0.5002839614044402,-0.5353956377391103,-0.5353956377391103,-0.5353956377391103,-0.5353956377391103,1.0
11100,43.08564149300037,1.3734157189666334,0.7119085361171663,-0.16495965421199799,0.09831460565328598,0.9891590071468491,0.048198386774836184,0.006706544794142247,-0.013266368471668101,-0.16495965421199799,-0.09831460565328598,4.072505950927734,0.9733278751373291,0.006706544794142247,-0.013266368471668101,0.38425671181978427,-0.7601069228920024,-0.16495965421199799,-0.09831460565328598,4.072505950927734,0.9733278751373291,0.1951375958593235,0.45661186421000577,165.7679772126295,5.609321732365944,-0.0007057460514900448,0.03632600346789765,-0.5,0.288470120005278,-0.5007057460514901,0.32479612347317566,0.3055681501921666,0.7814079876831814,0.3055681501921666,0.3055681501921666,0.3055681501921666,0.3055681501921666,0.8578000252312231,0.8578000252312231,0.8578000252312231,0.8578000252312231,1.0
11150,43.2390873610002,0.6056647834950593,0.2626964926372422,0.2480863779783249,-0.21399754285812378,0.9891590071468491,0.048198386774836184,-0.006693236865103244,-0.005426139273331501,0.2480863779783249,0.21399754285812378,-0.8635668754577637,-1.2242674827575684,-0.006693236865103244,-0.005426139273331501,-0.3834942236517898,-0.3108948794120784,0.2480863779783249,0.21399754285812378,-0.8635668754577637,-1.2242674827575684,-0.42184264033265806,-0.2695515134733792,165.76799190383826,5.609659512527229,0.0007043455841988129,0.014857336431376286,0.499999999999999,-0.2998850391540827,0.5007043455841979,-0.28502770272270644,-0.0788617052515398,-0.5545792161960856,-0.0788617052515398,-0.0788617052515398,-0.0788617052515398,-0.0788617052515398,-0.5742946425089706,-0.5742946425089706,-0.5742946425089706,-0.5742946425089706,1.0
11200,43.39120145800007,1.5664998307176048,0.5514092825447687,-0.08715634793043137,0.0561799556016922,0.9891590071468491,0.048198386774836184,0.010076498277485371,-0.010465128049836493,-0.08715634793043137,-0.0561799556016922,5.178900718688965,0.4654012620449066,0.010076498277485371,-0.010465128049836493,0.5773408235707557,-0.599607669319605,-0.08715634793043137,-0.0561799556016922,5.178900718688965,0.4654012620449066,0.017996697328620914,0.2920085832899829,165.76331768496996,5.6094749505896075,-0.0010603942794733133,0.028655174693344332,-0.5,0.24264515131110231,-0.5010603942794734,0.27130032600444665,0.48306369695085244,0.5633089092944296,0.48306369695085244,0.48306369695085244,0.48306369695085244,0.48306369695085244,0.6840748335321427,0.6840748335321427,0.6840748335321427,0.6840748335321427,1.0
11250,43.53998974000024,0.6464788456847349,0.7397102875251743,0.03759361431002617,0.015776148065924644,0.9891590071468491,0.048198386774836184,-0.005980897098779678,-0.01375160057155881,0.03759361431002617,-0.015776148065924644,7.667794227600098,-1.4606084823608398,-0.005980897098779678,-0.01375160057155881,-0.34268016146211416,-0.7879086743000104,0.03759361431002617,-0.015776148065924644,7.667794227600098,-1.4606084823608398,0.04013945381151508,0.2634180956930661,165.76873570208116,5.609291516554953,0.0006293824621619125,0.037654787781785305,-0.5,0.09163595048067849,-0.49937061753783807,0.1292907382624638,0.459231163726323,0.3927088339555299,0.459231163726323,0.459231163726323,0.459231163726323,0.459231163726323,0.5075166248871107,0.5075166248871107,0.5075166248871107,0.5075166248871107,1.0
11300,43.649960348000604,0.5872355457321897,1.0881280021236037,0.00259023392572999,0.0019370750524103642,0.9891590071468491,0.048198386774836184,-0.007014887742698192,-0.019832636863575316,0.00259023392572999,-0.0019370750524103642,3.0604541301727295,-0.9249027967453003,-0.007014887742698192,-0.019832636863575316,-0.4019234614146594,-1.1363263888984398,0.00259023392572999,-0.0019370750524103642,3.0604541301727295,-0.9249027967453003,0.1250879392202579,0.34215930656852217,165.76762864853515,5.608820824082103,0.0007381947630294988,0.05430865868266628,-0.5,0.01161663907626634,-0.4992618052369705,0.06592529775893262,0.3741738660167126,0.4080846043274548,0.3741738660167126,0.3741738660167126,0.3741738660167126,0.3741738660167126,0.501628070831633,0.501628070831633,0.501628070831633,0.501628070831633,1.0
11350,43.70936196799994,0.5596464373229513,1.1319538042112847,0.037962839007377625,-0.007276665885001421,0.9891590071468491,0.048198386774836184,-0.007496408522129058,-0.020597541407332755,0.037962839007377625,0.007276665885001421,2.6900126934051514,-1.3941423892974854,-0.007496408522129058,-0.020597541407332755,-0.42951256982389785,-1.1801521909861208,0.037962839007377625,0.007276665885001421,2.6900126934051514,-1.3941423892974854,0.04132824527298999,0.32923179402771713,165.7670529832923,5.6087495505055145,0.0007888682596768644,0.0564036594253374,-0.5,-0.04335434571674033,-0.4992111317403231,0.01304931370859707,0.4578828864673331,0.3422811077363142,0.4578828864673331,0.4578828864673331,0.4578828864673331,0.4578828864673331,0.4567518293531475,0.4567518293531475,0.4567518293531475,0.4567518293531475,1.0
11400,43.85725211299996,0.8074243027090047,1.2379330470856125,0.05955197662115097,0.03492094576358795,0.9891590071468491,0.048198386774836184,-0.0031718689575791353,-0.022447228134260512,0.05955197662115097,-0.03492094576358795,3.9122474193573,-2.0809786319732666,-0.0031718689575791353,-0.022447228134260512,-0.1817347044378444,-1.2861314338604486,0.05955197662115097,-0.03492094576358795,3.9122474193573,-2.0809786319732666,-0.05058960593607707,0.4118770022728015,165.7708538650669,5.608566052975854,0.0003337796499763658,0.06146997873670163,-0.5,0.18100897229726995,-0.4996662203500236,0.24247895103397157,0.5502558262861007,0.6543559533067731,0.5502558262861007,0.5502558262861007,0.5502558262861007,0.5502558262861007,0.7919199098782983,0.7919199098782983,0.7919199098782983,0.7919199098782983,1.0
11450,44.00836982000055,0.7577041540893085,1.3824411736245705,0.024891406297683716,-4.804972559213638e-05,0.9891590071468491,0.048198386774836184,-0.004039649255573747,-0.024969370738253928,0.024891406297683716,4.804972559213638e-05,2.411553382873535,-2.772287130355835,-0.004039649255573747,-0.024969370738253928,-0.23145485305754057,-1.4306395603994067,0.024891406297683716,4.804972559213638e-05,2.411553382873535,-2.772287130355835,0.03189941100716935,0.3945003402389379,165.77033829449908,5.608290436939642,0.00042509811086924955,0.06837866635909579,-0.5,-0.0002882982648040035,-0.49957490188913073,0.06809036809429178,0.46767549088196136,0.4625907083332297,0.46767549088196136,0.46767549088196136,0.46767549088196136,0.46767549088196136,0.5795095810537201,0.5795095810537201,0.5795095810537201,0.5795095810537201,1.0
11500,44.17976878399986,0.8284652874166107,1.5064738871357113,0.022125454619526863,0.03318867087364197,0.9891590071468491,0.048198386774836184,-0.002804634496569633,-0.02713414996920619,0.022125454619526863,-0.03318867087364197,1.946135401725769,-3.2537643909454346,-0.002804634496569633,-0.02713414996920619,-0.16069371973023833,-1.5546722739105474,0.022125454619526863,-0.03318867087364197,1.946135401725769,-3.2537643909454346,0.010226742368428715,0.47931196245474383,165.77103468343094,5.608030494783431,0.0002951349045074798,0.07430896541290768,-0.5,0.17426073780163384,-0.4997048650954925,0.24856970321454153,0.4894781227270638,0.7278816656692854,0.4894781227270638,0.4894781227270638,0.4894781227270638,0.4894781227270638,0.8502511963510513,0.8502511963510513,0.8502511963510513,0.8502511963510513,1.0
11550,44.32986906499991,0.41771905507320023,1.1687573180585464,0.1073557436466217,-0.19383451342582703,0.9891590071468491,0.048198386774836184,-0.009973508641123771,-0.021239883900270796,0.1073557436466217,0.19383451342582703,-5.089321613311768,-4.237488746643066,-0.009973508641123771,-0.021239883900270796,-0.5714399520736488,-1.2169557048333826,0.1073557436466217,0.19383451342582703,-5.089321613311768,-4.237488746643066,0.1073405235662608,-0.1179270238154646,165.7634878041803,5.608687614218475,0.0010495555106659997,0.058163011666332774,0.5,-0.29974253721112826,0.501049555510666,-0.24157952554479548,-0.6083900790769268,-0.35950654936026005,-0.6083900790769268,-0.6083900790769268,-0.6083900790769268,-0.6083900790769268,-0.5116040691294917,-0.5116040691294917,-0.5116040691294917,-0.5116040691294917,1.0
11600,44.46636040900012,2.1819771414507394,0.23458692914933407,0.12525160610675812,0.054983511567115784,0.9891590071468491,0.048198386774836184,0.020818603821098805,-0.004935534839169122,0.12525160610675812,-0.054983511567115784,14.947502136230469,-2.367664337158203,0.020818603821098805,-0.004935534839169122,1.1928181343038904,-0.2827853159241703,0.12525160610675812,-0.054983511567115784,14.947502136230469,-2.367664337158203,-0.6152560103944618,0.15023049329700394,165.7359768187093,5.609671229210679,-0.0021910735555037758,0.013513993439764223,-0.5,0.24011416114546488,-0.5021910735555037,0.2536281545852291,1.1174470839499655,0.403858647882233,1.1174470839499655,1.1174470839499655,1.1174470839499655,1.1174470839499655,0.6832204188697244,0.6832204188697244,0.6832204188697244,0.6832204188697244,1.0
11650,44.66568681799981,0.1430725595136389,1.2004437395569991,-0.24571800231933594,-0.1670946627855301,0.9891590071468491,0.048198386774836184,-0.014766994267702102,-0.021792916283593512,-0.24571800231933594,0.1670946627855301,-13.658609390258789,4.535330772399902,-0.014766994267702102,-0.021792916283593512,-0.8460864476332102,-1.2486421263318352,-0.24571800231933594,0.1670946627855301,-13.658609390258789,4.535330772399902,0.765467336601017,0.13382478672985004,165.7537176584386,5.60863276607912,0.0015540556451634703,0.059677774972130636,0.5,-0.2992503187076226,0.5015540556451634,-0.23957254373549194,-1.2670213922461804,-0.1057477570056419,-1.2670213922461804,-1.2670213922461804,-1.2670213922461804,-1.2670213922461804,-0.422503105067187,-0.422503105067187,-0.422503105067187,-0.422503105067187,1.0
11700,44.853862558999936,0.7042180632768493,-0.997494059880179,0.34134575724601746,-0.17269496619701385,0.9891590071468491,0.048198386774836184,-0.004973157644271848,0.016568335070624017,0.34134575724601746,0.17269496619701385,-5.714151382446289,0.6879569292068481,-0.004973157644271848,0.016568335070624017,-0.2849409438699997,0.9492956731053429,0.34134575724601746,0.17269496619701385,-5.714151382446289,0.6879569292068481,-0.5493152693367062,-0.580448396033691,165.76964514105265,5.609094681405242,0.0005233339978940484,-0.045368548217368965,0.5,-0.2994006253694117,0.5005233339978941,-0.34476917358678066,0.0487919353388121,-0.9252175696204716,0.0487919353388121,0.0487919353388121,0.0487919353388121,0.0487919353388121,-0.9130195857857686,-0.9130195857857686,-0.9130195857857686,-0.9130195857857686,1.0
11750,45.007768512999974,2.3660221381654334,-0.4799606479888223,-0.2056465744972229,0.28637632727622986,0.9891590071468491,0.048198386774836184,0.024030794985592366,0.007535673044039868,-0.2056465744972229,-0.28637632727622986,7.089901447296143,3.383178949356079,0.024030794985592366,0.007535673044039868,1.3768631310185846,0.43176226121398614,-0.2056465744972229,-0.28637632727622986,7.089901447296143,3.383178949356079,-0.051143772061790826,0.44561232531092554,165.7241089152666,5.6095964902145745,-0.00252926402384992,-0.020633598147707082,-0.5,0.2999936425888194,-0.5025292640238499,0.2793600444411123,0.5536730360856408,0.7249723697520378,0.5536730360856408,0.5536730360856408,0.5536730360856408,0.5536730360856408,0.8633906287734481,0.8633906287734481,0.8633906287734481,0.8633906287734481,1.0
11800,45.157236044000456,0.49202084107236077,0.5192923990460465,-0.12619958817958832,-0.06908094882965088,0.9891590071468491,0.048198386774836184,-0.008676697835326194,-0.009904582687304354,-0.12619958817958832,0.06908094882965088,0.7663740515708923,3.2503273487091064,-0.008676697835326194,-0.009904582687304354,-0.4971381660744883,-0.5674907858208826,-0.12619958817958832,0.06908094882965088,0.7663740515708923,3.2503273487091064,0.4038403153557828,0.050738178772037706,165.76548034176233,5.6095012674064195,0.0009130791980454516,0.027120237268885024,-0.49999999999995137,-0.2643939841579611,-0.4990869208019059,-0.2372737468890761,0.09524660544612312,-0.1865355681170384,0.09524660544612312,0.09524660544612312,0.09524660544612312,0.09524660544612312,-0.16272391675550762,-0.16272391675550762,-0.16272391675550762,-0.16272391675550762,1.0
11850,45.21239816100024,0.2042975081197737,0.3672954503298455,-0.05131838470697403,-0.028561566025018692,0.9891590071468491,0.048198386774836184,-0.013698417330160736,-0.007251735479221679,-0.05131838470697403,0.028561566025018692,2.0797040462493896,0.6665716171264648,-0.013698417330160736,-0.007251735479221679,-0.7848614990270754,-0.41549383710468174,-0.05131838470697403,0.028561566025018692,2.0797040462493896,0.6665716171264648,0.3128139218433685,0.0868110780725104,165.75622354359024,5.609606167559298,0.0014415857747607445,0.01985612186918513,-0.5,-0.1548788975347752,-0.4985584142252393,-0.13502277566559007,0.1857444923818708,-0.048211697593079667,0.1857444923818708,0.1857444923818708,0.1857444923818708,0.1857444923818708,-0.0017755744976119675,-0.0017755744976119675,-0.0017755744976119675,-0.0017755744976119675,1.0
11900,45.29080517500006,0.08782337943092393,0.3714322771306254,0.008513696491718292,-0.0023695810232311487,0.9891590071468491,0.048198386774836184,-0.01573127436917275,-0.007323936727480032,0.008513696491718292,0.0023695810232311487,1.865598201751709,2.539292097091675,-0.01573127436917275,-0.007323936727480032,-0.9013356277159251,-0.4196306639054616,0.008513696491718292,0.0023695810232311487,1.865598201751709,2.539292097091675,0.23595374829693355,0.1537118049900918,165.75129487763925,5.609603741984341,0.0016555510762496447,0.020053822704073253,-0.5,-0.014206851697764183,-0.49834444892375035,0.005846971006309071,0.2623907006268168,0.15955877599640086,0.2623907006268168,0.2623907006268168,0.2623907006268168,0.2623907006268168,0.22515645115310506,0.22515645115310506,0.22515645115310506,0.22515645115310506,1.0
11950,45.44504132600014,0.3879513564425657,0.18009311863003358,-0.07463966310024261,0.042441923171281815,0.9891590071468491,0.048198386774836184,-0.01049305299296975,-0.003984438423649408,-0.07463966310024261,-0.042441923171281815,1.374718427658081,0.7209486961364746,-0.01049305299296975,-0.003984438423649408,-0.6012076507042834,-0.22829150540486978,-0.07463966310024261,-0.042441923171281815,1.374718427658081,0.7209486961364746,0.2190191108577897,0.1219586644517096,165.7626117872251,5.609690783043017,0.0011042332916571232,0.0109097726826568,-0.5,0.20713865076499574,-0.4988957667083429,0.21804842344765255,0.2798766558505532,0.3400070878993621,0.2798766558505532,0.2798766558505532,0.2798766558505532,0.2798766558505532,0.40997625186200043,0.40997625186200043,0.40997625186200043,0.40997625186200043,1.0
12000,45.59594505000041,0.09511748118586202,0.13582362105056617,0.03707513585686684,0.012045785784721375,0.9891590071468491,0.048198386774836184,-0.015603968277573585,-0.0032117899326840416,0.03707513585686684,-0.012045785784721375,3.149385452270508,1.9577100276947021,-0.015603968277573585,-0.0032117899326840416,-0.8940415259609871,-0.18402200782540237,0.03707513585686684,-0.012045785784721375,3.149385452270508,1.9577100276947021,0.1756799326586226,0.0788821838760176,165.75162351509525,5.609703598414355,0.0016421512857446806,0.00879417543123831,-0.5,0.07090814835698965,-0.4983578487142553,0.07970232378822796,0.3226779160556327,0.15858450766424556,0.3226779160556327,0.3226779160556327,0.3226779160556327,0.3226779160556327,0.23925398667815373,0.23925398667815373,0.23925398667815373,0.23925398667815373,1.0
12050,45.793013986000005,0.3571857031411688,0.2218939163711513,0.042999785393476486,0.00041550304740667343,0.9891590071468491,0.048198386774836184,-0.01103001493960619,-0.00471399997419212,0.042999785393476486,-0.00041550304740667343,2.0198731422424316,3.3329873085021973,-0.01103001493960619,-0.00471399997419212,-0.6319733040056803,-0.2700923031459875,0.042999785393476486,-0.00041550304740667343,2.0198731422424316,3.3329873085021973,0.0714552824359084,0.15895348674038456,165.76165966680605,5.609676156318,0.0011607447527949063,0.012907401841093777,-0.5,0.002492960899143423,-0.49883925524720507,0.0154003627402372,0.4273839728112967,0.17435384948062177,0.4273839728112967,0.4273839728112967,0.4273839728112967,0.4273839728112967,0.28119984268344594,0.28119984268344594,0.28119984268344594,0.28119984268344594,1.0
12100,45.9739247360003,0.5061899084229936,0.19257990505200695,0.037778232246637344,-0.022914782166481018,0.9891590071468491,0.048198386774836184,-0.008429400958120822,-0.004202373959706166,0.037778232246637344,0.022914782166481018,2.857966661453247,1.4082244634628296,-0.008429400958120822,-0.004202373959706166,-0.4829690987238555,-0.24077829182684318,0.037778232246637344,0.022914782166481018,2.857966661453247,1.4082244634628296,0.06256320777904113,0.06923229820336244,165.7658288530857,5.609686670722837,0.000887054044945947,0.011506505993837,-0.5,-0.12860822882779105,-0.49911294595505407,-0.11710172283395405,0.43654973817601295,-0.047869424630591614,0.43654973817601295,0.43654973817601295,0.43654973817601295,0.43654973817601295,0.06126800991341162,0.06126800991341162,0.06126800991341162,0.06126800991341162,1.0
12150,46.03898958300033,0.6101180668339076,0.2572939997667472,0.055167023092508316,0.014034111052751541,0.9891590071468491,0.048198386774836184,-0.006615512408316135,-0.005331847984925844,0.055167023092508316,-0.014034111052751541,1.9901208877563477,1.6173839569091797,-0.006615512408316135,-0.005331847984925844,-0.3790409403129415,-0.30549238654158345,0.055167023092508316,-0.014034111052751541,1.9901208877563477,1.6173839569091797,0.0028603435972885116,0.1420030354453819,165.76807712438477,5.609661850533905,0.0006961662128159831,0.014599153412604864,-0.5,0.08206091222478927,-0.499303833787184,0.09666006563739413,0.49644349018989553,0.23866310108277602,0.49644349018989553,0.49644349018989553,0.49644349018989553,0.49644349018989553,0.3627739736302499,0.3627739736302499,0.3627739736302499,0.3627739736302499,1.0
12200,46.130040867999924,0.9949871670113728,0.3153184044371361,0.029560672119259834,0.013992467895150185,0.9891590071468491,0.048198386774836184,0.00010172057896852549,-0.006344564892933705,0.029560672119259834,-0.013992467895150185,2.497530460357666,1.9505128860473633,0.00010172057896852549,-0.006344564892933705,0.005828159864523715,-0.36351679121197233,0.029560672119259834,-0.013992467895150185,2.497530460357666,1.9505128860473633,-0.07077749209372598,0.15702688553132851,165.77168187549404,5.609634595905563,-1.070414540514782e-05,0.017372127627227296,-0.5,0.08182969564025247,-0.5000107041454052,0.09920182326747977,0.5707881962391311,0.25622870879880827,0.5707881962391311,0.5707881962391311,0.5707881962391311,0.5707881962391311,0.3989257578585911,0.3989257578585911,0.3989257578585911,0.3989257578585911,1.0
12250,46.28283207300046,1.1300296118560453,0.37303387644971403,0.020265774801373482,0.01805896684527397,0.9891590071468491,0.048198386774836184,0.002458655871450905,-0.007351889908895828,0.020265774801373482,-0.01805896684527397,3.518735885620117,1.7301831245422363,0.002458655871450905,-0.007351889908895828,0.14087060470919632,-0.42123226322455026,0.020265774801373482,-0.01805896684527397,3.518735885620117,1.7301831245422363,-0.06769138678932002,0.1823290272189556,165.77118470671786,5.6096027964546655,-0.0002587270213826564,0.020130363905241436,-0.5,0.10387572090516135,-0.5002587270213826,0.12400608481040279,0.5679501138107026,0.30633511202935837,0.5679501138107026,0.5679501138107026,0.5679501138107026,0.5679501138107026,0.448322640482034,0.448322640482034,0.448322640482034,0.448322640482034,1.0
12300,46.438021921000654,1.0597124941856466,0.4803359882280557,-0.03913288190960884,-0.007813931442797184,0.9891590071468491,0.048198386774836184,0.001231390647590161,-0.009224665053770877,-0.03913288190960884,0.007813931442797184,5.428603649139404,1.1792763471603394,0.001231390647590161,-0.009224665053770877,0.07055348703879752,-0.5285343750028918,-0.03913288190960884,0.007813931442797184,5.428603649139404,1.1792763471603394,0.0426886048698583,0.17910131199906973,165.7715578044223,5.609531244726978,-0.00012958037825662144,0.02525844028543415,-0.5,-0.04650560141327414,-0.5001295803782566,-0.02124716112783999,0.4574409755083983,0.15785415087122973,0.4574409755083983,0.4574409755083983,0.4574409755083983,0.4574409755083983,0.2722143947483293,0.2722143947483293,0.2722143947483293,0.2722143947483293,1.0
12350,46.58427375000065,0.873437067180973,0.45448900494399364,-0.03010348230600357,0.00025928206741809845,0.9891590071468491,0.048198386774836184,-0.0020197288691997523,-0.008773550093756056,-0.03010348230600357,-0.00025928206741809845,4.7980170249938965,1.2690192461013794,-0.0020197288691997523,-0.008773550093756056,-0.1157219399658761,-0.5026873917188297,-0.03010348230600357,-0.00025928206741809845,4.7980170249938965,1.2690192461013794,0.08812250049478963,0.1706310202960484,165.77134665111055,5.60954995827124,0.0002125381193435703,0.02402317595725245,-0.5,0.001555678460014634,-0.4997874618806564,0.025578854417267087,0.4116649613858668,0.1962098747133155,0.4116649613858668,0.4116649613858668,0.4116649613858668,0.4116649613858668,0.2991261150597822,0.2991261150597822,0.2991261150597822,0.2991261150597822,1.0
12400,46.7389173749998,0.9022580642400467,0.4819852121083493,-0.005347435362637043,-0.01934640109539032,0.9891590071468491,0.048198386774836184,-0.001516707576811313,-0.009253449440584517,-0.005347435362637043,0.01934640109539032,5.4930291175842285,1.0514564514160156,-0.001516707576811313,-0.009253449440584517,-0.08690094290680236,-0.5301835988831854,-0.005347435362637043,0.01934640109539032,5.4930291175842285,1.0514564514160156,0.04286888933618596,0.16392033445681492,165.7714932074391,5.609530018830766,0.00015960458429194077,0.02533725930708019,-0.5,-0.11061266552591163,-0.49984039541570807,-0.08527540621883145,0.4569715060795221,0.07864492823798347,0.4569715060795221,0.4569715060795221,0.4569715060795221,0.4569715060795221,0.192887804757864,0.192887804757864,0.192887804757864,0.192887804757864,1.0
12450,46.88764469600028,1.1172100938358718,0.4426431624065172,-0.048384878784418106,0.06831664592027664,0.9891590071468491,0.048198386774836184,0.00223491307348013,-0.008566801138804293,-0.048384878784418106,-0.06831664592027664,5.841046333312988,0.7387367486953735,0.00223491307348013,-0.008566801138804293,0.12805108668902268,-0.49084154918135336,-0.048384878784418106,-0.06831664592027664,5.841046333312988,0.7387367486953735,0.07728571453312555,0.24360108861592975,165.7712712243148,5.609558221333343,-0.0002351822427389206,0.023457048602535096,-0.5,0.2633561302554382,-0.5002351822427389,0.2868131788579733,0.42294946770961334,0.5304142674739031,0.42294946770961334,0.42294946770961334,0.42294946770961334,0.42294946770961334,0.6361516344013064,0.6361516344013064,0.6361516344013064,0.6361516344013064,1.0
12500,47.04248763299984,0.8997974885915496,0.4274652280907059,-0.11436767131090164,0.03623749688267708,0.9891590071468491,0.048198386774836184,-0.001559652723371982,-0.008301896211341954,-0.11436767131090164,-0.03623749688267708,2.912397861480713,0.005274039227515459,-0.001559652723371982,-0.008301896211341954,-0.08936151855529946,-0.4756636148655421,-0.11436767131090164,-0.03623749688267708,2.912397861480713,0.005274039227515459,0.25360327331635346,0.22858758149548558,165.77148232305908,5.609568520727486,0.00016412375016948026,0.022731678634238108,-0.5,0.18595287142524133,-0.4998358762498305,0.20868455005947945,0.24623260293347704,0.437272131554965,0.24623260293347704,0.24623260293347704,0.24623260293347704,0.24623260293347704,0.49883028228833426,0.49883028228833426,0.49883028228833426,0.49883028228833426,1.0
12550,47.142626028999985,0.4016336660931293,0.2447485164065941,-0.13275888562202454,-0.028118178248405457,0.9891590071468491,0.048198386774836184,-0.010254251640290021,-0.00511288799403701,-0.13275888562202454,0.028118178248405457,-12.414809226989746,2.6971633434295654,-0.010254251640290021,-0.00511288799403701,-0.5875253410537198,-0.2929469031814303,-0.13275888562202454,0.028118178248405457,-12.414809226989746,2.6971633434295654,0.4155335869189672,0.08596439972562986,165.76301995927,5.609667121685464,0.0010791013366754473,0.013999610403280065,0.5,-0.15291869843228384,0.5010791013366754,-0.13891908802900377,-0.9166126882556427,-0.05295468830337391,-0.9166126882556427,-0.9166126882556427,-0.9166126882556427,-0.9166126882556427,-0.2821078603672846,-0.2821078603672846,-0.2821078603672846,-0.2821078603672846,1.0
12600,47.30253504200027,0.9507878389534568,-0.5470010357657602,0.1826162487268448,-0.01661110855638981,0.9891590071468491,0.048198386774836184,-0.0006697032228112215,0.008705748542561197,0.1826162487268448,0.01661110855638981,-5.386570453643799,-0.11509259790182114,-0.0006697032228112215,0.008705748542561197,-0.03837116819339239,0.4988026489909241,0.1826162487268448,0.01661110855638981,-5.386570453643799,-0.11509259790182114,-0.309696276343119,-0.17031123536797532,165.77164577769986,5.609552689784728,7.047346550198893e-05,-0.02383751916998321,0.5,-0.09615482430134424,0.500070473465502,-0.11999234347132745,-0.19037419712238302,-0.2903035788393028,-0.19037419712238302,-0.19037419712238302,-0.19037419712238302,-0.19037419712238302,-0.3378971281198986,-0.3378971281198986,-0.3378971281198986,-0.3378971281198986,1.0
12650,47.45520216500063,1.658642390993956,-0.7615452817237943,0.027927014976739883,0.025373218581080437,0.9891590071468491,0.048198386774836184,0.01168468933552504,0.012450252025737428,0.027927014976739883,-0.025373218581080437,-4.463433265686035,-0.0015383963473141193,0.01168468933552504,0.012450252025737428,0.669483383847107,0.7133468949489582,0.027927014976739883,-0.025373218581080437,-4.463433265686035,-0.0015383963473141193,-0.22137762298326558,-0.107746056031408,165.76043455512672,5.6093701049504245,-0.0012296455203939167,-0.03409113662895195,0.5,0.14039016225153306,0.4987703544796061,0.10629902562258112,-0.2773927314963405,-0.001447030408826877,-0.2773927314963405,-0.2773927314963405,-0.2773927314963405,-0.2773927314963405,-0.07079521328291201,-0.07079521328291201,-0.07079521328291201,-0.07079521328291201,1.0
12700,47.60435964499993,1.562945250863142,-0.9637658387067156,0.050424955785274506,-0.018446650356054306,0.9891590071468491,0.048198386774836184,0.010014459155499936,0.015979666560306215,0.050424955785274506,0.018446650356054306,-2.6489126682281494,-0.17324160039424896,0.010014459155499936,0.015979666560306215,0.5737862437162929,0.9155674519318795,0.050424955785274506,0.018446650356054306,-2.6489126682281494,-0.17324160039424896,-0.24244880779052125,-0.2374567150991836,165.7634203710448,5.60913884060586,-0.0010538651956020551,-0.043756411089900644,0.5,-0.10591742169881893,0.4989461348043979,-0.14967383278871957,-0.2564973270138767,-0.38713054788790313,-0.2564973270138767,-0.2564973270138767,-0.2564973270138767,-0.2564973270138767,-0.4512548796413723,-0.4512548796413723,-0.4512548796413723,-0.4512548796413723,1.0
12750,47.76029364100032,1.4518513702392384,-0.9649744620246905,-0.03321438655257225,-0.0018196881283074617,0.9891590071468491,0.048198386774836184,0.008075505159795285,0.016000761016621255,-0.03321438655257225,0.0018196881283074617,-1.5800635814666748,-0.2116129845380783,0.008075505159795285,0.016000761016621255,0.46269236309238926,0.9167760752498544,-0.03321438655257225,0.0018196881283074617,-1.5800635814666748,-0.2116129845380783,-0.041752857540127364,-0.186391918050557,165.7663100647151,5.609137285788645,-0.0008498107672358191,-0.043814180321246364,0.5,-0.010913310946803074,0.49915018923276416,-0.05472749126804944,-0.4573973316926368,-0.24111940931860643,-0.4573973316926368,-0.4573973316926368,-0.4573973316926368,-0.4573973316926368,-0.3554687422417656,-0.3554687422417656,-0.3554687422417656,-0.3554687422417656,1.0
12800,47.939516887000536,1.010056485311125,-0.6056909303129757,-0.21017487347126007,0.18420106172561646,0.9891590071468491,0.048198386774836184,0.0003647297993302351,0.009730080440058374,-0.21017487347126007,-0.18420106172561646,2.799128770828247,0.3292867839336395,0.0003647297993302351,0.009730080440058374,0.02089747816427591,0.5574925435381396,-0.21017487347126007,-0.18420106172561646,2.799128770828247,0.3292867839336395,0.34829805809270914,0.22357108756251115,165.77167176833734,5.609509164417504,-3.838083702844534e-05,-0.02664240157414593,-0.5,0.2996215773995046,-0.5000383808370285,0.2729791758253587,0.1517403227443193,0.49655026338786984,0.1517403227443193,0.1517403227443193,0.1517403227443193,0.1517403227443193,0.5344853440739497,0.5344853440739497,0.5344853440739497,0.5344853440739497,1.0
12850,48.08681615600017,0.3674426462425446,-0.5889175865370111,0.19066192209720612,-0.15809717774391174,0.9891590071468491,0.048198386774836184,-0.010850997511297464,0.009437330364598893,0.19066192209720612,0.15809717774391174,-5.536674976348877,-1.3218309879302979,-0.010850997511297464,0.009437330364598893,-0.6217163609043045,0.540719199762175,0.19066192209720612,0.15809717774391174,-5.536674976348877,-1.3218309879302979,-0.17622687911715715,-0.3623510174139212,165.7619823725117,5.609522097411103,0.0011419043578072097,-0.0258407730916934,0.5,-0.29892614906697684,0.5011419043578073,-0.32476692215867026,-0.3249150252406501,-0.6871179395725915,-0.3249150252406501,-0.3249150252406501,-0.3249150252406501,-0.3249150252406501,-0.7683466958827541,-0.7683466958827541,-0.7683466958827541,-0.7683466958827541,1.0
12900,48.19496469800015,1.7244514770904404,-0.9500903058844692,0.1748974323272705,0.11439871788024902,0.9891590071468491,0.048198386774836184,0.012833274565637112,0.01574098348559346,0.1748974323272705,-0.11439871788024902,12.420565605163574,-1.5816965103149414,0.012833274565637112,0.01574098348559346,0.7352924699435913,0.9018919191096331,0.1748974323272705,-0.11439871788024902,12.420565605163574,-1.5816965103149414,-0.5643894960693221,-0.06531862226956953,165.75811454805805,5.609156290417332,-0.0013505301621039088,-0.04310275612910873,-0.5,0.293885047128534,-0.501350530162104,0.2507822909994253,1.065740026231426,0.18546366872985576,1.065740026231426,1.065740026231426,1.065740026231426,1.065740026231426,0.45189867528771227,0.45189867528771227,0.45189867528771227,0.45189867528771227,1.0
12950,48.39494187800028,0.3978055051458958,0.5611670081869253,-0.11158198863267899,-0.06446391344070435,0.9891590071468491,0.048198386774836184,-0.01032106565311551,-0.010635432489798403,-0.11158198863267899,0.06446391344070435,-7.778514385223389,3.3385045528411865,-0.01032106565311551,-0.010635432489798403,-0.5913535020009533,-0.6093653949617615,-0.11158198863267899,0.06446391344070435,-7.778514385223389,3.3385045528411865,0.44648683525750177,0.05534567796705217,165.76290670384404,5.609466668171482,0.0010861329710434668,0.02912152072437559,0.5,-0.257681219527014,0.5010861329710434,-0.2285596988026384,-0.9475729682285452,-0.17321402083558624,-0.9475729682285452,-0.9475729682285452,-0.9475729682285452,-0.9475729682285452,-0.41010726289272253,-0.41010726289272253,-0.41010726289272253,-0.41010726289272253,1.0
13000,48.548310762000256,1.24095497890652,-0.21409946990897671,0.22794502973556519,-0.07480456680059433,0.9891590071468491,0.048198386774836184,0.004394668750464917,0.002895520133315586,0.22794502973556519,0.07480456680059433,2.6014580726623535,-0.7827375531196594,0.004394668750464917,0.002895520133315586,0.2517959717596709,0.16590108313414054,0.22794502973556519,0.07480456680059433,2.6014580726623535,-0.7827375531196594,-0.5260705467833957,-0.1719358105373192,165.77009160340842,5.609708050384688,-0.00046245778118737184,-0.007928195971626105,-0.5,-0.2713318283861279,-0.5004624577811874,-0.279260024357754,1.026533004564583,-0.4511958348950732,1.026533004564583,1.026533004564583,1.026533004564583,1.026533004564583,-0.19456258375392743,-0.19456258375392743,-0.19456258375392743,-0.19456258375392743,1.0
13050,48.71831809700052,2.019455351471225,0.571878879239621,-0.2691876292228699,0.17984451353549957,0.9891590071468491,0.048198386774836184,0.017982063479721547,-0.010822389908717013,-0.2691876292228699,-0.17984451353549957,6.198725700378418,0.9770039319992065,0.017982063479721547,-0.010822389908717013,1.0302963443243756,-0.6200772660144571,-0.2691876292228699,-0.17984451353549957,6.198725700378418,0.9770039319992065,0.09796725471032947,0.5080000685605617,165.74504360442614,5.609457421929327,-0.0018924703839650924,0.029633469168794613,-0.5,0.2995495921835295,-0.5018924703839651,0.3291830613523241,0.40392521567363565,0.8371831299128858,0.40392521567363565,0.40392521567363565,0.40392521567363565,0.40392521567363565,0.9381644338312947,0.9381644338312947,0.9381644338312947,0.9381644338312947,1.0
13100,48.91934316700008,0.770528954833918,0.4257466084212279,0.14317144453525543,0.006623038090765476,0.9891590071468491,0.048198386774836184,-0.0038158142566680903,-0.008271900639520026,0.14317144453525543,-0.006623038090765476,6.675662994384766,-0.5566051602363586,-0.0038158142566680903,-0.008271900639520026,-0.218630052312931,-0.4739449951960641,0.14317144453525543,-0.006623038090765476,6.675662994384766,-0.5566051602363586,-0.1790024305558261,0.1156958595256036,165.77048315543053,5.6095696665554895,0.0004015433982469189,0.02264954408205629,-0.5,0.03950743448974423,-0.49959845660175306,0.062156978571800525,0.6786008871575792,0.17785283809740413,0.6786008871575792,0.6786008871575792,0.6786008871575792,0.6786008871575792,0.3475030598867989,0.3475030598867989,0.3475030598867989,0.3475030598867989,1.0
13150,49.02403036400028,1.1396487593632445,0.7729750163304289,-0.02079005353152752,0.0707772821187973,0.9891590071468491,0.048198386774836184,0.0026265416666865354,-0.014332179613993502,-0.02079005353152752,-0.0707772821187973,6.726767063140869,-0.030298801138997078,0.0026265416666865354,-0.014332179613993502,0.1504897522163955,-0.821173403105265,-0.02079005353152752,-0.0707772821187973,6.726767063140869,-0.030298801138997078,-0.006011953393875887,0.3517613023491819,165.77111437132896,5.609253937324066,-0.0002763939034687483,0.03924469213477398,-0.5,0.26659979805477485,-0.5002763939034688,0.30584449018954885,0.5062883472973446,0.6576057925387307,0.5062883472973446,0.5062883472973446,0.5062883472973446,0.5062883472973446,0.7841778793630669,0.7841778793630669,0.7841778793630669,0.7841778793630669,1.0
13200,49.142956759999834,0.7655793088414803,0.9740656572533891,-0.04037418216466904,-0.009625895880162716,0.9891590071468491,0.048198386774836184,-0.003902201876044271,-0.017841873393044806,-0.04037418216466904,0.009625895880162716,4.563632488250732,-0.41246849298477173,-0.003902201876044271,-0.017841873393044806,-0.22357969830536875,-1.0222640440282251,-0.04037418216466904,0.009625895880162716,4.563632488250732,-0.41246849298477173,0.14586190552392808,0.28977444120385076,165.7704282255453,5.60899368100112,0.00041063417704494305,0.048856360846332325,-0.5,-0.05705226521464588,-0.49958936582295504,-0.008195904368313557,0.35372746029902696,0.2815785368355372,0.35372746029902696,0.35372746029902696,0.35372746029902696,0.35372746029902696,0.37001040191029394,0.37001040191029394,0.37001040191029394,0.37001040191029394,1.0
13250,49.29565552399981,0.6859822586057086,0.9512088560827645,0.04348134994506836,-0.000788416713476181,0.9891590071468491,0.048198386774836184,-0.005291432477533817,-0.017442946956143714,0.04348134994506836,0.000788416713476181,3.022623062133789,-0.8887373805046082,-0.005291432477533817,-0.017442946956143714,-0.3031767485411405,-0.9994072428576006,0.04348134994506836,0.000788416713476181,3.022623062133789,-0.8887373805046082,0.030607988361695024,0.29522359486619243,165.76937599092864,5.609026122689015,0.0005568272110985136,0.04776381729980455,-0.5,-0.004730108255406557,-0.4994431727889015,0.04303370904439799,0.46883518442720645,0.3382573039105904,0.46883518442720645,0.46883518442720645,0.46883518442720645,0.46883518442720645,0.455466100017392,0.455466100017392,0.455466100017392,0.455466100017392,1.0
13300,49.459115544999804,1.1076534852482602,0.9846844669786433,0.016278991475701332,0.010365472175180912,0.9891590071468491,0.048198386774836184,0.0020681187883019453,-0.018027206585393286,0.016278991475701332,-0.010365472175180912,5.005977630615234,-1.2735611200332642,0.0020681187883019453,-0.018027206585393286,0.11849447810141124,-1.0328828537534793,0.016278991475701332,-0.010365472175180912,5.005977630615234,-1.2735611200332642,-0.05929779857873705,0.34907327663058474,165.77133035432774,5.608978359708504,-0.00021763025387639334,0.049363938446752076,-0.5,0.06131692947770962,-0.5002176302538764,0.11068086792446169,0.5595154288326135,0.45975414455504643,0.5595154288326135,0.5595154288326135,0.5595154288326135,0.5595154288326135,0.5996330017631998,0.5996330017631998,0.5996330017631998,0.5996330017631998,1.0
13350,49.61827920700034,0.9813087527030703,1.1816379876161327,-0.0011389051796868443,0.013760791160166264,0.9891590071468491,0.048198386774836184,-0.00013701278716325704,-0.021464693993912078,-0.0011389051796868443,-0.013760791160166264,4.4248857498168945,-1.3696393966674805,-0.00013701278716325704,-0.021464693993912078,-0.007850254443778851,-1.2298363743909688,-0.0011389051796868443,-0.013760791160166264,4.4248857498168945,-1.3696393966674805,0.052238974781835805,0.38995743046815295,165.7716811813581,5.608665488240093,1.4417975350843478e-05,0.05877876642178497,-0.5,0.08054143828606171,-0.49998558202464916,0.13932020470784667,0.44774660724281334,0.5292776351759996,0.44774660724281334,0.44774660724281334,0.44774660724281334,0.44774660724281334,0.6412142869867029,0.6412142869867029,0.6412142869867029,0.6412142869867029,1.0
13400,49.734041133000574,0.8388243365099929,1.0281280986379209,0.005619741976261139,0.018693219870328903,0.9891590071468491,0.048198386774836184,-0.002623834982514381,-0.01878544099687133,0.005619741976261139,-0.018693219870328903,4.744940280914307,-1.8354963064193726,-0.002623834982514381,-0.01878544099687133,-0.15033467063685618,-1.076326485412757,0.005619741976261139,-0.018693219870328903,4.744940280914307,-1.8354963064193726,0.040979104142609135,0.34578850314639215,165.771115542122,5.6089140285672405,0.0002761090747841059,0.051440564039551655,-0.5,0.10721016820341621,-0.4997238909252159,0.15865073224296786,0.4587447867826068,0.50443923538936,0.4587447867826068,0.4587447867826068,0.4587447867826068,0.4587447867826068,0.6191254320850117,0.6191254320850117,0.6191254320850117,0.6191254320850117,1.0
13450,49.79051586500009,0.8895677328447217,1.0905146196299942,0.01805756241083145,0.040565066039562225,0.9891590071468491,0.048198386774836184,-0.0017381956428289408,-0.019874291197047568,0.01805756241083145,-0.040565066039562225,5.648712158203125,-1.751513123512268,-0.0017381956428289408,-0.019874291197047568,-0.09959127430212739,-1.1387130064048303,0.01805756241083145,-0.040565066039562225,5.648712158203125,-1.751513123512268,-0.009274520408929052,0.4078217820134299,165.77143381368185,5.608817012167228,0.0001829120281965703,0.05442274472216616,-0.5,0.2010922519206553,-0.4998170879718034,0.25551499664282146,0.5090916083807324,0.6633367786562514,0.5090916083807324,0.5090916083807324,0.5090916083807324,0.5090916083807324,0.7906096807514345,0.7906096807514345,0.7906096807514345,0.7906096807514345,1.0
13500,49.84434235000026,0.9431641739009589,1.1032188782079237,0.020899899303913116,0.04936390742659569,0.9891590071468491,0.048198386774836184,-0.0008027612790465349,-0.02009602233825717,0.020899899303913116,-0.04936390742659569,4.47291374206543,-1.7673041820526123,-0.0008027612790465349,-0.02009602233825717,-0.04599483324589022,-1.1514172649827599,0.020899899303913116,-0.04936390742659569,4.47291374206543,-1.7673041820526123,-0.023816985740037187,0.42315529783175315,165.77162963639833,5.608796586296376,8.447528851509608e-05,0.055030041081015585,-0.5,0.22685979776953447,-0.4999155247114849,0.2818898388505501,0.5237325104515221,0.7050451366823032,0.5237325104515221,0.5237325104515221,0.5237325104515221,0.5237325104515221,0.8359782642951837,0.8359782642951837,0.8359782642951837,0.8359782642951837,1.0
13550,49.95631080900057,1.08713943896295,1.0899582793777556,0.031417444348335266,0.013266274705529213,0.9891590071468491,0.048198386774836184,0.0017100811377167707,-0.019864581227884627,0.031417444348335266,-0.013266274705529213,6.427087306976318,-2.3540258407592773,0.0017100811377167707,-0.019864581227884627,0.09798043181610107,-1.1381566661525917,0.031417444348335266,-0.013266274705529213,6.427087306976318,-2.3540258407592773,-0.09462875070340321,0.35440619138968776,165.7714418007047,5.6088179014708475,-0.00017995350555287783,0.054396150311741734,-0.5,0.0777809590992896,-0.5001799535055529,0.13217710941103133,0.594808704208956,0.4865833008007191,0.594808704208956,0.594808704208956,0.594808704208956,0.594808704208956,0.6352854768529581,0.6352854768529581,0.6352854768529581,0.6352854768529581,1.0
13600,50.10705132900057,1.1222589910146863,1.1547840316771698,0.05333301052451134,0.006766847334802151,0.9891590071468491,0.048198386774836184,0.002323032952845097,-0.020996004045591692,0.05333301052451134,-0.006766847334802151,7.575760841369629,-2.4668211936950684,0.002323032952845097,-0.020996004045591692,0.13309998386783725,-1.2029824184520062,0.05333301052451134,-0.006766847334802151,7.575760841369629,-2.4668211936950684,-0.11526914803920163,0.32366716150997477,165.77123813442833,5.608711353661238,-0.0002444552223405372,0.05749502971392571,-0.5,0.04035500239482814,-0.5002444552223405,0.09785003210875386,0.6155136032615421,0.42151719361872864,0.6155136032615421,0.6155136032615421,0.6155136032615421,0.6155136032615421,0.5753955944341141,0.5753955944341141,0.5753955944341141,0.5753955944341141,1.0
13650,50.258437754000624,1.0680013556302803,1.2394252299758486,-0.017541984096169472,0.030199235305190086,0.9891590071468491,0.048198386774836184,0.0013760585710406344,-0.02247327163873706,-0.017541984096169472,-0.030199235305190086,7.097068786621094,-2.9881060123443604,0.0013760585710406344,-0.02247327163873706,0.07884234848343132,-1.2876236167506847,-0.017541984096169472,-0.030199235305190086,7.097068786621094,-2.9881060123443604,0.020859464153343377,0.37271766873056944,165.7715267273166,5.6085633567719455,-0.00014480393586324052,0.06154131442188603,-0.5,0.1619636776480096,-0.5001448039358632,0.22350499206989563,0.47928533978251986,0.596222660800465,0.47928533978251986,0.47928533978251986,0.47928533978251986,0.47928533978251986,0.716043995746095,0.716043995746095,0.716043995746095,0.716043995746095,1.0
13700,50.41036801300015,0.7064665295351057,1.1793441112720662,-0.1308443397283554,-0.022840630263090134,0.9891590071468491,0.048198386774836184,-0.004933914504945278,-0.021424658299074507,-0.1308443397283554,0.022840630263090134,1.8729256391525269,-3.6629891395568848,-0.004933914504945278,-0.021424658299074507,-0.2826924776117434,-1.2275424980469023,-0.1308443397283554,0.022840630263090134,1.8729256391525269,-3.6629891395568848,0.3204538944068177,0.32739609167188655,165.76967717126908,5.608669445629768,0.0005192043076522348,0.058669108352482485,-0.5,-0.12824485186022072,-0.49948079569234777,-0.06957574350773824,0.17902690128553006,0.25782034816414834,0.17902690128553006,0.17902690128553006,0.17902690128553006,0.17902690128553006,0.30257707348553087,0.30257707348553087,0.30257707348553087,0.30257707348553087,1.0
13750,50.57357564100039,0.33285104646930924,0.9317973517398825,-0.08507572114467621,-0.05326733738183975,0.9891590071468491,0.048198386774836184,-0.011454734820872545,-0.017104152292595244,-0.08507572114467621,0.05326733738183975,-2.9776859283447266,-1.987075924873352,-0.011454734820872545,-0.017104152292595244,-0.6563079606775398,-0.9799957385147187,-0.08507572114467621,0.05326733738183975,-2.9776859283447266,-1.987075924873352,0.33586456803415765,0.2150879244200668,165.76087292164766,5.609053098331363,0.001205443995748656,0.04683596595865467,0.5,-0.23631049571375212,0.5012054439957486,-0.18947452975509746,-0.8370700120299063,0.02561339466496934,-0.8370700120299063,-0.8370700120299063,-0.8370700120299063,-0.8370700120299063,-0.18365410834250723,-0.18365410834250723,-0.18365410834250723,-0.18365410834250723,1.0
13800,50.723981265000475,1.0802223783244314,-0.1883762838036211,0.16752439737319946,-0.1564801037311554,0.9891590071468491,0.048198386774836184,0.0015893556550145155,0.0024465658416738733,0.16752439737319946,0.1564801037311554,-3.1620681285858154,-2.2352137565612793,0.0015893556550145155,0.0024465658416738733,0.09106337117758222,0.14017789702878491,0.16752439737319946,0.1564801037311554,-3.1620681285858154,-2.2352137565612793,-0.35680856674145983,-0.3199346493217481,165.77147461712065,5.609713578253482,-0.0001672494232878906,-0.006698914597986966,0.5,-0.2988545305356443,0.4998327505767121,-0.30555344513363125,-0.14302418383525228,-0.6254880944553793,-0.14302418383525228,-0.14302418383525228,-0.14302418383525228,-0.14302418383525228,-0.6612441404141924,-0.6612441404141924,-0.6612441404141924,-0.6612441404141924,1.0
13850,50.877946716000224,1.7620136755441025,-0.287685646850233,-0.08145024627447128,0.07494918256998062,0.9891590071468491,0.048198386774836184,0.01348885860294104,0.004179841204895638,-0.08145024627447128,-0.07494918256998062,3.4197418689727783,4.216770172119141,0.01348885860294104,0.004179841204895638,0.7728546683972535,0.23948726007539684,-0.08145024627447128,-0.07494918256998062,3.4197418689727783,4.216770172119141,-0.07827451026784135,0.11827830468321002,165.75669290853676,5.6096871060513065,-0.0014195296882320311,-0.011444808605856728,-0.5,0.2714893270964756,-0.501419529688232,0.2600445184906189,0.5796940399560734,0.3783228231738289,0.5796940399560734,0.5796940399560734,0.5796940399560734,0.5796940399560734,0.5232463331628473,0.5232463331628473,0.5232463331628473,0.5232463331628473,1.0
13900,50.94978162999996,0.7132136358571677,0.13946816730300268,-0.2249741554260254,0.016973303630948067,0.9891590071468491,0.048198386774836184,-0.004816155284643171,-0.003275399264530279,-0.2249741554260254,-0.016973303630948067,-0.09903363883495331,0.7036629319190979,-0.004816155284643171,-0.003275399264530279,-0.27594537128968133,-0.1876665540778389,-0.2249741554260254,-0.016973303630948067,-0.09903363883495331,0.7036629319190979,0.5475135714201051,0.13037546204010222,165.76977176307275,5.609702647323771,0.0005068121101883231,0.008968344520018254,0.4813181738103713,0.09810019297702824,0.4818249859205596,0.10706853749704649,-1.0293385573406648,0.23744399953714873,-1.0293385573406648,-1.0293385573406648,-1.0293385573406648,-1.0293385573406648,-0.019890639798017473,-0.019890639798017473,-0.019890639798017473,-0.019890639798017473,1.0
13950,51.01842820599995,-0.05670761890360442,0.061665229003336194,-0.04831737279891968,-0.23786990344524384,0.9891590071468491,0.048198386774836184,-0.018253816161304712,-0.0019174818234751001,-0.04831737279891968,0.23786990344524384,-6.943467140197754,-4.0267181396484375,-0.018253816161304712,-0.0019174818234751001,-1.0458666260504534,-0.10986361577817237,-0.04831737279891968,0.23786990344524384,-6.943467140197754,-4.0267181396484375,0.43528755908906575,-0.2209238044563949,165.74423237916446,5.609718900059308,0.0019210764604223958,0.005250232598344539,0.5,-0.2999557517843369,0.5019210764604224,-0.29470551918599236,-0.9372086355494882,-0.5156293236423872,-0.9372086355494882,-0.9372086355494882,-0.9372086355494882,-0.9372086355494882,-0.7499314825297593,-0.7499314825297593,-0.7499314825297593,-0.7499314825297593,1.0
14000,51.18096986300043,1.1514785402840009,-0.7428035094455439,0.09474266320466995,-0.0024888580664992332,0.9891590071468491,0.048198386774836184,0.0028330102935433393,0.012123146391822957,0.09474266320466995,0.0024888580664992332,-3.2527458667755127,0.9040679931640625,0.0028330102935433393,0.012123146391822957,0.1623195331371518,0.6946051226707077,0.09474266320466995,0.0024888580664992332,-3.2527458667755127,0.9040679931640625,-0.22471036127399716,-0.11469616490877085,165.7710215039659,5.609388631202249,-0.00029812093791846064,-0.033195394587841764,0.5,-0.014920826995924704,0.4997018790620815,-0.048116221583766466,-0.2749915177880844,-0.16281238649253732,-0.2749915177880844,-0.2749915177880844,-0.2749915177880844,-0.2749915177880844,-0.23156026593955842,-0.23156026593955842,-0.23156026593955842,-0.23156026593955842,1.0
14050,51.33063390700045,1.4470642614047058,-0.8856664675290279,0.037338174879550934,-0.01179026160389185,0.9891590071468491,0.048198386774836184,0.007991954348981384,0.014616575389518403,0.037338174879550934,0.01179026160389185,-2.3773276805877686,1.5625605583190918,0.007991954348981384,0.014616575389518403,0.4579052542578568,0.8374680807541918,0.037338174879550934,0.01179026160389185,-2.3773276805877686,1.5625605583190918,-0.131968531505136,-0.19523515344122094,165.76642066233796,5.6092349622660995,-0.0008410180800944803,-0.04002351142892625,0.5,-0.0694589164552757,0.49915898191990554,-0.10948242788420195,-0.36719045041476955,-0.3047175813254229,-0.36719045041476955,-0.36719045041476955,-0.36719045041476955,-0.36719045041476955,-0.39651519392911533,-0.39651519392911533,-0.39651519392911533,-0.39651519392911533,1.0
14100,51.48975158400026,1.6077596161114767,-0.9970969484129663,0.016672585159540176,-0.00887998566031456,0.9891590071468491,0.048198386774836184,0.0107966173812747,0.01656140416802373,0.016672585159540176,0.00887998566031456,-2.532618999481201,1.4531724452972412,0.0107966173812747,0.01656140416802373,0.6186006089646275,0.9488985616381301,0.016672585159540176,0.00887998566031456,-2.532618999481201,1.4531724452972412,-0.19200284181242022,-0.21685069523674988,165.7620793552397,5.609095210621525,-0.0011361812248275242,-0.045349567002691805,0.5,-0.052726713514977465,0.4988638187751725,-0.09807628051766927,-0.3068609769627523,-0.31492697575441914,-0.3068609769627523,-0.3068609769627523,-0.3068609769627523,-0.3068609769627523,-0.3916422199951072,-0.3916422199951072,-0.3916422199951072,-0.3916422199951072,1.0
14150,51.64150065100057,1.7732253243449725,-1.1226455370330268,0.03004269301891327,-0.008764009922742844,0.9891590071468491,0.048198386774836184,0.013684538789093495,0.018752640410675668,0.03004269301891327,0.008764009922742844,5.821906566619873,0.6145104765892029,0.013684538789093495,0.018752640410675668,0.7840663171981235,1.0744471502581907,0.03004269301891327,0.008764009922742844,5.821906566619873,0.6145104765892029,-0.2658981417318978,-0.22189006252031668,165.75625485215488,5.608916866312611,-0.001440125052435035,-0.051350730069637876,-0.5,-0.05205208026510893,-0.5014401250524351,-0.1034028103347468,0.7673382667843329,-0.3252928728550635,0.7673382667843329,0.7673382667843329,0.7673382667843329,0.7673382667843329,-0.13345830615898024,-0.13345830615898024,-0.13345830615898024,-0.13345830615898024,1.0
14200,51.79015696799979,0.559133852970083,-0.39594489224687557,-0.24098221957683563,0.005333161912858486,0.9891590071468491,0.048198386774836184,-0.007505354806780815,0.006069321482791565,-0.24098221957683563,-0.005333161912858486,0.7180510759353638,2.49129581451416,-0.007505354806780815,0.006069321482791565,-0.4300251541767661,0.3477465054720394,-0.24098221957683563,-0.005333161912858486,0.7180510759353638,2.49129581451416,0.5764328847158515,0.015606685860673049,165.76704192638852,5.609642471206377,0.0007898097375148413,-0.016618466547519875,-0.4999999999996641,0.031878169932260385,-0.49921019026214924,0.01525970338474051,-0.07722269445370228,0.03086638924541356,-0.07722269445370228,-0.07722269445370228,-0.07722269445370228,-0.07722269445370228,0.011560715631987989,0.011560715631987989,0.011560715631987989,0.011560715631987989,1.0
14250,51.84478691300046,-0.05235142230153747,-0.3721839181044441,0.02110562101006508,-0.17677132785320282,0.9891590071468491,0.048198386774836184,-0.018177786187734454,0.005654614250524901,0.02110562101006508,0.17677132785320282,-3.621934652328491,6.068554878234863,-0.018177786187734454,0.005654614250524901,-1.0415104294483866,0.32398553132960795,0.02110562101006508,0.17677132785320282,-3.621934652328491,6.068554878234863,0.35049883154773115,-0.2487305916479632,165.74446056657277,5.60965367739153,0.0019130731285830923,-0.015482934369783118,0.5,-0.2994907277872943,0.5019130731285831,-0.3149736621570774,-0.8524119046763143,-0.5637042538050406,-0.8524119046763143,-0.8524119046763143,-0.8524119046763143,-0.8524119046763143,-0.7768072299741192,-0.7768072299741192,-0.7768072299741192,-0.7768072299741192,1.0
14300,51.89937350800028,0.27076948275150636,-0.8830392459369532,0.13151486217975616,-0.22008635103702545,0.9891590071468491,0.048198386774836184,-0.012538262512534856,0.01457072172255721,0.13151486217975616,0.22008635103702545,-2.6280245780944824,0.9934388995170593,-0.012538262512534856,0.01457072172255721,-0.7183895243953428,0.834840859162117,0.13151486217975616,0.22008635103702545,-2.6280245780944824,0.9934388995170593,-0.12102491957004155,-0.5251079518594788,165.75873118206204,5.609238046858478,0.0013194808346137664,-0.03989794060773492,0.5,-0.299909885535442,0.5013194808346138,-0.33980782614317695,-0.3802945612645722,-0.8649157780026557,-0.3802945612645722,-0.3802945612645722,-0.3802945612645722,-0.3802945612645722,-0.9599894183187988,-0.9599894183187988,-0.9599894183187988,-0.9599894183187988,1.0
14350,52.0140223340004,1.2244055372692848,-1.38942728320673,0.18755042552947998,0.009846923872828484,0.9891590071468491,0.048198386774836184,0.004105826504528523,0.023408860265626576,0.18755042552947998,-0.009846923872828484,-0.35901159048080444,2.9006738662719727,0.004105826504528523,0.023408860265626576,0.23524653012243577,1.341228896431894,0.18755042552947998,-0.009846923872828484,-0.35901159048080444,2.9006738662719727,-0.39850486466858925,-0.3348283314150855,165.7702938849314,5.608464425029584,-0.00043206211504653657,-0.06410402355734224,0.49999942013133525,0.05832938870479021,0.4995673580162887,-0.00577463485255203,-0.10106249334769946,-0.34060296626763753,-0.10106249334769946,-0.10106249334769946,-0.10106249334769946,-0.10106249334769946,-0.36586858960456237,-0.36586858960456237,-0.36586858960456237,-0.36586858960456237,1.0
14400,52.170245371999954,1.6394544686246861,-0.6884389389119446,-0.2567102313041687,0.25874146819114685,0.9891590071468491,0.048198386774836184,0.011349796913564206,0.011174305639578962,-0.2567102313041687,-0.25874146819114685,5.914366722106934,4.519619464874268,0.011349796913564206,0.011174305639578962,0.650295461477837,0.6402405521371085,-0.2567102313041687,-0.25874146819114685,5.914366722106934,4.519619464874268,0.3276304238827251,0.2807869593020002,165.76107007162366,5.609439580378061,-0.0011943998652865198,-0.030597129694840446,-0.5,0.2999807983885854,-0.5011943998652865,0.2693836686937449,0.17356397598256135,0.5501706279957451,0.17356397598256135,0.17356397598256135,0.17356397598256135,0.17356397598256135,0.5935616219913855,0.5935616219913855,0.5935616219913855,0.5935616219913855,1.0
14450,52.32954605000032,-0.06467966362441256,-0.31793372655901625,-0.009687886573374271,-0.11979109048843384,0.9891590071468491,0.048198386774836184,-0.018392954589799046,0.004707769788219593,-0.009687886573374271,0.11979109048843384,4.0944623947143555,-0.4852339029312134,-0.018392954589799046,0.004707769788219593,-1.0538386707712617,0.2697353397841801,-0.009687886573374271,0.11979109048843384,4.0944623947143555,-0.4852339029312134,0.31372945638741734,-0.2387533640759665,165.74381231940066,5.609676291611564,0.0019357229912860487,-0.012890342786070791,-0.5,-0.2950616983558958,-0.498064277008714,-0.3079520411419666,0.18433482062129664,-0.5467054052179331,0.18433482062129664,0.18433482062129664,0.18433482062129664,0.18433482062129664,-0.500621700062609,-0.500621700062609,-0.500621700062609,-0.500621700062609,1.0
14500,52.47902847600017,-0.07458097665159147,-0.2154382403471521,-0.13132701814174652,0.04640334099531174,0.9891590071468491,0.048198386774836184,-0.018565765102393925,0.0029188860853901133,-0.13132701814174652,-0.04640334099531174,2.189199447631836,3.3409085273742676,-0.018565765102393925,0.0029188860853901133,-1.0637399837984405,0.1672398535723159,-0.13132701814174652,-0.04640334099531174,2.189199447631836,3.3409085273742676,0.5340576961116996,0.1000865280480423,165.74328616290128,5.609707737248337,0.001953914147641353,-0.00799217432658556,-0.5,0.21890739328031922,-0.49804608585235866,0.21091521895373366,-0.036011610259340965,0.31100174700177596,-0.036011610259340965,-0.036011610259340965,-0.036011610259340965,-0.036011610259340965,0.3019988444369407,0.3019988444369407,0.3019988444369407,0.3019988444369407,1.0
14550,52.62397177300045,-0.6354198622839852,-0.6079654900282958,0.09002234041690826,-0.06463338434696198,0.9891590071468491,0.048198386774836184,-0.028354250229895114,0.009769778996123933,0.09002234041690826,0.06463338434696198,-12.98226261138916,1.2984943389892578,-0.028354250229895114,0.009769778996123933,-1.6245788694308343,0.5597671032534597,0.09002234041690826,0.06463338434696198,-12.98226261138916,1.2984943389892578,0.27804756166649114,-0.2655103335240382,165.70545195550937,5.609507380213308,0.0029845351408226447,-0.026751107158484756,0.5,-0.2579470831227252,0.5029845351408226,-0.28469819028120996,-0.7810320968073138,-0.5502085238052481,-0.7810320968073138,-0.7810320968073138,-0.7810320968073138,-0.7810320968073138,-0.7454665480070766,-0.7454665480070766,-0.7454665480070766,-0.7454665480070766,1.0
14600,52.678012127999864,-0.21098858554630034,-0.8860430884287307,0.19279007613658905,0.005119476467370987,0.9891590071468491,0.048198386774836184,-0.020946527002379298,0.01462314866425004,0.19279007613658905,-0.005119476467370987,-8.791302680969238,1.2966481447219849,-0.020946527002379298,0.01462314866425004,-1.2001475926931495,0.8378447016538946,0.19279007613658905,-0.005119476467370987,-8.791302680969238,1.2966481447219849,-0.011811725601350187,-0.21755798784726788,165.7355366855257,5.609234519285375,0.002204540842475436,-0.04004151243132513,0.5,0.0306099657840546,0.5022045408424755,-0.009431546647270531,-0.49039281524112527,-0.2269895344945384,-0.49039281524112527,-0.49039281524112527,-0.49039281524112527,-0.49039281524112527,-0.3495877383048197,-0.3495877383048197,-0.3495877383048197,-0.3495877383048197,1.0
14650,52.73296378699979,0.4631203897033328,-1.112413273326113,0.21280618011951447,-0.05542264133691788,0.9891590071468491,0.048198386774836184,-0.009181105867028236,0.018574053719057702,0.21280618011951447,0.05542264133691788,-3.8652796745300293,1.3199080228805542,-0.009181105867028236,0.018574053719057702,-0.5260386174435163,1.0642148865512768,0.21280618011951447,0.05542264133691788,-3.8652796745300293,1.3199080228805542,-0.2831449194370059,-0.31676225872134106,165.76473825131006,5.6089322297591115,0.000966162690583681,-0.05086161975583728,0.5,-0.24105444304617327,0.5009661626905837,-0.29191606280201055,-0.21782124325357777,-0.6086783215233516,-0.21782124325357777,-0.21782124325357777,-0.21782124325357777,-0.21782124325357777,-0.663133632336746,-0.663133632336746,-0.663133632336746,-0.663133632336746,1.0
14700,52.90283445099976,1.5786641841859859,-0.8274639710121163,0.008940848521888256,0.06289957463741302,0.9891590071468491,0.048198386774836184,0.010288806296885014,0.013600750192417764,0.008940848521888256,-0.06289957463741302,-4.216127395629883,1.041158676147461,0.010288806296885014,0.013600750192417764,0.5895051770391367,0.7792655842372802,0.008940848521888256,-0.06289957463741302,-4.216127395629883,1.041158676147461,-0.1710189048095687,-0.020051500138002915,165.76296147802407,5.60930102638532,-0.0010827379335613403,-0.03724169004470119,0.5,0.25515283114452686,0.49891726206643866,0.21791114109982568,-0.32789835725687,0.19785964096182276,-0.32789835725687,-0.32789835725687,-0.32789835725687,-0.32789835725687,0.11588505164760526,0.11588505164760526,0.11588505164760526,0.11588505164760526,1.0
14750,53.08019267100008,1.4945256451215376,-0.7178974914413567,-0.022424615919589996,0.027640584856271744,0.9891590071468491,0.048198386774836184,0.008820311762392521,0.011688454374088907,-0.022424615919589996,-0.027640584856271744,-4.510552406311035,-1.0596541166305542,0.008820311762392521,0.011688454374088907,0.5053666379746885,0.6696991046665206,-0.022424615919589996,-0.027640584856271744,-4.510552406311035,-1.0596541166305542,-0.07996461491862217,-0.05461254621753377,165.76527332408622,5.60941248762048,-0.0009281929633064636,-0.03200504734802837,0.5,0.1507873660761024,0.4990718070366935,0.11878231872807404,-0.41910719211807135,0.06416977251054028,-0.41910719211807135,-0.41910719211807135,-0.41910719211807135,-0.41910719211807135,-0.04060702551897756,-0.04060702551897756,-0.04060702551897756,-0.04060702551897756,1.0
14800,53.239416856999924,1.3569605125956032,-0.43887828743081214,-0.0017484449781477451,-0.05254724994301796,0.9891590071468491,0.048198386774836184,0.006419347263872624,0.006818650587811135,-0.0017484449781477451,0.05254724994301796,-3.966918706893921,1.3175413608551025,0.006419347263872624,0.006818650587811135,0.3678015054487542,0.39067990065597596,-0.0017484449781477451,0.05254724994301796,-3.966918706893921,1.3175413608551025,-0.09593060413263485,-0.14937871751167553,165.76828778226437,5.609620212525774,-0.0006755227143430838,-0.018670255687629495,0.5,-0.23465204454208966,0.49932447728565693,-0.25332230022971913,-0.4033938731530221,-0.40270101774139466,-0.4033938731530221,-0.4033938731530221,-0.4033938731530221,-0.4033938731530221,-0.5035494860296502,-0.5035494860296502,-0.5035494860296502,-0.5035494860296502,1.0
14850,53.3921273320002,1.2874407127890979,-0.5174968063462737,-0.0014255226124078035,-0.01860080100595951,0.9891590071468491,0.048198386774836184,0.005205997861921788,0.00819080259592738,-0.0014255226124078035,0.01860080100595951,-3.7615113258361816,-0.8202996253967285,0.005205997861921788,0.00819080259592738,0.29828170564224876,0.46929841957143753,-0.0014255226124078035,0.01860080100595951,-3.7615113258361816,-0.8202996253967285,-0.07110341120723813,-0.11401138699872149,165.76944987783077,5.60957274372817,-0.0005478366064339856,-0.022427479736771554,0.5,-0.10672615347212581,0.499452163393566,-0.12915363320889736,-0.4283487521863279,-0.24316502020761885,-0.4283487521863279,-0.4283487521863279,-0.4283487521863279,-0.4283487521863279,-0.35025220825420084,-0.35025220825420084,-0.35025220825420084,-0.35025220825420084,1.0
14900,53.46639482299997,1.172897479912632,-0.56864275695521,-0.032971739768981934,0.0001578647643327713,0.9891590071468491,0.048198386774836184,0.003206841312348843,0.00908346783311572,-0.032971739768981934,-0.0001578647643327713,-5.563197612762451,-0.7244818210601807,0.003206841312348843,0.00908346783311572,0.18373847276578287,0.5204443701803739,-0.032971739768981934,-0.0001578647643327713,-5.563197612762451,-0.7244818210601807,0.029282016641494726,-0.10488014160840184,165.7708354865866,5.609537202848872,-0.00033745985851050734,-0.02487180658257128,0.5,0.0009471854386551001,0.4996625401414895,-0.023924621143916178,-0.5289445567829842,-0.128804762752318,-0.5289445567829842,-0.5289445567829842,-0.5289445567829842,-0.5289445567829842,-0.26104090194806406,-0.26104090194806406,-0.26104090194806406,-0.26104090194806406,1.0
14950,53.522481798000626,1.125281883330946,-0.6196720073788745,0.02535821869969368,-0.05803733691573143,0.9891590071468491,0.048198386774836184,0.002375792376697064,0.009974096267833375,0.02535821869969368,0.05803733691573143,-4.6391119956970215,-0.8209962248802185,0.002375792376697064,0.009974096267833375,0.1361228761840968,0.5714736206040384,0.02535821869969368,0.05803733691573143,-4.6391119956970215,-0.8209962248802185,-0.07266090372051409,-0.21853449188438617,165.7712177103942,5.609498082510286,-0.0002500071729623011,-0.02731058512501302,0.5,-0.24638492680476187,0.4997499928270377,-0.27369551192977487,-0.4270890891065236,-0.49223000381416104,-0.4270890891065236,-0.4270890891065236,-0.4270890891065236,-0.4270890891065236,-0.5990022760907919,-0.5990022760907919,-0.5990022760907919,-0.5990022760907919,1.0
15000,53.5973936750006,1.2338667366519276,-0.6834136272301078,0.04757668823003769,-0.018442681059241295,0.9891590071468491,0.048198386774836184,0.004270955584943295,0.011086597404791974,0.04757668823003769,0.018442681059241295,-5.317955017089844,-0.6766101717948914,0.004270955584943295,0.011086597404791974,0.24470772950507858,0.6352152404552717,0.04757668823003769,0.018442681059241295,-5.317955017089844,-0.6766101717948914,-0.1391085243896501,-0.154788848242852,165.770179925023,5.609444080449694,-0.0004494390945206377,-0.0303569553102346,0.5,-0.10589657397081223,0.49955056090547934,-0.13625352928104684,-0.36044203651582923,-0.29104237752389883,-0.36044203651582923,-0.36044203651582923,-0.36044203651582923,-0.36044203651582923,-0.3811528866528561,-0.3811528866528561,-0.3811528866528561,-0.3811528866528561,1.0
15050,53.75095458499982,1.549516992233191,-0.6428338191846225,0.041688472032547,0.00859775673598051,0.9891590071468491,0.048198386774836184,0.00978009182959795,0.01037834614457097,0.041688472032547,-0.00859775673598051,-3.9314587116241455,-0.29402682185173035,0.00978009182959795,0.01037834614457097,0.560357985086342,0.5946354324097863,0.041688472032547,-0.00859775673598051,-3.9314587116241455,-0.29402682185173035,-0.2111782781191275,-0.09342617281787789,165.76380256886827,5.609479119635478,-0.0010292001229330128,-0.028417539567027812,0.5,0.051084036196765194,0.498970799877067,0.02266649662973738,-0.28779252175793946,-0.07075967618814051,-0.28779252175793946,-0.28779252175793946,-0.28779252175793946,-0.28779252175793946,-0.1427078066276254,-0.1427078066276254,-0.1427078066276254,-0.1427078066276254,1.0
15100,53.904973739000525,1.7516785321128152,-0.4594055672076392,0.011565676890313625,0.010782958008348942,0.9891590071468491,0.048198386774836184,0.013308476321399212,0.007176919206394814,0.011565676890313625,-0.010782958008348942,-1.690574288368225,-0.20776307582855225,0.013308476321399212,0.007176919206394814,0.7625195249659662,0.411207180432803,0.011565676890313625,-0.010782958008348942,-1.690574288368225,-0.20776307582855225,-0.20721381545812065,-0.05658631218502414,165.757091130369,5.609608655633838,-0.001400544525889109,-0.019651260756582294,0.5,0.06371305630584655,0.4985994554741109,0.04406179554926425,-0.2913856400159902,-0.012524516635759889,-0.2913856400159902,-0.2913856400159902,-0.2913856400159902,-0.2913856400159902,-0.08537092663975744,-0.08537092663975744,-0.08537092663975744,-0.08537092663975744,1.0
15150,54.06464897099977,1.681806550677231,-0.40249795182740034,0.03361649438738823,-0.010712368413805962,0.9891590071468491,0.048198386774836184,0.012088980190455914,0.006183693948551081,0.03361649438738823,0.010712368413805962,-1.645557165145874,-0.040430862456560135,0.012088980190455914,0.006183693948551081,0.692647543530382,0.35429956505256416,0.03361649438738823,0.010712368413805962,-1.645557165145874,-0.040430862456560135,-0.23049237192050526,-0.07886768761292685,165.7596427241456,5.6096392411731255,-0.0012721953582228716,-0.016931636672141457,0.5,-0.06330850091680103,0.49872780464177713,-0.08024013758894248,-0.26823543272127187,-0.15910782520186934,-0.26823543272127187,-0.26823543272127187,-0.26823543272127187,-0.26823543272127187,-0.22616668338218732,-0.22616668338218732,-0.22616668338218732,-0.22616668338218732,1.0
15200,54.22273118300018,1.634582622755763,-0.20075550808637999,-0.1135813444852829,0.11264193803071976,0.9891590071468491,0.048198386774836184,0.011264767162501813,0.0026626240642508496,-0.1135813444852829,-0.11264193803071976,5.804327487945557,2.538105010986328,0.011264767162501813,0.0026626240642508496,0.6454236156089138,0.1525571213115438,-0.1135813444852829,-0.11264193803071976,5.804327487945557,2.538105010986328,0.025446830225289097,0.2397431964716796,165.76122848886817,5.609711033957588,-0.001185450976555048,-0.007290503168727833,-0.5,0.2934447477868396,-0.5011854509765551,0.2861542446181118,0.475738620751266,0.5258974410897914,0.475738620751266,0.475738620751266,0.475738620751266,0.475738620751266,0.644832096277608,0.644832096277608,0.644832096277608,0.644832096277608,1.0
15250,54.28280627100048,0.9618952206477783,0.28768492647871896,-0.16337014734745026,0.05602844059467316,0.9891590071468491,0.048198386774836184,-0.000475842840969562,-0.005862269718782045,-0.16337014734745026,-0.05602844059467316,1.1306551694869995,-0.3128355145454407,-0.000475842840969562,-0.005862269718782045,-0.02726378649907072,-0.33588331325355514,-0.16337014734745026,-0.05602844059467316,1.1306551694869995,-0.3128355145454407,0.3548600987718046,0.24476233487703727,165.77166407361673,5.609648165239235,5.0073361505928043e-05,0.016051526470587482,-0.5,0.24233000308402364,-0.4999499266384941,0.25838152955461113,0.1450898278666895,0.5031438644316484,0.1450898278666895,0.1450898278666895,0.1450898278666895,0.1450898278666895,0.5394163213983207,0.5394163213983207,0.5394163213983207,0.5394163213983207,1.0
15300,54.447738740000204,0.8652000191244963,-0.40540705212487044,0.23520445823669434,-0.07761253416538239,0.9891590071468491,0.048198386774836184,-0.0021634924784302706,0.0062344673270126804,0.23520445823669434,0.07761253416538239,-2.8574562072753906,-0.22007949650287628,-0.0021634924784302706,0.0062344673270126804,-0.12395898802235279,0.35720866535003426,0.23520445823669434,0.07761253416538239,-2.8574562072753906,-0.22007949650287628,-0.41592612948818203,-0.21704244169818246,165.77129710471374,5.609637787938245,0.00022766655511864263,-0.017070662415882294,0.5,-0.2742468243712804,0.5002276665551186,-0.2913174867871627,-0.0843015370669366,-0.5083599284853452,-0.0843015370669366,-0.0843015370669366,-0.0843015370669366,-0.0843015370669366,-0.5294353127520793,-0.5294353127520793,-0.5294353127520793,-0.5294353127520793,1.0
15350,54.60140448600032,2.2526386500656947,0.015845270144642626,-0.28764715790748596,0.2660290598869324,0.9891590071468491,0.048198386774836184,0.022051879800856114,-0.0011177726782625541,-0.28764715790748596,-0.2660290598869324,5.828703880310059,2.24753999710083,0.022051879800856114,-0.0011177726782625541,1.2634796429188457,-0.0640436569194788,-0.28764715790748596,-0.2660290598869324,5.828703880310059,2.24753999710083,0.05917726431967507,0.5423720128722401,165.73162131937724,5.60972449470054,-0.0023209113881081434,0.003060557342690898,-0.5,0.2999856536059089,-0.5023209113881082,0.3030462109485998,0.4431436470684331,0.8454182238208399,0.4431436470684331,0.4431436470684331,0.4431436470684331,0.4431436470684331,0.9562041355879481,0.9562041355879481,0.9562041355879481,0.9562041355879481,1.0
15400,54.7588583480001,0.7764632686447485,0.4523606006047413,-0.00588166993111372,-0.05301288515329361,0.9891590071468491,0.048198386774836184,-0.0037122409418225283,-0.008736402430222369,-0.00588166993111372,0.05301288515329361,3.623281240463257,1.2748737335205078,-0.0037122409418225283,-0.008736402430222369,-0.21269573850210063,-0.5005589873795774,-0.00588166993111372,0.05301288515329361,3.623281240463257,1.2748737335205078,0.13613727293641023,0.036312739416377776,165.77054739198323,5.609551457459489,0.000390644134832443,0.0239214567915674,-0.5,-0.235728741103921,-0.4996093558651676,-0.2118072843123536,0.3634720829287573,-0.17549454489597582,0.3634720829287573,0.3634720829287573,0.3634720829287573,0.3634720829287573,-0.08462652416378649,-0.08462652416378649,-0.08462652416378649,-0.08462652416378649,1.0
15450,54.911411185999896,0.7817296646599456,0.45903663027075275,-0.10514634102582932,0.03315218165516853,0.9891590071468491,0.048198386774836184,-0.0036203249916434282,-0.008852921128855086,-0.10514634102582932,-0.03315218165516853,2.038435935974121,-0.04605543240904808,-0.0036203249916434282,-0.008852921128855086,-0.20742934248690348,-0.5072350170455888,-0.10514634102582932,-0.03315218165516853,2.038435935974121,-0.04605543240904808,0.28184155470497596,0.260999560788037,165.77060291824884,5.609546733736622,0.0003809716102706119,0.024240512951243673,-0.5,0.1741156117277759,-0.4996190283897294,0.19835612467901959,0.21777747368475342,0.4593556854670566,0.21777747368475342,0.21777747368475342,0.21777747368475342,0.21777747368475342,0.5138000538882449,0.5138000538882449,0.5138000538882449,0.5138000538882449,1.0
15500,54.978975456000626,0.48107268816306503,0.4075637643965813,-0.009219059720635414,-0.002364375162869692,0.9891590071468491,0.048198386774836184,-0.008867779150605201,-0.007954550143913367,-0.009219059720635414,0.002364375162869692,0.9228801131248474,-0.6045762896537781,-0.008867779150605201,-0.007954550143913367,-0.5080863189837841,-0.45576215117141755,-0.009219059720635414,0.002364375162869692,0.9228801131248474,-0.6045762896537781,0.17148183486903928,0.14728913635251512,165.76520415321946,5.609581535256708,0.0009331883852095741,0.021780569595943905,-0.4999999999999999,-0.01417568643023994,-0.49906681161479033,0.007604883165703964,0.32758497674575104,0.15489401951821907,0.32758497674575104,0.32758497674575104,0.32758497674575104,0.32758497674575104,0.23679026370465683,0.23679026370465683,0.23679026370465683,0.23679026370465683,1.0
15550,55.032905359000324,0.587417079353724,0.30323558635197195,-0.042761046439409256,0.01444308739155531,0.9891590071468491,0.048198386774836184,-0.00701171938329935,-0.0061336799344280735,-0.042761046439409256,-0.01444308739155531,1.6402685642242432,-0.6212896108627319,-0.00701171938329935,-0.0061336799344280735,-0.4017419277931251,-0.35143397312680813,-0.042761046439409256,-0.01444308739155531,1.6402685642242432,-0.6212896108627319,0.18591894014213212,0.16755696589053032,165.7676323098417,5.609640661055397,0.0007378613375513362,0.01679469025363122,-0.5,0.08432604880074104,-0.4992621386624487,0.10112073905437227,0.31334319852031656,0.2686777049449026,0.31334319852031656,0.31334319852031656,0.31334319852031656,0.31334319852031656,0.34701350457498176,0.34701350457498176,0.34701350457498176,0.34701350457498176,1.0
15600,55.089145149000615,0.40870291188409247,0.3866756852129336,-0.13942259550094604,0.01564295031130314,0.9891590071468491,0.048198386774836184,-0.010130870025604963,-0.007589984387741425,-0.13942259550094604,-0.01564295031130314,-12.948904991149902,-0.7387605309486389,-0.010130870025604963,-0.007589984387741425,-0.5804560952627567,-0.43487407198776984,-0.13942259550094604,-0.01564295031130314,-12.948904991149902,-0.7387605309486389,0.4395389884920232,0.1900062783980695,165.76322716836728,5.609594596799138,0.0010661164448569854,0.020782313445244626,0.5,0.09091074096779099,0.501066116444857,0.11169305441303562,-0.9406051049368802,0.3016993328111051,-0.9406051049368802,-0.9406051049368802,-0.9406051049368802,-0.9406051049368802,0.06654805657688506,0.06654805657688506,0.06654805657688506,0.06654805657688506,1.0
15650,55.216366784000456,0.5544957276368212,-0.5058633400033024,0.14634902775287628,-0.12000267952680588,0.9891590071468491,0.048198386774836184,-0.007586305364966392,0.007987760304822587,0.14634902775287628,0.12000267952680588,-6.041440486907959,-1.8278896808624268,-0.007586305364966392,0.007987760304822587,-0.4346632795100279,0.45766495322846623,0.14634902775287628,0.12000267952680588,-6.041440486907959,-1.8278896808624268,-0.17366386150200963,-0.3403153420398907,165.76694127834784,5.609580314967168,0.0007983287161289269,-0.02187150606656798,0.5,-0.2951029779198077,0.500798328716129,-0.3169744839863757,-0.3271344672141193,-0.6572898260262664,-0.3271344672141193,-0.3271344672141193,-0.3271344672141193,-0.3271344672141193,-0.7390734428297963,-0.7390734428297963,-0.7390734428297963,-0.7390734428297963,1.0
15700,55.37024821400064,1.4862651716506419,-0.7145096108913247,0.06194758042693138,0.053030550479888916,0.9891590071468491,0.048198386774836184,0.008676139302551747,0.01162932470382657,0.06194758042693138,-0.053030550479888916,-5.058970928192139,-1.3438884019851685,0.008676139302551747,0.01162932470382657,0.49710616450379275,0.6663112241164886,0.06194758042693138,-0.053030550479888916,-5.058970928192139,-1.3438884019851685,-0.24422590606979097,-0.09487889282306565,165.76548114024644,5.609415665431356,-0.0009130204187689988,-0.03184312917128117,0.5,0.23576927997001143,0.499086979581231,0.20392615079873028,-0.25486107351144005,0.10904725797566463,-0.25486107351144005,-0.25486107351144005,-0.25486107351144005,-0.25486107351144005,0.045331989597804614,0.045331989597804614,0.045331989597804614,0.045331989597804614,1.0
15750,55.521269718999974,1.8745891736093698,-0.5494206836400901,0.04370586946606636,-0.036394741386175156,0.9891590071468491,0.048198386774836184,0.015453671701252461,0.008747979364707135,0.04370586946606636,0.036394741386175156,-2.254061460494995,-2.2202606201171875,0.015453671701252461,0.008747979364707135,0.8854301664625208,0.501222296865254,0.04370586946606636,0.036394741386175156,-2.254061460494995,-2.2202606201171875,-0.3223231075931875,-0.16545615938004135,165.75200806496193,5.609550990925198,-0.0016263316657271175,-0.023953157195088687,0.5,-0.1865327212508538,0.4983736683342729,-0.2104858784459425,-0.17605056074108538,-0.37594203782598384,-0.17605056074108538,-0.17605056074108538,-0.17605056074108538,-0.17605056074108538,-0.4199546780112552,-0.4199546780112552,-0.4199546780112552,-0.4199546780112552,1.0
15800,55.67209891600032,1.8354009632464217,-0.5578340359545177,-0.04964999109506607,-0.10179352760314941,0.9891590071468491,0.048198386774836184,0.014769708402454854,0.008894820063724183,-0.04964999109506607,0.10179352760314941,-2.224010467529297,-3.7772490978240967,0.014769708402454854,0.008894820063724183,0.8462419560995726,0.5096356491796816,-0.04964999109506607,0.10179352760314941,-2.224010467529297,-3.7772490978240967,-0.12177667762893371,-0.27441559079953065,165.75371105408664,5.609545019836083,-0.0015543413176722046,-0.024355242407610205,0.5,-0.2899428426889834,0.4984456586823278,-0.3142980850965936,-0.3766689810533941,-0.5887136758961242,-0.3766689810533941,-0.3766689810533941,-0.3766689810533941,-0.3766689810533941,-0.6828809211594727,-0.6828809211594727,-0.6828809211594727,-0.6828809211594727,1.0
15850,55.818691936000505,2.0698704718389696,-0.34203834459406396,0.050442926585674286,0.03212916851043701,0.9891590071468491,0.048198386774836184,0.018861973322927952,0.005128474737866782,0.050442926585674286,-0.03212916851043701,-0.33892661333084106,-0.5847213864326477,0.018861973322927952,0.005128474737866782,1.0807114646921208,0.2938399578192278,0.050442926585674286,-0.03212916851043701,-0.33892661333084106,-0.5847213864326477,-0.4007718826131162,0.01384623337274337,165.74237285351043,5.60966675376284,-0.0019850952174549773,-0.01404228904989321,0.49999870508542227,0.16999679183123617,0.4980136098679673,0.15595450278134296,-0.09724172725485108,0.16980073615408633,-0.09724172725485108,-0.09724172725485108,-0.09724172725485108,-0.09724172725485108,0.14549030434037358,0.14549030434037358,0.14549030434037358,0.14549030434037358,1.0
15900,55.97926842600009,1.610822102180581,0.6146061948096936,-0.15701347589492798,0.20403797924518585,0.9891590071468491,0.048198386774836184,0.010850067846477032,-0.011568122245953417,-0.15701347589492798,-0.20403797924518585,3.5084803104400635,0.541669487953186,0.010850067846477032,-0.011568122245953417,0.621663095033732,-0.6628045815845297,-0.15701347589492798,-0.20403797924518585,3.5084803104400635,0.541669487953186,0.22821493103164722,0.5928338891910844,165.76198403459014,5.609418937666931,-0.0011418065169516518,0.03167553513282239,-0.5,0.29982879179710487,-0.5011418065169516,0.33150432692992726,0.27292687548530437,0.9243382161210116,0.27292687548530437,0.27292687548530437,0.27292687548530437,0.27292687548530437,0.9925699349923377,0.9925699349923377,0.9925699349923377,0.9925699349923377,1.0
15950,56.180910394999955,1.086585766753356,0.9936020259920354,-0.0007675820961594582,0.038043174892663956,0.9891590071468491,0.048198386774836184,0.0017004177346825605,-0.018182847351417876,-0.0007675820961594582,-0.038043174892663956,0.9282009601593018,-0.45705950260162354,0.0017004177346825605,-0.018182847351417876,0.0974267596065069,-1.0418004127668714,-0.0007675820961594582,-0.038043174892663956,0.9282009601593018,-0.45705950260162354,-0.10433392597556115,0.3403359974919069,165.77144451589564,5.608965370758355,-0.00017893661428123952,0.04979019842282457,-0.49999999999999994,0.1924755892351113,-0.5001789366142811,0.24226578765793585,0.6045128625898423,0.5826017851498427,0.6045128625898423,0.6045128625898423,0.6045128625898423,0.6045128625898423,0.7337300007973033,0.7337300007973033,0.7337300007973033,0.7337300007973033,1.0
16000,56.272451478999756,0.8775698652373596,1.1814441809984335,-0.02711215429008007,-0.031048011034727097,0.9891590071468491,0.048198386774836184,-0.0019475979357957834,-0.021461311430321074,-0.02711215429008007,0.031048011034727097,2.6359167098999023,-0.8803313374519348,-0.0019475979357957834,-0.021461311430321074,-0.11158914190948947,-1.2296425677732696,-0.02711215429008007,0.031048011034727097,2.6359167098999023,-0.8803313374519348,0.07428389786630607,0.31711546001965096,165.77137022720296,5.608665822880475,0.00020494768862093542,0.05876950154932893,-0.5,-0.1655388707865037,-0.49979505231137905,-0.10676936923717477,0.425511154445073,0.21034609078247618,0.425511154445073,0.425511154445073,0.425511154445073,0.425511154445073,0.3167238793937444,0.3167238793937444,0.3167238793937444,0.3167238793937444,1.0
16050,56.40498876099991,0.8751778049239742,1.1031263504890112,-0.04900509864091873,-0.0014506373554468155,0.9891590071468491,0.048198386774836184,-0.001989347264170646,-0.020094407424912787,-0.04900509864091873,0.0014506373554468155,2.3519136905670166,-0.7554358243942261,-0.001989347264170646,-0.020094407424912787,-0.11398120222287488,-1.1513247372638473,-0.04900509864091873,0.0014506373554468155,2.3519136905670166,-0.7554358243942261,0.14000357245372216,0.2782511357861706,165.7713566858779,5.608796735881322,0.00020934102378031256,0.055025618002888826,-0.5,-0.008701382837142103,-0.4997906589762197,0.04632423516574673,0.3597870865224976,0.32457537095191735,0.3597870865224976,0.3597870865224976,0.3597870865224976,0.3597870865224976,0.4145221425825417,0.4145221425825417,0.4145221425825417,0.4145221425825417,1.0
16100,56.565875691000656,0.7758265669480563,0.46306462761206196,0.14792732894420624,-0.18632201850414276,0.9891590071468491,0.048198386774836184,-0.00372335348278284,-0.00892322294472251,0.14792732894420624,0.18632201850414276,-3.5050857067108154,-2.420384168624878,-0.00372335348278284,-0.00892322294472251,-0.21333244019879277,-0.5112630143868981,0.14792732894420624,0.18632201850414276,-3.5050857067108154,-2.420384168624878,-0.24366600763970747,-0.3143164416343921,165.770540584593,5.609543853397443,0.0003918135332406201,0.024433016427366977,0.5,-0.2996523401382643,0.5003918135332406,-0.2752193237108973,-0.2567258058935331,-0.5895357653452894,-0.2567258058935331,-0.2567258058935331,-0.2567258058935331,-0.2567258058935331,-0.6537172168186727,-0.6537172168186727,-0.6537172168186727,-0.6537172168186727,1.0
16150,56.74826956600009,1.371104767149642,-0.13414873060003213,-0.12920749187469482,-0.06645183265209198,0.9891590071468491,0.048198386774836184,0.0066662110760808,0.001500116492970847,-0.12920749187469482,0.06645183265209198,-6.187868595123291,2.095546245574951,0.0066662110760808,0.001500116492970847,0.38194576000279273,0.08595034382519595,-0.12920749187469482,0.06645183265209198,-6.187868595123291,2.095546245574951,0.14629635868167506,-0.06593534221796364,165.7680216489939,5.609722187685401,-0.0007015015110664568,-0.004107448463330023,0.5,-0.2607041065522008,0.49929849848893354,-0.2648115550155308,-0.6455948571706086,-0.33074689723349443,-0.6455948571706086,-0.6455948571706086,-0.6455948571706086,-0.6455948571706086,-0.49214561152614655,-0.49214561152614655,-0.49214561152614655,-0.49214561152614655,1.0
16200,56.903626954000174,1.3298877771597883,-0.689808498562238,0.04131840169429779,-0.011958164162933826,0.9891590071468491,0.048198386774836184,0.005946838892996312,0.011198208964779043,0.04131840169429779,0.011958164162933826,-2.509823799133301,0.45023730397224426,0.005946838892996312,0.011198208964779043,0.3407287700129392,0.6416101117874019,0.04131840169429779,0.011958164162933826,-2.509823799133301,0.45023730397224426,-0.15922424387575723,-0.1615348395528422,165.76876917008343,5.609438347814545,-0.0006257983610969014,-0.03066258502716582,0.5,-0.07041158402087058,0.4993742016389031,-0.1010741690480364,-0.3401499577631459,-0.2626090086008786,-0.3401499577631459,-0.3401499577631459,-0.3401499577631459,-0.3401499577631459,-0.3476464980416651,-0.3476464980416651,-0.3476464980416651,-0.3476464980416651,1.0
16250,56.99112285699994,1.518268343171854,-0.8143576384076552,0.03290853276848793,-0.02083011344075203,0.9891590071468491,0.048198386774836184,0.009234700016677384,0.013372001535608434,0.03290853276848793,0.02083011344075203,-3.124394416809082,0.6013220548629761,0.009234700016677384,0.013372001535608434,0.529109336025005,0.7661592516328191,0.03290853276848793,0.02083011344075203,-3.124394416809082,0.6013220548629761,-0.20043303580419977,-0.19765733065696983,165.7646569393262,5.609315246918735,-0.0009718029236317113,-0.036615273351032415,0.5,-0.11821925147437598,0.4990281970763683,-0.15483452482540838,-0.29859516127216856,-0.3524918554823782,-0.29859516127216856,-0.29859516127216856,-0.29859516127216856,-0.29859516127216856,-0.4271406458004203,-0.4271406458004203,-0.4271406458004203,-0.4271406458004203,1.0
16300,57.0476465870006,1.6496307034360647,-0.8245012163770646,0.051172949373722076,-0.029198259115219116,0.9891590071468491,0.048198386774836184,0.011527405716478825,0.013549040369107389,0.051172949373722076,0.029198259115219116,-1.1572136878967285,0.08894498646259308,0.011527405716478825,0.013549040369107389,0.6604716962892155,0.7763028296022285,0.051172949373722076,0.029198259115219116,-1.1572136878967285,0.08894498646259308,-0.2699788002345545,-0.1993581159319886,165.76073532938517,5.609304262109131,-0.001213092218293515,-0.03710008504579041,0.5,-0.15766242941137978,0.4987869077817065,-0.1947625144571702,-0.22880810754715197,-0.3941206303891588,-0.22880810754715197,-0.22880810754715197,-0.22880810754715197,-0.22880810754715197,-0.4513226572759468,-0.4513226572759468,-0.4513226572759468,-0.4513226572759468,1.0
16350,57.21558009,1.3855971479079394,-0.3431378182874509,-0.27722275257110596,0.1833157241344452,0.9891590071468491,0.048198386774836184,0.006919150836765767,0.005147664173855446,-0.27722275257110596,-0.1833157241344452,3.080822467803955,2.3405301570892334,0.006919150836765767,0.005147664173855446,0.3964381407610904,0.2949394315126147,-0.27722275257110596,-0.1833157241344452,3.080822467803955,2.3405301570892334,0.4395654040877828,0.3315308863105487,165.76773855050178,5.609666299261141,-0.000728119800193673,-0.014094832369604085,-0.5,0.2996079449239227,-0.5007281198001937,0.2855131125543186,0.06116271571241094,0.6170439988648673,0.06116271571241094,0.06116271571241094,0.06116271571241094,0.06116271571241094,0.63233467779297,0.63233467779297,0.63233467779297,0.63233467779297,1.0
16400,57.39599181500034,0.5894651222485229,-1.1024805774473276,0.23627080023288727,-0.11275804042816162,0.9891590071468491,0.048198386774836184,-0.0069759742915630335,0.018400695472373628,0.23627080023288727,0.11275804042816162,-2.089264154434204,0.516121506690979,-0.0069759742915630335,0.018400695472373628,-0.39969388489832625,1.0542821906724915,0.23627080023288727,0.11275804042816162,-2.089264154434204,0.516121506690979,-0.3555149198042979,-0.5192199935157965,165.76767350171752,5.60894700281186,0.0007340996679973858,-0.050386831295859504,0.5,-0.2934747901123695,0.5007340996679974,-0.343861621408229,-0.14521917986369953,-0.8630816149240255,-0.14521917986369953,-0.14521917986369953,-0.14521917986369953,-0.14521917986369953,-0.8993864098899503,-0.8993864098899503,-0.8993864098899503,-0.8993864098899503,1.0
16450,57.56158411600063,1.251582112924825,-0.29256840501357234,-0.1768556535243988,0.10652616620063782,0.9891590071468491,0.048198386774836184,0.004580147229135037,0.004265061411424541,-0.1768556535243988,-0.10652616620063782,6.246395587921143,2.969536066055298,0.004580147229135037,0.004265061411424541,0.262423105777976,0.2443700182387362,-0.1768556535243988,-0.10652616620063782,6.246395587921143,2.969536066055298,0.28497133014239784,0.27534201630851496,165.7699544614962,5.609685447300362,-0.0004819762330326345,-0.011678151808148893,-0.5,0.29165323479501387,-0.5004819762330326,0.27997508298686496,0.21551064609063475,0.55531709929538,0.21551064609063475,0.21551064609063475,0.21551064609063475,0.21551064609063475,0.6091947608180387,0.6091947608180387,0.6091947608180387,0.6091947608180387,1.0
16500,57.70975511600045,0.22664507333104886,-0.08907878020656416,-0.003030188847333193,-0.040052615106105804,0.9891590071468491,0.048198386774836184,-0.013308378737419843,0.0007134974648943171,-0.003030188847333193,0.040052615106105804,2.805983543395996,4.579716682434082,-0.013308378737419843,0.0007134974648943171,-0.7625139338158002,0.04088039343172799,-0.003030188847333193,0.040052615106105804,2.805983543395996,4.579716682434082,0.2515118760745214,-0.0744873869992608,165.75709134434993,5.6097262010764535,0.0014005342552392158,-0.0019536168246410243,-0.5,-0.19938739625885132,-0.4985994657447608,-0.20134101308349234,0.24708758967023936,-0.2758284000827531,0.24708758967023936,0.24708758967023936,0.24708758967023936,0.24708758967023936,-0.21405650266519327,-0.21405650266519327,-0.21405650266519327,-0.21405650266519327,1.0
16550,57.88462450299994,0.46886180403096317,-0.04319122481994462,0.021188337355852127,-0.003959881141781807,0.9891590071468491,0.048198386774836184,-0.009080899283289909,-8.739146229345355e-05,0.021188337355852127,0.003959881141781807,2.592911720275879,-0.0752236545085907,-0.009080899283289909,-8.739146229345355e-05,-0.5202972031158859,-0.005007161954891562,0.021188337355852127,0.003959881141781807,2.592911720275879,-0.0752236545085907,0.11173665566444546,0.06065274124686876,165.76488901309253,5.609727356830396,0.0009556169929769625,0.00023928523724382688,-0.5,-0.02370973632894423,-0.49904438300702303,-0.023470451091700404,0.38730772734257757,0.03718229015516836,0.38730772734257757,0.38730772734257757,0.38730772734257757,0.38730772734257757,0.13400922199081275,0.13400922199081275,0.13400922199081275,0.13400922199081275,1.0
16600,58.09815813500063,0.9144134530851422,0.3283509923429022,0.023665016517043114,-0.017186876386404037,0.9891590071468491,0.048198386774836184,-0.0013045560196042055,-0.006572026461944915,0.023665016517043114,0.017186876386404037,2.455595016479492,1.0988235473632812,-0.0013045560196042055,-0.006572026461944915,-0.07474555406170685,-0.3765493791177384,0.023665016517043114,0.017186876386404037,2.455595016479492,1.0988235473632812,-0.011311851969811187,0.16537618889250263,165.77154251827056,5.60962782419829,0.00013727964652691588,0.017994955731146074,-0.5,-0.09924300305216796,-0.49986272035347307,-0.0812480473210219,0.5111745723232842,0.08412814157148074,0.5111745723232842,0.5111745723232842,0.5111745723232842,0.5111745723232842,0.2119217846523018,0.2119217846523018,0.2119217846523018,0.2119217846523018,1.0
16650,58.2222259629998,1.1199954236350618,0.36628428884799275,-0.013919923454523087,0.03957858681678772,0.9891590071468491,0.048198386774836184,0.0022835262492299085,-0.007234087382094003,-0.013919923454523087,-0.03957858681678772,1.2609740495681763,0.8854842185974121,0.0022835262492299085,-0.007234087382094003,0.1308364164882127,-0.4144826756228289,-0.013919923454523087,-0.03957858681678772,1.2609740495681763,0.8854842185974121,-0.004846214117622399,0.19937906816196105,165.7712531278118,5.609606756786115,-0.00024029787555752898,0.019807798025057374,-0.5,0.1977895498606236,-0.5002402978755576,0.21759734788568097,0.50508651199318,0.416976416047642,0.50508651199318,0.50508651199318,0.50508651199318,0.50508651199318,0.5432480440459371,0.5432480440459371,0.5432480440459371,0.5432480440459371,1.0
16700,58.277735914000004,1.1292102025990554,0.4099071862925568,-0.0029196501709520817,0.02959149144589901,0.9891590071468491,0.048198386774836184,0.0024443544819951098,-0.007995450571761466,-0.0029196501709520817,-0.02959149144589901,0.47642961144447327,0.6382378339767456,0.0024443544819951098,-0.007995450571761466,0.14005119545220637,-0.4581055730673929,-0.0029196501709520817,-0.02959149144589901,0.47642961144447327,0.6382378339767456,-0.02537088152392153,0.21743196071868512,165.7711904835958,5.609580031667499,-0.00025722206471648357,0.02189256365501794,-0.49999999470860784,0.1593631091055206,-0.5002572167733244,0.18125567276053853,0.5256280982972459,0.39868763347922365,0.5256280982972459,0.5256280982972459,0.5256280982972459,0.5256280982972459,0.5300946580535351,0.5300946580535351,0.5300946580535351,0.5300946580535351,1.0
16750,58.33315003400003,1.178868132464281,0.42295708979508595,0.000705464743077755,0.01355916541069746,0.9891590071468491,0.048198386774836184,0.0033110488578677183,-0.00822321435494814,0.000705464743077755,-0.01355916541069746,1.2448267936706543,0.41416135430336,0.0033110488578677183,-0.00822321435494814,0.18970912531743184,-0.4711554765699221,0.000705464743077755,-0.01355916541069746,1.2448267936706543,0.41416135430336,-0.04547756214061674,0.1875956461859873,165.7707795291235,5.609571517537947,-0.0003484258249633687,0.022516230261631683,-0.5,0.07941766865499579,-0.5003484258249634,0.10193389891662748,0.5458259879655801,0.2895295451026148,0.5458259879655801,0.5458259879655801,0.5458259879655801,0.5458259879655801,0.4259860420940098,0.4259860420940098,0.4259860420940098,0.4259860420940098,1.0
16800,58.38913585800037,1.2353068393497426,0.44197433747638487,-0.05421743914484978,0.019345587119460106,0.9891590071468491,0.048198386774836184,0.004296090118587018,-0.008555127941654063,-0.05421743914484978,-0.019345587119460106,0.3410698473453522,0.4711299240589142,0.004296090118587018,-0.008555127941654063,0.24614783220289346,-0.490172724251221,-0.05421743914484978,-0.019345587119460106,0.3410698473453522,0.4711299240589142,0.04062572495009785,0.20757757969084864,165.77016218504127,5.609558681995413,-0.0004520840715409494,0.023425084682344402,-0.4999988114721082,0.11060844558681342,-0.5004508955436491,0.13403353026915782,0.4598251705935512,0.34161110996000643,0.4598251705935512,0.4598251705935512,0.4598251705935512,0.4598251705935512,0.45656740260839423,0.45656740260839423,0.45656740260839423,0.45656740260839423,1.0
16850,58.54475567600002,1.1253506121094692,-0.2675210607905042,0.1240718886256218,-0.17640504240989685,0.9891590071468491,0.048198386774836184,0.0023769919201731687,0.00382790278585162,0.1240718886256218,0.17640504240989685,-1.9669184684753418,-1.2610524892807007,0.0023769919201731687,0.00382790278585162,0.13619160496262006,0.21932267401566802,0.1240718886256218,0.17640504240989685,-1.9669184684753418,-1.2610524892807007,-0.2862841099549656,-0.35548195421136325,165.77121724069886,5.60969360167627,-0.00025013340267638197,-0.010481160036365888,0.5,-0.29948321777219533,0.4997498665973236,-0.30996437780856123,-0.213465756642358,-0.6654463320199244,-0.213465756642358,-0.213465756642358,-0.213465756642358,-0.213465756642358,-0.7188127711805139,-0.7188127711805139,-0.7188127711805139,-0.7188127711805139,1.0
16900,58.695944490999864,1.4919911113309339,-0.5361456773796415,0.022160489112138748,-0.07371383160352707,0.9891590071468491,0.048198386774836184,0.008776075802743435,0.008516286797239446,0.022160489112138748,0.07371383160352707,-2.3358073234558105,2.5426318645477295,0.008776075802743435,0.008516286797239446,0.5028321041840849,0.4879472906048053,0.022160489112138748,0.07371383160352707,-2.3358073234558105,2.5426318645477295,-0.1489347382732481,-0.20465342298960237,165.76533745182851,5.609560210270391,-0.0009235376175436148,-0.02331872865737978,0.5,-0.27011704026502725,0.4990764623824564,-0.293435768922407,-0.3501417241092083,-0.4980891919120094,-0.3501417241092083,-0.3501417241092083,-0.3501417241092083,-0.3501417241092083,-0.5856246229393115,-0.5856246229393115,-0.5856246229393115,-0.5856246229393115,1.0
16950,58.848898154999915,1.9297952447930558,-0.6655432376795628,-0.19386915862560272,0.1926322877407074,0.9891590071468491,0.048198386774836184,0.016417199410498143,0.010774700268520974,-0.19386915862560272,-0.1926322877407074,3.876767158508301,-1.636091709136963,0.016417199410498143,0.010774700268520974,0.9406362376462066,0.6173448509047267,-0.19386915862560272,-0.1926322877407074,3.876767158508301,-1.636091709136963,-0.15411782013432707,0.08613721387893894,165.7494782292067,5.609459795794739,-0.0017277500547249224,-0.029502879732873816,-0.5,0.2997298592583345,-0.5017277500547249,0.2702269795254607,0.655845570189052,0.3563641934043996,0.655845570189052,0.655845570189052,0.655845570189052,0.655845570189052,0.5203255859516627,0.5203255859516627,0.5203255859516627,0.5203255859516627,1.0
17000,58.99722010200003,0.38160624410575605,0.05108333498312246,-0.11843841522932053,-0.10085327923297882,0.9891590071468491,0.048198386774836184,-0.01060379609465599,-0.001732792931725271,-0.11843841522932053,0.10085327923297882,-8.159790992736816,3.2516016960144043,-0.01060379609465599,-0.001732792931725271,-0.6075527630410931,-0.09928172175795864,-0.11843841522932053,0.10085327923297882,-8.159790992736816,3.2516016960144043,0.4046624315186576,-0.024520414704029672,165.76241931024046,5.609720453917329,0.0011158881700315247,0.004744537511222886,0.5,-0.2895640949143266,0.5011158881700315,-0.2848195574031037,-0.905778319688689,-0.3093399721071334,-0.905778319688689,-0.905778319688689,-0.905778319688689,-0.905778319688689,-0.5357845520293056,-0.5357845520293056,-0.5357845520293056,-0.5357845520293056,1.0
17050,59.142808696999964,1.7112893823947084,-0.7129809291777112,0.14928916096687317,0.047043513506650925,0.9891590071468491,0.048198386774836184,0.012603552676737309,0.011602644174708986,0.14928916096687317,-0.047043513506650925,4.644333362579346,-2.1950221061706543,0.012603552676737309,0.011602644174708986,0.7221303752478594,0.664782542402875,0.14928916096687317,-0.047043513506650925,4.644333362579346,-2.1950221061706543,-0.48854539964237453,-0.04259842678435816,165.75859594817436,5.609417094048753,-0.0013263524516442472,-0.03177006839741186,-0.5,0.22068655236645998,-0.5013263524516443,0.18891648396904812,0.9898717520940188,0.14631805718468996,0.9898717520940188,0.9898717520940188,0.9898717520940188,0.9898717520940188,0.3937859952081947,0.3937859952081947,0.3937859952081947,0.3937859952081947,1.0
17100,59.1974904180006,2.1564548589565176,-0.4786802543237094,-0.025677334517240524,0.002162819728255272,0.9891590071468491,0.048198386774836184,0.020373155958950527,0.007513325958861969,-0.025677334517240524,-0.002162819728255272,9.851009368896484,3.3464345932006836,0.020373155958950527,0.007513325958861969,1.1672958518096685,0.43048186754887324,-0.025677334517240524,-0.002162819728255272,9.851009368896484,3.3464345932006836,-0.3915958174803487,-0.007251711432844893,165.73748839161382,5.609597265335828,-0.002144178977671138,-0.020572407394793452,-0.5,0.012968830650927321,-0.5021441789776712,-0.007603576743866131,0.8937399964580199,-0.014855288176711024,0.8937399964580199,0.8937399964580199,0.8937399964580199,0.8937399964580199,0.20857971093779396,0.20857971093779396,0.20857971093779396,0.20857971093779396,1.0
17150,59.3243297529998,0.9712763787510851,0.15333265090533518,-0.06529560685157776,-0.017211195081472397,0.9891590071468491,0.048198386774836184,-0.00031211074441671316,-0.0035173801524797455,-0.06529560685157776,0.017211195081472397,4.270425319671631,1.941401481628418,-0.00031211074441671316,-0.0035173801524797455,-0.017882628395763985,-0.2015310376801714,-0.06529560685157776,0.017211195081472397,4.270425319671631,1.941401481628418,0.1829373026365183,0.03879481764532584,165.7716747024851,5.609698858774083,3.284368729223273e-05,0.009630914319119437,-0.5,-0.0993729263712957,-0.4999671563127078,-0.08974201205217627,0.31702985367618947,-0.050947194406850436,0.31702985367618947,0.31702985367618947,0.31702985367618947,0.31702985367618947,0.02831026901219693,0.02831026901219693,0.02831026901219693,0.02831026901219693,1.0
17200,59.475796194000395,0.8832768618148755,0.286862822498658,-0.051545292139053345,0.047219112515449524,0.9891590071468491,0.048198386774836184,-0.0018479920551180834,-0.005847921297536232,-0.051545292139053345,-0.047219112515449524,3.8545238971710205,0.5071964263916016,-0.0018479920551180834,-0.005847921297536232,-0.10588214533197358,-0.3350612092734942,-0.051545292139053345,-0.047219112515449524,3.8545238971710205,0.5071964263916016,0.13821096026552782,0.22946316218422608,165.7714013742295,5.609648552506565,0.00019446603738257722,0.016012238289372913,-0.5,0.2211687573135619,-0.4998055339626174,0.23718099560293482,0.3615945736970896,0.4666441577871609,0.3615945736970896,0.3615945736970896,0.3615945736970896,0.3615945736970896,0.5570428012114332,0.5570428012114332,0.5570428012114332,0.5570428012114332,1.0
17250,59.6359547789998,0.7075375352134755,0.38151825205933926,-0.021298356354236603,0.0037664510309696198,0.9891590071468491,0.048198386774836184,-0.00491522192955017,-0.007499970198259689,-0.021298356354236603,-0.0037664510309696198,3.057474374771118,-0.05406325310468674,-0.00491522192955017,-0.007499970198259689,-0.2816214719333736,-0.42971663883417544,-0.021298356354236603,-0.0037664510309696198,3.057474374771118,-0.05406325310468674,0.11743117693775261,0.16013209819992943,165.76969233891288,5.6095977274889,0.0005172372243446474,0.020535836679650532,-0.5,0.02255605782420964,-0.49948276277565534,0.04309189450386017,0.3820515858379027,0.2032239927037896,0.3820515858379027,0.3820515858379027,0.3820515858379027,0.3820515858379027,0.2987368891632653,0.2987368891632653,0.2987368891632653,0.2987368891632653,1.0
17300,59.78721433800001,1.0892770747297527,0.34648650529103475,0.12257364392280579,0.01504507102072239,0.9891590071468491,0.048198386774836184,0.0017473899200558668,-0.006888550874427892,0.12257364392280579,-0.01504507102072239,2.982088804244995,0.5584015846252441,0.0017473899200558668,-0.006888550874427892,0.1001180675829035,-0.39468489206587093,0.12257364392280579,-0.01504507102072239,2.982088804244995,0.5584015846252441,-0.27357789721393155,0.16162548734934729,165.77143117342789,5.609618004167168,-0.00018387955293162897,0.018861655188135002,-0.5,0.08764119564112392,-0.5001838795529316,0.10650285082925892,0.7737617767668632,0.2681283381786062,0.7737617767668632,0.7737617767668632,0.7737617767668632,0.7737617767668632,0.461568782370322,0.461568782370322,0.461568782370322,0.461568782370322,1.0
17350,59.93699846399977,1.2436178989091786,0.8462346115117807,0.00395184475928545,0.009062238037586212,0.9891590071468491,0.048198386774836184,0.004441145472228528,-0.015610800758586264,0.00395184475928545,-0.009062238037586212,5.496196746826172,-0.02059832774102688,0.004441145472228528,-0.015610800758586264,0.2544588917623296,-0.8944329982866168,0.00395184475928545,-0.009062238037586212,5.496196746826172,-0.02059832774102688,-0.05291654379584847,0.31524111904210034,165.7700577709753,5.609165697242771,-0.0004673486618079829,0.04274624060075467,-0.5,0.053785765886806496,-0.500467348661808,0.09653200648756116,0.5533838924576564,0.4117731255296615,0.5533838924576564,0.5533838924576564,0.5533838924576564,0.5533838924576564,0.5501190986440756,0.5501190986440756,0.5501190986440756,0.5501190986440756,1.0
17400,60.05358006200004,1.1504907241752877,1.0023468025637674,0.034524787217378616,0.04637546464800835,0.9891590071468491,0.048198386774836184,0.0028157696500420576,-0.01833547249494586,0.034524787217378616,-0.04637546464800835,5.279299259185791,-0.25400909781455994,0.0028157696500420576,-0.01833547249494586,0.1613317170284387,-1.0505451893386035,0.034524787217378616,-0.04637546464800835,5.279299259185791,-0.25400909781455994,-0.09787545522608956,0.3947075387574445,165.77102952739708,5.60895252505211,-0.0002963066756029374,0.05020820110202851,-0.5,0.2188291598454009,-0.500296306675603,0.2690373609474294,0.5981717619016925,0.6637448997048739,0.5981717619016925,0.5981717619016925,0.5981717619016925,0.5981717619016925,0.8132878401802971,0.8132878401802971,0.8132878401802971,0.8132878401802971,1.0
17450,60.188226557000235,1.23997239216139,1.2262746612243411,-0.04482181742787361,0.016515936702489853,0.9891590071468491,0.048198386774836184,0.004377519376575947,-0.022243750915513373,-0.04482181742787361,-0.016515936702489853,6.230604648590088,-0.48586565256118774,0.004377519376575947,-0.022243750915513373,0.2508133850145411,-1.2744730479991773,-0.04482181742787361,-0.016515936702489853,6.230604648590088,-0.48586565256118774,0.020121644763425192,0.4339671031341984,165.7701039972915,5.608587010731092,-0.00046065310319086346,0.06091263699410281,-0.5,0.09564214336564149,-0.5004606531031909,0.1565547803597443,0.48033900833976567,0.5905218834939427,0.48033900833976567,0.48033900833976567,0.48033900833976567,0.48033900833976567,0.7106066355788841,0.7106066355788841,0.7106066355788841,0.7106066355788841,1.0
17500,60.35165856000003,0.6317644837784119,1.3593224773879582,-0.06286343932151794,-0.03405134007334709,0.9891590071468491,0.048198386774836184,-0.0062377111613750435,-0.024565873370156623,-0.06286343932151794,0.03405134007334709,2.674565553665161,-1.4521552324295044,-0.0062377111613750435,-0.024565873370156623,-0.35739452336843713,-1.4075208641627943,-0.06286343932151794,0.03405134007334709,2.674565553665161,-1.4521552324295044,0.22029123684020485,0.3406544865638539,165.7684771842994,5.608336500325123,0.0006564082299790984,0.0672733596631431,-0.5,-0.17765595557161618,-0.4993435917700209,-0.11038259590847307,0.27905235492981606,0.2302718906553808,0.27905235492981606,0.27905235492981606,0.27905235492981606,0.27905235492981606,0.30003497938783485,0.30003497938783485,0.30003497938783485,0.30003497938783485,1.0
17550,60.51202045900027,0.5167541833565934,1.2151515914392697,-0.03140544891357422,-0.00923977978527546,0.9891590071468491,0.048198386774836184,-0.0082450195774436,-0.022049616724834777,-0.03140544891357422,0.00923977978527546,0.9069175720214844,-0.8536412715911865,-0.0082450195774436,-0.022049616724834777,-0.4724048237902556,-1.2633499782141058,-0.03140544891357422,0.00923977978527546,0.9069175720214844,-0.8536412715911865,0.1922165724073996,0.38810098838092777,165.76608214152182,5.608606828304396,0.0008676500946466491,0.06038089006178167,-0.49999999999999983,-0.05481611530371741,-0.4991323499053532,0.005564774758064259,0.3069157774979536,0.39366576313899204,0.3069157774979536,0.3069157774979536,0.3069157774979536,0.3069157774979536,0.47039470751348045,0.47039470751348045,0.47039470751348045,0.47039470751348045,1.0
17600,60.699451108000176,1.3962992005637032,0.7535023070892812,0.19861674308776855,-0.22731763124465942,0.9891590071468491,0.048198386774836184,0.007105936892330647,-0.013992316723451949,0.19861674308776855,0.22731763124465942,-2.139918565750122,2.86218523979187,0.007105936892330647,-0.013992316723451949,0.40714019341685415,-0.8017006938641174,0.19861674308776855,0.22731763124465942,-2.139918565750122,2.86218523979187,-0.5181799195793575,-0.1856273220061903,165.76752272683902,5.609276124226247,-0.0007477764178852743,0.03831398195379927,0.5,-0.2999325175740707,0.49925222358211474,-0.26161853562027143,0.018927695997242755,-0.44724585762646174,0.018927695997242755,0.018927695997242755,0.018927695997242755,0.018927695997242755,-0.4425139336271511,-0.4425139336271511,-0.4425139336271511,-0.4425139336271511,1.0
17650,60.87493786699997,2.3281280352067912,0.12187789554970753,-0.025783415883779526,-0.1362701803445816,0.9891590071468491,0.048198386774836184,0.023369418121874333,-0.002968391106114723,-0.025783415883779526,0.1362701803445816,-1.5071754455566406,4.851119518280029,0.023369418121874333,-0.002968391106114723,1.3389690280599422,-0.17007628232454372,-0.025783415883779526,0.1362701803445816,-1.5071754455566406,4.851119518280029,-0.29621291814056677,-0.16462216855548317,165.72669142048858,5.609707065497294,-0.002459628003204832,0.008127724133120726,0.5,-0.2974353069795529,0.4975403719967952,-0.28930758284643215,-0.2013274538562284,-0.4539297514019153,-0.2013274538562284,-0.2013274538562284,-0.2013274538562284,-0.2013274538562284,-0.5042616148659724,-0.5042616148659724,-0.5042616148659724,-0.5042616148659724,1.0
17700,60.945111271000314,2.2555408401327153,-0.13723145377259538,-0.03881097212433815,-0.025698494166135788,0.9891590071468491,0.048198386774836184,0.0221025325730443,0.001553920162259601,-0.03881097212433815,0.025698494166135788,-1.007286787033081,-2.5066304206848145,0.0221025325730443,0.001553920162259601,1.2663818329858663,0.0890330669977592,-0.03881097212433815,0.025698494166135788,-1.007286787033081,-2.5066304206848145,-0.28181605063683307,0.09333407256540595,165.73143707483598,5.6097218089540855,-0.002326244198862316,-0.004254767725463008,0.5,-0.14190976902813254,0.4976737558011377,-0.14616453675359556,-0.21585770516430464,-0.05283046418818961,-0.21585770516430464,-0.21585770516430464,-0.21585770516430464,-0.21585770516430464,-0.10679489047926577,-0.10679489047926577,-0.10679489047926577,-0.10679489047926577,1.0
17750,61.0888659379998,2.0164001224781134,-0.4629191659270819,-0.025100871920585632,0.01678479090332985,0.9891590071468491,0.048198386774836184,0.017928739674389363,0.007238243072642945,-0.025100871920585632,-0.01678479090332985,-0.37714001536369324,-0.48243391513824463,0.017928739674389363,0.007238243072642945,1.0272411153312644,0.4147207791522457,-0.025100871920585632,-0.01678479090332985,-0.37714001536369324,-0.48243391513824463,-0.21576786911064486,-0.055242480450056815,165.74520135665273,5.609606618166998,-0.0018868572802757395,-0.019819177094795207,0.4999997191937467,0.09708881984669888,0.49811286191347093,0.07726964275190368,-0.2823449928028261,0.022027162301846863,-0.2823449928028261,-0.2823449928028261,-0.2823449928028261,-0.2823449928028261,-0.04855908589885966,-0.04855908589885966,-0.04855908589885966,-0.04855908589885966,1.0
17800,61.24084902300001,1.7153998756145867,-0.8406604300971099,-0.061702098697423935,-0.07985316216945648,0.9891590071468491,0.048198386774836184,0.012675294317305089,0.01383107185305562,-0.061702098697423935,0.07985316216945648,8.774945259094238,0.03952687978744507,0.012675294317305089,0.01383107185305562,0.7262408684677377,0.7924620433222738,-0.061702098697423935,0.07985316216945648,8.774945259094238,0.03952687978744507,-0.0380358371360654,-0.2483151636641869,165.75844654164317,5.609286464384017,-0.0013339030824176376,-0.03787241721556935,-0.5,-0.27636758835510533,-0.5013339030824177,-0.31424000557067466,0.539369740218483,-0.5625551692348616,0.539369740218483,0.539369740218483,0.539369740218483,0.539369740218483,-0.4277127341802408,-0.4277127341802408,-0.4277127341802408,-0.4277127341802408,1.0
17850,61.39050199800022,-0.009335117692421954,-0.44308408313395325,0.07241734862327576,-0.1791294813156128,0.9891590071468491,0.048198386774836184,-0.017427010040264576,0.0068920555704971775,0.07241734862327576,0.1791294813156128,-3.5501303672790527,-2.3688061237335205,-0.017427010040264576,0.0068920555704971775,-0.998494124839271,0.3948856963591171,0.07241734862327576,0.1791294813156128,-3.5501303672790527,-2.3688061237335205,0.2538492146193967,-0.32789974630462543,165.74666272521463,5.609617892850423,0.0018340434778948474,-0.01887125167703728,0.5,-0.29953653404059355,0.5018340434778948,-0.31840778571763084,-0.7556832580972915,-0.6463075320222562,-0.7556832580972915,-0.7556832580972915,-0.7556832580972915,-0.7556832580972915,-0.8352283465465791,-0.8352283465465791,-0.8352283465465791,-0.8352283465465791,1.0
17900,61.542560820999825,0.9254318288768422,-1.4579554249231141,0.13503269851207733,-0.035504765808582306,0.9891590071468491,0.048198386774836184,-0.0011122490838170046,0.024604901968850755,0.13503269851207733,0.035504765808582306,-3.7907142639160156,1.3971028327941895,-0.0011122490838170046,0.024604901968850755,-0.06372717827000692,1.409757038148278,0.13503269851207733,0.035504765808582306,-3.7907142639160156,1.3971028327941895,-0.2674833963954812,-0.4279057118224845,165.7715808085955,5.608332077584109,0.00011704299036664477,-0.06738027061268155,0.5,-0.18322097988369268,0.5001170429903666,-0.2506012504963742,-0.23263364659488545,-0.6785069623188587,-0.23263364659488545,-0.23263364659488545,-0.23263364659488545,-0.23263364659488545,-0.73666537396758,-0.73666537396758,-0.73666537396758,-0.73666537396758,1.0
17950,61.693300669000564,1.7475834068185696,-1.2143192688558802,0.009909084066748619,0.05270754173398018,0.9891590071468491,0.048198386774836184,0.013237002901732926,0.02035264886857476,0.009909084066748619,-0.05270754173398018,-2.3895018100738525,1.0114686489105225,0.013237002901732926,0.02035264886857476,0.7584243996717206,1.166120882081044,0.009909084066748619,-0.05270754173398018,-2.3895018100738525,1.0114686489105225,-0.257850336081368,-0.16269654127762245,165.75724743612142,5.608772662976391,-0.0013930220023664248,-0.05573291689242086,0.5,0.235024465519515,0.4986069779976336,0.17929154862709415,-0.2407566419162656,0.016595007349471697,-0.2407566419162656,-0.2407566419162656,-0.2407566419162656,-0.2407566419162656,-0.04359415312959471,-0.04359415312959471,-0.04359415312959471,-0.04359415312959471,1.0
18000,61.84621905699987,1.898296333331661,-1.0410246697296686,0.03845687210559845,-0.0028373589739203453,0.9891590071468491,0.048198386774836184,0.015867439694702626,0.017328087537898683,0.03845687210559845,0.0028373589739203453,7.752965927124023,1.2159019708633423,0.015867439694702626,0.017328087537898683,0.9091373261848119,0.9928262829548324,0.03845687210559845,0.0028373589739203453,7.752965927124023,1.2159019708633423,-0.31287903566820446,-0.23266648095319128,165.75094041501342,5.609035327345626,-0.0016698834173754285,-0.047449252818478234,-0.5,-0.017005903384299408,-0.5016698834173754,-0.06445515620277764,0.8145489190855799,-0.29712163715596895,0.8145489190855799,0.8145489190855799,0.8145489190855799,0.8145489190855799,-0.09348440738457398,-0.09348440738457398,-0.09348440738457398,-0.09348440738457398,1.0
18050,61.9597435200003,1.3650567413613013,-0.15958963779359578,-0.20637236535549164,0.11377597600221634,0.9891590071468491,0.048198386774836184,0.006560653112828732,0.0019441440881928429,-0.20637236535549164,-0.11377597600221634,3.927109718322754,3.3289363384246826,0.006560653112828732,0.0019441440881928429,0.3758977342144522,0.1113912510187596,-0.20637236535549164,-0.11377597600221634,3.927109718322754,3.3289363384246826,0.31480611626447597,0.24842069480344678,165.76813667533662,5.609718662751399,-0.0006903930729360152,-0.0053232363401757785,-0.5,0.2937324237760172,-0.5006903930729361,0.28840918743584143,0.1858842768084601,0.5368298822392882,0.1858842768084601,0.1858842768084601,0.1858842768084601,0.1858842768084601,0.5833009514414031,0.5833009514414031,0.5833009514414031,0.5833009514414031,1.0
18100,62.07255789900046,0.4728605596248883,0.053006446781090955,-0.13026991486549377,-0.010196695104241371,0.9891590071468491,0.048198386774836184,-0.009011107832193374,-0.0017663575644837693,-0.13026991486549377,0.010196695104241371,1.9084179401397705,1.5190869569778442,-0.009011107832193374,-0.0017663575644837693,-0.5162984475219607,-0.10120483355592713,-0.13026991486549377,0.010196695104241371,1.9084179401397705,1.5190869569778442,0.3962528960731615,0.048318910306787206,165.76499303759235,5.609720183216525,0.0009482721820459207,0.004836440528958252,-0.5,-0.060345904955999466,-0.4990517278179541,-0.055509464427041216,0.1027988317447926,-0.00719055412025401,0.1027988317447926,0.1027988317447926,0.1027988317447926,0.1027988317447926,0.01850915381594414,0.01850915381594414,0.01850915381594414,0.01850915381594414,1.0
18150,62.24878342700049,-0.5647388235968718,-0.19221314256987576,-0.08319390565156937,-0.06094253435730934,0.9891590071468491,0.048198386774836184,-0.027120633386075496,0.0025135316600790247,-0.08319390565156937,0.06094253435730934,-15.319158554077148,0.3841627538204193,-0.027120633386075496,0.0025135316600790247,-1.5538978307437208,0.14401475579503958,-0.08319390565156937,0.06094253435730934,-15.319158554077148,0.3841627538204193,0.50293766368554,-0.072391221441763,165.71108928675176,5.609712812677684,0.0028546215249943964,-0.006882273515465016,0.5,-0.2517944469059336,0.5028546215249944,-0.2586767204213986,-1.0057922852105343,-0.33106794186316163,-1.0057922852105343,-1.0057922852105343,-1.0057922852105343,-1.0057922852105343,-0.5825160131657952,-0.5825160131657952,-0.5825160131657952,-0.5825160131657952,1.0
18200,62.44521846600037,1.6984953708622168,-1.4194817163803728,0.18289077281951904,-0.04662242904305458,0.9891590071468491,0.048198386774836184,0.012380255050957203,0.02393340907932725,0.18289077281951904,0.04662242904305458,15.686214447021484,1.7872916460037231,0.012380255050957203,0.02393340907932725,0.7093363637153677,1.3712833296055367,0.18289077281951904,0.04662242904305458,15.686214447021484,1.7872916460037231,-0.6005982005729572,-0.3826530292223731,165.759055552407,5.608407192931961,-0.0013028510133830664,-0.06554087247576001,-0.5,-0.2195200390039875,-0.5013028510133831,-0.28506091147974755,1.1019010515863403,-0.6677139407021206,1.1019010515863403,1.1019010515863403,1.1019010515863403,1.1019010515863403,-0.39223867780553556,-0.39223867780553556,-0.39223867780553556,-0.39223867780553556,1.0
18250,62.61200872500012,0.7447399747969482,0.5811229533118515,-0.2273896485567093,0.03036727011203766,0.9891590071468491,0.048198386774836184,-0.004265916869044303,-0.010983729437575678,-0.2273896485567093,-0.03036727011203766,0.030809443444013596,1.057870864868164,-0.004265916869044303,-0.010983729437575678,-0.2444190323499009,-0.6293213400866877,-0.2273896485567093,-0.03036727011203766,0.030809443444013596,1.057870864868164,0.528133888925311,0.3167445938253065,165.7701834688289,5.609449313143875,0.0004489088564724999,0.030075268960536996,-0.2742344630208798,0.16267672818884193,-0.2737855541644073,0.19275199714937893,-0.2543483347609037,0.5094965909746855,-0.2543483347609037,-0.2543483347609037,-0.2543483347609037,-0.2543483347609037,0.44590950728445955,0.44590950728445955,0.44590950728445955,0.44590950728445955,1.0
18300,62.73525735900057,0.41908890820818445,-0.2905820472647151,0.16178864240646362,-0.22833965718746185,0.9891590071468491,0.048198386774836184,-0.00994960019364953,0.004230392928584479,0.16178864240646362,0.22833965718746185,-6.277832984924316,-0.36862751841545105,-0.00994960019364953,0.004230392928584479,-0.5700700989386647,0.24238366048987892,0.16178864240646362,0.22833965718746185,-6.277832984924316,-0.36862751841545105,-0.18264163345895792,-0.44854155002728197,165.76352704642864,5.609686126137176,0.001047039356439247,-0.011583225306561501,0.5,-0.29993522040415244,0.5010470393564392,-0.31151844571071396,-0.31840540589748134,-0.7600599957379959,-0.31840540589748134,-0.31840540589748134,-0.31840540589748134,-0.31840540589748134,-0.8396613472123662,-0.8396613472123662,-0.8396613472123662,-0.8396613472123662,1.0
18350,62.83187335599996,1.2242520714563712,-0.9658925888595283,0.0844120979309082,-0.053594715893268585,0.9891590071468491,0.048198386774836184,0.004103148020803929,0.01601678535284009,0.0844120979309082,0.053594715893268585,-2.6523845195770264,1.5814719200134277,0.004103148020803929,0.01601678535284009,0.23509306430952204,0.9176942020846922,0.0844120979309082,0.053594715893268585,-2.6523845195770264,1.5814719200134277,-0.2986009101540834,-0.30193070277331446,165.77029569639362,5.609136103305957,-0.00043178025115926904,-0.043858064552019724,0.5,-0.2370521521500568,0.49956821974884075,-0.2809102167020765,-0.20096730959475734,-0.582840919475391,-0.20096730959475734,-0.20096730959475734,-0.20096730959475734,-0.20096730959475734,-0.6330827468740803,-0.6330827468740803,-0.6330827468740803,-0.6330827468740803,1.0
18400,63.04011103399989,1.8759840263039333,-0.7060463128185913,-0.0015029922360554338,-0.0030705537647008896,0.9891590071468491,0.048198386774836184,0.01547801647335291,0.011481612286879682,-0.0015029922360554338,0.0030705537647008896,-2.572528839111328,2.460264205932617,0.01547801647335291,0.011481612286879682,0.8868250191570843,0.6578479260437552,-0.0015029922360554338,0.0030705537647008896,-2.572528839111328,2.460264205932617,-0.23345273512761214,-0.14256007106021254,165.7519460288452,5.6094235335361935,-0.0016288940946778056,-0.03143864047573664,0.5,-0.018400197389905452,0.4983711059053222,-0.0498388378656421,-0.2649183707777101,-0.19239890892585465,-0.2649183707777101,-0.2649183707777101,-0.2649183707777101,-0.2649183707777101,-0.25862850162028217,-0.25862850162028217,-0.25862850162028217,-0.25862850162028217,1.0
18450,63.21475004600052,1.831808283742995,-0.5195308686976152,-0.23128920793533325,0.37429872155189514,0.9891590071468491,0.048198386774836184,0.014707004316151143,0.008226303681149148,-0.23128920793533325,-0.37429872155189514,5.303075790405273,2.476255416870117,0.014707004316151143,0.008226303681149148,0.842649276596146,0.47133248192277905,-0.23128920793533325,-0.37429872155189514,5.303075790405273,2.476255416870117,0.3041536585401068,0.3854906541633686,165.75386332317615,5.609571400410872,-0.0015477414913671723,-0.022524689518045343,-0.5,0.29999981123723096,-0.5015477414913672,0.27747512171918565,0.19739408295126037,0.6629657758825542,0.19739408295126037,0.19739408295126037,0.19739408295126037,0.19739408295126037,0.7123142966203693,0.7123142966203693,0.7123142966203693,0.7123142966203693,1.0
18500,63.37061366600028,0.3373098793368582,0.03258332405405327,-0.07798852026462555,-0.02673020213842392,0.9891590071468491,0.048198386774836184,-0.011376913506537675,-0.0014099068293580786,-0.07798852026462555,0.02673020213842392,1.120972752571106,3.026998519897461,-0.011376913506537675,-0.0014099068293580786,-0.6518491278099909,-0.08078171082888945,-0.07798852026462555,0.02673020213842392,1.120972752571106,3.026998519897461,0.2983787697818326,0.002632863054559155,165.7610193007151,5.609722792740082,0.0011972537332072559,0.0038604463690483305,-0.5,-0.1466677718549985,-0.4988027462667927,-0.14280732548595015,0.20042397648496013,-0.140174462431391,0.20042397648496013,0.20042397648496013,0.20042397648496013,0.20042397648496013,-0.09006846831015097,-0.09006846831015097,-0.09006846831015097,-0.09006846831015097,1.0
18550,63.5395373070005,-0.3799712408927578,-0.26266450280593423,0.19267511367797852,-0.24250994622707367,0.9891590071468491,0.048198386774836184,-0.02389583071693778,0.0037431398587068542,0.19267511367797852,0.24250994622707367,-7.1100616455078125,0.9917917251586914,-0.02389583071693778,0.0037431398587068542,-1.3691302480396068,0.21446611603109805,0.19267511367797852,0.24250994622707367,-7.1100616455078125,0.9917917251586914,0.11928332785724416,-0.376315080996885,165.72464176735755,5.6096950808045705,0.002515053531089312,-0.01024906951510218,0.5,-0.2999632467804776,0.5025150535310893,-0.31021231629557977,-0.6217983813883334,-0.6865273972924648,-0.6217983813883334,-0.6217983813883334,-0.6217983813883334,-0.6217983813883334,-0.8419769926395482,-0.8419769926395482,-0.8419769926395482,-0.8419769926395482,1.0
18600,63.72208624799987,2.070737478976738,-0.9248671643315526,0.09043995290994644,0.1531289517879486,0.9891590071468491,0.048198386774836184,0.018877105452120305,0.01530075661779847,0.09043995290994644,-0.1531289517879486,4.6341233253479,0.5739956498146057,0.018877105452120305,0.01530075661779847,1.081578471829889,0.8766687775567163,0.09043995290994644,-0.1531289517879486,4.6341233253479,0.5739956498146057,-0.4120618287159247,0.024933672144169944,165.74232580800444,5.609187786055214,-0.0019866881466059382,-0.041897164853184364,-0.5,0.2986905766798647,-0.501986688146606,0.25679341182668036,0.9140485168625307,0.28172708397085033,0.9140485168625307,0.9140485168625307,0.9140485168625307,0.9140485168625307,0.510239213186483,0.510239213186483,0.510239213186483,0.510239213186483,1.0
18650,63.922985132000576,0.023889933983655087,0.3080052461876094,-0.13018684089183807,-0.058305591344833374,0.9891590071468491,0.048198386774836184,-0.01684712349437177,-0.006216926202760078,-0.13018684089183807,0.058305591344833374,-7.844058513641357,0.6818510890007019,-0.01684712349437177,-0.006216926202760078,-0.965269073163194,-0.35620363296244556,-0.13018684089183807,0.058305591344833374,-7.844058513641357,0.6818510890007019,0.4842287846607145,0.03638811870318662,165.74830007261616,5.609638291343591,0.0017730037463304813,0.01702263196591097,0.5,-0.24690651493233146,0.5017730037463305,-0.22988388296642048,-0.986001788407045,-0.19349576426323387,-0.986001788407045,-0.986001788407045,-0.986001788407045,-0.986001788407045,-0.4399962113649951,-0.4399962113649951,-0.4399962113649951,-0.4399962113649951,1.0
18700,64.0055485339999,0.7300082706134357,-0.38650098178056935,0.2767084240913391,-0.14047469198703766,0.9891590071468491,0.048198386774836184,-0.004523033611476421,0.005904494150890969,0.2767084240913391,0.14047469198703766,0.013342674821615219,-0.03983717039227486,-0.004523033611476421,0.005904494150890969,-0.2591507365334135,0.3383025950057332,0.2767084240913391,0.14047469198703766,0.013342674821615219,-0.03983717039227486,-0.4977918872748135,-0.3391970926008489,165.76999729503163,5.609647020086022,0.00047596599377477126,-0.016167143479292587,-0.13034729340915496,-0.29783088287502213,-0.12987132741538018,-0.31399802635431473,0.6276632146901937,-0.6531951189551637,0.6276632146901937,0.6276632146901937,0.6276632146901937,0.6276632146901937,-0.49627931528261526,-0.49627931528261526,-0.49627931528261526,-0.49627931528261526,1.0
18750,64.10932251200029,1.8459521114102104,-0.35255085950035986,0.01898994855582714,0.3527524173259735,0.9891590071468491,0.048198386774836184,0.014953860677778721,0.005311952735646628,0.01898994855582714,-0.3527524173259735,5.810550689697266,2.2623438835144043,0.014953860677778721,0.005311952735646628,0.8567931042633614,0.3043524727255237,0.01898994855582714,-0.3527524173259735,5.810550689697266,2.2623438835144043,-0.23979562684775382,0.48742209333564956,165.75326011836614,5.609662338611998,-0.0015737240645707427,-0.014544677402114256,-0.5,0.2999995530964608,-0.5015737240645708,0.2854548756943466,0.7413693509123246,0.7728769690299961,0.7413693509123246,0.7413693509123246,0.7413693509123246,0.7413693509123246,0.9582193067580773,0.9582193067580773,0.9582193067580773,0.9582193067580773,1.0
18800,64.26530130100036,0.6577803008010201,0.6630563017697376,-0.050717175006866455,-0.03547069430351257,0.9891590071468491,0.048198386774836184,-0.005783649496734142,-0.012413736135349608,-0.050717175006866455,0.03547069430351257,1.729089617729187,0.2032080739736557,-0.005783649496734142,-0.012413736135349608,-0.33137870634582894,-0.7112546885445739,-0.050717175006866455,0.03547069430351257,1.729089617729187,0.2032080739736557,0.23915609680874086,0.15474849503941515,165.7689268796799,5.609372197552943,0.0006086252129366311,0.03399114170177087,-0.5,-0.1830927493704756,-0.49939137478706336,-0.14910160766870473,0.26023527797832247,0.005646887370710424,0.26023527797832247,0.26023527797832247,0.26023527797832247,0.26023527797832247,0.07070570686529104,0.07070570686529104,0.07070570686529104,0.07070570686529104,1.0
18850,64.41414546800024,0.9792284264922725,0.7190430955920677,-0.02514128014445305,0.05588432028889656,0.9891590071468491,0.048198386774836184,-0.0001733213290572161,-0.013390890025184489,-0.02514128014445305,-0.05588432028889656,4.690404891967773,0.8099296689033508,-0.0001733213290572161,-0.013390890025184489,-0.00993058065457664,-0.7672414823669039,-0.02514128014445305,-0.05588432028889656,4.690404891967773,0.8099296689033508,0.03651462946380728,0.3747010483738057,165.77168025305264,5.609314081820484,1.8238755018140633e-05,0.03666699842289498,-0.5,0.24202880054968673,-0.49998176124498184,0.27869579897258173,0.46346713178117455,0.6533968473463874,0.46346713178117455,0.46346713178117455,0.46346713178117455,0.46346713178117455,0.769263630291681,0.769263630291681,0.769263630291681,0.769263630291681,1.0
18900,64.56384127500041,0.6902144679310306,0.7997180350562321,0.035189807415008545,-0.011423451825976372,0.9891590071468491,0.048198386774836184,-0.005217566490173339,-0.014798933342681269,0.035189807415008545,0.011423451825976372,3.1076786518096924,0.1980815976858139,-0.005217566490173339,-0.014798933342681269,-0.29894453921581843,-0.8479164218310683,0.035189807415008545,0.011423451825976372,3.1076786518096924,0.1980815976858139,0.026583040197925956,0.21722704227990017,165.76943994326857,5.609222599072784,0.0005490540160576451,0.04052290211201545,-0.5,-0.067372530648258,-0.49945094598394235,-0.02684962853624255,0.4728679057860164,0.19037741374365763,0.4728679057860164,0.4728679057860164,0.4728679057860164,0.4728679057860164,0.3085943901901617,0.3085943901901617,0.3085943901901617,0.3085943901901617,1.0
18950,64.71418358000028,0.9420110458699903,0.8046864640688874,0.0119743961840868,-0.017749115824699402,0.9891590071468491,0.048198386774836184,-0.0008228871598839754,-0.014885648787603716,0.0119743961840868,0.017749115824699402,3.7952122688293457,-0.10138583928346634,-0.0008228871598839754,-0.014885648787603716,-0.047147961276858774,-0.8528848508437237,0.0119743961840868,0.017749115824699402,3.7952122688293457,-0.10138583928346634,-0.02213225292926796,0.23987706310086174,165.7716269409311,5.609216666313925,8.659315392040003e-05,0.04076037467951106,-0.5,-0.10223600696697939,-0.4999134068460796,-0.06147563228746833,0.5220456597753476,0.1784014308133934,0.5220456597753476,0.5220456597753476,0.5220456597753476,0.5220456597753476,0.3089128457572303,0.3089128457572303,0.3089128457572303,0.3089128457572303,1.0
19000,64.87082542200005,1.3137650089022674,0.9648637916157952,0.014242105185985565,0.05074306204915047,0.9891590071468491,0.048198386774836184,0.005665443502366543,-0.017681270540342665,0.014242105185985565,-0.05074306204915047,5.32667350769043,-0.2543518543243408,0.005665443502366543,-0.017681270540342665,0.32460600175541837,-1.0130621783906313,0.014242105185985565,-0.05074306204915047,5.32667350769043,-0.2543518543243408,-0.13376316620492218,0.3989453590383394,165.76903837606648,5.609006829829622,-0.000596185888943673,0.0484165149625343,-0.5,0.23032955888250095,-0.5005961858889437,0.27874607384503525,0.634359352093866,0.6776914328833746,0.634359352093866,0.634359352093866,0.634359352093866,0.634359352093866,0.8362812709068411,0.8362812709068411,0.8362812709068411,0.8362812709068411,1.0
19050,64.95622662300048,1.2491154541390985,1.1990893343889268,-0.005037469789385796,0.022810431197285652,0.9891590071468491,0.048198386774836184,0.004537095911800862,-0.021769277454004622,-0.005037469789385796,-0.022810431197285652,6.226991653442383,-0.8310608267784119,0.004537095911800862,-0.021769277454004622,0.2599564469922494,-1.247287721163763,-0.005037469789385796,-0.022810431197285652,6.226991653442383,-0.8310608267784119,-0.05436198627469558,0.41396177331132056,165.7699867985954,5.608635139346215,-0.0004774458120131597,0.05961302735019961,-0.5,0.1280967309894861,-0.5004774458120131,0.1877097583396857,0.5548394320867087,0.6016715316510063,0.5548394320867087,0.5548394320867087,0.5548394320867087,0.5548394320867087,0.7403813896726834,0.7403813896726834,0.7403813896726834,0.7403813896726834,1.0
19100,65.01303571400058,1.134924509613417,1.3090355297888567,-0.004967133980244398,0.03871703892946243,0.9891590071468491,0.048198386774836184,0.0025440879538655287,-0.023688200563774443,-0.004967133980244398,-0.03871703892946243,5.549663066864014,-0.8622944355010986,0.0025440879538655287,-0.023688200563774443,0.14576550246656808,-1.3572339165636929,-0.004967133980244398,-0.03871703892946243,5.549663066864014,-0.8622944355010986,-0.027030417191532593,0.47897084040203086,165.77114949547254,5.608434104798804,-0.00026771716977875935,0.06486919180736316,-0.5,0.19483393569083282,-0.5002677171697788,0.25970312749819596,0.5272981343613113,0.7386739679002268,0.5272981343613113,0.5272981343613113,0.5272981343613113,0.5272981343613113,0.8704985014905546,0.8704985014905546,0.8704985014905546,0.8704985014905546,1.0
19150,65.07799580099982,0.9690369304769672,1.350952400725225,-0.019622227177023888,0.00845409743487835,0.9891590071468491,0.048198386774836184,-0.00035119649022817556,-0.024419787973747588,-0.019622227177023888,-0.00845409743487835,5.6577043533325195,-1.3531750440597534,-0.00035119649022817556,-0.024419787973747588,-0.020122076669881916,-1.399150787500061,-0.019622227177023888,-0.00845409743487835,5.6577043533325195,-1.3531750440597534,0.04145615978142103,0.41630964211139543,165.7716725665615,5.608352992487475,3.695671491066295e-05,0.06687318960833605,-0.5,0.05024666569781577,-0.49996304328508934,0.11711985530615182,0.4585068835036683,0.5334294974175473,0.4585068835036683,0.4585068835036683,0.4585068835036683,0.4585068835036683,0.6480562182934644,0.6480562182934644,0.6480562182934644,0.6480562182934644,1.0
19200,65.25771277400054,0.8051458476514236,1.2152280041806092,0.03011518530547619,0.004157299641519785,0.9891590071468491,0.048198386774836184,-0.0032116355001926417,-0.022050950378761626,0.03011518530547619,-0.004157299641519785,4.918392658233643,-1.8967663049697876,-0.0032116355001926417,-0.022050950378761626,-0.18401315949542546,-1.2634263909554453,0.03011518530547619,-0.004157299641519785,4.918392658233643,-1.8967663049697876,-0.030287383943156256,0.3490365889788348,165.77083295146466,5.608606692755066,0.00033796436023353577,0.06038454302042029,-0.5,0.024886475403391554,-0.49966203563976647,0.08527101842381185,0.5299494195829227,0.4343076074026467,0.5299494195829227,0.5299494195829227,0.5299494195829227,0.5299494195829227,0.5667949622983773,0.5667949622983773,0.5667949622983773,0.5667949622983773,1.0
19250,65.42789585100036,1.104678831143014,1.3374752635540264,0.0585065558552742,0.015379715710878372,0.9891590071468491,0.048198386774836184,0.002016201280057431,-0.02418456755636726,0.0585065558552742,-0.015379715710878372,6.958445072174072,-2.3458094596862793,0.002016201280057431,-0.02418456755636726,0.1155198239961649,-1.3856736503288625,0.0585065558552742,-0.015379715710878372,6.958445072174072,-2.3458094596862793,-0.12572656593852566,0.44055420638409043,165.77134782404548,5.608379340793585,-0.000212166906559128,0.0662288574012921,-0.5,0.08947409272654495,-0.5002121669065591,0.15570295012783705,0.6259387328450847,0.5962571565119275,0.6259387328450847,0.6259387328450847,0.6259387328450847,0.6259387328450847,0.7527418397231986,0.7527418397231986,0.7527418397231986,0.7527418397231986,1.0
19300,65.57957245200032,1.159868147018892,1.3530058330661658,0.0018476564437150955,0.009661883115768433,0.9891590071468491,0.048198386774836184,0.0029794365540146833,-0.02445562712906394,0.0018476564437150955,-0.009661883115768433,6.775304317474365,-3.2858328819274902,0.0029794365540146833,-0.02445562712906394,0.1707091398720431,-1.401204219841002,0.0018476564437150955,-0.009661883115768433,6.775304317474365,-3.2858328819274902,-0.0699415174657537,0.45841561144771503,165.77095138589885,5.608348955566553,-0.00031352963019111907,0.06697136320226241,-0.5,0.0572603509737391,-0.5003135296301912,0.12423171417600151,0.5702550470959449,0.5826473256237166,0.5702550470959449,0.5702550470959449,0.5702550470959449,0.5702550470959449,0.7252110873977028,0.7252110873977028,0.7252110873977028,0.7252110873977028,1.0
19350,65.6778124450002,1.0529177366219533,1.378958204034687,0.00832342728972435,0.017471427097916603,0.9891590071468491,0.048198386774836184,0.0011127997562289244,-0.024908581451163626,0.00832342728972435,-0.017471427097916603,6.328841209411621,-3.4554965496063232,0.0011127997562289244,-0.024908581451163626,0.0637587294751042,-1.4271565908095232,0.00832342728972435,-0.017471427097916603,6.328841209411621,-3.4554965496063232,-0.02265912967653528,0.4102298909599878,165.7715807076504,5.608297424666026,-0.00011710093817658708,0.06821214426982695,-0.5,0.1007605945608525,-0.5001171009381766,0.16897273883067945,0.5227762306147119,0.5792026297906673,0.5227762306147119,0.5227762306147119,0.5227762306147119,0.5227762306147119,0.7098966874443453,0.7098966874443453,0.7098966874443453,0.7098966874443453,1.0
19400,65.73240942299981,0.99988142443851,1.4090090086703333,-0.0042577339336276054,0.03187767043709755,0.9891590071468491,0.048198386774836184,0.00018714148551225718,-0.02543306693492923,-0.0042577339336276054,-0.03187767043709755,5.948114395141602,-3.798801898956299,0.00018714148551225718,-0.02543306693492923,0.010722417291660976,-1.4572073954451694,-0.0042577339336276054,-0.03187767043709755,5.948114395141602,-3.798801898956299,0.02480779156117538,0.465172671841788,165.771679842635,5.608236574707707,-1.9693062199394773e-05,0.06964889682408645,-0.5,0.16896941844286928,-0.5000196930621994,0.23861831526695573,0.475211901501024,0.7037909871087438,0.475211901501024,0.475211901501024,0.475211901501024,0.475211901501024,0.8225939624839997,0.8225939624839997,0.8225939624839997,0.8225939624839997,1.0
19450,65.78766267500032,0.9394503652614702,1.3811052313115983,0.020574674010276794,-0.02289300039410591,0.9891590071468491,0.048198386774836184,-0.000867579467594623,-0.024946054146275855,0.020574674010276794,0.02289300039410591,5.677064418792725,-3.516800880432129,-0.000867579467594623,-0.024946054146275855,-0.04970864188537887,-1.4293036180864345,0.020574674010276794,0.02289300039410591,5.677064418792725,-3.516800880432129,-0.016595415409679834,0.3756683540233954,165.7716207166111,5.608293119194274,9.129616782576758e-05,0.06831479440968379,-0.5,-0.1285015364204774,-0.49990870383217423,-0.06018674201079362,0.516504119241854,0.3154816120126018,0.516504119241854,0.516504119241854,0.516504119241854,0.516504119241854,0.4446076418230653,0.4446076418230653,0.4446076418230653,0.4446076418230653,1.0
19500,65.86116330100049,1.028391274364378,1.3833567391384696,0.006856999360024929,-0.02062522992491722,0.9891590071468491,0.048198386774836184,0.0006847322359681135,-0.02498535037098918,0.006856999360024929,0.02062522992491722,5.895162105560303,-4.058847427368164,0.0006847322359681135,-0.02498535037098918,0.039232267217528885,-1.4315551259133057,0.006856999360024929,0.02062522992491722,5.895162105560303,-4.058847427368164,-0.036492076912750665,0.4042413938789186,165.77164410066794,5.608288597254843,-7.205498240175695e-05,0.06842243995295488,-0.5,-0.1171791706875163,-0.5000720549824017,-0.048756730734561424,0.5365641318951524,0.35548466314435717,0.5365641318951524,0.5365641318951524,0.5365641318951524,0.5365641318951524,0.48962569611814527,0.48962569611814527,0.48962569611814527,0.48962569611814527,1.0
19550,66.02628145200015,0.6805882767912497,1.4733049944222485,-0.2673393487930298,-0.07195399701595306,0.9891590071468491,0.048198386774836184,-0.005385575219988822,-0.02655524358211551,-0.2673393487930298,0.07195399701595306,-1.3022637367248535,-4.717103004455566,-0.005385575219988822,-0.02655524358211551,-0.3085707303555994,-1.5215033811970848,-0.2673393487930298,0.07195399701595306,-1.3022637367248535,-4.717103004455566,0.6116820053230712,0.3521611704651702,165.76929318014018,5.6081021239530475,0.0005667342139078458,0.07272303343793526,0.5,-0.2680537088408077,0.5005667342139078,-0.19533067540287244,-1.112248739536979,0.15683049506229776,-1.112248739536979,-1.112248739536979,-1.112248739536979,-1.112248739536979,-0.12123168982194696,-0.12123168982194696,-0.12123168982194696,-0.12123168982194696,1.0
19600,66.22605797000051,1.6172035265777829,-0.858829160176167,0.26181158423423767,-0.03338117524981499,0.9891590071468491,0.048198386774836184,0.010961444713175297,0.014148176013841295,0.26181158423423767,0.03338117524981499,-0.28932762145996094,-2.760009765625,0.010961444713175297,0.014148176013841295,0.6280445194309338,0.8106307734013307,0.26181158423423767,0.03338117524981499,-0.28932762145996094,-2.760009765625,-0.6936261799434738,-0.28378519359883975,165.76178389880388,5.609266015526254,-0.0011535281833774166,-0.03874079981342295,0.4999905841326357,-0.17502433638927392,0.49883705594925826,-0.21376513620269688,0.1947891239942155,-0.49755032980153663,0.1947891239942155,0.1947891239942155,0.1947891239942155,0.1947891239942155,-0.44885304880298277,-0.44885304880298277,-0.44885304880298277,-0.44885304880298277,1.0
19650,66.41926129300009,1.0424023402296014,0.3113553472537948,-0.19641941785812378,-0.01601133495569229,0.9891590071468491,0.048198386774836184,0.0009292714670300524,-0.006275396496639587,-0.19641941785812378,0.01601133495569229,0.34812265634536743,-0.9937264919281006,0.0009292714670300524,-0.006275396496639587,0.053243333082752434,-0.35955373402863106,-0.19641941785812378,0.01601133495569229,0.34812265634536743,-0.9937264919281006,0.40465974370136504,0.12196484786741049,165.7716115840325,5.6096366078134645,-9.778807600341352e-05,0.017182733166393002,-0.4999991036251483,-0.09291356682160766,-0.5000968917011518,-0.07573083365521466,0.09543714799978675,0.046234014212195834,0.09543714799978675,0.09543714799978675,0.09543714799978675,0.09543714799978675,0.07009330121214252,0.07009330121214252,0.07009330121214252,0.07009330121214252,1.0
19700,66.5837166729998,1.035226692897974,-0.6578058606495548,0.18582436442375183,-0.1685401350259781,0.9891590071468491,0.048198386774836184,0.0008040327951312071,0.010639657563879155,0.18582436442375183,0.1685401350259781,-1.073630690574646,-1.4531244039535522,0.0008040327951312071,0.010639657563879155,0.04606768575112493,0.6096074738747187,0.18582436442375183,0.1685401350259781,-1.073630690574646,-1.4531244039535522,-0.40110049989622054,-0.4765045543651217,165.77162946807877,5.609466460993885,-8.460909134882132e-05,-0.029133090294695387,0.5,-0.2992923854817715,0.49991539090865117,-0.3284254757764669,-0.09881489101243063,-0.8049300301415886,-0.09881489101243063,-0.09881489101243063,-0.09881489101243063,-0.09881489101243063,-0.8296337528946962,-0.8296337528946962,-0.8296337528946962,-0.8296337528946962,1.0
19750,66.71628134100047,1.843680219737535,-0.6931269566426593,-0.023552754893898964,0.05656418949365616,0.9891590071468491,0.048198386774836184,0.014914208687841893,0.011256126984371805,-0.023552754893898964,-0.05656418949365616,-2.0131101608276367,-1.2051886320114136,0.014914208687841893,0.011256126984371805,0.8545212125906859,0.6449285698678231,-0.023552754893898964,-0.05656418949365616,-2.0131101608276367,-1.2051886320114136,-0.21503298725745348,0.021011092625185857,165.75335768662987,5.6094353503777,-0.0015695505287225235,-0.030821184123139205,0.5,0.24343745372148515,0.49843044947127746,0.21261626959834595,-0.283397462213824,0.2336273622235318,-0.283397462213824,-0.283397462213824,-0.283397462213824,-0.283397462213824,0.1627779966700758,0.1627779966700758,0.1627779966700758,0.1627779966700758,1.0
19800,66.77201428399985,1.8096394106878377,-0.7136918558207743,-0.04157452657818794,-0.039796631783246994,0.9891590071468491,0.048198386774836184,0.014320084489881993,0.011615052185370588,-0.04157452657818794,0.039796631783246994,-2.9176225662231445,6.481539249420166,0.014320084489881993,0.011615052185370588,0.8204804035409886,0.6654934690459382,-0.04157452657818794,0.039796631783246994,-2.9176225662231445,6.481539249420166,-0.14110405421717578,-0.19777906426099906,165.75478857893606,5.609416430066035,-0.0015070170795064158,-0.031804045937625244,0.5,-0.19852702311405412,0.4984929829204936,-0.23033106905167938,-0.35738892870331784,-0.42811013331267844,-0.35738892870331784,-0.35738892870331784,-0.35738892870331784,-0.35738892870331784,-0.517457365488508,-0.517457365488508,-0.517457365488508,-0.517457365488508,1.0
19850,66.90150162600003,1.7098230261572713,-0.5782106780436344,-0.1906336396932602,0.03884484991431236,0.9891590071468491,0.048198386774836184,0.012577959932386876,0.009250459558679723,-0.1906336396932602,-0.03884484991431236,4.960420608520508,1.2864488363265991,0.012577959932386876,0.009250459558679723,0.7206640190104223,0.5300122912687982,-0.1906336396932602,-0.03884484991431236,4.960420608520508,1.2864488363265991,0.15144689329040903,0.033866475975558405,165.7586490414816,5.609530146344384,-0.0013236588816850998,-0.02532907224340358,-0.5,0.19527661649336467,-0.5013236588816851,0.16994754424996109,0.349876765591276,0.20381402022551948,0.349876765591276,0.349876765591276,0.349876765591276,0.349876765591276,0.2912832116233385,0.2912832116233385,0.2912832116233385,0.2912832116233385,1.0
19900,67.05576200500036,-0.07940947349764753,-0.1142659965652721,0.08303926885128021,-0.0991196259856224,0.9891590071468491,0.048198386774836184,-0.018650038270279765,0.0011530973197659477,0.08303926885128021,0.0991196259856224,-11.675524711608887,-2.070521831512451,-0.018650038270279765,0.0011530973197659477,-1.0685684806444966,0.06606760979043592,0.08303926885128021,0.0991196259856224,-11.675524711608887,-2.070521831512451,0.25459569341594934,-0.2291905399458726,165.74302779162156,5.609724309809789,0.001962785330248939,-0.0031572792989229955,0.5,-0.2888286749978295,0.501962785330249,-0.2919859542967525,-0.7565584787461983,-0.5211764942426251,-0.7565584787461983,-0.7565584787461983,-0.7565584787461983,-0.7565584787461983,-0.7103161139291747,-0.7103161139291747,-0.7103161139291747,-0.7103161139291747,1.0
19950,67.20750554200004,1.2507123310227064,-1.1946773523502159,0.1597134917974472,-0.013607710599899292,0.9891590071468491,0.048198386774836184,0.004564966671168808,0.020009832754149103,0.1597134917974472,0.013607710599899292,-0.46701541543006897,1.9277054071426392,0.004564966671168808,0.020009832754149103,0.2615533238758574,1.1464789655753798,0.1597134917974472,0.013607710599899292,-0.46701541543006897,1.9277054071426392,-0.41888272054455533,-0.2950103987840519,165.76996589891232,5.608804553000795,-0.00048037873656053685,-0.054793977151327784,0.4999999922889897,-0.07968845793460738,0.4995196135524292,-0.13448243508593516,-0.08063689300787386,-0.42949283386998705,-0.08063689300787386,-0.08063689300787386,-0.08063689300787386,-0.08063689300787386,-0.4496520571219555,-0.4496520571219555,-0.4496520571219555,-0.4496520571219555,1.0
20000,67.36251610300042,0.9823100157467118,-0.42239373259069213,-0.1894332766532898,0.08956701308488846,0.9891590071468491,0.048198386774836184,-0.0001195374503731722,0.006530940830125473,-0.1894332766532898,-0.08956701308488846,1.9920581579208374,2.411015510559082,-0.0001195374503731722,0.006530940830125473,-0.006848991400137295,0.37419534581585595,-0.1894332766532898,-0.08956701308488846,1.9920581579208374,2.411015510559082,0.4212720818758251,0.10939946475368717,165.77168155071868,5.609629064998235,1.2579030367268742e-05,-0.017882456248593373,-0.5,0.2837705500741558,-0.4999874209696327,0.26588809382556244,0.07871533909380762,0.3752875585792496,0.07871533909380762,0.07871533909380762,0.07871533909380762,0.07871533909380762,0.3949663933527015,0.3949663933527015,0.3949663933527015,0.3949663933527015,1.0
20050,67.4721654040004,-0.05140726537564891,-0.5917974184066707,-0.1019931510090828,0.041075922548770905,0.9891590071468491,0.048198386774836184,-0.01816130754072219,0.009487592912628316,-0.1019931510090828,-0.041075922548770905,-2.967315673828125,0.2727886438369751,-0.01816130754072219,0.009487592912628316,-1.040566272522498,0.5435990316318345,-0.1019931510090828,-0.041075922548770905,-2.967315673828125,0.2727886438369751,0.4945401440348477,-0.1909629050208272,165.7445098980736,5.60951990502322,0.0019113384987512632,-0.02597840523975456,0.5,0.20276864742072423,0.5019113384987512,0.17679024218096967,-0.9964514825335989,-0.01417266283985752,-0.9964514825335989,-0.9964514825335989,-0.9964514825335989,-0.9964514825335989,-0.2632855334732572,-0.2632855334732572,-0.2632855334732572,-0.2632855334732572,1.0
20100,67.52833135299988,-0.3479221523576333,-0.6211617890307306,0.0537058562040329,-0.19363954663276672,0.9891590071468491,0.048198386774836184,-0.02333646859973669,0.010000097862794065,0.0537058562040329,0.19363954663276672,-3.4999208450317383,0.7049949765205383,-0.02333646859973669,0.010000097862794065,-1.3370811595044823,0.5729634022558945,0.0537058562040329,0.19363954663276672,-3.4999208450317383,0.7049949765205383,0.2606275795619749,-0.4213905295910121,165.72681819555538,5.609496885474094,0.0024561588217153134,-0.02738178490019975,0.5,-0.2997405223653364,0.5024561588217153,-0.32712230726553615,-0.7630837383836903,-0.7485128368565482,-0.7630837383836903,-0.7630837383836903,-0.7630837383836903,-0.7630837383836903,-0.9392837714524708,-0.9392837714524708,-0.9392837714524708,-0.9392837714524708,1.0
20150,67.58349435400032,0.13844065071973888,-1.1197183740868533,0.18647140264511108,-0.09898413717746735,0.9891590071468491,0.048198386774836184,-0.014847836326807737,0.018701551779522565,0.18647140264511108,0.09898413717746735,-2.7841455936431885,2.082887649536133,-0.014847836326807737,0.018701551779522565,-0.8507183564271102,1.0715199873120171,0.18647140264511108,0.09898413717746735,-2.7841455936431885,2.082887649536133,-0.12534081942622022,-0.4666462827769235,165.75352042373584,5.608921276373257,0.0015625645743046982,-0.05121080911705535,0.5,-0.28876910340203127,0.5015625645743047,-0.3399799125190866,-0.3762217451480845,-0.8066261952960101,-0.3762217451480845,-0.3762217451480845,-0.3762217451480845,-0.3762217451480845,-0.9006816315830313,-0.9006816315830313,-0.9006816315830313,-0.9006816315830313,1.0
20200,67.6641610329998,0.8277168480939655,-1.3281053112298267,0.14051631093025208,0.008503807708621025,0.9891590071468491,0.048198386774836184,-0.002817697227001188,0.022338589950813916,0.14051631093025208,-0.008503807708621025,-1.5077394247055054,3.4175679683685303,-0.002817697227001188,0.022338589950813916,-0.16144215905288353,1.2799069244549905,0.14051631093025208,-0.008503807708621025,-1.5077394247055054,3.4175679683685303,-0.23632145856481754,-0.3072439096579599,165.77102863277526,5.6085772662375035,0.00029650951780469146,-0.06117240887184589,0.5,0.0505365119873178,0.5002965095178047,-0.010635896884528089,-0.2639750509529871,-0.317879806542488,-0.2639750509529871,-0.2639750509529871,-0.2639750509529871,-0.2639750509529871,-0.3838735692807348,-0.3838735692807348,-0.3838735692807348,-0.3838735692807348,1.0
20250,67.83367423800064,1.492157063583424,-0.9068847703507898,-0.13369488716125488,0.27688947319984436,0.9891590071468491,0.048198386774836184,0.00877897221595049,0.014986904635443353,-0.13369488716125488,-0.27688947319984436,6.631973743438721,-2.2203516960144043,0.00877897221595049,0.014986904635443353,0.502998056436575,0.8586863835759537,-0.13369488716125488,-0.27688947319984436,6.631973743438721,-2.2203516960144043,0.12059565662127711,0.3060410157369177,165.76533326283638,5.609209694888942,-0.0009238424329065328,-0.04103766709831522,-0.5,0.299990708588114,-0.5009238424329066,0.2589530414897988,0.3803281858116294,0.5649940572267165,0.3803281858116294,0.3803281858116294,0.3803281858116294,0.3803281858116294,0.6600761036796239,0.6600761036796239,0.6600761036796239,0.6600761036796239,1.0
20300,68.00823644899992,0.08364419745316204,-0.11930423491372176,-0.08141323179006577,-0.06724059581756592,0.9891590071468491,0.048198386774836184,-0.015804214854724705,0.0012410311674466356,-0.08141323179006577,0.06724059581756592,2.8245644569396973,5.403712272644043,-0.015804214854724705,0.0012410311674466356,-0.905514809693687,0.07110584813888558,-0.08141323179006577,0.06724059581756592,2.8245644569396973,5.403712272644043,0.40306795497660086,-0.06959804862077207,165.75110538043455,5.609723824578639,0.0016632285586169787,-0.0033980498857933013,-0.5,-0.26184695189241397,-0.498336771441383,-0.26524500177820726,0.09526881646478214,-0.3348430503989793,0.09526881646478214,0.09526881646478214,0.09526881646478214,0.09526881646478214,-0.3110258462827838,-0.3110258462827838,-0.3110258462827838,-0.3110258462827838,1.0
20350,68.15582751400052,-0.22688429003455798,-0.1652657117568615,-0.04659024626016617,-0.004484131000936031,0.9891590071468491,0.048198386774836184,-0.021223959382623434,0.0020432102674385532,-0.04659024626016617,0.004484131000936031,3.490521192550659,4.192304611206055,-0.021223959382623434,0.0020432102674385532,-1.216043297181407,0.11706732498202531,-0.04659024626016617,0.004484131000936031,3.490521192550659,4.192304611206055,0.40858171740209037,0.039687035116649026,165.734572887223,5.609717752303276,0.0022337481601710563,-0.005594488732333927,-0.5,-0.026832885830049166,-0.4977662518398289,-0.03242737456238309,0.08918453443773855,0.007259660554265933,0.08918453443773855,0.08918453443773855,0.08918453443773855,0.08918453443773855,0.02955579416370057,0.02955579416370057,0.02955579416370057,0.02955579416370057,1.0
20400,68.21163653300027,-0.38718437422354085,-0.38024823708011357,-0.03818219155073166,-0.06572452187538147,0.9891590071468491,0.048198386774836184,-0.02402172364294529,0.005795363168581389,-0.03818219155073166,0.06572452187538147,1.4699962139129639,1.586185097694397,-0.02402172364294529,0.005795363168581389,-1.37634338137039,0.3320498503052774,-0.03818219155073166,0.06572452187538147,1.4699962139129639,1.586185097694397,0.45892722186953727,-0.19308204476269222,165.72414482387086,5.609649962958194,0.0025283088922727964,-0.01586832610079889,-0.5,-0.25962216575906,-0.4974716911077272,-0.2754904918598589,0.03854446923818994,-0.46857253662255116,0.03854446923818994,0.03854446923818994,0.03854446923818994,0.03854446923818994,-0.45893641931300366,-0.45893641931300366,-0.45893641931300366,-0.45893641931300366,1.0
20450,68.3150938710005,-0.6573958358559425,-0.41702688476992816,-0.06765566021203995,-0.09280489385128021,0.9891590071468491,0.048198386774836184,-0.02873780332505703,0.00643727166519966,-0.06765566021203995,0.09280489385128021,1.8456697463989258,9.112770080566406,-0.02873780332505703,0.00643727166519966,-1.6465548430027916,0.368828497995092,-0.06765566021203995,0.09280489385128021,1.8456697463989258,9.112770080566406,0.5700388897667154,-0.30367761507889773,165.7036481290603,5.609631864746402,0.003024929378192309,-0.017625974229391106,-0.5,-0.2856950796541412,-0.4969750706218077,-0.3033210538835323,-0.07306381914490767,-0.60699866896243,-0.07306381914490767,-0.07306381914490767,-0.07306381914490767,-0.07306381914490767,-0.625264623748657,-0.625264623748657,-0.625264623748657,-0.625264623748657,1.0
20500,68.47021780500017,-0.9925533785110269,-0.9472877938906483,-0.039398036897182465,0.08841091394424438,0.9891590071468491,0.048198386774836184,-0.03458740595728159,0.015692070423974656,-0.039398036897182465,-0.08841091394424438,2.075613498687744,2.547875165939331,-0.03458740595728159,0.015692070423974656,-1.981712385657876,0.8990894071158122,-0.039398036897182465,-0.08841091394424438,2.075613498687744,2.547875165939331,0.6135458832286349,-0.08623635283578886,165.67313530578306,5.609159833969177,0.0036411018506449506,-0.042968803778519624,-0.5,0.28302414495954237,-0.4963588981493551,0.24005534118102273,-0.11718698507927983,0.1538189883452339,-0.11718698507927983,-0.11718698507927983,-0.11718698507927983,-0.11718698507927983,0.12452224207541393,0.12452224207541393,0.12452224207541393,0.12452224207541393,1.0
20550,68.62317479000012,-1.3356236419587182,-1.051538358574728,-0.05095115676522255,-0.07005541026592255,0.9891590071468491,0.048198386774836184,-0.040575111620128154,0.01751158602477517,-0.05095115676522255,0.07005541026592255,3.2664859294891357,7.115610122680664,-0.040575111620128154,0.01751158602477517,-2.324782649105567,1.0033399717998919,-0.05095115676522255,0.07005541026592255,3.2664859294891357,7.115610122680664,0.6915473432874724,-0.2805500435808371,165.63606625542297,5.609020593034198,0.0042720779055842135,-0.047951798955484036,-0.5,-0.26567728638394916,-0.4957279220944158,-0.3136290853394332,-0.19581942119305656,-0.5941791289202702,-0.19581942119305656,-0.19581942119305656,-0.19581942119305656,-0.19581942119305656,-0.6431339842185344,-0.6431339842185344,-0.6431339842185344,-0.6431339842185344,1.0
20600,68.77543953900022,-1.7529361406937438,-1.221484350738635,-0.061613697558641434,-0.05699187144637108,0.9891590071468491,0.048198386774836184,-0.047858588732779025,0.02047770313860383,-0.061613697558641434,0.05699187144637108,2.1052398681640625,6.170956134796143,-0.047858588732779025,0.02047770313860383,-2.742095147840593,1.173285963963799,-0.061613697558641434,0.05699187144637108,2.1052398681640625,6.170956134796143,0.8264837804210303,-0.3572958064259034,165.58301854396836,5.608760895137145,0.00504001481303932,-0.05607543066377235,-0.5,-0.2443078032034244,-0.49495998518696066,-0.3003832338671968,-0.33152379523406966,-0.6576790402931002,-0.33152379523406966,-0.33152379523406966,-0.33152379523406966,-0.33152379523406966,-0.7405599891016176,-0.7405599891016176,-0.7405599891016176,-0.7405599891016176,1.0
20650,68.8572530170004,-1.840681553248488,-1.3822702054519087,-0.004567828960716724,-0.03850390017032623,0.9891590071468491,0.048198386774836184,-0.04939003508538008,0.0232839456939837,-0.004567828960716724,0.03850390017032623,2.6263267993927,4.997420787811279,-0.04939003508538008,0.0232839456939837,-2.829840560395337,1.3340718186770726,-0.004567828960716724,0.03850390017032623,2.6263267993927,4.997420787811279,0.7654854221158197,-0.38802700470024515,165.57075356968306,5.6084778671836455,0.005201548448916232,-0.06376186025107254,-0.5,-0.19409244172562296,-0.49479845155108376,-0.2578543019766955,-0.27068697056473595,-0.6458813066769407,-0.27068697056473595,-0.27068697056473595,-0.27068697056473595,-0.27068697056473595,-0.7135530493181247,-0.7135530493181247,-0.7135530493181247,-0.7135530493181247,1.0
20700,68.91282467300061,-1.86169569744709,-1.377419597202436,-0.03580348566174507,-0.06201878935098648,0.9891590071468491,0.048198386774836184,-0.04975680109113455,0.023199286609306,-0.03580348566174507,0.06201878935098648,2.3580124378204346,4.076984882354736,-0.04975680109113455,0.023199286609306,-2.850854704593939,1.3292212104275998,-0.03580348566174507,0.06201878935098648,2.3580124378204346,4.076984882354736,0.7801210838238006,-0.3420707911457434,165.56775894349187,5.608486936530976,0.005240237699601228,-0.06352996473794253,-0.5,-0.2536688213869648,-0.49475976230039875,-0.3171987861249073,-0.2853613215234019,-0.6592695772706507,-0.2853613215234019,-0.2853613215234019,-0.2853613215234019,-0.2853613215234019,-0.7306099076515011,-0.7306099076515011,-0.7306099076515011,-0.7306099076515011,1.0
20750,68.982424842,-1.8686364503042923,-1.4364072453087817,-0.0015857950784265995,-0.05267808213829994,0.9891590071468491,0.048198386774836184,-0.04987794008105993,0.024228815286769532,-0.0015857950784265995,0.05267808213829994,1.7075552940368652,5.1599602699279785,-0.04987794008105993,0.024228815286769532,-2.8577954574511413,1.3882088585339456,-0.0015857950784265995,0.05267808213829994,1.7075552940368652,5.1599602699279785,0.7255111258994615,-0.36376489069063267,165.56676498631313,5.6083744038375425,0.005253016663116647,-0.06635006346515757,-0.5,-0.23495615942041806,-0.49474698333688333,-0.3013062228855756,-0.2307641425625782,-0.6650711135762083,-0.2307641425625782,-0.2307641425625782,-0.2307641425625782,-0.2307641425625782,-0.7227621492168529,-0.7227621492168529,-0.7227621492168529,-0.7227621492168529,1.0
20800,69.16467787400052,-1.9516328536734675,-1.6847832324948873,-0.023310910910367966,0.026696817949414253,0.9891590071468491,0.048198386774836184,-0.051326500587165355,0.02856379404605832,-0.023310910910367966,-0.026696817949414253,-11.162943840026855,4.736830711364746,-0.051326500587165355,0.02856379404605832,-2.9407918608203167,1.6365848457200511,-0.023310910910367966,-0.026696817949414253,-11.162943840026855,4.736830711364746,0.7017201235323521,-0.47936679233640456,165.55469231448106,5.607846986292609,0.005405837419536843,-0.07822567768376247,0.5,0.1465152930920846,0.5054058374195368,0.06828961540832214,-1.207125960951889,-0.41107717692808243,-1.207125960951889,-1.207125960951889,-1.207125960951889,-1.207125960951889,-0.7128586671660546,-0.7128586671660546,-0.7128586671660546,-0.7128586671660546,1.0
20850,69.31871847900038,0.9615261769891861,-2.622399265077386,0.29568225145339966,0.004140850156545639,0.9891590071468491,0.048198386774836184,-0.0004822838678956026,0.04492828093410935,0.29568225145339966,-0.004140850156545639,13.24921989440918,6.07526159286499,-0.0004822838678956026,0.04492828093410935,-0.02763283015766297,2.5742008783025496,0.29568225145339966,-0.004140850156545639,13.24921989440918,6.07526159286499,-0.6699821111319247,-0.6126085254471697,165.77166356518737,5.605075673405054,5.0751156549158317e-05,-0.12307812119598631,-0.5,0.024788455006581004,-0.4999492488434508,-0.09828966618940531,1.1699313599753756,-0.710898191636575,1.1699313599753756,1.1699313599753756,1.1699313599753756,1.1699313599753756,-0.4184153516427311,-0.4184153516427311,-0.4184153516427311,-0.4184153516427311,1.0
20900,69.46948700299981,1.709332853362617,-0.7255334294900194,-0.30051711201667786,-0.08218008279800415,0.9891590071468491,0.048198386774836184,0.012569404803216458,0.011821726634516382,-0.30051711201667786,0.08218008279800415,12.578574180603027,10.008186340332031,0.012569404803216458,0.011821726634516382,0.7201738462157681,0.6773350427151833,-0.30051711201667786,0.08218008279800415,12.578574180603027,10.008186340332031,0.32075597032894376,0.10095983591612676,165.75866676541827,5.609405266061208,-0.001322758476914061,-0.03236999504607901,-0.5,-0.27839231429735056,-0.5013227584769141,-0.3107623093434296,0.18056678814797034,-0.20980247342730282,0.18056678814797034,0.18056678814797034,0.18056678814797034,0.18056678814797034,-0.16466077639031024,-0.16466077639031024,-0.16466077639031024,-0.16466077639031024,1.0
20950,69.61941786999978,-1.074783626754397,-0.7515021288795253,-0.25893592834472656,0.017067529261112213,0.9891590071468491,0.048198386774836184,-0.03602259453386068,0.0122749659413239,-0.25893592834472656,-0.017067529261112213,-18.64122772216797,12.65180492401123,-0.03602259453386068,0.0122749659413239,-2.063942633901246,0.7033037421046892,-0.25893592834472656,-0.017067529261112213,-18.64122772216797,12.65180492401123,0.9301856700006965,-0.30686700479787055,165.664788169521,5.6093800939444005,0.0037923147199052758,-0.03361113471745779,0.5,0.09860478226189362,0.5037923147199053,0.06499364754443583,-1.4339779847206018,-0.24187335725343473,-1.4339779847206018,-1.4339779847206018,-1.4339779847206018,-1.4339779847206018,-0.6003678534335852,-0.6003678534335852,-0.6003678534335852,-0.6003678534335852,1.0
21000,69.71199967200027,-1.2986851251536429,-2.1014549741084014,0.4032364785671234,-0.3727279007434845,0.9891590071468491,0.048198386774836184,-0.039930412881076335,0.035836087837233216,0.4032364785671234,0.3727279007434845,-6.090843200683594,6.629734039306641,-0.039930412881076335,0.035836087837233216,-2.287844132300492,2.0532565873335655,0.4032364785671234,0.3727279007434845,-6.090843200683594,6.629734039306641,-0.10398054418198399,-1.107964026045264,165.6403410750225,5.606767727181347,0.004204126645951822,-0.09815303257682946,0.5,-0.29999979899619295,0.5042041266459518,-0.3981528315730224,-0.40022358246396783,-1.5061168576182862,-0.40022358246396783,-0.40022358246396783,-0.40022358246396783,-0.40022358246396783,-1.6061727532342782,-1.6061727532342782,-1.6061727532342782,-1.6061727532342782,1.0
21050,69.7680522970004,0.09135693510934771,-3.069595015369981,0.5359016060829163,-0.005247775465250015,0.9891590071468491,0.048198386774836184,-0.015669602188281714,0.052733319177641534,0.5359016060829163,0.005247775465250015,5.06958532333374,7.457494735717773,-0.015669602188281714,0.052733319177641534,-0.8978020720375014,3.021396628595145,0.5359016060829163,0.005247775465250015,5.06958532333374,7.457494735717773,-0.7960094739673802,-0.8410345532426796,165.75145441625395,5.603319487818048,0.0016490596732400818,-0.14448643526646804,-0.5,-0.03137154455277782,-0.4983509403267599,-0.17585797981924586,1.29436041429414,-1.0168925330619254,1.29436041429414,1.29436041429414,1.29436041429414,1.29436041429414,-0.6933024294883904,-0.6933024294883904,-0.6933024294883904,-0.6933024294883904,1.0
21100,69.89511206499992,2.258193728295031,-1.9554560520613822,0.052524104714393616,0.7682097554206848,0.9891590071468491,0.048198386774836184,0.022148834206163884,0.033287925943150186,0.052524104714393616,-0.7682097554206848,19.533355712890625,13.00186824798584,0.022148834206163884,0.033287925943150186,1.2690347211481816,1.907257665286546,0.052524104714393616,-0.7682097554206848,19.533355712890625,13.00186824798584,-0.5455176938289117,0.6600755916270848,165.73126828738881,5.607173623045954,-0.0023311189245833752,-0.09116983687148739,-0.5,0.2999999999999729,-0.5023311189245834,0.2088301631284855,1.047848812753495,0.8689057547555703,1.047848812753495,1.047848812753495,1.047848812753495,1.047848812753495,1.130867957943944,1.130867957943944,1.130867957943944,1.130867957943944,1.0
21150,70.04944936799984,1.062081609332289,1.0997271574381664,-0.30470117926597595,0.1587381362915039,0.9891590071468491,0.048198386774836184,0.001272739507257939,-0.020035080314264635,-0.30470117926597595,-0.1587381362915039,5.219803810119629,5.731534004211426,0.001272739507257939,-0.020035080314264635,0.0729226021854399,-1.1479255442130027,-0.30470117926597595,-0.1587381362915039,5.219803810119629,5.731534004211426,0.594229216876978,0.6932933765734582,165.77154927395338,5.608802222855524,-0.00013393156163403746,0.05486312742026766,-0.5,0.29895328346759564,-0.500133931561634,0.3538164108878633,-0.09409528531534406,1.0471097874613216,-0.09409528531534406,-0.09409528531534406,-0.09409528531534406,-0.09409528531534406,1.0235859661324855,1.0235859661324855,1.0235859661324855,1.0235859661324855,1.0
21200,70.21953353800018,-0.048949331089369906,-0.22455434175393738,0.2121688276529312,-0.2894062101840973,0.9891590071468491,0.048198386774836184,-0.018118408494628965,0.0030779920698842033,0.2121688276529312,0.2894062101840973,-6.407651424407959,1.7467535734176636,-0.018118408494628965,0.0030779920698842033,-1.038108338236219,0.1763559549791012,0.2121688276529312,0.2894062101840973,-6.407651424407959,1.7467535734176636,-0.10909187024667322,-0.6236472491580556,165.744638113499,5.609705538090834,0.0019068227223307428,-0.008427822878512875,0.5,-0.2999943682110743,0.5019068227223308,-0.3084221910895871,-0.39281495247565756,-0.9320694402476427,-0.39281495247565756,-0.39281495247565756,-0.39281495247565756,-0.39281495247565756,-1.030273178366557,-1.030273178366557,-1.030273178366557,-1.030273178366557,1.0
21250,70.30678923699998,1.118936103983475,-1.336662791207912,0.27841803431510925,-0.04193488880991936,0.9891590071468491,0.048198386774836184,0.002265037633478642,0.022487946152104997,0.27841803431510925,0.04193488880991936,-0.6921948194503784,4.176135063171387,0.002265037633478642,0.022487946152104997,0.12977709683662605,1.288464404433076,0.27841803431510925,0.04193488880991936,-0.6921948194503784,4.176135063171387,-0.5663224994471254,-0.4352995413616464,165.77126005617907,5.608561836187868,-0.00023835229240166034,-0.06158150936448848,0.4999999999990552,-0.20553561074815319,0.49976164770665354,-0.26711712011264166,0.06656085174047188,-0.702416661474288,0.06656085174047188,0.06656085174047188,0.06656085174047188,0.06656085174047188,-0.6857764485391701,-0.6857764485391701,-0.6857764485391701,-0.6857764485391701,1.0
21300,70.37189935100014,1.9629491964677093,-1.4216408032100374,0.0700492337346077,0.16439011693000793,0.9891590071468491,0.048198386774836184,0.016995845027267933,0.023971092253341344,0.0700492337346077,-0.16439011693000793,15.393453598022461,4.5781989097595215,0.016995845027267933,0.023971092253341344,0.9737901893208601,1.3734424164352013,0.0700492337346077,-0.16439011693000793,15.393453598022461,4.5781989097595215,-0.6379936487319641,-0.20681483917946178,165.74788542978797,5.6084030326044765,-0.0017886582846491064,-0.06564409558225208,-0.5,0.2991647865967968,-0.5017886582846491,0.2335206910145447,1.1397823070166133,0.026705851835082922,1.1397823070166133,1.1397823070166133,1.1397823070166133,1.1397823070166133,0.3116514285892362,0.3116514285892362,0.3116514285892362,0.3116514285892362,1.0
21350,70.5238407880006,0.9633826010612544,0.15897862934757054,-0.2580954134464264,0.16696400940418243,0.9891590071468491,0.048198386774836184,-0.00044988315552473013,-0.0036159210657933727,-0.2580954134464264,-0.16696400940418243,3.626997709274292,4.5562920570373535,-0.00044988315552473013,-0.0036159210657933727,-0.02577640608559466,-0.20717701612240672,-0.2580954134464264,-0.16696400940418243,3.626997709274292,4.5562920570373535,0.5570561621122565,0.4179741945415854,165.7716660534766,5.609697238638086,4.734160055302174e-05,0.009900730213270441,-0.5,0.29924639544994025,-0.49995265839944697,0.3091471256632107,-0.057103503712809534,0.7271213202047961,-0.057103503712809534,-0.057103503712809534,-0.057103503712809534,-0.057103503712809534,0.7128454442765938,0.7128454442765938,0.7128454442765938,0.7128454442765938,1.0
21400,70.70468229800008,-0.27416680817250016,-0.1261497653289406,-0.051228731870651245,-0.026841457933187485,0.9891590071468491,0.048198386774836184,-0.022049195002764463,0.0013605082122376188,-0.051228731870651245,0.026841457933187485,2.5739896297454834,-0.7860421538352966,-0.022049195002764463,0.0013605082122376188,-1.2633258153193492,0.07795137855410442,-0.051228731870651245,0.026841457933187485,2.5739896297454834,-0.7860421538352966,0.4390281962132553,-0.005037715567100493,165.7316310732748,5.609723108171345,0.002320628728288852,-0.0037251885749468535,-0.5,-0.1471752023262322,-0.49767937127171114,-0.15090039090117907,0.05865117505845585,-0.15593810646827957,0.05865117505845585,0.05865117505845585,0.05865117505845585,0.05865117505845585,-0.1412753127036656,-0.1412753127036656,-0.1412753127036656,-0.1412753127036656,1.0
21450,70.85919920900051,-0.7259367841770205,-0.21504469071686977,-0.042206764221191406,0.0728335902094841,0.9891590071468491,0.048198386774836184,-0.02993406854569912,0.0029120173485716805,-0.042206764221191406,-0.0728335902094841,-10.487244606018066,1.273739218711853,-0.02993406854569912,0.0029120173485716805,-1.7150957913238696,0.1668463039420336,-0.042206764221191406,-0.0728335902094841,-10.487244606018066,1.273739218711853,0.577827159865375,0.08398557037874735,165.69786653384566,5.609707829560167,0.00315092084340797,-0.007973367025417588,0.5,0.2691012786139002,0.503150920843408,0.26112791158848264,-1.080978080708783,0.34511348196723,-1.080978080708783,-1.080978080708783,-1.080978080708783,-1.080978080708783,0.07486896179003427,0.07486896179003427,0.07486896179003427,0.07486896179003427,1.0
21500,71.00411520699981,0.7342346636057926,-1.3247959778552496,0.27475565671920776,0.00926115456968546,0.9891590071468491,0.048198386774836184,-0.0044492691382765764,0.02228083118738141,0.27475565671920776,-0.00926115456968546,-1.81125009059906,0.8817795515060425,-0.0044492691382765764,0.02228083118738141,-0.25492434354105653,1.2765975910804135,0.27475565671920776,-0.00926115456968546,-1.81125009059906,0.8817795515060425,-0.4584197478722887,-0.2957969473200387,165.7700518208621,5.608583205753238,0.0004682035390208102,-0.061014202796984655,0.5,0.054940072513987644,0.5004682035390208,-0.006074130282997012,-0.0420484556667321,-0.3018710776030357,-0.0420484556667321,-0.0420484556667321,-0.0420484556667321,-0.0420484556667321,-0.3123831915197187,-0.3123831915197187,-0.3123831915197187,-0.3123831915197187,1.0
21550,71.05777295000007,1.5883887727384973,-1.1917779370475454,0.21961452066898346,0.03575114160776138,0.9891590071468491,0.048198386774836184,0.010458532385528088,0.019959228410734796,0.21961452066898346,-0.03575114160776138,11.754134178161621,-2.800657272338867,0.010458532385528088,0.019959228410734796,0.5992297655916482,1.1435795502727093,0.21961452066898346,-0.03575114160776138,11.754134178161621,-2.800657272338867,-0.6377075943634336,-0.13471894660242453,165.76267137263866,5.608809214526448,-0.0011006002629103048,-0.054655377617321234,-0.5,0.18414505841732462,-0.5011006002629103,0.1294896808000034,1.138808194626344,-0.00522926580242114,1.138808194626344,1.138808194626344,1.138808194626344,1.138808194626344,0.2794727828541649,0.2794727828541649,0.2794727828541649,0.2794727828541649,1.0
21600,71.11228214699986,1.817887504440863,-0.7760928376039811,-0.19051086902618408,0.2933773994445801,0.9891590071468491,0.048198386774836184,0.014464040882885457,0.012704154773964547,-0.19051086902618408,-0.2933773994445801,2.9025449752807617,2.1827564239501953,0.014464040882885457,0.012704154773964547,0.8287284972940137,0.727894450829145,-0.19051086902618408,-0.2933773994445801,2.9025449752807617,2.1827564239501953,0.17787630362707393,0.3969202863134704,165.7544472118994,5.609355384697357,-0.0015221688462982161,-0.03478642446663367,-0.5,0.2999951953656166,-0.5015221688462982,0.2652087708989829,0.3236458652192242,0.6621290572124534,0.3236458652192242,0.3236458652192242,0.3236458652192242,0.3236458652192242,0.7430405235172595,0.7430405235172595,0.7430405235172595,0.7430405235172595,1.0
21650,71.27441187500062,0.43981282272791383,0.23212168442620904,-0.11900375038385391,0.009139446541666985,0.9891590071468491,0.048198386774836184,-0.009587899651378393,-0.0048925082018831745,-0.11900375038385391,-0.009139446541666985,-10.323580741882324,1.8360856771469116,-0.009587899651378393,-0.0048925082018831745,-0.5493461844189352,-0.28032007120104524,-0.11900375038385391,-0.009139446541666985,-10.323580741882324,1.8360856771469116,0.41575582964334046,0.12396305769659766,165.764109235192,5.609672203859032,0.0010089736924864792,0.013396180772920362,0.5,0.054234001985375486,0.5010089736924864,0.06763018275829585,-0.9167648033358269,0.1915932404548935,-0.9167648033358269,-0.9167648033358269,-0.9167648033358269,-0.9167648033358269,-0.03759796037906321,-0.03759796037906321,-0.03759796037906321,-0.03759796037906321,1.0
21700,71.42403730000024,1.2320965437181308,-0.724899342475119,0.16650459170341492,-0.0469047911465168,0.9891590071468491,0.048198386774836184,0.004240059889853001,0.011810659728362226,0.16650459170341492,0.0469047911465168,-1.0570731163024902,0.5351107120513916,0.004240059889853001,0.011810659728362226,0.24293753657128167,0.6767009557002829,0.16650459170341492,0.0469047911465168,-1.0570731163024902,0.5351107120513916,-0.39355348330269074,-0.25709760965529266,165.77020158862265,5.609405868855242,-0.000446187855196732,-0.032339689818494846,0.5,-0.22030384699342012,0.49955381214480327,-0.252643536811915,-0.10600032884211252,-0.5097411464672077,-0.10600032884211252,-0.10600032884211252,-0.10600032884211252,-0.10600032884211252,-0.5362412286777358,-0.5362412286777358,-0.5362412286777358,-0.5362412286777358,1.0
21750,71.57398969699989,1.6137302686631256,0.02011321289860827,-0.15871703624725342,0.16768482327461243,0.9891590071468491,0.048198386774836184,0.010900824926793576,-0.001192262331605889,-0.15871703624725342,-0.16768482327461243,5.918966770172119,1.6203089952468872,0.010900824926793576,-0.001192262331605889,0.6245712615162765,-0.06831159967344445,-0.15871703624725342,-0.16768482327461243,5.918966770172119,1.6203089952468872,0.19392353191592207,0.4368541489581017,165.76189308144114,5.60972409809419,-0.0011471483549125036,0.003264516531586374,-0.5,0.2992677874038828,-0.5011471483549125,0.3025323039354692,0.30722361643899043,0.739386452893571,0.30722361643899043,0.30722361643899043,0.30722361643899043,0.30722361643899043,0.8161923570033186,0.8161923570033186,0.8161923570033186,0.8161923570033186,1.0
21800,71.72363319600026,0.6032628514238891,0.31321158456287806,0.00962839461863041,0.0007588835433125496,0.9891590071468491,0.048198386774836184,-0.006735158488154409,-0.006307793949381449,0.00962839461863041,-0.0007588835433125496,-8.632762908935547,0.02469174563884735,-0.006735158488154409,-0.006307793949381449,-0.3858961557229599,-0.3614099713377143,0.00962839461863041,-0.0007588835433125496,-8.632762908935547,0.02469174563884735,0.1261709435326977,0.12407701128514663,165.76794552589064,5.609635668211285,0.0007087572302843551,0.017271442712664283,0.5,0.004552951656693794,0.5007087572302844,0.021824394369358076,-0.626879700762982,0.1459014056545047,-0.626879700762982,-0.626879700762982,-0.626879700762982,-0.626879700762982,-0.0108185195362408,-0.0108185195362408,-0.0108185195362408,-0.0108185195362408,1.0
21850,71.87356696300048,1.8231608373669357,-0.31067619699862814,0.232759490609169,-0.003758203936740756,0.9891590071468491,0.048198386774836184,0.014556077904999257,0.004581102001830004,0.232759490609169,0.003758203936740756,11.194360733032227,-2.281421422958374,0.014556077904999257,0.004581102001830004,0.8340018302200867,0.26247781022379196,0.232759490609169,0.003758203936740756,11.194360733032227,-2.281421422958374,-0.6633033802659838,-0.058834710353800904,165.75422717319165,5.609679003506334,-0.0015318560034844632,-0.01254351016097841,-0.5,-0.022506854377188426,-0.5015318560034845,-0.03505036453816684,1.1648352362694683,-0.09388507489196773,1.1648352362694683,1.1648352362694683,1.1648352362694683,1.1648352362694683,0.19732373417539933,0.19732373417539933,0.19732373417539933,0.19732373417539933,1.0
21900,72.02370983699984,1.499147442033815,1.1228154379886308,-0.09211006760597229,0.02676057443022728,0.9891590071468491,0.048198386774836184,0.00890097733587027,-0.020438046828494406,-0.09211006760597229,-0.02676057443022728,3.846266746520996,-0.15889419615268707,0.00890097733587027,-0.020438046828494406,0.5099884348869659,-1.171013824763467,-0.09211006760597229,-0.02676057443022728,3.846266746520996,-0.15889419615268707,0.08652212564670755,0.41527264340179415,165.76515555523613,5.608764634673585,-0.0009366821325075901,0.05596681502284022,-0.5,0.14680640764462696,-0.5009366821325076,0.20277322266746717,0.41441455648580006,0.6180458660692614,0.41441455648580006,0.41441455648580006,0.41441455648580006,0.41441455648580006,0.7216495051907114,0.7216495051907114,0.7216495051907114,0.7216495051907114,1.0
21950,72.09100673800003,1.2208936460971347,1.1133525310586956,-0.042929477989673615,-0.01139286532998085,0.9891590071468491,0.048198386774836184,0.00404453244060278,-0.02027288794575725,-0.042929477989673615,0.01139286532998085,3.7338976860046387,-0.439528226852417,0.00404453244060278,-0.02027288794575725,0.2317346389502856,-1.161550917833532,-0.042929477989673615,0.01139286532998085,3.7338976860046387,-0.439528226852417,0.051487386908882604,0.3013498946310962,165.7703350421987,5.608780130982461,-0.0004256119810147264,0.055514458690452205,-0.5,-0.06719824334227886,-0.5004256119810148,-0.011683784651826658,0.44893822507213216,0.2896661099792695,0.44893822507213216,0.44893822507213216,0.44893822507213216,0.44893822507213216,0.40190066624730253,0.40190066624730253,0.40190066624730253,0.40190066624730253,1.0
22000,72.2208025079999,0.994388885128762,1.0801383883419813,0.01297238003462553,0.012317824177443981,0.9891590071468491,0.048198386774836184,9.127859026193674e-05,-0.01969319179712329,0.01297238003462553,-0.012317824177443981,3.177464008331299,-1.1158344745635986,9.127859026193674e-05,-0.01969319179712329,0.005229877981912911,-1.1283367751168174,0.01297238003462553,-0.012317824177443981,3.177464008331299,-1.1158344745635986,0.007668786297279448,0.356590917623814,165.77168204152582,5.608833526930403,-9.605325803273185e-06,0.05392673698960561,-0.5,0.07244719769281467,-0.5000096053258033,0.12637393468242028,0.49234081902852384,0.4829648523062343,0.49234081902852384,0.49234081902852384,0.49234081902852384,0.49234081902852384,0.6060500570633652,0.6060500570633652,0.6060500570633652,0.6060500570633652,1.0
22050,72.37384720000045,0.952833267166464,1.1855215904895196,-0.009841032326221466,0.018437709659337997,0.9891590071468491,0.048198386774836184,-0.000634003765881061,-0.021532475650892592,-0.009841032326221466,-0.018437709659337997,3.0089564323425293,-1.4873952865600586,-0.000634003765881061,-0.021532475650892592,-0.03632573998038514,-1.2337199772643557,-0.009841032326221466,-0.018437709659337997,3.0089564323425293,-1.4873952865600586,0.04961080349220703,0.3748938741115175,165.77164961207106,5.608658771418075,6.671677888677244e-05,0.058964421205042555,-0.5,0.1058704613015366,-0.49993328322111324,0.16483488250657916,0.4503224797289062,0.5397287566180966,0.4503224797289062,0.4503224797289062,0.4503224797289062,0.4503224797289062,0.6523093765503232,0.6523093765503232,0.6523093765503232,0.6523093765503232,1.0
22100,72.53701032800018,0.9404974119168921,1.0715763193305472,0.003451000666245818,-0.025024957954883575,0.9891590071468491,0.048198386774836184,-0.0008493050560355181,-0.01954375550209079,0.003451000666245818,0.025024957954883575,2.941679000854492,-1.264482021331787,-0.0008493050560355181,-0.01954375550209079,-0.04866159522995707,-1.1197747061053833,0.003451000666245818,0.025024957954883575,2.941679000854492,-1.264482021331787,0.04207839657122804,0.247498860186813,165.77162330147104,5.608847040456629,8.937313413200331e-05,0.05351745234152482,-0.5,-0.13875288877099873,-0.499910626865868,-0.0852354364294739,0.45783223029464,0.1622634237573391,0.45783223029464,0.45783223029464,0.45783223029464,0.45783223029464,0.2767214813309991,0.2767214813309991,0.2767214813309991,0.2767214813309991,1.0
22150,72.62757478000003,0.9195741946116158,1.1375490098019945,0.011523870751261711,-0.017788084223866463,0.9891590071468491,0.048198386774836184,-0.0012144840881228441,-0.020695196167216635,0.011523870751261711,0.017788084223866463,5.1092305183410645,-1.3953986167907715,-0.0012144840881228441,-0.020695196167216635,-0.06958481253523333,-1.1857473965768308,0.011523870751261711,0.017788084223866463,5.1092305183410645,-1.3953986167907715,0.015213556950908251,0.3004564582107699,165.77156121118526,5.6087402569588685,0.00012780128360079316,0.05667112996216431,-0.5,-0.10244260874405409,-0.4998721987163992,-0.04577147878188978,0.48465864176549095,0.25468497942888013,0.48465864176549095,0.48465864176549095,0.48465864176549095,0.48465864176549095,0.3758496398702529,0.3758496398702529,0.3758496398702529,0.3758496398702529,1.0
22200,72.68322296099996,0.9331481283699583,1.1440764294927053,0.008605211973190308,0.005747192073613405,0.9891590071468491,0.048198386774836184,-0.0009775742515921587,-0.02080912113247905,0.008605211973190308,-0.005747192073613405,2.798496961593628,-1.248329758644104,-0.0009775742515921587,-0.02080912113247905,-0.056010878776890795,-1.1922748162675414,0.008605211973190308,-0.005747192073613405,2.798496961593628,-1.248329758644104,-0.016673254439732867,0.3321326987923198,165.77160399580683,5.608729359474547,0.0001028710247906344,0.05698316461811984,-0.5,0.034332085953069844,-0.4998971289752094,0.0913152505711897,0.5165703834149422,0.4234479493635095,0.5165703834149422,0.5165703834149422,0.5165703834149422,0.5165703834149422,0.552590545217245,0.552590545217245,0.552590545217245,0.552590545217245,1.0
22250,72.73889797399988,1.011080480078098,1.1561420653832386,0.023159660398960114,-0.013850944116711617,0.9891590071468491,0.048198386774836184,0.0003826018795371061,-0.021019706205115653,0.023159660398960114,0.013850944116711617,4.107157230377197,-2.8684682846069336,0.0003826018795371061,-0.021019706205115653,0.021921472931248916,-1.2043404521580747,0.023159660398960114,0.013850944116711617,4.107157230377197,-2.8684682846069336,-0.056658587484920635,0.3462238960748615,165.77167066796142,5.608709058501447,-4.0261531898524086e-05,0.0575599492250535,-0.5,-0.08104312494273767,-0.5000402615318985,-0.02348317571768417,0.5566988490168191,0.3227407203571773,0.5566988490168191,0.5566988490168191,0.5566988490168191,0.5566988490168191,0.4619154326113821,0.4619154326113821,0.4619154326113821,0.4619154326113821,1.0
22300,72.89331553000011,1.0986707192726357,1.2837716205443317,-0.02450641058385372,0.018907148391008377,0.9891590071468491,0.048198386774836184,0.0019113399460911756,-0.02324726216553245,-0.02450641058385372,-0.018907148391008377,4.171002388000488,-1.873044490814209,0.0019113399460911756,-0.02324726216553245,0.10951171212578666,-1.331970007319168,-0.02450641058385372,-0.018907148391008377,4.171002388000488,-1.873044490814209,0.05079474958104156,0.4204857099867687,165.77138175440277,5.608481801067138,-0.00020113221461994651,0.06366137779680771,-0.5,0.10832809658798254,-0.5002011322146199,0.17198947438479023,0.44940638263357835,0.592475184371559,0.44940638263357835,0.44940638263357835,0.44940638263357835,0.44940638263357835,0.7048267800299536,0.7048267800299536,0.7048267800299536,0.7048267800299536,1.0
22350,73.06304704400009,1.1278328522642398,1.1320829374752803,0.022419214248657227,0.010731646791100502,0.9891590071468491,0.048198386774836184,0.0024203151836991316,-0.020599795207963324,0.022419214248657227,-0.010731646791100502,5.022300720214844,-2.2614285945892334,0.0024203151836991316,-0.020599795207963324,0.13867384511739078,-1.1802813242501164,0.022419214248657227,-0.010731646791100502,5.022300720214844,-2.2614285945892334,-0.04612421068160201,0.3433582628977756,165.77120011805394,5.608749336512711,-0.00025469237352968943,0.05640983244133731,-0.5,0.06341901104427458,-0.5002546923735297,0.11982884348561189,0.5463789030551317,0.4631871063833875,0.5463789030551317,0.5463789030551317,0.5463789030551317,0.5463789030551317,0.5997818321471704,0.5997818321471704,0.5997818321471704,0.5997818321471704,1.0
22400,73.2146187340004,1.1160852470569353,1.220945833011262,-0.01463943999260664,-0.04114234447479248,0.9891590071468491,0.048198386774836184,0.0022152807936072355,-0.022150745317921976,-0.01463943999260664,0.04114234447479248,6.849729537963867,-3.0304720401763916,0.0022152807936072355,-0.022150745317921976,0.1269262399100862,-1.2691442197860983,-0.01463943999260664,0.04114234447479248,6.849729537963867,-3.0304720401763916,-0.014788924912874332,0.3261493224770742,165.77127842214986,5.60859652658576,-0.0002331163106448375,0.06065788783220888,-0.5,-0.20298492161016699,-0.5002331163106448,-0.1423270337779581,0.5150220412235191,0.18382228869911607,0.5150220412235191,0.5150220412235191,0.5150220412235191,0.5150220412235191,0.3125777990049958,0.3125777990049958,0.3125777990049958,0.3125777990049958,1.0
22450,73.37141794099989,0.5403837030379286,1.1479939698685309,-0.08577638864517212,-0.0499831885099411,0.9891590071468491,0.048198386774836184,-0.0078326066583395,-0.02087749511061702,-0.08577638864517212,0.0499831885099411,0.7012057900428772,-2.673987627029419,-0.0078326066583395,-0.02087749511061702,-0.4487753041089205,-1.196192356643367,-0.08577638864517212,0.0499831885099411,0.7012057900428772,-2.673987627029419,0.35141524940424573,0.22979814593769937,165.76662840490516,5.608722790443838,0.000824248743087617,0.057170437969070086,-0.49999999999934114,-0.22843587357097506,-0.4991757512562535,-0.17126543560190496,0.1477605018520078,0.05853271033579441,0.1477605018520078,0.1477605018520078,0.1477605018520078,0.1477605018520078,0.09547283579879635,0.09547283579879635,0.09547283579879635,0.09547283579879635,1.0
22500,73.4290189330004,0.5722988825127239,0.9012812404670292,0.07358535379171371,-0.019955504685640335,0.9891590071468491,0.048198386774836184,-0.0072755816951394076,-0.016571545675978995,0.07358535379171371,0.019955504685640335,2.6174075603485107,-2.7729127407073975,-0.0072755816951394076,-0.016571545675978995,-0.41686012463412525,-0.9494796272418653,0.07358535379171371,0.019955504685640335,2.6174075603485107,-2.7729127407073975,-0.005917636096666401,0.22505492180996683,165.76732172772446,5.609094436181092,0.0007656292034424852,0.04537734089568272,-0.5,-0.11375617997317114,-0.4992343707965575,-0.06837883907748843,0.5051520068932239,0.1566760827324784,0.5051520068932239,0.5051520068932239,0.5051520068932239,0.5051520068932239,0.28296408445578436,0.28296408445578436,0.28296408445578436,0.28296408445578436,1.0
22550,73.50390348200017,0.6989085516925164,0.9175770046096218,-0.0431155189871788,-0.03672783449292183,0.9891590071468491,0.048198386774836184,-0.005065826103091239,-0.016855960414395667,-0.0431155189871788,0.03672783449292183,1.9083778858184814,-1.749314308166504,-0.005065826103091239,-0.016855960414395667,-0.2902504554543327,-0.9657753913844579,-0.0431155189871788,0.03672783449292183,1.9083778858184814,-1.749314308166504,0.1739810592624582,0.23282146637190063,165.76956849806092,5.609072524227546,0.0005330858242349429,0.046156251975874404,-0.5,-0.18775355202646443,-0.49946691417576505,-0.14159730005059,0.32548585491330684,0.09122416632131061,0.32548585491330684,0.32548585491330684,0.32548585491330684,0.32548585491330684,0.17259563004963732,0.17259563004963732,0.17259563004963732,0.17259563004963732,1.0
22600,73.66037186700032,0.4991459023154477,0.7969464723570878,-0.04662014916539192,-0.008714414201676846,0.9891590071468491,0.048198386774836184,-0.008552342057228088,-0.014750560448155741,-0.04662014916539192,0.008714414201676846,0.6509848237037659,-1.8651796579360962,-0.008552342057228088,-0.014750560448155741,-0.4900131048314014,-0.8451448591319242,-0.04662014916539192,0.008714414201676846,0.6509848237037659,-1.8651796579360962,0.25364479776805027,0.25056507149918905,165.76565685377022,5.609225893512507,0.0008999921685095326,0.04039043183949762,-0.49999999999508826,-0.05176341472567878,-0.4991000078265787,-0.01137298288618116,0.24545521005852844,0.2391920886130079,0.24545521005852844,0.24545521005852844,0.24545521005852844,0.24545521005852844,0.30055589112764003,0.30055589112764003,0.30055589112764003,0.30055589112764003,1.0
22650,73.81122006199985,0.42974813877950335,0.45378859038895,0.11274965107440948,-0.34650853276252747,0.9891590071468491,0.048198386774836184,-0.009763561524450778,-0.008761325553641654,0.11274965107440948,0.34650853276252747,-7.998054027557373,1.307081937789917,-0.009763561524450778,-0.008761325553641654,-0.5594108683673458,-0.5019869771637862,0.11274965107440948,0.34650853276252747,-7.998054027557373,1.307081937789917,0.01554338230119906,-0.43895723613476867,165.763829184225,5.609550452325789,0.0010274604598749433,0.023989702244456988,0.5,-0.2999994263049711,0.5010274604598749,-0.2760097240605141,-0.516570842761074,-0.7149669601952828,-0.516570842761074,-0.516570842761074,-0.516570842761074,-0.516570842761074,-0.8441096708855513,-0.8441096708855513,-0.8441096708855513,-0.8441096708855513,1.0
22700,73.95893248599987,1.5585676332136928,-0.9091649863165163,0.03883102536201477,-0.0019490744452923536,0.9891590071468491,0.048198386774836184,0.009938055314123635,0.015026701911701822,0.03883102536201477,0.0019490744452923536,-2.3767619132995605,0.12369707971811295,0.009938055314123635,0.015026701911701822,0.5694086260668438,0.8609665995416802,0.03883102536201477,0.0019490744452923536,-2.3767619132995605,0.12369707971811295,-0.2225455801442969,-0.17770251034455425,165.76354596195443,5.609206941925276,-0.0010458243596357499,-0.04114665339687781,0.5,-0.01168852681255601,0.49895417564036426,-0.05283518020943381,-0.27640859549606733,-0.23053769055398807,-0.27640859549606733,-0.27640859549606733,-0.27640859549606733,-0.27640859549606733,-0.2996398394280049,-0.2996398394280049,-0.2996398394280049,-0.2996398394280049,1.0
22750,74.12666838800033,1.5795742001711843,-1.0280517926182873,0.02222379297018051,-0.04834521561861038,0.9891590071468491,0.048198386774836184,0.010304689072072507,0.01710166811884847,0.02222379297018051,0.04834521561861038,8.250736236572266,0.7800160050392151,0.010304689072072507,0.01710166811884847,0.5904151930243352,0.9798534058434513,0.02222379297018051,0.04834521561861038,8.250736236572266,0.7800160050392151,-0.17091074418537827,-0.3150280730119893,165.7629345315862,5.60905329417346,-0.0010844094674778443,-0.046829162622391694,-0.5,-0.22420222685134092,-0.5010844094674779,-0.2710313894737326,0.6719951536528561,-0.5860594624857219,0.6719951536528561,0.6719951536528561,0.6719951536528561,0.6719951536528561,-0.4180606740725079,-0.4180606740725079,-0.4180606740725079,-0.4180606740725079,1.0
22800,74.2323588270001,1.0227685345735766,-0.3576813987840972,-0.1599067598581314,0.21568094193935394,0.9891590071468491,0.048198386774836184,0.0005865969136357348,0.005401497538550757,-0.1599067598581314,-0.21568094193935394,2.9547836780548096,4.428423881530762,0.0005865969136357348,0.005401497538550757,0.03360952742672765,0.30948301200926104,-0.1599067598581314,-0.21568094193935394,2.9547836780548096,4.428423881530762,0.3761336256336689,0.39152312157348307,165.77165437931396,5.60966012748895,-6.172811257718517e-05,-0.014789863822510041,-0.5,0.29989252394121213,-0.5000617281125772,0.2851026601187021,0.12392810247890829,0.6766257816921852,0.12392810247890829,0.12392810247890829,0.12392810247890829,0.12392810247890829,0.7076078073119123,0.7076078073119123,0.7076078073119123,0.7076078073119123,1.0
22850,74.39542711900049,-0.002019753930456048,-0.47098433867639755,0.06071440130472183,-0.09670448303222656,0.9891590071468491,0.048198386774836184,-0.017299332856637192,0.007379006891860627,0.06071440130472183,0.09670448303222656,-10.509587287902832,-0.32934969663619995,-0.017299332856637192,0.007379006891860627,-0.9911787610773052,0.4227859519015614,0.06071440130472183,0.09670448303222656,-10.509587287902832,-0.32934969663619995,0.20040389079678078,-0.29529621241062065,165.74702798604528,5.609601875767955,0.0018206038816251133,-0.020204615455822774,0.5,-0.2877188042932789,0.5018206038816251,-0.30792341974910165,-0.7022244946784059,-0.6032196321597223,-0.7022244946784059,-0.7022244946784059,-0.7022244946784059,-0.7022244946784059,-0.7787757558293238,-0.7787757558293238,-0.7787757558293238,-0.7787757558293238,1.0
22900,74.55642177299978,1.5376281942091377,-1.0872951459316853,0.1750163584947586,0.03449448570609093,0.9891590071468491,0.048198386774836184,0.009572593159973622,0.018135659694089555,0.1750163584947586,-0.03449448570609093,0.13554656505584717,0.09775996208190918,0.009572593159973622,0.018135659694089555,0.5484691870622886,1.0390967591568492,0.1750163584947586,-0.03449448570609093,0.13554656505584717,0.09775996208190918,-0.4706185164285583,-0.16683876710668843,165.7641333969352,5.608969320582691,-0.0010073628305226102,-0.04966096339558248,-0.49560053253399117,0.1793733438735991,-0.4966078953645138,0.12971238047801661,0.967226411793072,-0.03712638662867182,0.967226411793072,0.967226411793072,0.967226411793072,0.967226411793072,0.20468021631959618,0.20468021631959618,0.20468021631959618,0.20468021631959618,1.0
22950,74.70687970800009,1.3329473817428368,-0.07231411423930093,-0.21163645386695862,0.09263020753860474,0.9891590071468491,0.048198386774836184,0.0060002390667796175,0.0004208988457685336,-0.21163645386695862,-0.09263020753860474,3.2227282524108887,1.8524553775787354,0.0060002390667796175,0.0004208988457685336,0.3437883745959878,0.024115727464464744,-0.21163645386695862,-0.09263020753860474,3.2227282524108887,1.8524553775787354,0.35820883351198274,0.30782127804457016,165.76871661020326,5.609726966113205,-0.000631417906732055,-0.0011524567925921964,-0.5,0.28559718246315097,-0.500631417906732,0.2844447256705588,0.1424225843947493,0.5922660037151289,0.1424225843947493,0.1424225843947493,0.1424225843947493,0.1424225843947493,0.6278716498138163,0.6278716498138163,0.6278716498138163,0.6278716498138163,1.0
23000,74.80748884600052,0.6899770121356669,-0.01612373875803283,0.07733877748250961,-0.015612655319273472,0.9891590071468491,0.048198386774836184,-0.005221710875630378,-0.000559808214311488,0.07733877748250961,0.015612655319273472,3.5313737392425537,1.971409797668457,-0.005221710875630378,-0.000559808214311488,-0.2991819950111822,-0.032074648016803355,0.07733877748250961,0.015612655319273472,3.5313737392425537,1.971409797668457,-0.06395190102099721,-0.0033109733598502278,165.76943637891162,5.609726652123023,0.0005494901451335867,0.0015328024941881095,-0.5,-0.09074563278200233,-0.4994505098548664,-0.08921283028781422,0.5634024108758636,-0.09252380364766445,0.5634024108758636,0.5634024108758636,0.5634024108758636,0.5634024108758636,0.048326799071301454,0.048326799071301454,0.048326799071301454,0.048326799071301454,1.0
23050,74.86287420700046,0.9204723644874725,0.01946753990852389,0.006655200384557247,0.020629407837986946,0.9891590071468491,0.048198386774836184,-0.0011988080665469164,-0.0011809932120377198,0.006655200384557247,-0.020629407837986946,2.309654474258423,3.12943696975708,-0.0011988080665469164,-0.0011809932120377198,-0.06868664265937664,-0.06766592668336008,0.006655200384557247,-0.020629407837986946,2.309654474258423,3.12943696975708,0.024989973249115463,0.09428542758583691,165.77156432790844,5.609724159736603,0.00012615167977866057,0.0032336606944679725,-0.5,0.11720041302264797,-0.49987384832022136,0.12043407371711594,0.4748838750711059,0.21471950130295286,0.4748838750711059,0.4748838750711059,0.4748838750711059,0.4748838750711059,0.33344047007072936,0.33344047007072936,0.33344047007072936,0.33344047007072936,1.0
23100,74.91834778700013,0.6424747006446678,0.14830340386059762,-0.10421714186668396,4.1659921407699585e-05,0.9891590071468491,0.048198386774836184,-0.006050782613456249,-0.0034296032326528803,-0.10421714186668396,-4.1659921407699585e-05,1.6790448427200317,1.5853630304336548,-0.006050782613456249,-0.0034296032326528803,-0.34668430650218124,-0.1965017906354338,-0.10421714186668396,-4.1659921407699585e-05,1.6790448427200317,1.5853630304336548,0.32614114630423624,0.0905178592403874,165.76866642917753,5.6097002642421065,0.0006367368396588047,0.009390571542398425,-0.5,0.0002499594706039439,-0.4993632631603412,0.009640531013002369,0.17322211685610495,0.10015839025338977,0.17322211685610495,0.17322211685610495,0.17322211685610495,0.17322211685610495,0.143463919467416,0.143463919467416,0.143463919467416,0.143463919467416,1.0
23150,74.98077301600006,0.3440138434093579,0.048087483279065285,-0.037567056715488434,-0.01641961559653282,0.9891590071468491,0.048198386774836184,-0.011259907260537147,-0.0016805054555879906,-0.037567056715488434,0.01641961559653282,1.0538825988769531,2.5017099380493164,-0.011259907260537147,-0.0016805054555879906,-0.6451451637374912,-0.09628587005390146,-0.037567056715488434,0.01641961559653282,1.0538825988769531,2.5017099380493164,0.2713510570162105,0.025828696308516384,165.76123750726686,5.609720865272508,0.0011849395005406025,0.004601369660720051,-0.5,-0.09512263761913978,-0.4988150604994594,-0.09052126795841972,0.2274640034832489,-0.06469257164990333,0.2274640034832489,0.2274640034832489,0.2274640034832489,0.2274640034832489,-0.007826570779091102,-0.007826570779091102,-0.007826570779091102,-0.007826570779091102,1.0
23200,75.08092222899995,0.41946355475633024,0.07024411335353749,0.032882723957300186,0.0031845965422689915,0.9891590071468491,0.048198386774836184,-0.009943061377853155,-0.002067211601533927,0.032882723957300186,-0.0031845965422689915,1.7941583395004272,2.291131019592285,-0.009943061377853155,-0.002067211601533927,-0.5696954523905189,-0.11844250012837368,0.032882723957300186,-0.0031845965422689915,1.7941583395004272,2.291131019592285,0.10697258059847634,0.07284150508782569,165.7635377625449,5.609717524915707,0.0010463512036815387,0.005660206624379084,-0.5,0.01908178344684788,-0.4989536487963185,0.024741990071226964,0.3919810681978422,0.09758349515905265,0.3919810681978422,0.3919810681978422,0.3919810681978422,0.3919810681978422,0.1955787622085132,0.1955787622085132,0.1955787622085132,0.1955787622085132,1.0
23250,75.28278206699997,0.31628538313279536,-0.00959926808820759,-0.048146940767765045,0.005383118987083435,0.9891590071468491,0.048198386774836184,-0.011743860188871622,-0.0006736817094497383,-0.048146940767765045,-0.005383118987083435,1.1403162479400635,1.1812800168991089,-0.011743860188871622,-0.0006736817094497383,-0.6728736240140537,-0.038599118686628596,-0.048146940767765045,-0.005383118987083435,1.1403162479400635,1.1812800168991089,0.30869916990296437,0.05572790726909004,165.76032034729582,5.609726328377722,0.0012358729677596153,0.0018445978704038045,-0.5,0.0321744963339604,-0.4987641270322404,0.034019094204364206,0.190064957129276,0.08974700147345424,0.190064957129276,0.190064957129276,0.190064957129276,0.190064957129276,0.13726324075577323,0.13726324075577323,0.13726324075577323,0.13726324075577323,1.0
23300,75.48278687200036,-0.24700154501777272,0.06753776428673233,-0.05678616836667061,0.08236867934465408,0.9891590071468491,0.048198386774836184,-0.021575071718543767,-0.002019976899609901,-0.05678616836667061,-0.08236867934465408,-13.564852714538574,0.6171351075172424,-0.021575071718543767,-0.002019976899609901,-1.2361605521646217,-0.11573615106156851,-0.05678616836667061,-0.08236867934465408,-13.564852714538574,0.6171351075172424,0.5105670185508014,0.11808533268976651,165.73333494761806,5.609717969885767,0.002270712790174967,0.005530873608075695,0.5,0.2785489005766965,0.502270712790175,0.2840797741847722,-1.0128377313409764,0.4021651068745387,-1.0128377313409764,-1.0128377313409764,-1.0128377313409764,-1.0128377313409764,0.1489556740392946,0.1489556740392946,0.1489556740392946,0.1489556740392946,1.0
23350,75.63335349499994,0.8290943585113395,-0.9171215163693465,0.1828259527683258,0.020623616874217987,0.9891590071468491,0.048198386774836184,-0.002793655134737491,0.015165569558157586,0.1828259527683258,-0.020623616874217987,-5.133815288543701,-0.555483341217041,-0.002793655134737491,0.015165569558157586,-0.16006464863550957,0.8689231295945103,0.1828259527683258,-0.020623616874217987,-5.133815288543701,-0.555483341217041,-0.33056506863514945,-0.16534449400794374,165.7710397473234,5.609197278621937,0.00029397952770170935,-0.041526948282241835,0.5,0.11717096886207021,0.5002939795277017,0.07564402057982837,-0.16972891089255226,-0.08970047342811537,-0.16972891089255226,-0.16972891089255226,-0.16972891089255226,-0.16972891089255226,-0.13213270115125342,-0.13213270115125342,-0.13213270115125342,-0.13213270115125342,1.0
23400,75.78188844099986,1.566903025322047,-0.47269402040301634,-0.14138321578502655,0.3214820325374603,0.9891590071468491,0.048198386774836184,0.010083535350859166,0.0074088464671513065,-0.14138321578502655,-0.3214820325374603,2.85713529586792,2.313666582107544,0.010083535350859166,0.0074088464671513065,0.5777440181751979,0.42449563362818016,-0.14138321578502655,-0.3214820325374603,2.85713529586792,2.313666582107544,0.1520124723704786,0.5138871965467064,165.76330599728334,5.60960085872555,-0.0010611348714164232,-0.020286322016585485,-0.5,0.29999843888387395,-0.5010611348714165,0.2797121168672885,0.34904866250093786,0.7935993134139949,0.34904866250093786,0.34904866250093786,0.34904866250093786,0.34904866250093786,0.8808614790392294,0.8808614790392294,0.8808614790392294,0.8808614790392294,1.0
23450,75.93846203900011,0.1700784738214214,0.19906770430944637,-0.1482999622821808,-0.06988778710365295,0.9891590071468491,0.048198386774836184,-0.014295652145519852,-0.004315607417956927,-0.1482999622821808,0.06988778710365295,-12.599682807922363,3.681042194366455,-0.014295652145519852,-0.004315607417956927,-0.8190805333254277,-0.2472660910842826,-0.1482999622821808,0.06988778710365295,-12.599682807922363,3.681042194366455,0.4867986421629942,0.058024700644718215,165.7548461769932,5.6096844476413095,0.001504445520931469,0.011816552927996835,0.5,-0.2654596744063729,0.5015044455209314,-0.2536431214783761,-0.9883030876839256,-0.19561842083365788,-0.9883030876839256,-0.9883030876839256,-0.9883030876839256,-0.9883030876839256,-0.4426941927546393,-0.4426941927546393,-0.4426941927546393,-0.4426941927546393,1.0
23500,76.09231084000021,1.2774260546402725,-0.9419517086015758,0.10971640795469284,0.0496877059340477,0.9891590071468491,0.048198386774836184,0.005031209103763104,0.015598938166513109,0.10971640795469284,-0.0496877059340477,-2.367260217666626,-0.5676746368408203,0.005031209103763104,0.015598938166513109,0.28826704749342336,0.8937533218267397,0.10971640795469284,-0.0496877059340477,-2.367260217666626,-0.5676746368408203,-0.3062935859114889,-0.13450143705487355,165.76959729418436,5.6091665505341375,-0.0005294429551536507,-0.04271375402216154,0.5,0.2276875629540955,0.49947055704484633,0.18497380893193396,-0.1931769711333574,0.05047237187706041,-0.1931769711333574,-0.1931769711333574,-0.1931769711333574,-0.1931769711333574,0.0021781290937210596,0.0021781290937210596,0.0021781290937210596,0.0021781290937210596,1.0
23550,76.26824395699987,1.1054338872114178,-0.5375855666340448,-0.1299675703048706,0.17050063610076904,0.9891590071468491,0.048198386774836184,0.00202937949448824,0.00854141760559287,-0.1299675703048706,-0.17050063610076904,3.605743646621704,-3.9851317405700684,0.00202937949448824,0.00854141760559287,0.11627488006456865,0.48938717985920865,-0.1299675703048706,-0.17050063610076904,3.605743646621704,-3.9851317405700684,0.29374216431018674,0.22543125580936313,165.77134343176837,5.609559222247464,-0.0002135536671965088,-0.02338754260948368,-0.5,0.29934569840964953,-0.5002135536671966,0.27595815580016586,0.20647138935700982,0.501389411609529,0.20647138935700982,0.20647138935700982,0.20647138935700982,0.20647138935700982,0.5530072589487814,0.5530072589487814,0.5530072589487814,0.5530072589487814,1.0
23600,76.33288291600002,0.5581620451172371,-0.1863264132996107,-0.11454957723617554,-0.05013167858123779,0.9891590071468491,0.048198386774836184,-0.007522316053509712,0.002410788852139376,-0.11454957723617554,0.05013167858123779,1.6464396715164185,0.9332678914070129,-0.007522316053509712,0.002410788852139376,-0.430996962029612,0.13812802652477452,-0.11454957723617554,0.05013167858123779,1.6464396715164185,0.9332678914070129,0.3642026316601121,-0.07246783987886915,165.76702092742104,5.6097139787958215,0.0007915946841825804,-0.006600953742513011,-0.5,-0.2288093915925542,-0.4992084053158174,-0.23541034533506722,0.13500577365570532,-0.3078781852139364,0.13500577365570532,0.13500577365570532,0.13500577365570532,0.13500577365570532,-0.27412674180001007,-0.27412674180001007,-0.27412674180001007,-0.27412674180001007,1.0
23650,76.46470601200053,0.42970230180687025,-0.2915063639584882,0.1973893940448761,-0.10745834559202194,0.9891590071468491,0.048198386774836184,-0.009764361530542373,0.004246525298221968,0.1973893940448761,0.10745834559202194,-0.6320716738700867,2.478748321533203,-0.009764361530542373,0.004246525298221968,-0.5594567053399788,0.24330797718365205,0.1973893940448761,0.10745834559202194,-0.6320716738700867,2.478748321533203,-0.12863197847097924,-0.21630757749990817,165.76382789717616,5.609685810941607,0.0010275446531683786,-0.01162739768441661,0.49999999998953376,-0.2919546347698982,0.5010275446427022,-0.3035820324543148,-0.3723955661717229,-0.519889609954223,-0.3723955661717229,-0.3723955661717229,-0.3723955661717229,-0.3723955661717229,-0.6129885014971537,-0.6129885014971537,-0.6129885014971537,-0.6129885014971537,1.0
23700,76.65495271000054,1.085615453004391,-0.030510951945389504,-0.05168023705482483,0.09141542762517929,0.9891590071468491,0.048198386774836184,0.0016834825649857527,-0.00030870397400576625,-0.05168023705482483,-0.09141542762517929,4.28679084777832,1.1081717014312744,0.0016834825649857527,-0.00030870397400576625,0.09645644585754197,-0.01768743482944668,-0.05168023705482483,-0.09141542762517929,4.28679084777832,1.1081717014312744,0.12397269929984409,0.2503586600908354,165.7714492371727,5.609727154784029,-0.00017715450652720246,0.0008452576865156104,-0.5,0.28489810036365454,-0.5001771545065272,0.28574335805017015,0.3762044552066831,0.5361020181410056,0.3762044552066831,0.3762044552066831,0.3762044552066831,0.3762044552066831,0.6301531319426763,0.6301531319426763,0.6301531319426763,0.6301531319426763,1.0
23750,76.85111712700018,1.0775676758931179,0.1430191452998953,0.02983381785452366,0.06680594384670258,0.9891590071468491,0.048198386774836184,0.0015430223569273989,-0.003337375522241928,0.02983381785452366,-0.06680594384670258,1.5607765913009644,0.1934705376625061,0.0015430223569273989,-0.003337375522241928,0.08840866874626886,-0.1912175320747315,0.02983381785452366,-0.06680594384670258,1.5607765913009644,0.1934705376625061,-0.0592183720548623,0.1826895089459908,165.77148657405337,5.609701702711604,-0.0001623737180097609,0.009138042129955417,-0.5,0.261221067086912,-0.5001623737180098,0.2703591092168674,0.5593807457728721,0.4530486181628582,0.5593807457728721,0.5593807457728721,0.5593807457728721,0.5593807457728721,0.5928938046060762,0.5928938046060762,0.5928938046060762,0.5928938046060762,1.0
23800,77.0057245550006,1.1115554442550417,0.2790858250353787,-0.01550283282995224,0.029495220631361008,0.9891590071468491,0.048198386774836184,0.0021362208202481275,-0.005712187085882761,-0.01550283282995224,-0.029495220631361008,2.837118148803711,1.0203161239624023,0.0021362208202481275,-0.005712187085882761,0.12239643710819258,-0.3272842118102149,-0.01550283282995224,-0.029495220631361008,2.837118148803711,1.0203161239624023,0.03228670180176657,0.16928417245341051,165.7713067652957,5.609652169053103,-0.0002247967215646423,0.015640577407113092,-0.5,0.15894805697681097,-0.5002247967215646,0.17458863438392405,0.46793809491979804,0.34387280683733457,0.46793809491979804,0.46793809491979804,0.46793809491979804,0.46793809491979804,0.46085733056728406,0.46085733056728406,0.46085733056728406,0.46085733056728406,1.0
23850,77.15091802700044,1.1143895458737738,0.45178104838149513,-0.008149392902851105,0.05334626883268356,0.9891590071468491,0.048198386774836184,0.002185685224831105,-0.00872628733573947,-0.008149392902851105,-0.05334626883268356,1.8694138526916504,-0.03902134671807289,0.002185685224831105,-0.00872628733573947,0.12523053872692474,-0.49997943515633125,-0.008149392902851105,-0.05334626883268356,1.8694138526916504,-0.03902134671807289,0.004374355083778083,0.268186272349918,165.77128915282228,5.609551864577963,-0.0002300019281495013,0.02389375925793584,-0.5,0.2364900116161122,-0.5002300019281495,0.260383770874048,0.4958556468443714,0.528570043223966,0.4958556468443714,0.4958556468443714,0.4958556468443714,0.4958556468443714,0.6525339549350588,0.6525339549350588,0.6525339549350588,0.6525339549350588,1.0
23900,77.20613552899977,1.0880933175692247,0.597974950984977,-0.010044565424323082,0.04108039662241936,0.9891590071468491,0.048198386774836184,0.001726729460060597,-0.011277852282510138,-0.010044565424323082,-0.04108039662241936,0.7783752679824829,-0.019506368786096573,0.001726729460060597,-0.011277852282510138,0.09893431042237566,-0.6461733377598131,-0.010044565424323082,-0.04108039662241936,0.7783752679824829,-0.019506368786096573,0.020918067843133194,0.28956112331360684,165.7714370868256,5.609434222038458,-0.000181705428180425,0.030880675364886253,-0.4999999999999699,0.2027832275078021,-0.5001817054281503,0.23366390287268834,0.4792636375850171,0.5232250261862952,0.4792636375850171,0.4792636375850171,0.4792636375850171,0.4792636375850171,0.6430409355825495,0.6430409355825495,0.6430409355825495,0.6430409355825495,1.0
23950,77.26220311500037,1.066697109663925,0.7295225801304243,0.0004695357056334615,0.004008243791759014,0.9891590071468491,0.048198386774836184,0.0013532951846718794,-0.013573791534290648,0.0004695357056334615,-0.004008243791759014,1.7189401388168335,-0.4901270270347595,0.0013532951846718794,-0.013573791534290648,0.07753810251707602,-0.7777209669052604,0.0004695357056334615,-0.004008243791759014,1.7189401388168335,-0.4901270270347595,0.00314553852208477,0.2590405307321132,165.77153184589247,5.609302714851566,-0.00014240852041308346,0.037167864967568034,-0.5,0.023998077620754007,-0.500142408520413,0.061165942588322045,0.49699686999832826,0.3202064733204352,0.49699686999832826,0.49699686999832826,0.49699686999832826,0.49699686999832826,0.4444556908200173,0.4444556908200173,0.4444556908200173,0.4444556908200173,1.0
24000,77.39851722200001,0.9286624016325524,0.8791662618732914,0.0008140840218402445,-0.027745017781853676,0.9891590071468491,0.048198386774836184,-0.0010558649525046343,-0.016185566485510207,0.0008140840218402445,0.027745017781853676,0.8983640670776367,-1.2091916799545288,-0.0010558649525046343,-0.016185566485510207,-0.06049660551429666,-0.9273646486481275,0.0008140840218402445,0.027745017781853676,0.8983640670776367,-1.2091916799545288,0.05357724104152608,0.24790319937493147,165.77159088003415,5.609123576568716,0.00011110963207099325,0.04432028939485766,-0.4999999999999998,-0.15125517359641008,-0.4998888903679288,-0.10693488420155242,0.4463116493264027,0.14096831517337904,0.4463116493264027,0.4463116493264027,0.4463116493264027,0.4463116493264027,0.25254622750497974,0.25254622750497974,0.25254622750497974,0.25254622750497974,1.0
24050,77.5501880060001,0.8288308626197651,0.928963890451385,-0.01858750730752945,-0.0027629933319985867,0.9891590071468491,0.048198386774836184,-0.0027982540056109423,-0.017054699063883162,-0.01858750730752945,0.0027629933319985867,0.910013735294342,-1.2092440128326416,-0.0027982540056109423,-0.017054699063883162,-0.16032814452708397,-0.9771622772262212,-0.01858750730752945,0.0027629933319985867,0.910013735294342,-1.2092440128326416,0.12291528068515349,0.28751729267818604,165.77103762865332,5.609056991668753,0.00029446347464936665,0.04670052988184136,-0.49999999999999983,-0.016561106133039318,-0.4997055365253505,0.030139423748802043,0.376790255840197,0.31765671642698806,0.376790255840197,0.376790255840197,0.376790255840197,0.376790255840197,0.4118542803870373,0.4118542803870373,0.4118542803870373,0.4118542803870373,1.0
24100,77.69898445699982,0.8362610945805341,0.9077803789057078,0.025124575942754745,0.005407830700278282,0.9891590071468491,0.048198386774836184,-0.0026685719937086082,-0.016684977040276862,0.025124575942754745,-0.005407830700278282,1.0600157976150513,-1.0948421955108643,-0.0026685719937086082,-0.016684977040276862,-0.15289791256631494,-0.955978765680544,0.025124575942754745,-0.005407830700278282,1.0600157976150513,-1.0948421955108643,0.013967404500894322,0.2964010056738468,165.77109603593993,5.6090857418690145,0.00028081682221370703,0.04568798851576835,-0.5,0.032321053398064556,-0.4997191831777863,0.0780090419138329,0.48575177867689195,0.3744100475876797,0.48575177867689195,0.48575177867689195,0.48575177867689195,0.48575177867689195,0.4958479922569027,0.4958479922569027,0.4958479922569027,0.4958479922569027,1.0
24150,77.87118953200024,1.008591623177569,1.0349338485373096,0.029863141477108,0.010231692343950272,0.9891590071468491,0.048198386774836184,0.00033916313201189097,-0.018904223740682936,0.029863141477108,-0.010231692343950272,1.1580381393432617,-1.5131113529205322,0.00033916313201189097,-0.018904223740682936,0.01943261603071974,-1.0831322353121458,0.029863141477108,-0.010231692343950272,1.1580381393432617,-1.5131113529205322,-0.03444946764929466,0.3721162381818933,165.77167325096906,5.608903710575701,-3.569043396598956e-05,0.05176588590017583,-0.5,0.06054736353434851,-0.500035690433966,0.11231324943452434,0.5344851580832607,0.4844294876164177,0.5344851580832607,0.5344851580832607,0.5344851580832607,0.5344851580832607,0.6180507771372329,0.6180507771372329,0.6180507771372329,0.6180507771372329,1.0
24200,78.03887721800038,1.101373873358374,1.1312541367081816,-0.01258149929344654,0.006651253905147314,0.9891590071468491,0.048198386774836184,0.0019585188850760465,-0.020585329905734397,-0.01258149929344654,-0.006651253905147314,1.8342962265014648,-1.6655380725860596,0.0019585188850760465,-0.020585329905734397,0.11221486621152497,-1.1794525234830178,-0.01258149929344654,-0.006651253905147314,1.8342962265014648,-1.6655380725860596,0.02522484316809631,0.3617261364179939,165.7713667127485,5.608750709550382,-0.00020609691399614473,0.05637021290958383,-0.5,0.03967378097638072,-0.5002060969139961,0.09604399388596455,0.4749812537458998,0.4577701303039584,0.4749812537458998,0.4749812537458998,0.4749812537458998,0.4749812537458998,0.5765154437404334,0.5765154437404334,0.5765154437404334,0.5765154437404334,1.0
24250,78.09346844599986,1.0598804741505465,1.062862385331786,-0.015616672113537788,-0.015547564253211021,0.9891590071468491,0.048198386774836184,0.0012343224510550505,-0.01939166866301093,-0.015616672113537788,0.015547564253211021,2.1250483989715576,-1.6700313091278076,0.0012343224510550505,-0.01939166866301093,0.07072146700369752,-1.1110607721066221,-0.015616672113537788,0.015547564253211021,2.1250483989715576,-1.6700313091278076,0.03859088605624546,0.2941973833292648,165.77155720885634,5.608860687996025,-0.00012988889496057861,0.0531009100306351,-0.5,-0.09039068080908409,-0.5001298888949606,-0.03728977077844899,0.46153900283871513,0.25690761255081584,0.46153900283871513,0.46153900283871513,0.46153900283871513,0.46153900283871513,0.37229236326049464,0.37229236326049464,0.37229236326049464,0.37229236326049464,1.0
24300,78.24837230000048,0.9394322225714874,1.1175934382030388,-0.02135401777923107,-0.0116910170763731,0.9891590071468491,0.048198386774836184,-0.0008678961172699923,-0.020346905738697386,-0.02135401777923107,0.0116910170763731,1.3701601028442383,-1.9074430465698242,-0.0008678961172699923,-0.020346905738697386,-0.04972678457536172,-1.165791824977875,-0.02135401777923107,0.0116910170763731,1.3701601028442383,-1.9074430465698242,0.0782347115685156,0.3303536659076216,165.77162067133696,5.608773201684565,9.132948917253438e-05,0.055717186943904026,-0.5,-0.0688951115477186,-0.4999086705108275,-0.013177924603814575,0.4216739589423119,0.31717574130380705,0.4216739589423119,0.4216739589423119,0.4216739589423119,0.4216739589423119,0.42259423103938504,0.42259423103938504,0.42259423103938504,0.42259423103938504,1.0
24350,78.40155076500014,0.8232528392236861,1.079360173663423,-0.001194957410916686,-0.007525591179728508,0.9891590071468491,0.048198386774836184,-0.0028956088796257967,-0.0196796093886951,-0.001194957410916686,0.007525591179728508,1.1427277326583862,-0.8555166125297546,-0.0028956088796257967,-0.0196796093886951,-0.16590616792316298,-1.1275585604382594,-0.001194957410916686,0.007525591179728508,1.1427277326583862,-0.8555166125297546,0.08235682105981584,0.3282986394721012,165.77099196015845,5.608834759439952,0.00030470829536352416,0.05388953664199659,-0.5,-0.04481564207157166,-0.4996952917046365,0.009073894570424929,0.41733847064482066,0.3373725340425261,0.41733847064482066,0.41733847064482066,0.41733847064482066,0.41733847064482066,0.44170715170373126,0.44170715170373126,0.44170715170373126,0.44170715170373126,1.0
24400,78.55242121100036,1.081546367806356,0.9097163106485833,0.16737189888954163,-0.32540106773376465,0.9891590071468491,0.048198386774836184,0.0016124636307358747,-0.01671876542328391,0.16737189888954163,0.32540106773376465,-3.25923490524292,2.1091132164001465,0.0016124636307358747,-0.01671876542328391,0.09238736065950687,-0.9579146974234194,0.16737189888954163,0.32540106773376465,-3.25923490524292,2.1091132164001465,-0.31996248652908615,-0.24074614408254985,165.7714685215957,5.609083140586095,-0.00016968110193165857,0.045780522883953345,0.5,-0.2999986653888173,0.49983031889806834,-0.25421814250486396,-0.17986783236898218,-0.4949642865874138,-0.17986783236898218,-0.17986783236898218,-0.17986783236898218,-0.17986783236898218,-0.5399312446796594,-0.5399312446796594,-0.5399312446796594,-0.5399312446796594,1.0
24450,78.7033520619998,2.2180341369660597,-0.19610552330356323,0.0003979303874075413,0.043559592217206955,0.9891590071468491,0.048198386774836184,0.021447917111217976,0.0025814665196230635,0.0003979303874075413,-0.043559592217206955,-1.4218326807022095,-1.0307161808013916,0.021447917111217976,0.0025814665196230635,1.2288751298192107,0.14790713652872706,0.0003979303874075413,-0.043559592217206955,-1.4218326807022095,-1.0307161808013916,-0.3286033825951545,0.0489588901035055,165.73378561047417,5.6097120149007225,-0.0022573260621256315,-0.007068285807950913,0.5,0.21059375111900722,0.49774267393787436,0.2035254653110563,-0.16913929134271988,0.2524843554145618,-0.16913929134271988,-0.16913929134271988,-0.16913929134271988,-0.16913929134271988,0.21019953257888185,0.21019953257888185,0.21019953257888185,0.21019953257888185,1.0
24500,78.87537074300053,1.6880714349717194,0.1153231551023167,-0.13154849410057068,0.08298720419406891,0.9891590071468491,0.048198386774836184,0.012198323048651219,-0.0028539893036941067,-0.13154849410057068,-0.08298720419406891,4.77934455871582,0.3261243999004364,0.012198323048651219,-0.0028539893036941067,0.6989124278248704,-0.16352154187715287,-0.13154849410057068,-0.08298720419406891,4.77934455871582,0.3261243999004364,0.13352137238898099,0.2628237472900304,165.75942394212743,5.6097086007436525,-0.0012837032843195345,0.007814480348749328,-0.5,0.279054811156098,-0.5012837032843195,0.2868692915048473,0.3677623308953385,0.5496930387948777,0.3677623308953385,0.3677623308953385,0.3677623308953385,0.3677623308953385,0.6416336215187124,0.6416336215187124,0.6416336215187124,0.6416336215187124,1.0
24550,78.9448508129999,1.060937019037783,0.06344119824945851,-0.1141410693526268,0.008276067674160004,0.9891590071468491,0.048198386774836184,0.001252762638032437,-0.0019484783342340961,-0.1141410693526268,-0.008276067674160004,2.591461420059204,0.4531470537185669,0.001252762638032437,-0.0019484783342340961,0.07177801189093387,-0.11163958502429469,-0.1141410693526268,-0.008276067674160004,2.591461420059204,0.4531470537185669,0.2471404773724434,0.06428653581572892,165.77155343045197,5.609718623864723,-0.0001318293749156956,0.005335103906426964,-0.5,0.04920783711541585,-0.5001318293749157,0.05454294102184281,0.25299135200247236,0.11882947683757172,0.25299135200247236,0.25299135200247236,0.25299135200247236,0.25299135200247236,0.1820773148381898,0.1820773148381898,0.1820773148381898,0.1820773148381898,1.0
24600,78.99967894200017,0.7737895697498058,-0.02187899355688177,-0.04764346778392792,-0.027059407904744148,0.9891590071468491,0.048198386774836184,-0.0037589057907462097,-0.00045936006878037004,-0.04764346778392792,0.027059407904744148,2.142411708831787,-0.022506186738610268,-0.0037589057907462097,-0.00045936006878037004,-0.2153694373970432,-0.02631939321795441,-0.04764346778392792,0.027059407904744148,2.142411708831787,-0.022506186738610268,0.1805230436974602,-0.0021180829386595254,165.7705186690558,5.609726888080123,0.0003955547855484236,0.0012577668986517834,-0.5,-0.1481660493899227,-0.4996044452144516,-0.14690828249127091,0.3190814015169914,-0.14902636542993045,0.3190814015169914,0.3190814015169914,0.3190814015169914,0.3190814015169914,-0.0692560150506826,-0.0692560150506826,-0.0692560150506826,-0.0692560150506826,1.0
24650,79.13458132699998,0.7510000032538235,-0.053498663963421525,-0.0007524953689426184,-0.0002447795122861862,0.9891590071468491,0.048198386774836184,-0.0041566587612032885,9.250728820916262e-05,-0.0007524953689426184,0.0002447795122861862,1.1197597980499268,0.019620554521679878,-0.0041566587612032885,9.250728820916262e-05,-0.23815900389302552,0.005300277188585342,-0.0007524953689426184,0.0002447795122861862,1.1197597980499268,0.019620554521679878,0.08651469226243183,0.044462639853927934,165.77025928291286,5.609727354709159,0.0004374113282842326,-0.0002532928026373765,-0.5,-0.0014686653406644817,-0.49956258867171577,-0.0017219581433018582,0.41304789640928397,0.042740681710626074,0.41304789640928397,0.41304789640928397,0.41304789640928397,0.41304789640928397,0.14600265581294708,0.14600265581294708,0.14600265581294708,0.14600265581294708,1.0
24700,79.28351354300048,0.7835054071224432,-0.07085654253227094,-0.04408995434641838,-0.0911128968000412,0.9891590071468491,0.048198386774836184,-0.0035893324390053726,0.00039545942039694634,-0.04408995434641838,0.0911128968000412,-7.332942485809326,4.768245220184326,-0.0035893324390053726,0.00039545942039694634,-0.20565360002440583,0.022658155757434767,-0.04408995434641838,0.0911128968000412,-7.332942485809326,4.768245220184326,0.14606673111202922,-0.10434503694138211,165.77062132696992,5.609727013979887,0.0003777101948893289,-0.0010828014795039882,0.5,-0.28471892120234177,0.5003777101948893,-0.2858017226818458,-0.6464444413069186,-0.39014675962322787,-0.6464444413069186,-0.6464444413069186,-0.6464444413069186,-0.6464444413069186,-0.5517578699499575,-0.5517578699499575,-0.5517578699499575,-0.5517578699499575,1.0
24750,79.44663142100035,1.920724753575279,-0.43515228583643795,0.05096271261572838,0.0035554151982069016,0.9891590071468491,0.048198386774836184,0.016258889473974705,0.006753619592054747,0.05096271261572838,-0.0035554151982069016,7.551326274871826,-2.540625810623169,0.016258889473974705,0.006753619592054747,0.9315657464284297,0.38695389906160177,0.05096271261572838,-0.0035554151982069016,7.551326274871826,-2.540625810623169,-0.32737583512065105,-0.049785921531581075,165.74990438804804,5.609622246824902,-0.001711086554420297,-0.018492189297406487,-0.5,0.021296608623949238,-0.5017110865544203,0.00280441932654275,0.8290869216750714,-0.04698150220503833,0.8290869216750714,0.8290869216750714,0.8290869216750714,0.8290869216750714,0.1602902282137295,0.1602902282137295,0.1602902282137295,0.1602902282137295,1.0
24800,79.59794998800044,0.49939680504573986,-0.06356865064658801,-0.13756078481674194,-0.047117285430431366,0.9891590071468491,0.048198386774836184,-0.008547962978482246,0.0002682617114624008,-0.13756078481674194,0.047117285430431366,-7.431925296783447,4.011861801147461,-0.008547962978482246,0.0002682617114624008,-0.4897622021011092,0.015370263871751826,-0.13756078481674194,0.047117285430431366,-7.431925296783447,4.011861801147461,0.4650769108026275,-0.059772456851514194,165.765663023042,5.609727208565251,0.0008995313208437142,-0.0007345233343679921,0.5,-0.2208894381481233,0.5008995313208437,-0.2216239614824913,-0.9659764421234712,-0.2813964183340055,-0.9659764421234712,-0.9659764421234712,-0.9659764421234712,-0.9659764421234712,-0.5228905288648733,-0.5228905288648733,-0.5228905288648733,-0.5228905288648733,1.0
24850,79.75060325300001,1.0479374614999561,-0.9498683247364438,0.2022196650505066,-0.015228260308504105,0.9891590071468491,0.048198386774836184,0.0010258775576949125,0.01573710918368306,0.2022196650505066,0.015228260308504105,-4.276185989379883,0.036992672830820084,0.0010258775576949125,0.01573710918368306,0.0587784543531071,0.9016699379616075,0.2022196650505066,0.015228260308504105,-4.276185989379883,0.036992672830820084,-0.3872108689437971,-0.2579185662297805,165.7715960230546,5.6091565714968405,-0.00010795402893577614,-0.043092146036428414,0.5,-0.0886454471217087,0.49989204597106424,-0.1317375931581371,-0.11268117702726715,-0.3896561593879176,-0.11268117702726715,-0.11268117702726715,-0.11268117702726715,-0.11268117702726715,-0.41782645364473436,-0.41782645364473436,-0.41782645364473436,-0.41782645364473436,1.0
24900,79.90049408800041,1.632985318985332,-0.5012151294688442,-0.21214531362056732,0.2221960723400116,0.9891590071468491,0.048198386774836184,0.011236888952553276,0.007906633726670408,-0.21214531362056732,-0.2221960723400116,5.09002161026001,-2.6146838665008545,0.011236888952553276,0.007906633726670408,0.643826311838483,0.4530167426940081,-0.21214531362056732,-0.2221960723400116,5.09002161026001,-2.6146838665008545,0.24988761982113972,0.38306252469579527,165.7612801689017,5.6095832869603415,-0.0011825169601576877,-0.02164936433553749,-0.5,0.29991717714971156,-0.5011825169601577,0.27826781281417406,0.251294897139018,0.6613303375099693,0.251294897139018,0.251294897139018,0.251294897139018,0.251294897139018,0.7241540617947237,0.7241540617947237,0.7241540617947237,0.7241540617947237,1.0
24950,80.0066522570005,0.571740674630634,-0.015778795862154006,-0.12722422182559967,0.0002829199656844139,0.9891590071468491,0.048198386774836184,-0.007285324260592458,-0.0005658286035759375,-0.12722422182559967,-0.0002829199656844139,-0.1047259196639061,1.4674981832504272,-0.007285324260592458,-0.0005658286035759375,-0.417418332516215,-0.03241959091268218,-0.12722422182559967,-0.0002829199656844139,-0.1047259196639061,1.4674981832504272,0.3967217266577547,0.03015140183840054,165.76731004052456,5.609726636503489,0.0007666544759662485,0.0015492868345030966,0.48506553858567486,0.0016975016775682354,0.4858321930616411,0.003246788512071332,-0.8825539197193958,0.033398190350471875,-0.8825539197193958,-0.8825539197193958,-0.8825539197193958,-0.8825539197193958,-0.18724028957937708,-0.18724028957937708,-0.18724028957937708,-0.18724028957937708,1.0
25000,80.0637792790003,0.15364988117577055,-0.007971007519230081,0.005118109285831451,-0.13042375445365906,0.9891590071468491,0.048198386774836184,-0.014582385178655385,-0.0007021002174587921,0.005118109285831451,0.13042375445365906,-6.627330303192139,1.31983482837677,-0.014582385178655385,-0.0007021002174587921,-0.8355091259710785,-0.0402273792556061,0.005118109285831451,0.13042375445365906,-6.627330303192139,1.31983482837677,0.45695997102386,-0.14305381370003023,165.7541640222689,5.60972623826293,0.0015346249232473872,0.0019224101829298321,0.5,-0.29676324822787004,0.5015346249232474,-0.2948408380449402,-0.9584945959471074,-0.43789465174497044,-0.9584945959471074,-0.9584945959471074,-0.9584945959471074,-0.9584945959471074,-0.6775183007317473,-0.6775183007317473,-0.6775183007317473,-0.6775183007317473,1.0
25050,80.1189490300003,0.626476423256941,-0.4551029215565014,0.2529688775539398,-0.038212671875953674,0.9891590071468491,0.048198386774836184,-0.006330005228519439,0.007101823873235844,0.2529688775539398,0.038212671875953674,-1.561311960220337,0.08149951696395874,-0.006330005228519439,0.007101823873235844,-0.3626825838899081,0.4069045347816652,0.2529688775539398,0.038212671875953674,-1.561311960220337,0.08149951696395874,-0.38735575039348175,-0.23653063577712308,165.76838162347687,5.60961112704204,0.0006661207953256291,-0.01944563568606017,0.5,-0.19307264830079218,0.5006661207953256,-0.21251828398685235,-0.11331037040184383,-0.44904891976397543,-0.11331037040184383,-0.11331037040184383,-0.11331037040184383,-0.11331037040184383,-0.4773765123644364,-0.4773765123644364,-0.4773765123644364,-0.4773765123644364,1.0
25100,80.23830524599998,1.53018616949988,-0.3545019724058827,-0.1101861447095871,0.2793022394180298,0.9891590071468491,0.048198386774836184,0.0094427053257823,0.0053460060799261555,-0.1101861447095871,-0.2793022394180298,6.132417678833008,-2.771493911743164,0.0094427053257823,0.0053460060799261555,0.5410271623530308,0.30630358563104654,-0.1101861447095871,-0.2793022394180298,6.132417678833008,-2.771493911743164,0.057507309233697596,0.47063264350820544,165.76433687502885,5.60966150209071,-0.000993693395829828,-0.01463792028722388,-0.5,0.2999915633838649,-0.5009936933958298,0.285353643096641,0.44348638416213215,0.7559862866048465,0.44348638416213215,0.44348638416213215,0.44348638416213215,0.44348638416213215,0.8668578826453794,0.8668578826453794,0.8668578826453794,0.8668578826453794,1.0
25150,80.39932167799998,0.29749892114024884,0.24995856336113867,0.09777113050222397,-0.12492376565933228,0.9891590071468491,0.048198386774836184,-0.012071745805442333,-0.005203820467577316,0.09777113050222397,0.12492376565933228,-7.5906805992126465,1.0750149488449097,-0.012071745805442333,-0.005203820467577316,-0.6916600860066002,-0.2981569501359749,0.09777113050222397,0.12492376565933228,-7.5906805992126465,1.0750149488449097,0.17605789963486992,-0.10438240528684019,165.75967702838454,5.609664959447529,0.001270381506538241,0.01424859608298115,0.5,-0.2959721076849081,0.5012703815065382,-0.281723511601927,-0.6773282811414082,-0.38610591688876716,-0.6773282811414082,-0.6773282811414082,-0.6773282811414082,-0.6773282811414082,-0.5554379871741192,-0.5554379871741192,-0.5554379871741192,-0.5554379871741192,1.0
25200,80.54641405199982,1.8704991709570016,-0.7661403448487734,-0.11032870411872864,0.23761466145515442,0.9891590071468491,0.048198386774836184,0.015382287688553334,0.01253045100660529,-0.11032870411872864,-0.23761466145515442,3.618276834487915,-3.3376424312591553,0.015382287688553334,0.01253045100660529,0.8813401638101526,0.7179419580739372,-0.11032870411872864,-0.23761466145515442,3.618276834487915,-3.3376424312591553,-0.09968732915276023,0.21052715989088883,165.75218940503942,5.6093654874445225,-0.0016188180939383998,-0.03431075334141356,-0.5,0.29995529774403074,-0.5016188180939384,0.2656445444026172,0.6013061472466986,0.476171704293506,0.6013061472466986,0.6013061472466986,0.6013061472466986,0.6013061472466986,0.6264982411051807,0.6264982411051807,0.6264982411051807,0.6264982411051807,1.0
25250,80.6971658829998,0.768648998625725,0.21376086861695862,-0.07376810908317566,-0.0010910951532423496,0.9891590071468491,0.048198386774836184,-0.0038486256822943665,-0.004572051512659527,-0.07376810908317566,0.0010910951532423496,-9.586342811584473,1.1930654048919678,-0.0038486256822943665,-0.004572051512659527,-0.22051000852112404,-0.2619592553917948,-0.07376810908317566,0.0010910951532423496,-9.586342811584473,1.1930654048919678,0.2627732975105639,0.13351721891941534,165.7704624369909,5.6096791944417665,0.00040499622347248707,0.012518728773659619,0.5,-0.006545531968248845,0.5004049962234725,0.005973196805410774,-0.7631782937340363,0.13949041572482612,-0.7631782937340363,-0.7631782937340363,-0.7631782937340363,-0.7631782937340363,-0.05130415770868296,-0.05130415770868296,-0.05130415770868296,-0.05130415770868296,1.0
25300,80.8478271439999,1.8038858300857483,-0.7907245435491764,0.15885931253433228,-0.015945615246891975,0.9891590071468491,0.048198386774836184,0.014219665564596654,0.012959526217891836,0.15885931253433228,0.015945615246891975,4.020365238189697,-1.0338842868804932,0.014219665564596654,0.012959526217891836,0.8147268229388991,0.7425261567743403,0.15885931253433228,0.015945615246891975,4.020365238189697,-1.0338842868804932,-0.5475856288662406,-0.18389787880341027,165.75502468306186,5.609340279562514,-0.001496447775680397,-0.035485737498755165,-0.5,-0.0925569271723891,-0.5014964477756804,-0.12804266467114428,1.049082076641921,-0.3119405434745546,1.049082076641921,1.049082076641921,1.049082076641921,1.049082076641921,-0.0496700243140743,-0.0496700243140743,-0.0496700243140743,-0.0496700243140743,1.0
25350,81.00011165100022,1.1930907207503632,0.21620683673197688,-0.19323678314685822,0.04837178811430931,0.9891590071468491,0.048198386774836184,0.0035592798516154295,-0.004614741709665396,-0.19323678314685822,-0.04837178811430931,1.7843903303146362,-0.05382531136274338,0.0035592798516154295,-0.004614741709665396,0.203931713603514,-0.2644052235068131,-0.19323678314685822,-0.04837178811430931,1.7843903303146362,-0.05382531136274338,0.3670907182097519,0.24804638731058354,165.77063902623644,5.609678290509647,-0.00037454769483255806,0.012635619961135163,-0.5,0.22427258653812557,-0.5003745476948326,0.23690820649926073,0.13328382948508066,0.4849545938098443,0.13328382948508066,0.13328382948508066,0.13328382948508066,0.13328382948508066,0.5182755511811145,0.5182755511811145,0.5182755511811145,0.5182755511811145,1.0
25400,81.05782130500029,0.7098735666313256,0.2632650525247929,-0.09383983165025711,-0.00042249634861946106,0.9891590071468491,0.048198386774836184,-0.004874450489878654,-0.0054360625153640285,-0.09383983165025711,0.00042249634861946106,-8.98853874206543,2.4137070178985596,-0.004874450489878654,-0.0054360625153640285,-0.27928544051552345,-0.31146343929962905,-0.09383983165025711,0.00042249634861946106,-8.98853874206543,2.4137070178985596,0.29416422192039055,0.1129138940864554,165.76972522218705,5.609659264091211,0.0005129467082699688,0.014884507696963676,0.5,-0.002534917759891666,0.50051294670827,0.01234958993707201,-0.7946771686286604,0.1252634840235274,-0.7946771686286604,-0.7946771686286604,-0.7946771686286604,-0.7946771686286604,-0.0734058081336377,-0.0734058081336377,-0.0734058081336377,-0.0734058081336377,1.0
25450,81.19891207799992,1.3272853683643078,-0.4704830134634892,0.14796432852745056,-0.03892051801085472,0.9891590071468491,0.048198386774836184,0.005901418291032318,0.007370257116272114,0.14796432852745056,0.03892051801085472,-3.073828935623169,-0.03197356313467026,0.005901418291032318,0.007370257116272114,0.3381263612174588,0.422284626688653,0.14796432852745056,0.03892051801085472,-3.073828935623169,-0.03197356313467026,-0.3756593023652312,-0.1717389650812236,165.76881350617438,5.609602173214257,-0.0006210185452513836,-0.020180656873485872,0.5,-0.1955380041672701,0.4993789814547486,-0.215718661040756,-0.12371967908951742,-0.3874576261219796,-0.12371967908951742,-0.12371967908951742,-0.12371967908951742,-0.12371967908951742,-0.41838754589435895,-0.41838754589435895,-0.41838754589435895,-0.41838754589435895,1.0
25500,81.35603028800051,1.652981338110779,-0.3579931062062584,-0.029063226655125618,-0.06647508591413498,0.9891590071468491,0.048198386774836184,0.01158588532358408,0.005406937859370373,-0.029063226655125618,0.06647508591413498,-3.5558037757873535,0.6049264073371887,0.01158588532358408,0.005406937859370373,0.66382233096393,0.3097947194314222,-0.029063226655125618,0.06647508591413498,-3.5558037757873535,0.6049264073371887,-0.07696271413358985,-0.16230666220710374,165.76062397453236,5.609659991960498,-0.0012192468929479064,-0.01480476020111697,0.5,-0.2607382492642964,0.4987807531070521,-0.2755430094654134,-0.42181803897346226,-0.4378496716725171,-0.42181803897346226,-0.42181803897346226,-0.42181803897346226,-0.42181803897346226,-0.5433041814158827,-0.5433041814158827,-0.5433041814158827,-0.5433041814158827,1.0
25550,81.50658015000045,1.6262033680263324,-0.6172867238938062,0.04953470453619957,-0.014601207338273525,0.9891590071468491,0.048198386774836184,0.011118521578609944,0.009932465217425489,0.04953470453619957,0.014601207338273525,-0.6496975421905518,0.004743048921227455,0.011118521578609944,0.009932465217425489,0.6370443608794834,0.5690883371189701,0.04953470453619957,0.014601207338273525,-0.6496975421905518,0.004743048921227455,-0.2297064297277621,-0.18313168891446047,165.76149816975806,5.609499992590885,-0.0011700595157004476,-0.02719658750409126,0.49999999999482875,-0.08519903141152363,0.4988299404791283,-0.11239561891561489,-0.2691235107513662,-0.29552730783007536,-0.2691235107513662,-0.2691235107513662,-0.2691235107513662,-0.2691235107513662,-0.36280818551791694,-0.36280818551791694,-0.36280818551791694,-0.36280818551791694,1.0
25600,81.65855272699991,1.761725313495081,-0.6243339850133784,0.008484236896038055,-0.055926613509655,0.9891590071468491,0.048198386774836184,0.013483825735747818,0.010055463127209806,0.008484236896038055,0.055926613509655,5.656810283660889,-0.7354364991188049,0.013483825735747818,0.010055463127209806,0.772566306348232,0.5761355982385423,0.008484236896038055,0.055926613509655,5.656810283660889,-0.7354364991188049,-0.20065507640596508,-0.18432274734205462,165.7567040920706,5.609494326239132,-0.0014189999797549024,-0.027533390858900605,-0.5,-0.24211733611803637,-0.5014189999797549,-0.269650726976937,0.7020740763857201,-0.4539734743189916,0.7020740763857201,0.7020740763857201,0.7020740763857201,0.7020740763857201,-0.2784549552225616,-0.2784549552225616,-0.2784549552225616,-0.2784549552225616,1.0
25650,81.80791720100024,0.9734668417622494,-0.03657476921113236,-0.1296054869890213,0.010713256895542145,0.9891590071468491,0.048198386774836184,-0.00027387995272874777,-0.0002028703974792734,-0.1296054869890213,-0.010713256895542145,2.8934433460235596,-0.23774009943008423,-0.00027387995272874777,-0.0002028703974792734,-0.015692165384599742,-0.01162361756370382,-0.1296054869890213,-0.010713256895542145,2.8934433460235596,-0.23774009943008423,0.310387926104272,0.09569765162468948,165.77167654816586,5.60972727957337,2.882062734905189e-05,0.0005554763624955107,-0.5,0.0633135943877945,-0.49997117937265095,0.06386907075029001,0.18958325326837894,0.15956672237497949,0.18958325326837894,0.18958325326837894,0.18958325326837894,0.18958325326837894,0.20696253569207423,0.20696253569207423,0.20696253569207423,0.20696253569207423,1.0
25700,81.95981355799995,0.46495632320789104,-0.04513464375749134,-0.00787785742431879,0.01569208689033985,0.9891590071468491,0.048198386774836184,-0.009149062782526016,-5.3472403087653146e-05,-0.00787785742431879,-0.01569208689033985,2.780306339263916,0.10005315393209457,-0.009149062782526016,-5.3472403087653146e-05,-0.5242026839389581,-0.0030637430173448372,-0.00787785742431879,-0.01569208689033985,2.780306339263916,0.10005315393209457,0.18384604449191508,0.058754033871053477,165.76478664038027,5.609727367842965,0.0009627904881245174,0.0001464119755878695,-0.5,0.09117840716597382,-0.49903720951187547,0.0913248191415617,0.31519116501996036,0.15007885301261517,0.31519116501996036,0.31519116501996036,0.31519116501996036,0.31519116501996036,0.22887664426760526,0.22887664426760526,0.22887664426760526,0.22887664426760526,1.0
25750,82.02104486200005,0.40330001880720084,-0.00745925859721485,-0.006766533013433218,-0.009748649783432484,0.9891590071468491,0.048198386774836184,-0.01022516829892993,-0.0007110319210914895,-0.006766533013433218,0.009748649783432484,1.27577805519104,0.36545246839523315,-0.01022516829892993,-0.0007110319210914895,-0.5858589883396482,-0.040739128177621334,-0.006766533013433218,0.009748649783432484,1.27577805519104,0.36545246839523315,0.19597746454841414,0.034199498045114816,165.76306902824027,5.6097262091716855,0.0010760405532489617,0.001946865954058435,-0.5,-0.05776181864589283,-0.49892395944675105,-0.055814952691834396,0.3029464948983369,-0.02161545464671958,0.3029464948983369,0.3029464948983369,0.3029464948983369,0.3029464948983369,0.05412116907786465,0.05412116907786465,0.05412116907786465,0.05412116907786465,1.0
25800,82.07590636799978,0.4431005449570701,-0.01892653589891132,0.031397055834531784,0.003841267665848136,0.9891590071468491,0.048198386774836184,-0.00953051807358861,-0.000510890175937675,0.031397055834531784,-0.003841267665848136,0.9607582092285156,0.1109655350446701,-0.00953051807358861,-0.000510890175937675,-0.546058462189779,-0.029271850875924862,0.031397055834531784,-0.003841267665848136,0.9607582092285156,0.1109655350446701,0.11135605819045441,0.054542420490205946,165.76419961478868,5.609726772843629,0.0010029348321242437,0.001398860727473376,-0.5,0.023002369429018395,-0.49899706516787573,0.02440123015649177,0.3876410069774213,0.07894365064669771,0.3876410069774213,0.3876410069774213,0.3876410069774213,0.3876410069774213,0.17585390239105303,0.17585390239105303,0.17585390239105303,0.17585390239105303,1.0
25850,82.20016717900035,0.800760599400011,0.12523035783363343,-0.013768981210887432,0.05271091312170029,0.9891590071468491,0.048198386774836184,-0.0032881725206971163,-0.003026902611018159,-0.013768981210887432,-0.05271091312170029,0.8910128474235535,0.09652069211006165,-0.0032881725206971163,-0.003026902611018159,-0.1883984077468381,-0.17342874460846963,-0.013768981210887432,-0.05271091312170029,0.8910128474235535,0.09652069211006165,0.1021945815482623,0.1866695070684352,165.77079196656294,5.609706256966942,0.00034601850205008675,0.008287934651540546,-0.49999999999999967,0.23503227852272685,-0.4996539814979496,0.24332021317426739,0.39745939994968726,0.42998972024270254,0.39745939994968726,0.39745939994968726,0.39745939994968726,0.39745939994968726,0.5293545702301243,0.5293545702301243,0.5293545702301243,0.5293545702301243,1.0
25900,82.35373934000017,0.8272826508339937,0.30780194133809574,0.006387754343450069,-0.041991978883743286,0.9891590071468491,0.048198386774836184,-0.0028252753987908358,-0.006213377863750794,0.006387754343450069,0.041991978883743286,-10.398388862609863,-0.44583234190940857,-0.0028252753987908358,-0.006213377863750794,-0.16187635631285546,-0.356000328112932,0.006387754343450069,0.041991978883743286,-10.398388862609863,-0.44583234190940857,0.09702956847434024,0.1574372471465659,165.77102510967993,5.609638393003405,0.00029730698173194395,0.017012916037762362,0.5,-0.20571722479211568,0.5002973069817319,-0.18870430875435332,-0.5973268754560721,-0.031267061607787416,-0.5973268754560721,-0.5973268754560721,-0.5973268754560721,-0.5973268754560721,-0.18059878047180544,-0.18059878047180544,-0.18059878047180544,-0.18059878047180544,1.0
25950,82.51253539200025,1.9359481780181795,-0.49802425718768467,0.06872264295816422,0.03964632749557495,0.9891590071468491,0.048198386774836184,0.016524588353931904,0.007850942499353551,0.06872264295816422,-0.03964632749557495,-1.434739351272583,-0.34692108631134033,0.016524588353931904,0.007850942499353551,0.9467891708713303,0.44982587041284855,0.06872264295816422,-0.03964632749557495,-1.434739351272583,-0.34692108631134033,-0.37239510090469663,-0.023242041335941252,165.74918679556808,5.609585309592734,-0.0017390537256046297,-0.02149687009621365,0.5,0.19801911785789733,0.4982609462743954,0.17652224776168368,-0.12586584536969875,0.15328020642574242,-0.12586584536969875,-0.12586584536969875,-0.12586584536969875,-0.12586584536969875,0.12181374508331773,0.12181374508331773,0.12181374508331773,0.12181374508331773,1.0
26000,82.66188298399993,1.5839147853887274,-0.6184838746284096,0.06070040538907051,-0.1492319405078888,0.9891590071468491,0.048198386774836184,0.010380446575582028,0.009953359439386987,0.06070040538907051,0.1492319405078888,3.676889181137085,-5.56187629699707,0.010380446575582028,0.009953359439386987,0.5947557782418783,0.5702854878535735,0.06070040538907051,0.1492319405078888,3.676889181137085,-5.56187629699707,-0.21843923307632596,-0.4209307446094157,165.76280543080614,5.609499034938489,-0.0010923823408443506,-0.027253801799937957,-0.5,-0.29847025782379893,-0.5010923823408443,-0.3257240596237369,0.7195316154171703,-0.7466548042331527,0.7195316154171703,0.7195316154171703,0.7195316154171703,0.7195316154171703,-0.56677190037886,-0.56677190037886,-0.56677190037886,-0.56677190037886,1.0
26050,82.83058746300048,1.003176030217689,0.2163889973435326,-0.1426571160554886,0.054946936666965485,0.9891590071468491,0.048198386774836184,0.00024464320391416605,-0.00461792101210449,-0.1426571160554886,-0.054946936666965485,3.5253489017486572,-0.06436124444007874,0.00024464320391416605,-0.00461792101210449,0.014017023070840096,-0.2645873841183688,-0.1426571160554886,-0.054946936666965485,3.5253489017486572,-0.06436124444007874,0.30434689059424097,0.2667084867490015,165.77167779712954,5.609678222854238,-2.5744018530498584e-05,0.012644325296808957,-0.5,0.24003524681832875,-0.5000257440185305,0.2526795721151377,0.19567885342428953,0.5193880588641392,0.19567885342428953,0.19567885342428953,0.19567885342428953,0.19567885342428953,0.5683077722202116,0.5683077722202116,0.5683077722202116,0.5683077722202116,1.0
26100,83.00155428000016,1.0877925758023326,-0.30865422088046635,0.22828803956508636,-0.14274416863918304,0.9891590071468491,0.048198386774836184,0.0017214805260300642,0.004545811861171387,0.22828803956508636,0.14274416863918304,-0.021466132253408432,-0.46837395429611206,0.0017214805260300642,0.004545811861171387,0.09863356865548353,0.26045583410563017,0.22828803956508636,0.14274416863918304,-0.021466132253408432,-0.46837395429611206,-0.4780553476097692,-0.2922044531893895,165.77143857796136,5.6096797458774725,-0.0001811530766408951,-0.012446881288112504,0.20237753894432603,-0.29801849839888017,0.20219638586768512,-0.31046537968699267,0.2758589617420841,-0.6026698328763822,0.2758589617420841,0.2758589617420841,0.2758589617420841,0.2758589617420841,-0.5337050924408612,-0.5337050924408612,-0.5337050924408612,-0.5337050924408612,1.0
26150,83.16040839200014,1.7096534453667847,0.4425168572677249,-0.14688155055046082,0.13901519775390625,0.9891590071468491,0.048198386774836184,0.012575000189244748,-0.00856459669827018,-0.14688155055046082,-0.13901519775390625,6.32918119430542,0.4099111557006836,0.012575000189244748,-0.00856459669827018,0.7204944382199355,-0.4907152440425611,-0.14688155055046082,-0.13901519775390625,6.32918119430542,0.4099111557006836,0.1529689385759276,0.46337861724346097,165.7586551746411,5.609558308375796,-0.0013233473765074516,0.02345101233290169,-0.5,0.297700980595195,-0.5013233473765074,0.3211519929280967,0.3483544088005798,0.7845306101715577,0.3483544088005798,0.3483544088005798,0.3483544088005798,0.3483544088005798,0.8716192123717026,0.8716192123717026,0.8716192123717026,0.8716192123717026,1.0
26200,83.31054896400019,0.5692544324118964,0.5380149614172565,0.02444654144346714,-0.14571669697761536,0.9891590071468491,0.048198386774836184,-0.007328717373311519,-0.010231353045091963,0.02444654144346714,0.14571669697761536,-5.294279098510742,0.8022975325584412,-0.007328717373311519,-0.010231353045091963,-0.41990457473495263,-0.5862133481920926,0.02444654144346714,0.14571669697761536,-5.294279098510742,0.8022975325584412,0.20625883639897802,0.013459913700289344,165.76725779611064,5.609486102058549,0.0007712210127269229,0.02801502867854141,0.5,-0.29823998188459117,0.500771221012727,-0.2702249532060498,-0.707030057411705,-0.25676503950576046,-0.707030057411705,-0.707030057411705,-0.707030057411705,-0.707030057411705,-0.4335225538586867,-0.4335225538586867,-0.4335225538586867,-0.4335225538586867,1.0
26250,83.46270308400017,1.5286786186840111,-0.44898429935978645,0.07138749212026596,0.015110474079847336,0.9891590071468491,0.048198386774836184,0.009416393600404263,0.00699503377021756,0.07138749212026596,-0.015110474079847336,-0.9512986540794373,-0.04581359028816223,0.009416393600404263,0.00699503377021756,0.5395196115371621,0.4007859125849503,0.07138749212026596,-0.015110474079847336,-0.9512986540794373,-0.04581359028816223,-0.26801557259231773,-0.04302161291706846,165.76437775554888,5.6096145967663515,-0.0009909243460083205,-0.019153224682725067,0.49999999999999994,0.08799998604974309,0.4990090756539916,0.06884676136701802,-0.23099350306167388,0.025825148449949563,-0.23099350306167388,-0.23099350306167388,-0.23099350306167388,-0.23099350306167388,-0.031923227315468906,-0.031923227315468906,-0.031923227315468906,-0.031923227315468906,1.0
26300,83.61073448200023,1.7141192151452094,-0.3955966059600578,-0.08795005083084106,0.02037331461906433,0.9891590071468491,0.048198386774836184,0.012652942575514317,0.00606324274034705,-0.08795005083084106,-0.02037331461906433,-5.651113033294678,0.24105533957481384,0.012652942575514317,0.00606324274034705,0.7249602079983603,0.3473982191852216,-0.08795005083084106,-0.02037331461906433,-5.651113033294678,0.24105533957481384,0.0009294203573033677,-0.037012179711778836,165.75849318151023,5.609642641190722,-0.0013315506152519272,-0.016601821986343322,0.5,0.11589576660519002,0.4986684493847481,0.09929394461884669,-0.49959786974205145,0.062281764907067855,-0.49959786974205145,-0.49959786974205145,-0.49959786974205145,-0.49959786974205145,-0.06261770252844501,-0.06261770252844501,-0.06261770252844501,-0.06261770252844501,1.0
26350,83.76350134200038,1.4170823989909942,-0.49919750226019305,-0.0010859828907996416,-0.03141726925969124,0.9891590071468491,0.048198386774836184,0.007468672133982182,0.007871419488801622,-0.0010859828907996416,0.03141726925969124,-2.7310245037078857,0.5144898891448975,0.007468672133982182,0.007871419488801622,0.42792339184414513,0.45099911548535687,-0.0010859828907996416,0.03141726925969124,-2.7310245037078857,0.5144898891448975,-0.08696844046308216,-0.10763070420464182,165.76708717946465,5.609584567557255,-0.0007859493733847033,-0.021552940368776443,0.5,-0.16707354981487413,0.4992140506266153,-0.18862649018365057,-0.4122456101635331,-0.2962571943882924,-0.4122456101635331,-0.4122456101635331,-0.4122456101635331,-0.4122456101635331,-0.3993185969291757,-0.3993185969291757,-0.3993185969291757,-0.3993185969291757,1.0
26400,83.91747890399984,1.443519393225469,-0.6732925141797653,0.003498496487736702,-0.033715277910232544,0.9891590071468491,0.048198386774836184,0.007930084727704526,0.010909950658096933,0.003498496487736702,0.033715277910232544,-2.463575839996338,0.07985267788171768,0.007930084727704526,0.010909950658096933,0.45436038607861995,0.6250941274049292,0.003498496487736702,0.033715277910232544,-2.463575839996338,0.07985267788171768,-0.10714002346840187,-0.17261764863225276,165.76650181899262,5.609453036090468,-0.0008345070768971561,-0.02987323866800848,0.5,-0.1763414819814493,0.49916549292310286,-0.20621472064945778,-0.39202546945470096,-0.37883236928171055,-0.39202546945470096,-0.39202546945470096,-0.39202546945470096,-0.39202546945470096,-0.4768387366453858,-0.4768387366453858,-0.4768387366453858,-0.4768387366453858,1.0
26450,84.05297610900016,1.2549830135229625,-0.5816053887828365,-0.21148917078971863,0.1524743139743805,0.9891590071468491,0.048198386774836184,0.00463950414210558,0.00930970843823161,-0.21148917078971863,-0.1524743139743805,-9.043859481811523,-1.8637489080429077,0.00463950414210558,0.00930970843823161,0.2658240063761135,0.5334070020080004,-0.21148917078971863,-0.1524743139743805,-9.043859481811523,-1.8637489080429077,0.3704783697511487,0.2172420565604562,165.76990937600058,5.609527611793253,-0.0004882225443644138,-0.025491310937260443,0.5,0.29865591371584765,0.4995117774556356,0.27316460277858723,-0.8699901472067842,0.4904066593390434,-0.8699901472067842,-0.8699901472067842,-0.8699901472067842,-0.8699901472067842,0.27290912253734734,0.27290912253734734,0.27290912253734734,0.27290912253734734,1.0
26500,84.19350484200004,0.8853492906194455,-1.0527796387346722,0.017606349661946297,-0.14283619821071625,0.9891590071468491,0.048198386774836184,-0.0018118213489651674,0.017533250450505876,0.017606349661946297,0.14283619821071625,2.2431373596191406,-0.839561402797699,-0.0018118213489651674,0.017533250450505876,-0.10380971652740362,1.004581251959836,0.017606349661946297,0.14283619821071625,2.2431373596191406,-0.839561402797699,-0.04087303220667158,-0.48043650144547917,165.77141228029922,5.6090188432107135,0.00019065974975162808,-0.0480111313359149,-0.5,-0.29802575530230246,-0.49980934025024837,-0.34603688663821736,0.54068237245692,-0.8264733880836965,0.54068237245692,0.54068237245692,0.54068237245692,0.54068237245692,-0.6913027949694666,-0.6913027949694666,-0.6913027949694666,-0.6913027949694666,1.0
26550,84.35158078099994,0.3709848730595631,-0.46539116079809756,-0.11165060102939606,0.019545242190361023,0.9891590071468491,0.048198386774836184,-0.010789173990488052,0.007281387522234581,-0.11165060102939606,-0.019545242190361023,2.121863842010498,0.9270762801170349,-0.010789173990488052,0.007281387522234581,-0.6181741340872859,0.4171927740232614,-0.11165060102939606,-0.019545242190361023,2.121863842010498,0.9270762801170349,0.4022320877435314,-0.018652842733512906,165.76209259203785,5.609605174317485,0.0011353978598915677,-0.019937314819027635,-0.5,0.1116420071588291,-0.4988646021401084,0.09170469233980147,0.096632514396577,0.07305184960628856,0.096632514396577,0.096632514396577,0.096632514396577,0.096632514396577,0.09720997820543281,0.09720997820543281,0.09720997820543281,0.09720997820543281,1.0
26600,84.50425244600046,-0.09581739548290982,-0.4346548292853642,0.0006201877258718014,0.0072210729122161865,0.9891590071468491,0.048198386774836184,-0.018936410532332956,0.006744937337352895,0.0006201877258718014,-0.0072210729122161865,1.092609167098999,0.6956857442855835,-0.018936410532332956,0.006744937337352895,-1.0849764026297588,0.386456442510528,0.0006201877258718014,-0.0072210729122161865,1.092609167098999,0.6956857442855835,0.3170149359612752,-0.05159453281967585,165.74214106599413,5.609622516948057,0.001992931083176911,-0.018468415754185407,-0.5,0.04302770169702431,-0.4980070689168231,0.0245592859428389,0.1809921329555479,-0.027035246876836946,0.1809921329555479,0.1809921329555479,0.1809921329555479,0.1809921329555479,0.018212786362050027,0.018212786362050027,0.018212786362050027,0.018212786362050027,1.0
26650,84.64235371900031,-0.021574639927259602,-0.27264965240311106,0.022045599296689034,-0.009730557911098003,0.9891590071468491,0.048198386774836184,-0.017640630002133548,0.003917413595481776,0.022045599296689034,0.009730557911098003,1.5949342250823975,1.3082133531570435,-0.017640630002133548,0.003917413595481776,-1.0107336470741086,0.2244512656282749,0.022045599296689034,0.009730557911098003,1.5949342250823975,1.3082133531570435,0.24627470196072532,-0.04227652050027181,165.7460455923134,5.609692003742378,0.0018565297429586616,-0.010726250918935601,-0.5,-0.057657284282010494,-0.49814347025704137,-0.06838353520094609,0.25186876829631605,-0.1106600557012179,0.25186876829631605,0.25186876829631605,0.25186876829631605,0.25186876829631605,-0.047692863627138884,-0.047692863627138884,-0.047692863627138884,-0.047692863627138884,1.0
26700,84.75951309700031,0.14445537933587557,-0.2114201014234144,0.014130799099802971,0.0035780370235443115,0.9891590071468491,0.048198386774836184,-0.01474285950884223,0.0028487563313683495,0.014130799099802971,-0.0035780370235443115,1.400482416152954,2.0118303298950195,-0.01474285950884223,0.0028487563313683495,-0.8447036278109735,0.16322171464857824,0.014130799099802971,-0.0035780370235443115,1.400482416152954,2.0118303298950195,0.20518189607399787,0.02280542227016434,165.7537763325937,5.609708669526016,0.001551515375415812,-0.0078001519412864056,-0.5,0.02143165122761335,-0.4984484846245842,0.013631499286326947,0.2932665885505863,0.03643692155649129,0.2932665885505863,0.2932665885505863,0.2932665885505863,0.2932665885505863,0.10975356869413785,0.10975356869413785,0.10975356869413785,0.10975356869413785,1.0
26750,84.91909867300001,0.25395798596572494,-0.1625469229412262,0.004531170707195997,-0.021020272746682167,0.9891590071468491,0.048198386774836184,-0.012831678483635187,0.00199575845093932,0.004531170707195997,0.021020272746682167,0.8601173758506775,1.2762846946716309,-0.012831678483635187,0.00199575845093932,-0.7352010211811242,0.11434853616639,0.004531170707195997,0.021020272746682167,0.8601173758506775,1.2762846946716309,0.20932919882911857,-0.02541752567262046,165.75811792276707,5.609718194044859,0.0013503621775901849,-0.00546456124541209,-0.49999999999999883,-0.11918158530130088,-0.4986496378224087,-0.12464614654671297,0.2893204389932901,-0.15006367221933342,0.2893204389932901,0.2893204389932901,0.2893204389932901,0.2893204389932901,-0.0777335624710109,-0.0777335624710109,-0.0777335624710109,-0.0777335624710109,1.0
26800,85.07175454700064,0.3567245586504872,-0.1797055854359147,0.007534883916378021,0.012113169766962528,0.9891590071468491,0.048198386774836184,-0.011038063429296016,0.0022952336067100986,0.007534883916378021,-0.012113169766962528,1.3271485567092896,1.6508991718292236,-0.011038063429296016,0.0022952336067100986,-0.6324344484963619,0.13150719866107852,0.007534883916378021,-0.012113169766962528,1.3271485567092896,1.6508991718292236,0.17265110577241888,0.038060230323162525,165.76164503416638,5.609715232192398,0.001161591804585902,-0.006284552394835029,-0.5,0.07128974351089046,-0.4988384081954141,0.06500519111605543,0.3261873024229952,0.10306542143921796,0.3261873024229952,0.3261873024229952,0.3261873024229952,0.3261873024229952,0.18461224704496676,0.18461224704496676,0.18461224704496676,0.18461224704496676,1.0
26850,85.22482426100032,0.3914847253580044,-0.06345491198865143,-0.027895916253328323,-0.004297987557947636,0.9891590071468491,0.048198386774836184,-0.010431384071707725,0.0002662765973946079,-0.027895916253328323,0.004297987557947636,0.8538945913314819,0.9237033128738403,-0.010431384071707725,0.0002662765973946079,-0.5976742817888447,0.015256525213815247,-0.027895916253328323,0.004297987557947636,0.8538945913314819,0.9237033128738403,0.23575171329919836,0.023309771659804992,165.76271809494241,5.609727211010987,0.0010977431132599455,-0.0007290879233773249,-0.49999999999999856,-0.025724596181123074,-0.4989022568867386,-0.0264536841045004,0.26315054358754025,-0.0031439124446954077,0.26315054358754025,0.26315054358754025,0.26315054358754025,0.26315054358754025,0.06264372345218966,0.06264372345218966,0.06264372345218966,0.06264372345218966,1.0
26900,85.38137332800034,-0.03995381854001105,-0.221284762214764,-0.12438410520553589,-0.02318287268280983,0.9891590071468491,0.048198386774836184,-0.017961407182738184,0.003020927141769789,-0.12438410520553589,0.02318287268280983,-13.811216354370117,4.241087913513184,-0.017961407182738184,0.003020927141769789,-1.0291128256868602,0.17308637543992783,-0.12438410520553589,0.02318287268280983,-13.811216354370117,4.241087913513184,0.5389435134962153,-0.03271802483297408,165.74510476924326,5.609706340261409,0.001890296007933754,-0.008271573200260137,0.5,-0.12991813261533816,0.5018902960079338,-0.1381897058155983,-1.0408338095041492,-0.1709077306485724,-1.0408338095041492,-1.0408338095041492,-1.0408338095041492,-1.0408338095041492,-0.4311161830246097,-0.4311161830246097,-0.4311161830246097,-0.4311161830246097,1.0
26950,85.43594566400043,-0.30338486333793374,-0.4212014910545547,0.08833271265029907,-0.2682899832725525,0.9891590071468491,0.048198386774836184,-0.022559146266430616,0.00651013228984084,0.08833271265029907,0.2682899832725525,-6.118076801300049,-1.8729429244995117,-0.022559146266430616,0.00651013228984084,-1.292543870484783,0.3730031042797185,0.08833271265029907,0.2682899832725525,-6.118076801300049,-1.8729429244995117,0.34319329848847413,-0.49461673557605035,165.7297571089693,5.60962969045474,0.0023743178093273763,-0.017825478925450052,0.5,-0.2999868940836259,0.5023743178093274,-0.31781237300907594,-0.8455676162978015,-0.8124291085851263,-0.8455676162978015,-0.8455676162978015,-0.8455676162978015,-0.8455676162978015,-1.0238210126595766,-1.0238210126595766,-1.0238210126595766,-1.0238210126595766,1.0
27000,85.51215531800062,0.462328728089846,-1.0700971564884163,0.16406159102916718,-0.0775764063000679,0.9891590071468491,0.048198386774836184,-0.009194922968745231,0.017835498153581285,0.16406159102916718,0.0775764063000679,-6.193016052246094,-0.012745339423418045,-0.009194922968745231,0.017835498153581285,-0.5268302790570031,1.0218987697135802,0.16406159102916718,0.0775764063000679,-6.193016052246094,-0.012745339423418045,-0.19584249894907305,-0.45033313883187964,165.76471733355424,5.608994205218682,0.0009676167979063953,-0.04883890082974576,0.5,-0.27421118194026717,0.5009676167979064,-0.3230500827700129,-0.30512511784883334,-0.7733832216018925,-0.30512511784883334,-0.30512511784883334,-0.30512511784883334,-0.30512511784883334,-0.8496645010641009,-0.8496645010641009,-0.8496645010641009,-0.8496645010641009,1.0
27050,85.67320652099988,1.5720761465663913,-1.1633351083529084,0.09657074511051178,0.005590274930000305,0.9891590071468491,0.048198386774836184,0.010173823349177838,0.01946280740143266,0.09657074511051178,-0.005590274930000305,-1.5854572057724,0.2771848142147064,0.010173823349177838,0.01946280740143266,0.5829171394195422,1.1151367215780723,0.09657074511051178,-0.005590274930000305,-1.5854572057724,0.2771848142147064,-0.3033185239680855,-0.26132011836232066,165.76315531645517,5.608854317618904,-0.001070636922307682,-0.05329574779874211,0.5,0.03340258277605976,0.4989293630776923,-0.019893165022682353,-0.1956108391096068,-0.281213283385003,-0.1956108391096068,-0.1956108391096068,-0.1956108391096068,-0.1956108391096068,-0.3301159931624047,-0.3301159931624047,-0.3301159931624047,-0.3301159931624047,1.0
27100,85.82564418099992,1.8676426577800553,-0.905404647013307,-0.009628217667341232,-0.026180865243077278,0.9891590071468491,0.048198386774836184,0.015332432128489018,0.014961071609868669,-0.009628217667341232,0.026180865243077278,-3.3302879333496094,2.040294885635376,0.015332432128489018,0.014961071609868669,0.8784836506332063,0.8572062602384708,-0.009628217667341232,0.026180865243077278,-3.3302879333496094,2.040294885635376,-0.17446813766315067,-0.23358815424256008,165.752315557483,5.609211477972806,-0.0016135705234699466,-0.040966922462671446,0.5,-0.14414610892098068,0.49838642947653006,-0.18511303138365212,-0.3239182918133794,-0.41870118562621217,-0.3239182918133794,-0.3239182918133794,-0.3239182918133794,-0.3239182918133794,-0.499680758579557,-0.499680758579557,-0.499680758579557,-0.499680758579557,1.0
27150,86.00714868600062,2.0885956488919715,-0.6723265760207375,-0.13635829091072083,0.3796844482421875,0.9891590071468491,0.048198386774836184,0.019188789315521725,0.010893091856851243,-0.13635829091072083,-0.3796844482421875,5.6183037757873535,0.35293033719062805,0.019188789315521725,0.010893091856851243,1.0994366417451227,0.6241281892459013,-0.13635829091072083,-0.3796844482421875,5.6183037757873535,0.35293033719062805,-0.015072807496502971,0.48773310545058113,165.74134839813607,5.609453883279717,-0.002019498688807754,-0.029827073820885737,-0.5,0.2999998478203045,-0.5020194986888078,0.27017277399941875,0.5170923061853108,0.7579058794499999,0.5170923061853108,0.5170923061853108,0.5170923061853108,0.5170923061853108,0.8871789559963276,0.8871789559963276,0.8871789559963276,0.8871789559963276,1.0
27200,86.17934406299992,0.6749296785073057,0.3109329694227383,-0.03497753664851189,0.004303295630961657,0.9891590071468491,0.048198386774836184,-0.005484336391091346,-0.006268024612800218,-0.03497753664851189,-0.004303295630961657,2.4482600688934326,0.5694429874420166,-0.005484336391091346,-0.006268024612800218,-0.3142293286395434,-0.3591313561975745,-0.03497753664851189,-0.004303295630961657,2.4482600688934326,0.5694429874420166,0.19522681741973158,0.13594181918237672,165.76920473729876,5.609636820939685,0.0005771272424264299,0.01716254774144497,-0.5,0.02575621015509642,-0.4994228727575736,0.04291875789654139,0.304196055337842,0.17886057707891811,0.304196055337842,0.304196055337842,0.304196055337842,0.304196055337842,0.2549095909133786,0.2549095909133786,0.2549095909133786,0.2549095909133786,1.0
27250,86.33123811600035,0.8638238960892974,0.3640675989776327,0.010546620935201645,-0.007753648329526186,0.9891590071468491,0.048198386774836184,-0.0021875103563070274,-0.007195398845360614,0.010546620935201645,0.007753648329526186,0.7785646319389343,0.7700794339179993,-0.0021875103563070274,-0.007195398845360614,-0.1253351110575516,-0.41226598575246887,0.010546620935201645,0.007753648329526186,0.7785646319389343,0.7700794339179993,0.037352539773230733,0.12256419520675477,165.7712884952473,5.609608043478262,0.00023019398923877332,0.01970186148994864,-0.49999999999997014,-0.046152528819863044,-0.49976980601073134,-0.026450667329914405,0.4624172662375006,0.09611352787684035,0.4624172662375006,0.4624172662375006,0.4624172662375006,0.4624172662375006,0.2117178444362155,0.2117178444362155,0.2117178444362155,0.2117178444362155,1.0
27300,86.38627338400056,0.9048278161935582,0.32895941278756224,0.0007908358238637447,0.0014856330817565322,0.9891590071468491,0.048198386774836184,-0.0014718569442629809,-0.006582645401940681,0.0007908358238637447,-0.0014856330817565322,1.1336933374404907,0.610486626625061,-0.0014718569442629809,-0.006582645401940681,-0.08433119095329085,-0.3771577995623984,0.0007908358238637447,-0.0014856330817565322,1.1336933374404907,0.610486626625061,0.04813110952418913,0.13343776918946254,165.77150425035157,5.609627502237265,0.00015488490261201949,0.01802403221114203,-0.5,0.008911176257203515,-0.499845115097388,0.026935208468345545,0.45171400557319885,0.16037297765780809,0.45171400557319885,0.45171400557319885,0.45171400557319885,0.45171400557319885,0.2733014790511078,0.2733014790511078,0.2733014790511078,0.2733014790511078,1.0
27350,86.44212336700002,0.882359055145155,0.31905750612089495,-0.05716167390346527,0.007258014287799597,0.9891590071468491,0.048198386774836184,-0.0018640108034014696,-0.006409824528382161,-0.05716167390346527,-0.007258014287799597,0.8991836309432983,0.2977059781551361,-0.0018640108034014696,-0.006409824528382161,-0.10679995200169405,-0.3672558928957312,-0.05716167390346527,-0.007258014287799597,0.8991836309432983,0.2977059781551361,0.15252707213865774,0.13485849413105433,165.77139647543513,5.609632677472642,0.00019615171000955534,0.017550819368738146,-0.4999999999999998,0.04324476740000094,-0.49980384828999025,0.060795586768739085,0.3472767761513325,0.19565408089979341,0.3472767761513325,0.3472767761513325,0.3472767761513325,0.3472767761513325,0.28247327493762653,0.28247327493762653,0.28247327493762653,0.28247327493762653,1.0
27400,86.49880847199984,0.8201957426007236,0.3009348264578826,-0.039877112954854965,-0.008352725766599178,0.9891590071468491,0.048198386774836184,-0.002948965281248092,-0.006093524098978379,-0.039877112954854965,0.008352725766599178,-10.393167495727539,0.6587721109390259,-0.002948965281248092,-0.006093524098978379,-0.16896326454612548,-0.34913321323271884,-0.039877112954854965,0.008352725766599178,-10.393167495727539,0.6587721109390259,0.13583627801156326,0.12540110617180206,165.77096626854558,5.609641792721652,0.00031032308362448856,0.016684737159200807,0.5,-0.049655298074854005,0.5003103230836244,-0.0329705609156532,-0.6361466010951877,0.09243054525614885,-0.6361466010951877,-0.6361466010951877,-0.6361466010951877,-0.6361466010951877,-0.06660610501764808,-0.06660610501764808,-0.06660610501764808,-0.06660610501764808,1.0
27450,86.63484054299988,1.2891494340203646,-0.31214748911495765,0.08972954005002975,-0.05299883335828781,0.9891590071468491,0.048198386774836184,0.005235820673406125,0.004606780893518589,0.08972954005002975,0.05299883335828781,-2.987372636795044,-0.37474820017814636,0.005235820673406125,0.004606780893518589,0.2999904268735155,0.2639491023401215,0.08972954005002975,0.05299883335828781,-2.987372636795044,-0.37474820017814636,-0.2229729121716571,-0.16419757534661344,165.769424222635,5.60967845971104,-0.0005509749717046368,-0.012613822231754668,0.5,-0.23569647859017162,0.49944902502829536,-0.2483103008219263,-0.27647611285663826,-0.41250787616853973,-0.27647611285663826,-0.27647611285663826,-0.27647611285663826,-0.27647611285663826,-0.4816269043826993,-0.4816269043826993,-0.4816269043826993,-0.4816269043826993,1.0
27500,86.78891219400066,1.6970139668642645,-0.34142079944355963,0.0392216295003891,0.03390657529234886,0.9891590071468491,0.048198386774836184,0.012354399673640729,0.0051176965417107576,0.0392216295003891,-0.03390657529234886,-3.5257482528686523,-0.13724301755428314,0.012354399673640729,0.0051176965417107576,0.7078549597174154,0.29322241266872345,0.0392216295003891,-0.03390657529234886,-3.5257482528686523,-0.13724301755428314,-0.23237800733963854,-0.031964009242797416,165.7591082387728,5.60966700829991,-0.0013001298170233482,-0.014012776867092857,0.5,0.1770910007309258,0.4986998701829767,0.16307822386383294,-0.26632186284333814,0.13111421462103554,-0.26632186284333814,-0.26632186284333814,-0.26632186284333814,-0.26632186284333814,0.064533748910201,0.064533748910201,0.064533748910201,0.064533748910201,1.0
27550,86.93924381499983,1.96296840637475,-0.3650979436860997,0.049177732318639755,-0.035075366497039795,0.9891590071468491,0.048198386774836184,0.016996180303394795,0.0055309406662127,0.049177732318639755,0.035075366497039795,10.233424186706543,-3.4834272861480713,0.016996180303394795,0.0055309406662127,0.9738093992279008,0.31689955691126354,0.049177732318639755,0.035075366497039795,10.233424186706543,-3.4834272861480713,-0.2902981842246825,-0.074525244027229,165.74788449090528,5.609656865825763,-0.0017886935761500216,-0.015144297845010122,-0.5,-0.18159710027494239,-0.50178869357615,-0.1967413981199525,0.7920868778008325,-0.2712666421471815,0.7920868778008325,0.7920868778008325,0.7920868778008325,0.7920868778008325,-0.07324492269697336,-0.07324492269697336,-0.07324492269697336,-0.07324492269697336,1.0
27600,87.09449719300028,0.8031344636625607,0.21712137504945778,-0.1061946228146553,-0.016371676698327065,0.9891590071468491,0.048198386774836184,-0.0032467407733201975,-0.004630703414441086,-0.1061946228146553,0.016371676698327065,-10.66158676147461,1.5923885107040405,-0.0032467407733201975,-0.004630703414441086,-0.18602454348428843,-0.26531976182429395,-0.1061946228146553,0.016371676698327065,-10.66158676147461,1.5923885107040405,0.34516292958594313,0.1053851602910923,165.77081427272682,5.609677950375058,0.0003416585569595117,0.012679325146996961,0.5,-0.09486384338838418,0.5003416585569596,-0.08218451824138721,-0.8455045881429026,0.02320064204970508,-0.8455045881429026,-0.8455045881429026,-0.8455045881429026,-0.8455045881429026,-0.1881755049860206,-0.1881755049860206,-0.1881755049860206,-0.1881755049860206,1.0
27650,87.25249620900013,1.4550569701157958,-0.7090345205804719,0.24833887815475464,-0.0046598417684435844,0.9891590071468491,0.048198386774836184,0.008131453432142735,0.011533766351058149,0.24833887815475464,0.0046598417684435844,11.185564994812012,-0.3490544557571411,0.008131453432142735,0.011533766351058149,0.46589796296894664,0.6608361338056358,0.24833887815475464,0.0046598417684435844,11.185564994812012,-0.3490544557571411,-0.5898272042925422,-0.1748886377596191,165.7662353620612,5.609420766964422,-0.0008556986359304182,-0.031581456582651345,-0.5,-0.027878383347667127,-0.5008556986359304,-0.059459839930318475,1.0906829029284726,-0.23434847768993758,1.0906829029284726,1.0906829029284726,1.0906829029284726,1.0906829029284726,0.03832224804218057,0.03832224804218057,0.03832224804218057,0.03832224804218057,1.0
27700,87.35689916800038,1.8364626307755356,0.22283135983473554,-0.12341587990522385,0.08959697932004929,0.9891590071468491,0.048198386774836184,0.014788237996399403,-0.004730361449182965,-0.12341587990522385,-0.08959697932004929,6.817990779876709,1.5666362047195435,0.014788237996399403,-0.004730361449182965,0.8473036236286865,-0.27102974660957174,-0.12341587990522385,-0.08959697932004929,6.817990779876709,1.5666362047195435,-0.029986170035939036,0.37235491158545164,165.7536659332721,5.609675800163297,-0.0015562916251243891,0.012952201679356873,-0.5,0.28378946657141446,-0.5015562916251244,0.2967416682507713,0.5315424616610634,0.669096579836223,0.5315424616610634,0.5315424616610634,0.5315424616610634,0.5315424616610634,0.8019821952514888,0.8019821952514888,0.8019821952514888,0.8019821952514888,1.0
27750,87.53943092999998,0.7578612484402187,0.4376293233080518,0.0072781359776854515,-0.009880545549094677,0.9891590071468491,0.048198386774836184,-0.004036907441914081,-0.008479293138370848,0.0072781359776854515,0.009880545549094677,3.269268274307251,-0.17405231297016144,-0.004036907441914081,-0.008479293138370848,-0.23129775870663036,-0.48582771008288794,0.0072781359776854515,0.009880545549094677,3.269268274307251,-0.17405231297016144,0.07858678958959711,0.14264865563902496,165.77034011888026,5.609561659386869,0.0004248095827604903,0.02321743152250602,-0.5,-0.05852346725086428,-0.4995751904172395,-0.03530603572835826,0.42098840082764244,0.1073426199106667,0.42098840082764244,0.42098840082764244,0.42098840082764244,0.42098840082764244,0.21258972011757732,0.21258972011757732,0.21258972011757732,0.21258972011757732,1.0
27800,87.73362291900048,0.8761215449681996,0.5070705225782492,0.03198830410838127,0.008750963024795055,0.9891590071468491,0.048198386774836184,-0.0019728758931159968,-0.00969127070216928,0.03198830410838127,-0.008750963024795055,3.019221782684326,-0.0231877863407135,-0.0019728758931159968,-0.00969127070216928,-0.11303746217864952,-0.5552689093530855,0.03198830410838127,-0.008750963024795055,3.019221782684326,-0.0231877863407135,-0.013652145233184768,0.19313251843913387,165.77136206264194,5.609510901652503,0.00020760772027663364,0.026536129878339917,-0.5,0.05197615207579608,-0.4997923922797234,0.078512281954136,0.5134445375129082,0.2716448003932699,0.5134445375129082,0.5134445375129082,0.5134445375129082,0.5134445375129082,0.40000593477149693,0.40000593477149693,0.40000593477149693,0.40000593477149693,1.0
27850,87.95747366100022,0.8829072845477544,0.5826739932228261,-0.028458276763558388,0.009461084380745888,0.9891590071468491,0.048198386774836184,-0.0018544423952698702,-0.011010800190852023,-0.028458276763558388,-0.009461084380745888,1.6283447742462158,-0.4457188546657562,-0.0018544423952698702,-0.011010800190852023,-0.10625172259909474,-0.6308723799976622,-0.028458276763558388,-0.009461084380745888,1.6283447742462158,-0.4457188546657562,0.12186717621895181,0.20841133052795266,165.7713994066951,5.60944794083614,0.00019514481461566143,0.03014939754702405,-0.5,0.056098565504404965,-0.4998048551853843,0.08624796305142901,0.3779376789664325,0.2946592935793817,0.3779376789664325,0.3779376789664325,0.3779376789664325,0.3779376789664325,0.38914371332098985,0.38914371332098985,0.38914371332098985,0.38914371332098985,1.0
27900,88.16442944099981,0.7005951815306865,0.7186341913763661,-0.02901723049581051,0.0025422535836696625,0.9891590071468491,0.048198386774836184,-0.005036388859152793,-0.01338375330029521,-0.02901723049581051,-0.0025422535836696625,-6.894381999969482,-0.0970015823841095,-0.005036388859152793,-0.01338375330029521,-0.2885638256161627,-0.7668325781512022,-0.02901723049581051,-0.0025422535836696625,-6.894381999969482,-0.0970015823841095,0.15961743793007516,0.2570140177884904,165.76959299797082,5.609314522228204,0.0005299880390242149,0.036647454898845175,0.5,0.015240390504167528,0.5005299880390243,0.0518878454030127,-0.6601474259690994,0.30890186319150315,-0.6601474259690994,-0.6601474259690994,-0.6601474259690994,-0.6601474259690994,0.1438650066992283,0.1438650066992283,0.1438650066992283,0.1438650066992283,1.0
27950,88.32864623000023,1.4046144222696648,-0.20848178605898668,0.1568312644958496,-0.06316106766462326,0.9891590071468491,0.048198386774836184,0.007251064889132977,0.0027974730537971486,0.1568312644958496,0.06316106766462326,-1.4333934783935547,0.07930140197277069,0.007251064889132977,0.0027974730537971486,0.41545541512281575,0.1602833992841505,0.1568312644958496,0.06316106766462326,-1.4333934783935547,0.07930140197277069,-0.38599590453824045,-0.15692620766070595,165.76735106893477,5.609709336914888,-0.0007630491436537845,-0.007659733157251667,0.5,-0.25558493189873127,0.49923695085634623,-0.26324466505598293,-0.11324104631810578,-0.42017087271668885,-0.11324104631810578,-0.11324104631810578,-0.11324104631810578,-0.11324104631810578,-0.4484811342962153,-0.4484811342962153,-0.4484811342962153,-0.4484811342962153,1.0
28000,88.48293797899987,1.4191045618721412,0.22186224670496066,-0.1888846457004547,0.05195239186286926,0.9891590071468491,0.048198386774836184,0.00750396553426981,-0.004713447234244087,-0.1888846457004547,-0.05195239186286926,3.5571351051330566,0.38806039094924927,0.00750396553426981,-0.004713447234244087,0.42994555472529206,-0.27006063347979686,-0.1888846457004547,-0.05195239186286926,3.5571351051330566,0.38806039094924927,0.2817395316783442,0.19273506418018582,165.76704364428494,5.609676168328431,-0.0007896635349956484,0.012905888367593423,-0.5,0.23325353648902253,-0.5007896635349957,0.24615942485661596,0.21905013185665145,0.4388944890368018,0.21905013185665145,0.21905013185665145,0.21905013185665145,0.21905013185665145,0.4936570220009646,0.4936570220009646,0.4936570220009646,0.4936570220009646,1.0
28050,88.54631148899989,0.943287650914548,0.26197201233754486,-0.07618947327136993,-0.03060995601117611,0.9891590071468491,0.048198386774836184,-0.0008006061986088747,-0.005413494706735946,-0.07618947327136993,0.03060995601117611,3.039159059524536,0.08244720101356506,-0.0008006061986088747,-0.005413494706735946,-0.04587135623230108,-0.31017039911238103,-0.07618947327136993,0.03060995601117611,3.039159059524536,0.08244720101356506,0.18859313337144737,0.0579707306502249,165.77162992107318,5.609659828436001,8.424850737394095e-05,0.014822713790382382,-0.5,-0.1637019790387446,-0.49991575149262607,-0.1488792652483622,0.3113226181211787,-0.0909085345981373,0.3113226181211787,0.3113226181211787,0.3113226181211787,0.3113226181211787,-0.013077880067842634,-0.013077880067842634,-0.013077880067842634,-0.013077880067842634,1.0
28100,88.68163927800015,0.6677315128957585,0.32145298152886537,0.0046379538252949715,-0.004107297398149967,0.9891590071468491,0.048198386774836184,-0.005609968081116676,-0.006451633461401799,0.0046379538252949715,0.004107297398149967,2.3155100345611572,-0.03720565140247345,-0.005609968081116676,-0.006451633461401799,-0.3214274942510906,-0.3696513683037016,0.0046379538252949715,0.004107297398149967,2.3155100345611572,-0.03720565140247345,0.10817003312516346,0.13583257004460447,165.7690899088134,5.609631438101043,0.0005903479780416469,0.017665299242129267,-0.5,-0.024588501871180505,-0.49940965202195836,-0.006923202629051238,0.3912396188967949,0.12890936741555323,0.3912396188967949,0.3912396188967949,0.3912396188967949,0.3912396188967949,0.22671927213975196,0.22671927213975196,0.22671927213975196,0.22671927213975196,1.0
28150,88.8558604939999,1.0850693580359074,0.46190712399115635,0.03311914578080177,-9.436043910682201e-05,0.9891590071468491,0.048198386774836184,0.0016739514097571379,-0.008903020695433951,0.03311914578080177,9.436043910682201e-05,1.9334200620651245,-0.016156019642949104,0.0016739514097571379,-0.008903020695433951,0.09591035088905829,-0.5101055107659925,0.03311914578080177,9.436043910682201e-05,1.9334200620651245,-0.016156019642949104,-0.07731447495529714,0.17783702008090507,165.77145187353688,5.609544683437514,-0.00017615153193699246,0.024377697735595092,-0.5,-0.0005661619625017271,-0.500176151531937,0.023811535773093365,0.5774906264872341,0.20164855585399843,0.5774906264872341,0.5774906264872341,0.5774906264872341,0.5774906264872341,0.34602121247580697,0.34602121247580697,0.34602121247580697,0.34602121247580697,1.0
28200,89.06129395600055,1.11271262771083,0.7684608482584323,-0.021085860207676888,0.02204297110438347,0.9891590071468491,0.048198386774836184,0.002156417481601239,-0.01425339251814876,-0.021085860207676888,-0.02204297110438347,3.412309408187866,-0.2538185119628906,0.002156417481601239,-0.01425339251814876,0.12355362056398084,-0.8166592350332685,-0.021085860207676888,-0.02204297110438347,3.412309408187866,-0.2538185119628906,0.025058547923290778,0.29183317431884,165.771299622699,5.609259128101885,-0.00022692204358093902,0.03902893409428744,-0.5,0.12430696870286537,-0.500226922043581,0.16333590279715282,0.4751683741202902,0.4551690771159928,0.4751683741202902,0.4751683741202902,0.4751683741202902,0.4751683741202902,0.5739611706460653,0.5739611706460653,0.5739611706460653,0.5739611706460653,1.0
28250,89.21252508399994,0.9170642068133419,1.1137236024296977,0.004988265689462423,0.038155339658260345,0.9891590071468491,0.048198386774836184,-0.001258291639387607,-0.020279364362941126,0.004988265689462423,-0.038155339658260345,3.8439571857452393,-0.6060421466827393,-0.001258291639387607,-0.020279364362941126,-0.07209480033350722,-1.1619219892045338,0.004988265689462423,-0.038155339658260345,3.8439571857452393,-0.6060421466827393,0.058514742916530575,0.3945971782421119,165.77155228663835,5.608779525689973,0.00013241119746623873,0.05553219701218814,-0.5,0.19287098465177863,-0.49986758880253374,0.24840318166396677,0.44135284588600315,0.6430003599060786,0.44135284588600315,0.44135284588600315,0.44135284588600315,0.44135284588600315,0.7533385713775794,0.7533385713775794,0.7533385713775794,0.7533385713775794,1.0
28300,89.3288598070003,0.8604155783326082,1.2751286564799151,0.019700609147548676,0.02820425294339657,0.9891590071468491,0.048198386774836184,-0.0022469967231154436,-0.02309641398547683,0.019700609147548676,-0.02820425294339657,4.090054035186768,-1.033522129058838,-0.0022469967231154436,-0.02309641398547683,-0.12874342881424095,-1.3233270432547513,0.019700609147548676,-0.02820425294339657,4.090054035186768,-1.033522129058838,0.03154922669309933,0.39284868820111984,165.77126676248037,5.60849791260275,0.00023645382207195773,0.063248180166868,-0.5,0.15330062563801883,-0.49976354617792806,0.21654880580488683,0.4682143194848287,0.6093974940060067,0.4682143194848287,0.4682143194848287,0.4682143194848287,0.4682143194848287,0.7264510738772139,0.7264510738772139,0.7264510738772139,0.7264510738772139,1.0
28350,89.4360849450004,0.7590454324875697,1.3360848931711056,-0.003932441584765911,-0.009006286971271038,0.9891590071468491,0.048198386774836184,-0.004016239531338213,-0.024160301015363074,-0.003932441584765911,0.009006286971271038,2.6755802631378174,-0.948433518409729,-0.004016239531338213,-0.024160301015363074,-0.2301135746592793,-1.3842832799459417,-0.003932441584765911,0.009006286971271038,2.6755802631378174,-0.948433518409729,0.09872350217860586,0.3887065553882999,165.77035383128444,5.6083820445104555,0.0004226346455353381,0.06616238510271351,-0.5,-0.053460785180169744,-0.4995773653544647,0.012701599922543765,0.4008538631758588,0.4014081553108437,0.4008538631758588,0.4008538631758588,0.4008538631758588,0.4008538631758588,0.5016216211048083,0.5016216211048083,0.5016216211048083,0.5016216211048083,1.0
28400,89.59356243300044,0.8811620644931103,1.2016279236043501,0.023915499448776245,0.04241965338587761,0.9891590071468491,0.048198386774836184,-0.001884902231395244,-0.02181358419416938,0.023915499448776245,-0.04241965338587761,2.6158840656280518,-1.3397432565689087,-0.001884902231395244,-0.02181358419416938,-0.10799694265373878,-1.2498263103791862,0.023915499448776245,-0.04241965338587761,2.6158840656280518,-1.3397432565689087,0.0019276247350601683,0.4043204729977267,165.7713900229677,5.608630688973195,0.00019835014087866314,0.05973438517788322,-0.5,0.20706871166757795,-0.49980164985912134,0.26680309684546116,0.4978740251240612,0.6711235698431879,0.4978740251240612,0.4978740251240612,0.4978740251240612,0.4978740251240612,0.7955920761242032,0.7955920761242032,0.7955920761242032,0.7955920761242032,1.0
28450,89.74340377099998,1.1149797169067452,1.378789370296141,0.011628948152065277,-0.013424515724182129,0.9891590071468491,0.048198386774836184,0.002195985652506352,-0.024905634746537543,0.011628948152065277,0.013424515724182129,4.277553558349609,-1.8266674280166626,0.002195985652506352,-0.024905634746537543,0.12582070975989615,-1.426987757070977,0.011628948152065277,0.013424515724182129,4.277553558349609,-1.8266674280166626,-0.030878539257537977,0.4092552847839734,165.77128543449817,5.608297762956873,-0.00023108585630577752,0.06820407227452924,-0.5,-0.07866585357698737,-0.5002310858563058,-0.010461781302458131,0.5311096251138439,0.39879350348151527,0.5311096251138439,0.5311096251138439,0.5311096251138439,0.5311096251138439,0.5315709097599762,0.5315709097599762,0.5315709097599762,0.5315709097599762,1.0
28500,89.89281064199986,1.1674260715006286,1.3306300266234983,-0.00903581827878952,0.025801675394177437,0.9891590071468491,0.048198386774836184,0.0031113472208380705,-0.024065095633850432,-0.00903581827878952,-0.025801675394177437,3.2843964099884033,-2.423328161239624,0.0031113472208380705,-0.024065095633850432,0.17826706435377954,-1.3788284133983344,-0.00903581827878952,-0.025801675394177437,3.2843964099884033,-2.423328161239624,-0.020701230472203336,0.4416249343109841,165.77088519397444,5.608392625845502,-0.00032741083246758096,0.06590159362141515,-0.5,0.14238986019885747,-0.5003274108324676,0.20829145382027262,0.5210286413046709,0.6499163881312567,0.5210286413046709,0.5210286413046709,0.5210286413046709,0.5210286413046709,0.7801735484574245,0.7801735484574245,0.7801735484574245,0.7801735484574245,1.0
28550,90.04458422000062,1.1339046769929697,1.3618356668374056,-0.03519405052065849,0.01377867627888918,0.9891590071468491,0.048198386774836184,0.0025262885168194776,-0.024609736800775862,-0.03519405052065849,-0.01377867627888918,5.215016841888428,-2.4972383975982666,0.0025262885168194776,-0.024609736800775862,0.14474566984612056,-1.4100340536122418,-0.03519405052065849,-0.01377867627888918,5.215016841888428,-2.4972383975982666,-0.004522696644323023,0.42257101778395983,165.77115693077414,5.608331529209803,-0.0002658441075426094,0.0673935146669864,-0.5,0.08064100480629101,-0.5002658441075426,0.1480345194732774,0.5047885407518656,0.5706055372572372,0.5047885407518656,0.5047885407518656,0.5047885407518656,0.5047885407518656,0.6968026724452036,0.6968026724452036,0.6968026724452036,0.6968026724452036,1.0
28600,90.14176176900037,1.129549257458323,1.3677761171463185,0.0006991298869252205,0.042185187339782715,0.9891590071468491,0.048198386774836184,0.0024502721056342165,-0.02471341721771751,0.0006991298869252205,-0.042185187339782715,5.562734603881836,-2.9610302448272705,0.0024502721056342165,-0.02471341721771751,0.14039025031147404,-1.4159745039211549,0.0006991298869252205,-0.042185187339782715,5.562734603881836,-2.9610302448272705,-0.012197659676262948,0.4811504501528509,165.7711880973287,5.6083197436884955,-0.0002578447851164664,0.0676775269727207,-0.5,0.2063297494367675,-0.5002578447851165,0.2740072764094882,0.5124555044613794,0.755157726562339,0.5124555044613794,0.5124555044613794,0.5124555044613794,0.5124555044613794,0.8832716026776839,0.8832716026776839,0.8832716026776839,0.8832716026776839,1.0
28650,90.19685341400054,1.0805689037031037,1.3520845045801546,-0.02110682614147663,0.001479445956647396,0.9891590071468491,0.048198386774836184,0.0015954036638140684,-0.02443954691349063,-0.02110682614147663,-0.001479445956647396,3.7761523723602295,-3.355114459991455,0.0015954036638140684,-0.02443954691349063,0.09140989655625457,-1.4002828913549907,-0.02110682614147663,-0.001479445956647396,3.7761523723602295,-3.355114459991455,0.044764714898157115,0.4087485159505453,165.77147303025035,5.608350767573449,-0.0001678858621354538,0.06692731492326244,-0.5,0.008874086124661673,-0.5001678858621355,0.07580140104792411,0.4554031709639783,0.4845499169984694,0.4554031709639783,0.4554031709639783,0.4554031709639783,0.4554031709639783,0.5984007097394639,0.5984007097394639,0.5984007097394639,0.5984007097394639,1.0
28700,90.25421515500057,1.0171128177756887,1.34459989791029,-0.002640949562191963,0.01779455691576004,0.9891590071468491,0.048198386774836184,0.0004878860339522402,-0.024308915883884764,-0.002640949562191963,-0.01779455691576004,5.889200687408447,-3.430490493774414,0.0004878860339522402,-0.024308915883884764,0.02795381062883975,-1.3927982846851261,-0.002640949562191963,-0.01779455691576004,5.889200687408447,-3.430490493774414,0.009512045864450015,0.39708114828629865,165.77166311741595,5.6083654436347565,-5.13406775137475e-05,0.06656948035828608,-0.5,0.10247691487284709,-0.5000513406775138,0.16904639523113318,0.49053929481306374,0.5661275435174318,0.49053929481306374,0.49053929481306374,0.49053929481306374,0.49053929481306374,0.6887623672206977,0.6887623672206977,0.6887623672206977,0.6887623672206977,1.0
28750,90.31288246599979,1.0514847842784258,1.3480906581846954,0.002789332065731287,-0.019749535247683525,0.9891590071468491,0.048198386774836184,0.0010877900198102003,-0.02436984114407096,0.002789332065731287,0.019749535247683525,4.90194845199585,-2.8695499897003174,0.0010877900198102003,-0.02436984114407096,0.062325777131576686,-1.3962890449595315,0.002789332065731287,0.019749535247683525,4.90194845199585,-2.8695499897003174,-0.026458862757588172,0.3636962655426775,165.77158524185066,5.60835860862344,-0.00011446913861201777,0.06673637130985664,-0.5,-0.112696403349314,-0.500114469138612,-0.04596003203945735,0.5265733318962001,0.3177362335032201,0.5265733318962001,0.5265733318962001,0.5265733318962001,0.5265733318962001,0.4493795664772702,0.4493795664772702,0.4493795664772702,0.4493795664772702,1.0
28800,90.46617657299976,1.15039200659744,1.3336278393388992,0.03339022397994995,-0.040498778223991394,0.9891590071468491,0.048198386774836184,0.002814046703279019,-0.02411741733609233,0.03339022397994995,0.040498778223991394,5.829957008361816,-3.960749626159668,0.002814046703279019,-0.02411741733609233,0.16123299945059086,-1.3818262261137353,0.03339022397994995,0.040498778223991394,5.829957008361816,-3.960749626159668,-0.051292245938402835,0.37667811261209594,165.77103032652826,5.608386815866713,-0.0002961253669865917,0.06604491581261679,-0.5,-0.20087303387123323,-0.5002961253669866,-0.13482811805861644,0.5515883713053895,0.2418499945534795,0.5515883713053895,0.5515883713053895,0.5515883713053895,0.5515883713053895,0.3797470873798269,0.3797470873798269,0.3797470873798269,0.3797470873798269,1.0
28850,90.61729608099995,1.2807200200892168,1.4909427840150427,-0.011455208994448185,0.014461621642112732,0.9891590071468491,0.048198386774836184,0.0050886996462941175,-0.02686308108328376,-0.011455208994448185,-0.014461621642112732,6.746829509735107,-3.9952340126037598,0.0050886996462941175,-0.02686308108328376,0.29156101294236775,-1.5391411707898788,-0.011455208994448185,-0.014461621642112732,6.746829509735107,-3.9952340126037598,-0.0570320706025655,0.522424254266438,165.76954936238513,5.608064226903895,-0.0005354928886530048,0.07356635930773028,-0.5,0.08442845730377058,-0.500535492888653,0.15799481661150086,0.5575675634912185,0.6804190708779388,0.5575675634912185,0.5575675634912185,0.5575675634912185,0.5575675634912185,0.8198109617507434,0.8198109617507434,0.8198109617507434,0.8198109617507434,1.0
28900,90.76981821200025,1.2519260769825586,1.5157708418131564,-0.13826820254325867,-0.09352919459342957,0.9891590071468491,0.048198386774836184,0.004586150534451008,-0.027296412438736296,-0.13826820254325867,0.09352919459342957,4.657103061676025,-3.1266207695007324,0.004586150534451008,-0.027296412438736296,0.26276706983570963,-1.5639692285879925,-0.13826820254325867,0.09352919459342957,4.657103061676025,-3.1266207695007324,0.21779202566689035,0.30139885927299637,165.76994992797708,5.608010140653834,-0.0004826079792442028,0.07475349499034377,-0.5,-0.28609410865761253,-0.5004826079792442,-0.21134061366726875,0.2826905823123538,0.09005824560572762,0.2826905823123538,0.2826905823123538,0.2826905823123538,0.2826905823123538,0.16073089118381606,0.16073089118381606,0.16073089118381606,0.16073089118381606,1.0
28950,90.92065241399996,0.6053908822371712,1.144899360565986,-0.043195344507694244,-0.06198728829622269,0.9891590071468491,0.048198386774836184,-0.0066980173438787455,-0.02082348398922477,-0.043195344507694244,0.06198728829622269,2.127701759338379,-1.8503210544586182,-0.0066980173438787455,-0.02082348398922477,-0.3837681249096779,-1.1930977473408222,-0.043195344507694244,0.06198728829622269,2.127701759338379,-1.8503210544586182,0.2572045051453634,0.22055777712900415,165.76798662981568,5.608727981350545,0.0007048486605048924,0.057022503825334074,-0.5,-0.25361492140555714,-0.4992951513394951,-0.19659241758022306,0.24209064619413168,0.023965359548781096,0.24209064619413168,0.24209064619413168,0.24209064619413168,0.24209064619413168,0.08448802109731401,0.08448802109731401,0.08448802109731401,0.08448802109731401,1.0
29000,91.07304638599999,0.5726462616650425,0.8957024700190096,-0.04984200745820999,-0.010720640420913696,0.9891590071468491,0.048198386774836184,-0.007269518785178661,-0.016474177763448096,-0.04984200745820999,0.010720640420913696,1.1251988410949707,-1.0888888835906982,-0.007269518785178661,-0.016474177763448096,-0.4165127454818066,-0.9439008567938458,-0.04984200745820999,0.010720640420913696,1.1251988410949707,-1.0888888835906982,0.2326240951458426,0.27698725136086005,165.76732899290815,5.609101851957173,0.0007649911646919857,0.04511068596255679,-0.5,-0.06335592104174863,-0.499235008835308,-0.01824523507919184,0.26661091368946543,0.2587420162816682,0.26661091368946543,0.26661091368946543,0.26661091368946543,0.26661091368946543,0.32539474470403457,0.32539474470403457,0.32539474470403457,0.32539474470403457,1.0
29050,91.19772035700043,0.6253434122675122,0.5736425087885123,0.23787149786949158,-0.20240576565265656,0.9891590071468491,0.048198386774836184,-0.00634978000074625,-0.01085317105113063,0.23787149786949158,0.20240576565265656,-0.8022279143333435,1.446702480316162,-0.00634978000074625,-0.01085317105113063,-0.36381559487933685,-0.6218408955633484,0.23787149786949158,0.20240576565265656,-0.8022279143333435,1.446702480316162,-0.3297225776603662,-0.1860548521490419,165.76836096620053,5.60945588415777,0.0006682017947648222,0.029717757800622042,0.4999999999999884,-0.29981724441317037,0.5006682017947532,-0.27009948661254835,-0.17094562413438702,-0.4561543387615903,-0.17094562413438702,-0.17094562413438702,-0.17094562413438702,-0.17094562413438702,-0.498890744795187,-0.498890744795187,-0.498890744795187,-0.498890744795187,1.0
29100,91.25486321800054,1.22958015261751,-0.06842906395277933,0.14800317585468292,-0.11123255640268326,0.9891590071468491,0.048198386774836184,0.004196140579879288,0.00035309192666318264,0.14800317585468292,0.11123255640268326,-0.7644661664962769,-0.5438822507858276,0.004196140579879288,0.00035309192666318264,0.2404211454706611,0.020230677177943145,0.14800317585468292,0.11123255640268326,-0.7644661664962769,-0.5438822507858276,-0.32583177196704344,-0.19664418336062625,165.7702321134835,5.6097270870768945,-0.00044156610636062263,-0.0009667956758926722,0.49999999999994754,-0.29306896991960363,0.4995584338935869,-0.2940357655954963,-0.17372666192654346,-0.49067994895612255,-0.17372666192654346,-0.17372666192654346,-0.17372666192654346,-0.17372666192654346,-0.5341116144377585,-0.5341116144377585,-0.5341116144377585,-0.5341116144377585,1.0
29150,91.30999329000042,1.5093432069173514,-0.31005339580411406,-0.04539385065436363,-0.0024468430783599615,0.9891590071468491,0.048198386774836184,0.009078927002847195,0.0045702320704003796,-0.04539385065436363,0.0024468430783599615,-1.5309120416641235,-0.32829156517982483,0.009078927002847195,0.0045702320704003796,0.5201841997705022,0.2618550090292779,-0.04539385065436363,0.0024468430783599615,-1.5309120416641235,-0.32829156517982483,-0.03736553660086646,-0.02282754585102188,165.76489196380555,5.6096792327804055,-0.0009554094312262795,-0.012513746910156295,0.5,-0.014669350205726775,0.4990445905687737,-0.02718309711588307,-0.46167905396790726,-0.05001064296690495,-0.46167905396790726,-0.46167905396790726,-0.46167905396790726,-0.46167905396790726,-0.16543040645888177,-0.16543040645888177,-0.16543040645888177,-0.16543040645888177,1.0
29200,91.44481018399983,1.3347308081681506,-0.7375040297015544,0.0707867220044136,-0.03206580504775047,0.9891590071468491,0.048198386774836184,0.006031365729868416,0.012030653021647596,0.0707867220044136,0.03206580504775047,-0.5495835542678833,0.1548134833574295,0.006031365729868416,0.012030653021647596,0.3455718010213016,0.6893056429267183,0.0707867220044136,0.03206580504775047,-0.5495835542678833,0.1548134833574295,-0.197275028263631,-0.24576666242974643,165.76868575658622,5.60939378029539,-0.0006346935101451052,-0.03294211283161283,0.4999999997163676,-0.16973850137733162,0.4993653062062225,-0.20268061420894445,-0.30209027794259147,-0.4484472766386909,-0.30209027794259147,-0.30209027794259147,-0.30209027794259147,-0.30209027794259147,-0.5239698461243387,-0.5239698461243387,-0.5239698461243387,-0.5239698461243387,1.0
29250,91.60087280300013,1.0561162928659291,-0.12572231821685945,-0.1986038088798523,0.07318805158138275,0.9891590071468491,0.048198386774836184,0.0011686250939965254,0.0013530478527536615,-0.1986038088798523,-0.07318805158138275,2.2266745567321777,0.5821570158004761,0.0011686250939965254,0.0013530478527536615,0.06695728571908002,0.07752393144202327,-0.1986038088798523,-0.07318805158138275,2.2266745567321777,0.5821570158004761,0.38011070802922986,0.28209636681629524,165.77157021488375,5.60972315483123,-0.00012297549480470298,-0.0037047614503014545,-0.5,0.2695141811319078,-0.5001229754948047,0.2658094196816063,0.1200122674655748,0.5479057864979016,0.1200122674655748,0.1200122674655748,0.1200122674655748,0.1200122674655748,0.5779088533642953,0.5779088533642953,0.5779088533642953,0.5779088533642953,1.0
29300,91.75051999200059,0.18937920103370226,-0.5950999749529305,0.1264258772134781,-0.09105271846055984,0.9891590071468491,0.048198386774836184,-0.013958790907636284,0.009545233398093843,0.1264258772134781,0.09105271846055984,-6.352036952972412,-0.7947549819946289,-0.013958790907636284,0.009545233398093843,-0.7997798061131468,0.5469015881780943,0.1264258772134781,0.09105271846055984,-6.352036952972412,-0.7947549819946289,0.05970918736606534,-0.3657356483842811,165.7556302850646,5.60951737648452,0.0014689903067142294,-0.026136240249966237,0.5,-0.28468303345036067,0.5014689903067142,-0.3108192737003269,-0.5611781776727796,-0.676554922084608,-0.5611781776727796,-0.5611781776727796,-0.5611781776727796,-0.5611781776727796,-0.8168494665028029,-0.8168494665028029,-0.8168494665028029,-0.8168494665028029,1.0
29350,91.89117907400032,1.5446450396425622,-1.1007584092811324,0.04135194420814514,-0.021189812570810318,0.9891590071468491,0.048198386774836184,0.009695060215890408,0.018370637967600488,0.04135194420814514,0.021189812570810318,-0.2544522285461426,2.3263731002807617,0.009695060215890408,0.018370637967600488,0.5554860324957132,1.0525600225062963,0.04135194420814514,0.021189812570810318,-0.2544522285461426,2.3263731002807617,-0.2449078337114689,-0.2539286114946153,165.76393899796253,5.608949550129373,-0.0010202513311261736,-0.050304510913433784,0.4999620077032109,-0.1200371227602396,0.49894175637208477,-0.1703416336736734,-0.25403392266061586,-0.4242702451682887,-0.25403392266061586,-0.25403392266061586,-0.25403392266061586,-0.25403392266061586,-0.4877787258334427,-0.4877787258334427,-0.4877787258334427,-0.4877787258334427,1.0
29400,92.02711432500018,1.3201753548817359,-1.0942583103471017,0.043441157788038254,-0.06412489712238312,0.9891590071468491,0.048198386774836184,0.00577732514590025,0.018257189839496278,0.043441157788038254,0.06412489712238312,-0.4995366036891937,1.2275440692901611,0.00577732514590025,0.018257189839496278,0.33101634773488686,1.0460599235722656,0.043441157788038254,0.06412489712238312,-0.4995366036891937,1.2275440692901611,-0.1042425550696989,-0.32656055852644417,165.7689329033415,5.608959127128911,-0.000607959673937757,-0.049993803975186546,0.4999999979002849,-0.25714470870789286,0.49939203822634715,-0.3071385126830794,-0.3951494831566482,-0.6336990712095236,-0.3951494831566482,-0.3951494831566482,-0.3951494831566482,-0.3951494831566482,-0.7324864419986856,-0.7324864419986856,-0.7324864419986856,-0.7324864419986856,1.0
29450,92.1846012750002,1.7281529060120584,-1.2370838624727094,0.057123780250549316,0.027844561263918877,0.9891590071468491,0.048198386774836184,0.01289787668734789,0.02074996598006692,0.057123780250549316,-0.027844561263918877,5.665223121643066,1.3350175619125366,0.01289787668734789,0.02074996598006692,0.7389938988652093,1.1888854756978733,0.057123780250549316,-0.027844561263918877,5.665223121643066,1.3350175619125366,-0.28192569529468126,-0.22370928389323222,165.75797760292585,5.608735025422335,-0.0013573294149865386,-0.056821141544778214,-0.5,0.15170016267144726,-0.5013573294149866,0.09487902112666904,0.7832830247096678,-0.12883026276656317,0.7832830247096678,0.7832830247096678,0.7832830247096678,0.7832830247096678,0.06699049341085378,0.06699049341085378,0.06699049341085378,0.06699049341085378,1.0
29500,92.36598299800062,0.16750717440317606,-0.45107278978107657,-0.055720776319503784,-0.06292526423931122,0.9891590071468491,0.048198386774836184,-0.014340529786422848,0.007031484804465435,-0.055720776319503784,0.06292526423931122,1.3301749229431152,6.5599164962768555,-0.014340529786422848,0.007031484804465435,-0.821651832743673,0.40287440300624033,-0.055720776319503784,0.06292526423931122,1.3301749229431152,6.5599164962768555,0.35464262638238286,-0.18098181072497013,165.75474030456488,5.60961341834275,0.001509168993802455,-0.01925303430297503,-0.5,-0.25519545217336204,-0.49849083100619757,-0.2744484864763371,0.1438482046238147,-0.45543029720130723,0.1438482046238147,0.1438482046238147,0.1438482046238147,0.1438482046238147,-0.41946824604535354,-0.41946824604535354,-0.41946824604535354,-0.41946824604535354,1.0
29550,92.55309511500036,-0.12719323680721872,-0.41253013901640034,-0.044594656676054,-0.01683167740702629,0.9891590071468491,0.048198386774836184,-0.019484022269025444,0.006358788646175526,-0.044594656676054,0.01683167740702629,1.9074347019195557,4.547042369842529,-0.019484022269025444,0.006358788646175526,-1.1163522439540678,0.36433175224156417,-0.044594656676054,0.01683167740702629,1.9074347019195557,4.547042369842529,0.40731991009886026,-0.08507847690206857,165.74040781736858,5.609634179444004,0.002050577824403872,-0.017411074621256302,-0.5,-0.09734059816035447,-0.4979494221755961,-0.11475167278161078,0.09062951207673586,-0.19983014968367935,0.09062951207673586,0.09062951207673586,0.09062951207673586,0.09062951207673586,-0.17717277166449538,-0.17717277166449538,-0.17717277166449538,-0.17717277166449538,1.0
29600,92.71045538399994,-0.3773814786194123,-0.41417957634010555,-0.05779453366994858,-0.06149890273809433,0.9891590071468491,0.048198386774836184,-0.023850630838423967,0.006387576758279465,-0.05779453366994858,0.06149890273809433,1.3806498050689697,6.075414657592773,-0.023850630838423967,0.006387576758279465,-1.3665404857662613,0.36598118956526937,-0.05779453366994858,0.06149890273809433,1.3806498050689697,6.075414657592773,0.4741541726122628,-0.1498462429075768,165.724819550176,5.6096333336942985,0.0025102944210773654,-0.017489901259766422,-0.5,-0.2527718880311116,-0.49748970557892264,-0.270261789290878,0.023335532966659855,-0.42010803219845483,0.023335532966659855,0.023335532966659855,0.023335532966659855,0.023335532966659855,-0.4142741489567899,-0.4142741489567899,-0.4142741489567899,-0.4142741489567899,1.0
29650,92.88651836500048,-0.9592089285915535,-0.7928108995363509,-0.08464838564395905,-0.11444688588380814,0.9891590071468491,0.048198386774836184,-0.03400543551892042,0.012995939999236726,-0.08464838564395905,0.11444688588380814,0.7473692297935486,-1.722892165184021,-0.03400543551892042,0.012995939999236726,-1.9483679357384025,0.7446125127615147,-0.08464838564395905,0.11444688588380814,0.7473692297935486,-1.722892165184021,0.7006360692053801,-0.3768969462263676,165.676423421941,5.609338101212469,0.0035797891529493033,-0.03558545382412785,-0.499999999999896,-0.2938966978574453,-0.4964202108469467,-0.3294821516815732,-0.20421585835843342,-0.7063790979079407,-0.20421585835843342,-0.20421585835843342,-0.20421585835843342,-0.20421585835843342,-0.757433062497549,-0.757433062497549,-0.757433062497549,-0.757433062497549,1.0
29700,93.0777811730004,-1.2759291759949818,-1.0080667658285356,-0.09717592597007751,-0.002976648509502411,0.9891590071468491,0.048198386774836184,-0.039533246643841266,0.01675286360026803,-0.09717592597007751,0.002976648509502411,-7.506889343261719,3.28813099861145,-0.039533246643841266,0.01675286360026803,-2.265088183141831,0.9598683790536995,-0.09717592597007751,0.002976648509502411,-7.506889343261719,3.28813099861145,0.7898376900112487,-0.21324323417321783,165.64294051139964,5.609080510118341,0.004162267047037683,-0.045873905745353584,0.5,-0.017838821402601793,0.5041622670470377,-0.06371272714795538,-1.2939999570582863,-0.2769559613211732,-1.2939999570582863,-1.2939999570582863,-1.2939999570582863,-1.2939999570582863,-0.6004559505857447,-0.6004559505857447,-0.6004559505857447,-0.6004559505857447,1.0
29750,93.2694522110005,0.46189474427328575,-2.070923815075033,0.2893926203250885,0.055692292749881744,0.9891590071468491,0.048198386774836184,-0.009202497415244579,0.035303218587650925,0.2893926203250885,-0.055692292749881744,-2.257826089859009,3.3748083114624023,-0.009202497415244579,0.035303218587650925,-0.5272642628735633,2.022725428300197,0.2893926203250885,-0.055692292749881744,-2.257826089859009,3.3748083114624023,-0.3873527300225487,-0.3856273993996668,165.76470585322642,5.606855081412211,0.0009684139303652975,-0.0966926380975198,0.5,0.2416252922451478,0.5009684139303653,0.14493265414762802,-0.11361568390781657,-0.24069474525203877,-0.11361568390781657,-0.11361568390781657,-0.11361568390781657,-0.11361568390781657,-0.2690986662289929,-0.2690986662289929,-0.2690986662289929,-0.2690986662289929,1.0
29800,93.42374635899978,1.3561547637169533,-0.986971833298657,-0.21152183413505554,0.40220630168914795,0.9891590071468491,0.048198386774836184,0.00640528429299593,0.01638468757213559,-0.21152183413505554,-0.40220630168914795,3.0537185668945312,4.086382865905762,0.00640528429299593,0.01638468757213559,0.3669957565701042,0.9387734465238209,-0.21152183413505554,-0.40220630168914795,3.0537185668945312,4.086382865905762,0.33959138132957667,0.48027064866344915,165.76830264064841,5.609108629210298,-0.0006740427953354035,-0.04486560576590005,-0.5,0.2999999381824044,-0.5006740427953354,0.25513433241650435,0.16108266146575878,0.7354049810799534,0.16108266146575878,0.16108266146575878,0.16108266146575878,0.16108266146575878,0.7756756464463932,0.7756756464463932,0.7756756464463932,0.7756756464463932,1.0
29850,93.57113926000056,-0.6199365704875067,-0.029376476867559558,0.017431218177080154,-0.3472305238246918,0.9891590071468491,0.048198386774836184,-0.028084015808999538,-0.0003285042993957177,0.017431218177080154,0.3472305238246918,-11.041552543640137,4.603259086608887,-0.028084015808999538,-0.0003285042993957177,-1.6090955776343558,-0.018821909907276623,0.017431218177080154,0.3472305238246918,-11.041552543640137,4.603259086608887,0.5287303271437761,-0.4640320532029659,165.7067083015269,5.6097271257037225,0.0029560756846553743,0.000899472661041923,0.5,-0.29999944263610934,0.5029560756846554,-0.29909996997506744,-1.0316864028284316,-0.7631320231780334,-1.0316864028284316,-1.0316864028284316,-1.0316864028284316,-1.0316864028284316,-1.0210536238851413,-1.0210536238851413,-1.0210536238851413,-1.0210536238851413,1.0
29900,93.71403463500064,0.38346093395010544,-1.511805916999964,0.2085348516702652,0.03181112930178642,0.9891590071468491,0.048198386774836184,-0.010571425650268793,0.025544770359410905,0.2085348516702652,-0.03181112930178642,-8.058605194091797,0.4024348855018616,-0.010571425650268793,0.025544770359410905,-0.6056980731967436,1.463607530225128,0.2085348516702652,-0.03181112930178642,-8.058605194091797,0.4024348855018616,-0.2184417945912838,-0.28123953152873415,165.76247578067057,5.608223451315362,0.001112481421477235,-0.06995489589914754,0.5,0.1686966202211758,0.5011124814214772,0.09874172432202825,-0.2826706868301935,-0.1824978072067059,-0.2826706868301935,-0.2826706868301935,-0.2826706868301935,-0.2826706868301935,-0.2531654789142542,-0.2531654789142542,-0.2531654789142542,-0.2531654789142542,1.0
29950,93.77437317800013,0.9585862074383188,-1.4373340166017878,0.16631096601486206,0.01162351481616497,0.9891590071468491,0.048198386774836184,-0.000533596016466617,0.024244990497245454,0.16631096601486206,-0.01162351481616497,-6.021514892578125,2.1205549240112305,-0.000533596016466617,0.024244990497245454,-0.030572799708530333,1.3891356298269517,0.16631096601486206,-0.01162351481616497,-6.021514892578125,2.1205549240112305,-0.3003939708434126,-0.28294319628638775,165.77165927066247,5.608372596830753,5.6150780141483806e-05,-0.0663943716291788,0.5,0.0685113393645088,0.5000561507801414,0.0021169677353300026,-0.1996621799367288,-0.28082622855105777,-0.1996621799367288,-0.1996621799367288,-0.1996621799367288,-0.1996621799367288,-0.33074177353524,-0.33074177353524,-0.33074177353524,-0.33074177353524,1.0
30000,93.89992383499975,1.4981503411366988,-1.298139136906865,-0.03941938653588295,0.03484083712100983,0.9891590071468491,0.048198386774836184,0.008883574642241002,0.021815581544651654,-0.03941938653588295,-0.03484083712100983,-8.369915008544922,0.15556494891643524,0.008883574642241002,0.021815581544651654,0.5089913339898496,1.249940750132029,-0.03941938653588295,-0.03484083712100983,-8.369915008544922,0.15556494891643524,-0.0355428151403237,-0.20679670647027013,165.76518105324465,5.608630488136998,-0.00093485068835439,-0.05973985600002054,0.5,0.18070300488973187,0.4990651493116456,0.12096314888971132,-0.4635223341713219,-0.0858335575805588,-0.4635223341713219,-0.4635223341713219,-0.4635223341713219,-0.4635223341713219,-0.20171414112338926,-0.20171414112338926,-0.20171414112338926,-0.20171414112338926,1.0
30050,94.0604500520003,1.3889757436695687,-1.3394185590946006,0.05258563160896301,0.06013643741607666,0.9891590071468491,0.048198386774836184,0.00697811845690012,0.02253604337514844,0.05258563160896301,-0.06013643741607666,-4.964465141296387,0.05199548229575157,0.00697811845690012,0.02253604337514844,0.39981673652271954,1.2912201723197645,0.05258563160896301,-0.06013643741607666,-4.964465141296387,0.05199548229575157,-0.19181634219976257,-0.22744777654045267,165.76767103676286,5.608556845360595,-0.0007343253112731049,-0.06171325254885635,0.5,0.25034551159796053,0.4992656746887269,0.1886322590491042,-0.30744933248896433,-0.038815517491348484,-0.30744933248896433,-0.30744933248896433,-0.30744933248896433,-0.30744933248896433,-0.11567785061358957,-0.11567785061358957,-0.11567785061358957,-0.11567785061358957,1.0
30100,94.21306957300021,1.4089733636206023,-1.1892485258988195,-0.020260579884052277,0.029657259583473206,0.9891590071468491,0.048198386774836184,0.007327142767608166,0.019915081858052876,-0.020260579884052277,-0.029657259583473206,-8.612628936767578,-0.07736063003540039,0.007327142767608166,0.019915081858052876,0.41981435647375326,1.1410501391239833,-0.020260579884052277,-0.029657259583473206,-8.612628936767578,-0.07736063003540039,-0.03804982739677962,-0.2169521561472787,165.76725969732826,5.608813271539958,-0.0007710553067759849,-0.05453446540430304,0.5,0.15964616751052949,0.49922894469322404,0.10511170210622645,-0.46117911729644445,-0.11184045404105225,-0.46117911729644445,-0.46117911729644445,-0.46117911729644445,-0.46117911729644445,-0.22713523336516336,-0.22713523336516336,-0.22713523336516336,-0.22713523336516336,1.0
30150,94.369692063,1.5550703629152347,-1.1559337446135534,0.007428678218275309,-0.0283818282186985,0.9891590071468491,0.048198386774836184,0.009877016432583333,0.019333629235043195,0.007428678218275309,0.0283818282186985,-3.871797561645508,0.27874940633773804,0.009877016432583333,0.019333629235043195,0.5659113557683856,1.1077353578387172,0.007428678218275309,0.0283818282186985,-3.871797561645508,0.27874940633773804,-0.13976159643592403,-0.29464721225109036,165.7636456051604,5.608865868070444,-0.0010394005599877435,-0.05294194949662943,0.5,-0.15408643380870124,0.49896059944001225,-0.20702838330533066,-0.35919900300408825,-0.501675595556421,-0.35919900300408825,-0.35919900300408825,-0.35919900300408825,-0.35919900300408825,-0.5914753463074431,-0.5914753463074431,-0.5914753463074431,-0.5914753463074431,1.0
30200,94.49598527499984,1.3991199619692127,-1.202912746220253,0.013662738725543022,-0.0494171604514122,0.9891590071468491,0.048198386774836184,0.0071551684662699705,0.020153567492379808,0.013662738725543022,0.0494171604514122,-3.6613197326660156,-0.22185161709785461,0.0071551684662699705,0.020153567492379808,0.40996095482236367,1.1547143594454168,0.013662738725543022,0.0494171604514122,-3.6613197326660156,-0.22185161709785461,-0.10629914478818245,-0.3366984185835691,165.7674648845049,5.608791248203246,-0.0007529573604471672,-0.05518765135484604,0.5,-0.22699649333833882,0.49924704263955283,-0.28218414469318487,-0.3929478978513704,-0.618882563276754,-0.3929478978513704,-0.3929478978513704,-0.3929478978513704,-0.3929478978513704,-0.7171195377395966,-0.7171195377395966,-0.7171195377395966,-0.7171195377395966,1.0
30250,94.55162872599976,1.3760146059458231,-1.1962939727493933,-0.003585479687899351,-0.04936813935637474,0.9891590071468491,0.048198386774836184,0.006751903928816319,0.020038048102869653,-0.003585479687899351,0.04936813935637474,-3.134204149246216,-0.45567816495895386,0.006751903928816319,0.020038048102869653,0.3868555987989741,1.1480955859745572,-0.003585479687899351,0.04936813935637474,-3.134204149246216,-0.45567816495895386,-0.07434824396181793,-0.3116921616522339,165.76792691945275,5.608801948759713,-0.0007105194470417373,-0.054871255867698795,0.5,-0.22687066879754614,0.49928948055295824,-0.28174192466524495,-0.4249412365911403,-0.5934340863174788,-0.4249412365911403,-0.4249412365911403,-0.4249412365911403,-0.4249412365911403,-0.699669395465264,-0.699669395465264,-0.699669395465264,-0.699669395465264,1.0
30300,94.60721727200053,1.3459636945884712,-1.2327193715930713,-0.011026490479707718,-0.04270578920841217,0.9891590071468491,0.048198386774836184,0.006227416582405568,0.02067379124404397,-0.011026490479707718,0.04270578920841217,-3.2356064319610596,-0.18441615998744965,0.006227416582405568,0.02067379124404397,0.3568046874416221,1.1845209848182352,-0.011026490479707718,0.04270578920841217,-3.2356064319610596,-0.18441615998744965,-0.04741819291841276,-0.34392593928968357,165.76848775624921,5.608742297770123,-0.0006553248807415297,-0.05661250309230875,0.5,-0.20796406188799973,0.49934467511925845,-0.26457656498030846,-0.4519264822008457,-0.6085025042699921,-0.4519264822008457,-0.4519264822008457,-0.4519264822008457,-0.4519264822008457,-0.7214841248202035,-0.7214841248202035,-0.7214841248202035,-0.7214841248202035,1.0
30350,94.75460593700063,1.4171946702254763,-1.3378483626374382,0.037464484572410583,-0.024350499734282494,0.9891590071468491,0.048198386774836184,0.007470631636679173,0.022508638277067804,0.037464484572410583,0.024350499734282494,-2.2358827590942383,0.33643099665641785,0.007470631636679173,0.022508638277067804,0.4280356630786272,1.289649975862602,0.037464484572410583,0.024350499734282494,-2.2358827590942383,0.33643099665641785,-0.16393865247596645,-0.32292895805026156,165.7670847677564,5.608559690368067,-0.0007861555849663553,-0.06163818717308564,0.5,-0.13555202483398104,0.49921384441503364,-0.19719021200706668,-0.3352751919390672,-0.5201191700573282,-0.3352751919390672,-0.3352751919390672,-0.3352751919390672,-0.3352751919390672,-0.603937968042095,-0.603937968042095,-0.603937968042095,-0.603937968042095,1.0
30400,94.90323899099985,1.6242403289701886,-1.2874183012308837,0.008296682499349117,0.00919034332036972,0.9891590071468491,0.048198386774836184,0.011084260083734993,0.021628467663540506,0.008296682499349117,-0.00919034332036972,-1.4137531518936157,0.7912918925285339,0.011084260083734993,0.021628467663540506,0.6350813218233395,1.2392199144560476,0.008296682499349117,-0.00919034332036972,-1.4137531518936157,0.7912918925285339,-0.15295217865457836,-0.2899980893618639,165.7615608394207,5.608649222865124,-0.0011664537083261525,-0.05922734517539595,0.5,0.054529347934113,0.49883354629167387,-0.004697997241282947,-0.34588136763709554,-0.29469608660314683,-0.34588136763709554,-0.34588136763709554,-0.34588136763709554,-0.34588136763709554,-0.3811664285124207,-0.3811664285124207,-0.3811664285124207,-0.3811664285124207,1.0
30450,95.05245482600003,1.9004339690984635,-1.1615415433655454,0.07255491614341736,-0.006969723384827375,0.9891590071468491,0.048198386774836184,0.015904748477041722,0.01943150378705468,0.07255491614341736,0.006969723384827375,14.831565856933594,0.1415443867444992,0.015904748477041722,0.01943150378705468,0.9112749619516144,1.1133431565907093,0.07255491614341736,0.006969723384827375,14.831565856933594,0.1415443867444992,-0.3529520623437971,-0.25962917167546956,165.7508427604562,5.608857123688514,-0.0016738104351315052,-0.05321001209477892,-0.5,-0.041549574205932784,-0.5016738104351315,-0.09475958630071171,0.8546258727789287,-0.3543887579761813,0.8546258727789287,0.8546258727789287,0.8546258727789287,0.8546258727789287,-0.14073228978144914,-0.14073228978144914,-0.14073228978144914,-0.14073228978144914,1.0
30500,95.20061493600042,1.0929421115496991,0.0347988933465026,-0.10985776782035828,0.04296840727329254,0.9891590071468491,0.048198386774836184,0.0018113568797707563,-0.0014485758083174005,-0.10985776782035828,-0.04296840727329254,3.874394655227661,1.8902513980865479,0.0018113568797707563,-0.0014485758083174005,0.10378310440285002,-0.08299728012133878,-0.10985776782035828,-0.04296840727329254,3.874394655227661,1.8902513980865479,0.24025653150157392,0.1430660456018205,165.77141241894253,5.609722537972972,-0.00019061087309367398,0.003966325472020179,-0.5,0.20877959461062476,-0.5001906108730937,0.21274592008264492,0.2599340793715198,0.35581196568446544,0.2599340793715198,0.2599340793715198,0.2599340793715198,0.2599340793715198,0.42079548552734536,0.42079548552734536,0.42079548552734536,0.42079548552734536,1.0
30550,95.37499091600057,0.9149580539497449,0.16800061555006982,0.028015300631523132,0.021630968898534775,0.9891590071468491,0.048198386774836184,-0.00129505094140768,-0.003773384430096485,0.028015300631523132,-0.021630968898534775,2.1697826385498047,1.485974907875061,-0.00129505094140768,-0.003773384430096485,-0.07420095319710412,-0.21619900232490602,0.028015300631523132,-0.021630968898534775,2.1697826385498047,1.485974907875061,-0.004618449743480926,0.12483195032510877,165.77154455398025,5.609694556831794,0.00013627941717187924,0.010331882574012272,-0.5,0.12225241037195272,-0.49986372058282813,0.132584292945965,0.504482170326309,0.25741624327107376,0.504482170326309,0.504482170326309,0.504482170326309,0.504482170326309,0.38353678585265105,0.38353678585265105,0.38353678585265105,0.38353678585265105,1.0
30600,95.53652244300065,0.9663085900686644,0.3145020901096138,0.005424501374363899,0.008854352869093418,0.9891590071468491,0.048198386774836184,-0.000398815013468265,-0.006330317520187236,0.005424501374363899,-0.008854352869093418,3.691615581512451,1.292341947555542,-0.000398815013468265,-0.006330317520187236,-0.02285041707818467,-0.36270047688444995,0.005424501374363899,-0.008854352869093418,3.691615581512451,1.292341947555542,0.031116134470138817,0.16423235131308012,165.77166962419736,5.609635012123761,4.1967654400927984e-05,0.01733311596424222,-0.5,0.05257765414245482,-0.49995803234559905,0.06991077010669704,0.4688418978754602,0.23414312141977717,0.4688418978754602,0.4688418978754602,0.4688418978754602,0.4688418978754602,0.35135359588864223,0.35135359588864223,0.35135359588864223,0.35135359588864223,1.0
30650,95.65872591700008,1.0496629380390308,0.24320457348905386,0.04202330484986305,0.008076722733676434,0.9891590071468491,0.048198386774836184,0.001055992804467682,-0.0050859411066630856,0.04202330484986305,-0.008076722733676434,3.7290492057800293,1.354838490486145,0.001055992804467682,-0.0050859411066630856,0.06050393089218177,-0.29140296026389007,0.04202330484986305,-0.008076722733676434,3.7290492057800293,1.354838490486145,-0.07201059011263417,0.12644568337214857,165.77159085778953,5.609667755120798,-0.00011112308605959715,0.013925826134222741,-0.5,0.048043191755571896,-0.5001111230860597,0.061969017889794635,0.5721217131986938,0.1884147012619432,0.5721217131986938,0.5721217131986938,0.5721217131986938,0.5721217131986938,0.33144512956161665,0.33144512956161665,0.33144512956161665,0.33144512956161665,1.0
30700,95.71534337699995,1.151698707163028,0.2774359608248504,0.040295250713825226,0.006589112337678671,0.9891590071468491,0.048198386774836184,0.002836852930486203,-0.005683391523198225,0.040295250713825226,-0.006589112337678671,3.718844175338745,1.4585034847259521,0.002836852930486203,-0.005683391523198225,0.16253970001617893,-0.32563434759968657,0.040295250713825226,-0.006589112337678671,3.718844175338745,1.4585034847259521,-0.09686960768228467,0.1388433146743109,165.77101970900935,5.609652925371816,-0.0002985253051805726,0.015561730838606997,-0.5,0.039307392299463347,-0.5002985253051806,0.054869123138070346,0.5971681329874653,0.19371243781238126,0.5971681329874653,0.5971681329874653,0.5971681329874653,0.5971681329874653,0.3430044710592476,0.3430044710592476,0.3430044710592476,0.3430044710592476,1.0
30750,95.81764197099983,1.2408014063719004,0.4211433277249038,0.014627492055296898,0.014621635898947716,0.9891590071468491,0.048198386774836184,0.0043919884040951734,-0.008191558234975674,0.014627492055296898,-0.014621635898947716,5.121311187744141,1.6109696626663208,0.0043919884040951734,-0.008191558234975674,0.2516423992250514,-0.46934171449974005,0.014627492055296898,-0.014621635898947716,5.121311187744141,1.6109696626663208,-0.06160596591876847,0.20519646317526796,165.77009354369457,5.609572715196233,-0.00046217572060299405,0.022429548842287896,-0.5,0.08531170380443329,-0.500462175720603,0.10774125264672119,0.5620681416393715,0.31293771582198915,0.5620681416393715,0.5620681416393715,0.5620681416393715,0.5620681416393715,0.453454751231832,0.453454751231832,0.453454751231832,0.453454751231832,1.0
30800,96.0008099380002,1.3971287483827424,0.40797885847121823,0.004165205173194408,-0.020477294921875,0.9891590071468491,0.048198386774836184,0.007120415233075619,-0.007961794902221299,0.004165205173194408,0.020477294921875,4.764427661895752,1.0482313632965088,0.007120415233075619,-0.007961794902221299,0.40796974123589336,-0.45617724524605435,0.004165205173194408,0.020477294921875,4.764427661895752,1.0482313632965088,-0.1053412193470414,0.13979581211077668,165.76750575764302,5.6095812694855125,-0.0007493000627208368,0.02180040727914543,-0.5,-0.1164261118746583,-0.5007493000627208,-0.09462570459551287,0.6060905194097622,0.04517010751526382,0.6060905194097622,0.6060905194097622,0.6060905194097622,0.6060905194097622,0.19669273736770437,0.19669273736770437,0.19669273736770437,0.19669273736770437,1.0
30850,96.15454769600001,1.2568570466764848,0.5137172037751707,-0.012691766023635864,0.007991528138518333,0.9891590071468491,0.048198386774836184,0.0046722121909260755,-0.009807277173385955,-0.012691766023635864,-0.007991528138518333,5.021151065826416,1.0715237855911255,0.0046722121909260755,-0.009807277173385955,0.2676980395296357,-0.5619155905500068,-0.012691766023635864,-0.007991528138518333,5.021151065826416,1.0715237855911255,-0.020467270366852076,0.24771642036416683,165.76988428399432,5.609505688230854,-0.0004916645148456027,0.02685378755613754,-0.5,0.047544998176173234,-0.5004916645148456,0.07439878573231078,0.5209589348816976,0.3221152060964776,0.5209589348816976,0.5209589348816976,0.5209589348816976,0.5209589348816976,0.452354939816902,0.452354939816902,0.452354939816902,0.452354939816902,1.0
30900,96.30578827200043,1.057831310677837,0.380948037985349,-0.057657986879348755,0.007229431997984648,0.9891590071468491,0.048198386774836184,0.0011985578015446668,-0.007490018085227348,-0.057657986879348755,-0.007229431997984648,1.5502324104309082,-0.16151796281337738,0.0011985578015446668,-0.007490018085227348,0.06867230353098791,-0.42914642476018516,-0.057657986879348755,-0.007229431997984648,1.5502324104309082,-0.16151796281337738,0.13297737833365664,0.14536502935068876,165.77156437733802,5.609598071329989,-0.00012612534413639236,0.02050858582850128,-0.5,0.043076823308649745,-0.5001261253441364,0.06358540913715102,0.3671487470104797,0.20895043848783978,0.3671487470104797,0.3671487470104797,0.3671487470104797,0.3671487470104797,0.3007376252404597,0.3007376252404597,0.3007376252404597,0.3007376252404597,1.0
30950,96.502264793,0.9136549819221534,0.4498957560880129,-0.03313053026795387,-0.051108911633491516,0.9891590071468491,0.048198386774836184,-0.00131779383867979,-0.00869338277785573,-0.03313053026795387,0.051108911633491516,-7.015241622924805,0.08873230218887329,-0.00131779383867979,-0.00869338277785573,-0.07550402522469563,-0.4980941428628491,-0.03313053026795387,0.051108911633491516,-7.015241622924805,0.08873230218887329,0.1336260679849594,0.13504693888661,165.77153965831337,5.609553185678109,0.00013867267616349157,0.023803658779910485,0.5,-0.23122567661570073,0.5001386726761635,-0.20742201783579026,-0.6337647406611229,-0.07237507894918024,-0.6337647406611229,-0.6337647406611229,-0.6337647406611229,-0.6337647406611229,-0.23081626411446096,-0.23081626411446096,-0.23081626411446096,-0.23081626411446096,1.0
31000,96.6252424330005,1.8082601393623183,-0.428598078997576,0.037283532321453094,0.022801458835601807,0.9891590071468491,0.048198386774836184,0.014296011663973332,0.006639227102859877,0.037283532321453094,-0.022801458835601807,-0.8030291199684143,-0.6713938117027283,0.014296011663973332,0.006639227102859877,0.8191011322154692,0.38039969222273984,0.037283532321453094,-0.022801458835601807,-0.8030291199684143,-0.6713938117027283,-0.286583190332346,-0.060149682126353105,165.75484533015896,5.609625777944341,-0.0015044833610352555,-0.018178962668417845,0.4999999999999888,0.12805270847619998,0.49849551663895353,0.10987374580778214,-0.2119123263066075,0.04972406368142904,-0.2119123263066075,-0.2119123263066075,-0.2119123263066075,-0.2119123263066075,-0.0032540178952228382,-0.0032540178952228382,-0.0032540178952228382,-0.0032540178952228382,1.0
31050,96.7042815499999,1.6596206021491486,-0.3193442139834768,-0.050104882568120956,-0.005652409978210926,0.9891590071468491,0.048198386774836184,0.011701762340962887,0.004732387437834404,-0.050104882568120956,0.005652409978210926,-5.858084678649902,-0.5621610879898071,0.011701762340962887,0.004732387437834404,0.6704615950022996,0.2711458272086406,-0.050104882568120956,0.005652409978210926,-5.858084678649902,-0.5621610879898071,-0.047604838812009165,-0.03707907113950255,165.76040166110337,5.609675755975948,-0.0012314423711199732,-0.012957749099117984,0.5,-0.03377072019891792,0.49876855762888,-0.0467284692980359,-0.45116371881687084,-0.08380754043753845,-0.45116371881687084,-0.45116371881687084,-0.45116371881687084,-0.45116371881687084,-0.19659847014175616,-0.19659847014175616,-0.19659847014175616,-0.19659847014175616,1.0
31100,96.86152101300013,2.0791699878373535,-0.7509161199930794,0.04382127895951271,0.05389486625790596,0.9891590071468491,0.048198386774836184,0.01902428049594164,0.012264738156809472,0.04382127895951271,-0.05389486625790596,8.770301818847656,-4.141256332397461,0.01902428049594164,0.012264738156809472,1.0900109806905045,0.7027177332182433,0.04382127895951271,-0.05389486625790596,8.770301818847656,-4.141256332397461,-0.36042889722295424,-0.06509208063741717,165.74186627590748,5.60938067242026,-0.002002181017976486,-0.03358312708692351,-0.5,0.2377254149229672,-0.5020021810179764,0.20414228783604368,0.8624310782409307,0.1390502071986265,0.8624310782409307,0.8624310782409307,0.8624310782409307,0.8624310782409307,0.3546579767588592,0.3546579767588592,0.3546579767588592,0.3546579767588592,1.0
31150,97.01205805800055,1.1754414052133444,0.0692210057107438,-0.07232169806957245,-0.026211077347397804,0.9891590071468491,0.048198386774836184,0.0032512411847710615,-0.002049355004564859,-0.07232169806957245,0.026211077347397804,3.725072145462036,-0.5786884427070618,0.0032512411847710615,-0.002049355004564859,0.1862823980664953,-0.11741939248557998,-0.07232169806957245,0.026211077347397804,3.725072145462036,-0.5786884427070618,0.14064286572275647,0.07693446124025788,165.77081186347309,5.609717694341209,-0.0003421321441410949,0.0056113135954294945,-0.5,-0.1442854910532954,-0.5003421321441411,-0.13867417745786592,0.35969926642138467,-0.06173971621760804,0.35969926642138467,0.35969926642138467,0.35969926642138467,0.35969926642138467,0.028185100387738124,0.028185100387738124,0.028185100387738124,0.028185100387738124,1.0
31200,97.16113192900048,0.8890277743743205,0.4154347836826541,0.0005550369387492537,0.043688900768756866,0.9891590071468491,0.048198386774836184,-0.0017476196959614748,-0.008091925345943309,0.0005550369387492537,-0.043688900768756866,2.5179905891418457,-0.11811193078756332,-0.0017476196959614748,-0.008091925345943309,-0.10013123277252862,-0.4636331704574902,0.0005550369387492537,-0.043688900768756866,2.5179905891418457,-0.11811193078756332,0.05218753276471467,0.24172991681984837,165.77143110726644,5.609576454497801,0.00018390373252403526,0.022156732291921753,-0.5,0.21098656847753633,-0.499816096267476,0.23314330076945808,0.4476285635027613,0.47487321758930645,0.4476285635027613,0.4476285635027613,0.4476285635027613,0.4476285635027613,0.5867803584649968,0.5867803584649968,0.5867803584649968,0.5867803584649968,1.0
31250,97.31248067400065,1.0618219554221227,0.8614113985692549,0.0384458489716053,0.04816509783267975,0.9891590071468491,0.048198386774836184,0.00126820769160986,-0.01587568566261325,0.0384458489716053,-0.04816509783267975,2.702387809753418,-0.19906720519065857,0.00126820769160986,-0.01587568566261325,0.07266294827527364,-0.909609785344091,0.0384458489716053,-0.04816509783267975,2.702387809753418,-0.19906720519065857,-0.0628611467514812,0.36563976628895045,165.77155022263472,5.609146474793962,-0.00013345467395247873,0.043471649650035804,-0.5,0.223723828643408,-0.5001334546739524,0.2671954782934438,0.5629946014254337,0.6328352445823943,0.5629946014254337,0.5629946014254337,0.5629946014254337,0.5629946014254337,0.7735838949387527,0.7735838949387527,0.7735838949387527,0.7735838949387527,1.0
31300,97.46391289799976,1.0371036075375524,1.2116826023928435,-0.020887577906250954,0.010982346720993519,0.9891590071468491,0.048198386774836184,0.0008367911353707319,-0.021989071444259024,-0.020887577906250954,-0.010982346720993519,2.686692476272583,-0.868433952331543,0.0008367911353707319,-0.021989071444259024,0.04794460039070328,-1.2598809891676797,-0.020887577906250954,-0.010982346720993519,2.686692476272583,-0.868433952331543,0.04819584677332095,0.39480622149602024,165.77162503978522,5.6086129733458945,-8.805628240319837e-05,0.06021505304788601,-0.5,0.06485445658186172,-0.5000880562824032,0.12506950962974772,0.4518922095090822,0.519875731125768,0.4518922095090822,0.4518922095090822,0.4518922095090822,0.4518922095090822,0.6328487835030385,0.6328487835030385,0.6328487835030385,0.6328487835030385,1.0
31350,97.55268149299991,0.9909362245033205,1.246620407379634,0.04297364503145218,-0.006205611862242222,0.9891590071468491,0.048198386774836184,3.101829439401682e-05,-0.022598851174698214,0.04297364503145218,0.006205611862242222,3.036815881729126,-1.3434940576553345,3.101829439401682e-05,-0.022598851174698214,0.0017772173564714652,-1.2948187941544702,0.04297364503145218,0.006205611862242222,3.036815881729126,-1.3434940576553345,-0.0632428321009711,0.36418655376154424,165.77168264868035,5.608550312033652,-3.2640822117881885e-06,0.061885289813146345,-0.5,-0.03704366124449778,-0.5000032640822117,0.024841628568648563,0.5632460961831829,0.3890281823301928,0.5632460961831829,0.5632460961831829,0.5632460961831829,0.5632460961831829,0.5298397063759885,0.5298397063759885,0.5298397063759885,0.5298397063759885,1.0
31400,97.61053986299976,1.0020305861495369,1.2723903909529748,-0.022154273465275764,0.0005113547667860985,0.9891590071468491,0.048198386774836184,0.0002246514335274702,-0.02304862223623786,-0.022154273465275764,-0.0005113547667860985,2.2987775802612305,-1.4926128387451172,0.0002246514335274702,-0.02304862223623786,0.012871579002687802,-1.320588777727811,-0.022154273465275764,-0.0005113547667860985,2.2987775802612305,-1.4926128387451172,0.06505216558044592,0.38523487832128234,165.771678570076,5.608502995187519,-2.3640266956854785e-05,0.0631172712554912,-0.5,0.003068021636443566,-0.5000236402669569,0.06618529289193477,0.434971474686511,0.4514201712132171,0.434971474686511,0.434971474686511,0.434971474686511,0.434971474686511,0.5601630398848448,0.5601630398848448,0.5601630398848448,0.5601630398848448,1.0
31450,97.66587171900028,0.9532915301710895,1.2586526393762576,-0.022241950035095215,-0.04089822992682457,0.9891590071468491,0.048198386774836184,-0.0006260055676102633,-0.022808853239403105,-0.022241950035095215,0.04089822992682457,2.5004069805145264,-1.4636354446411133,-0.0006260055676102633,-0.022808853239403105,-0.035867476975759593,-1.3068510261510937,-0.022241950035095215,0.04089822992682457,2.5004069805145264,-1.4636354446411133,0.0737503497293239,0.3138734678691171,165.7716504423394,5.608528335406252,6.587512116599469e-05,0.06246051047878604,-0.5,-0.2021881567253149,-0.499934124878834,-0.13972764624652886,0.4261837751495101,0.1741458216225882,0.4261837751495101,0.4261837751495101,0.4261837751495101,0.4261837751495101,0.28069176540996577,0.28069176540996577,0.28069176540996577,0.28069176540996577,1.0
31500,97.78550209700006,0.888647098049798,1.1840881045374632,0.03376520052552223,-0.006469676271080971,0.9891590071468491,0.048198386774836184,-0.0017542637512087816,-0.021507456601248122,0.03376520052552223,0.006469676271080971,2.2757205963134766,-1.470022201538086,-0.0017542637512087816,-0.021507456601248122,-0.10051190909705106,-1.2322864913122993,0.03376520052552223,0.006469676271080971,2.2757205963134766,-1.470022201538086,-0.0094009710623539,0.3520397253745169,165.77142919042015,5.6086612531456845,0.0001846028943847825,0.05889589367746041,-0.5,-0.038602859215078736,-0.49981539710561523,0.020293034462381676,0.5092163681679691,0.37233275983689856,0.5092163681679691,0.5092163681679691,0.5092163681679691,0.5092163681679691,0.49963685187889084,0.49963685187889084,0.49963685187889084,0.49963685187889084,1.0
31550,97.96664304700062,1.1864206141390226,1.2031479608597953,0.04654110223054886,0.033662524074316025,0.9891590071468491,0.048198386774836184,0.0034428645297884947,-0.021840113849029875,0.04654110223054886,-0.033662524074316025,2.4836769104003906,-1.702166199684143,0.0034428645297884947,-0.021840113849029875,0.19726160699217343,-1.2513463476346314,0.04654110223054886,-0.033662524074316025,2.4836769104003906,-1.702166199684143,-0.12647961797672486,0.4256610784184365,165.77070618348557,5.608628019882068,-0.00036229706002189005,0.059807050982571906,-0.5,0.17613419382514098,-0.5003622970600219,0.2359412448077129,0.6268419150367468,0.6616023232261494,0.6268419150367468,0.6268419150367468,0.6268419150367468,0.6268419150367468,0.8183128019853361,0.8183128019853361,0.8183128019853361,0.8183128019853361,1.0
31600,98.12724769600027,1.2193158723988617,1.3895186369868788,-0.018535733222961426,-0.01816563680768013,0.9891590071468491,0.048198386774836184,0.0040169950947165495,-0.025092895776615477,-0.018535733222961426,0.01816563680768013,2.551856756210327,-2.2962000370025635,0.0040169950947165495,-0.025092895776615477,0.23015686525201265,-1.437717023761715,-0.018535733222961426,0.01816563680768013,2.551856756210327,-2.2962000370025635,-0.008746753334910796,0.39283583354722457,165.77035333123524,5.608276185281441,-0.0004227141554006924,0.06871704369288235,-0.5,-0.10443859160030541,-0.5004227141554007,-0.03572154790742306,0.5091694674903116,0.3571142856398015,0.5091694674903116,0.5091694674903116,0.5091694674903116,0.5091694674903116,0.4844066525123794,0.4844066525123794,0.4844066525123794,0.4844066525123794,1.0
31650,98.2820576539998,1.0938693097295284,1.4020732717333029,-0.07842177152633667,0.001326405443251133,0.9891590071468491,0.048198386774836184,0.0018275395408272783,-0.02531201548932586,-0.07842177152633667,-0.001326405443251133,2.142505168914795,-2.5648629665374756,0.0018275395408272783,-0.02531201548932586,0.10471030258267945,-1.4502716585081392,-0.07842177152633667,-0.001326405443251133,2.142505168914795,-2.5648629665374756,0.15412553939998191,0.3960178889584384,165.7714075674879,5.6082507314259855,-0.00019231379423709628,0.06931729132577692,-0.5,0.007956566294261086,-0.5001923137942371,0.07727385762003801,0.3460667743942552,0.47329174657847645,0.3460667743942552,0.3460667743942552,0.3460667743942552,0.3460667743942552,0.5598084401770402,0.5598084401770402,0.5598084401770402,0.5598084401770402,1.0
31700,98.4296577619998,0.650176325903239,1.2158929871293334,-0.10397161543369293,-0.08306147158145905,0.9891590071468491,0.048198386774836184,-0.005916363894939422,-0.022062556520686484,-0.10397161543369293,0.08306147158145905,-14.724859237670898,0.5142397880554199,-0.005916363894939422,-0.022062556520686484,-0.3389826812436101,-1.2640913739041695,-0.10397161543369293,0.08306147158145905,-14.724859237670898,0.5142397880554199,0.3455506671671601,0.25577673422306346,165.76879895495114,5.608605512789069,0.0006225913386207373,0.06041633295063908,0.5,-0.2791147779591737,0.5006225913386207,-0.21869844500853464,-0.8461732585057808,0.037078289214528826,-0.8461732585057808,-0.8461732585057808,-0.8461732585057808,-0.8461732585057808,-0.17446502541191639,-0.17446502541191639,-0.17446502541191639,-0.17446502541191639,1.0
31750,98.59769971700007,1.234479852851642,-0.46633532772914604,0.14453276991844177,-0.10031596571207047,0.9891590071468491,0.048198386774836184,0.004281656481325627,0.007297866343869828,0.14453276991844177,0.10031596571207047,-0.8084053993225098,-1.188349723815918,0.004281656481325627,0.007297866343869828,0.245320845704793,0.41813694095430987,0.14453276991844177,0.10031596571207047,-0.8084053993225098,-1.188349723815918,-0.3180209291704136,-0.33755497869929785,165.77017238504308,5.6096046205813686,-0.00045056517959925327,-0.019982436987067292,0.49999999999999095,-0.2893414006731161,0.4995494348203917,-0.3093238376601834,-0.18152850564997813,-0.6468788163594812,-0.18152850564997813,-0.18152850564997813,-0.18152850564997813,-0.18152850564997813,-0.6922609427719757,-0.6922609427719757,-0.6922609427719757,-0.6922609427719757,1.0
31800,98.79865491100009,1.5070378046290605,-0.8863181102645294,0.14241935312747955,-0.04278918728232384,0.9891590071468491,0.048198386774836184,0.009038690142333508,0.014627948700799608,0.14241935312747955,0.04278918728232384,11.353985786437988,-0.10960815101861954,0.009038690142333508,0.014627948700799608,0.5178787974822113,0.8381197234896933,0.14241935312747955,0.04278918728232384,11.353985786437988,-0.10960815101861954,-0.40189367666726666,-0.25873641042303286,165.7649520219357,5.609234195679446,-0.0009511749269122858,-0.04005465739840763,-0.5,-0.2082236907236216,-0.5009511749269123,-0.24827834812202923,0.9028448515941789,-0.5070147585450621,0.9028448515941789,0.9028448515941789,0.9028448515941789,0.9028448515941789,-0.28130354564651733,-0.28130354564651733,-0.28130354564651733,-0.28130354564651733,1.0
31850,98.96709865000048,0.9286774493930676,0.34882472450385343,-0.10137403756380081,0.0257294662296772,0.9891590071468491,0.048198386774836184,-0.0010556023195385927,-0.006929360498324968,-0.10137403756380081,-0.0257294662296772,1.9628626108169556,1.2126872539520264,-0.0010556023195385927,-0.006929360498324968,-0.06048155775378148,-0.3970231112786896,-0.10137403756380081,-0.0257294662296772,1.9628626108169556,1.2126872539520264,0.2545059588249968,0.16525757845932282,165.77159092572046,5.609616704456195,0.00011108199494406574,0.018973399307733573,-0.5,0.14205397731802738,-0.4998889180050559,0.16102737662576094,0.2453829591800591,0.32628495508508376,0.2453829591800591,0.2453829591800591,0.2453829591800591,0.2453829591800591,0.38763069488009855,0.38763069488009855,0.38763069488009855,0.38763069488009855,1.0
31900,99.03855328900045,0.5745050869754909,0.3149778021131346,-0.05752573162317276,-0.028487036004662514,0.9891590071468491,0.048198386774836184,-0.007237076163291931,-0.006338620260939933,-0.05752573162317276,0.028487036004662514,0.08403796702623367,-0.20307937264442444,-0.007237076163291931,-0.006338620260939933,-0.4146539201713582,-0.36317618888797076,-0.05752573162317276,0.028487036004662514,0.08403796702623367,-0.20307937264442444,0.2445896433671027,0.11307498533160465,165.76736776597934,5.609634769683902,0.0007615770212640527,0.017355850241004684,-0.4664800113857785,-0.15455065084576763,-0.46571843436451443,-0.13719480060476294,0.22112879099741173,-0.02411981527315829,0.22112879099741173,0.22112879099741173,0.22112879099741173,0.22112879099741173,0.03116238247619464,0.03116238247619464,0.03116238247619464,0.03116238247619464,1.0
31950,99.10449702400001,0.4791065008166005,0.2959224547828717,0.08291517198085785,-0.1391211301088333,0.9891590071468491,0.048198386774836184,-0.008902095593512058,-0.006006041709915735,0.08291517198085785,0.1391211301088333,-5.686313629150391,0.3444841206073761,-0.008902095593512058,-0.006006041709915735,-0.5100525063302486,-0.3441208415577079,0.08291517198085785,0.1391211301088333,-5.686313629150391,0.3444841206073761,0.056639574921180685,-0.003935869369838141,165.76515391508568,5.6096442324025,0.0009367998169763183,0.016445196534254088,0.5,-0.2977106645157452,0.5009367998169764,-0.2812654679814911,-0.557576374738157,-0.28520133735132924,-0.557576374738157,-0.557576374738157,-0.557576374738157,-0.557576374738157,-0.4245954310358685,-0.4245954310358685,-0.4245954310358685,-0.4245954310358685,1.0
32000,99.26118800400036,1.6414779121663023,-0.25749786490521626,-0.02892213687300682,0.23624102771282196,0.9891590071468491,0.048198386774836184,0.011385112665593625,0.003652965016080998,-0.02892213687300682,-0.23624102771282196,6.136991024017334,-2.9041996002197266,0.011385112665593625,0.003652965016080998,0.6523189050194532,0.20929947813038008,-0.02892213687300682,-0.23624102771282196,6.136991024017334,-2.9041996002197266,-0.12006864048729066,0.38136960883195437,165.76100392542088,5.60969661801283,-0.0011981166486310824,-0.010002160672997593,-0.5,0.2999527730307905,-0.5011981166486311,0.2899506123577929,0.6212667571359218,0.6713202211897473,0.6212667571359218,0.6212667571359218,0.6212667571359218,0.6212667571359218,0.8266369104737278,0.8266369104737278,0.8266369104737278,0.8266369104737278,1.0
32050,99.45675968700016,0.6384047616729865,0.5845898612850147,-0.04950573295354843,0.006153140217065811,0.9891590071468491,0.048198386774836184,-0.006121816448867319,-0.011044238396571017,-0.04950573295354843,-0.006153140217065811,1.8039615154266357,-0.12112651765346527,-0.006121816448867319,-0.011044238396571017,-0.3507542454738625,-0.6327882480598508,-0.04950573295354843,-0.006153140217065811,1.8039615154266357,-0.12112651765346527,0.2294842521064102,0.21635288702608735,165.7685951933486,5.609446241077604,0.0006442120666000372,0.030240962347953426,-0.5,0.036733591528541054,-0.49935578793339996,0.06697455387649448,0.26987153582698975,0.28332744090258183,0.26987153582698975,0.26987153582698975,0.26987153582698975,0.26987153582698975,0.3507953248593293,0.3507953248593293,0.3507953248593293,0.3507953248593293,1.0
32100,99.64077152400023,0.42585164926014335,0.5012555769953354,0.044595442712306976,-0.15336501598358154,0.9891590071468491,0.048198386774836184,-0.009831568095833063,-0.009589780755923129,0.044595442712306976,0.15336501598358154,-8.530704498291016,1.9535821676254272,-0.009831568095833063,-0.009589780755923129,-0.5633073578867057,-0.5494539637701715,0.044595442712306976,0.15336501598358154,-8.530704498291016,1.9535821676254272,0.08783381694434458,-0.006179862513938678,165.76371939880855,5.609515411815676,0.0010346175315672807,0.02625822287456273,0.5,-0.29870285620153175,0.5010346175315673,-0.272444633326969,-0.5888684344759119,-0.27862449584090765,-0.5888684344759119,-0.5888684344759119,-0.5888684344759119,-0.5888684344759119,-0.4258416044598856,-0.4258416044598856,-0.4258416044598856,-0.4258416044598856,1.0
32150,99.80193005000001,1.4586470882982836,-0.7273908140574398,0.04508629068732262,-0.02372840791940689,0.9891590071468491,0.048198386774836184,0.008194112814962864,0.011854144110693597,0.04508629068732262,0.02372840791940689,8.580268859863281,-0.7634733319282532,0.008194112814962864,0.011854144110693597,0.4694880811514346,0.6791924272826037,0.04508629068732262,0.02372840791940689,8.580268859863281,-0.7634733319282532,-0.2183306615135442,-0.18655628583538952,165.76615108640848,5.609403497092043,-0.00086229277290286,-0.032458765959086755,-0.5,-0.13256487070996772,-0.5008622927729028,-0.16502363666905448,0.719192954286447,-0.35157992250444403,0.719192954286447,0.719192954286447,0.719192954286447,0.719192954286447,-0.17178168393283227,-0.17178168393283227,-0.17178168393283227,-0.17178168393283227,1.0
32200,99.9657951600002,0.1756582047647929,0.028002451580889928,-0.17089904844760895,0.09711599349975586,0.9891590071468491,0.048198386774836184,-0.01419826746918261,-0.0013299555220874027,-0.17089904844760895,-0.09711599349975586,-12.119156837463379,3.1700849533081055,-0.01419826746918261,-0.0013299555220874027,-0.8135008023820561,-0.07620083835572611,-0.17089904844760895,-0.09711599349975586,-12.119156837463379,3.1700849533081055,0.5546065183183844,0.11651813661155769,165.75507477935295,5.609723297633169,0.0014941955848495603,0.0036415326067509696,0.5,0.28791526494699804,0.5014941955848495,0.291556797553749,-1.056100713903234,0.4080749341653067,-1.056100713903234,-1.056100713903234,-1.056100713903234,-1.056100713903234,0.14404975568949824,0.14404975568949824,0.14404975568949824,0.14404975568949824,1.0
32250,100.12685039999997,0.9034154611392465,-1.1360448740807108,0.21124707162380219,-0.0641811266541481,0.9891590071468491,0.048198386774836184,-0.0014965071901679033,0.01898650295974221,0.21124707162380219,0.0641811266541481,2.003139019012451,0.5481878519058228,-0.0014965071901679033,0.01898650295974221,-0.08574354600760255,1.0878464873058746,0.21124707162380219,0.0641811266541481,2.003139019012451,0.5481878519058228,-0.39877560917027555,-0.39659216400948416,165.7714982221071,5.6088965253178005,0.00015747887518076576,-0.0519912326321281,-0.5,-0.25723412714068367,-0.49984252112481925,-0.30922535977281174,0.8986181302950949,-0.7058175237822959,0.8986181302950949,0.8986181302950949,0.8986181302950949,0.8986181302950949,-0.4811629912085222,-0.4811629912085222,-0.4811629912085222,-0.4811629912085222,1.0
32300,100.23483087400018,1.6725110901036668,-0.6018519904734584,-0.019731096923351288,0.17088410258293152,0.9891590071468491,0.048198386774836184,0.011926743797957898,0.009663078300072812,-0.019731096923351288,-0.17088410258293152,12.058797836303711,2.970043897628784,0.011926743797957898,0.009663078300072812,0.6833520829568178,0.5536536036986222,-0.019731096923351288,-0.17088410258293152,12.058797836303711,2.970043897628784,-0.11487801353928984,0.26902773077989944,165.7599637101586,5.609512159271579,-0.0012551206413157158,-0.026458931393712363,-0.5,0.2993556472448686,-0.5012551206413157,0.2728967158511562,0.6161331341806056,0.5419244466310557,0.6161331341806056,0.6161331341806056,0.6161331341806056,0.6161331341806056,0.695957730176207,0.695957730176207,0.695957730176207,0.695957730176207,1.0
32350,100.2904927260006,1.2106097290846227,0.015529934184484888,-0.22621534764766693,0.17278169095516205,0.9891590071468491,0.048198386774836184,0.0038650442287325865,-0.001112269027507864,-0.22621534764766693,-0.17278169095516205,1.774159550666809,1.971837043762207,0.0038650442287325865,-0.001112269027507864,0.2214507219377736,-0.06372832095932107,-0.22621534764766693,-0.17278169095516205,1.774159550666809,1.971837043762207,0.40934703892471624,0.41562325990131016,165.7704520030767,5.609724522988981,-0.00040672398692243587,0.003045487866348021,-0.5,0.2994026989256821,-0.5004067239869224,0.3024481867920301,0.09105968506220619,0.7180714466933402,0.09105968506220619,0.09105968506220619,0.09105968506220619,0.09105968506220619,0.7408363679588917,0.7408363679588917,0.7408363679588917,0.7408363679588917,1.0
32400,100.34514490600031,0.5914789608366188,0.3318003445954644,-0.15826533734798431,-0.007854640483856201,0.9891590071468491,0.048198386774836184,-0.006940826177597045,-0.006632229015813209,-0.15826533734798431,0.007854640483856201,0.6371393203735352,1.624131679534912,-0.006940826177597045,-0.006632229015813209,-0.3976800463102303,-0.3799987313703006,-0.15826533734798431,0.007854640483856201,0.6371393203735352,1.624131679534912,0.4535362603713705,0.13901677017177516,165.76771380036803,5.609625992006535,0.0007304008237934982,0.01815980069433022,-0.4999999999914541,-0.04674395590134257,-0.4992695991676606,-0.028584155207012348,0.0457333387962901,0.11043261496476281,0.0457333387962901,0.0457333387962901,0.0457333387962901,0.0457333387962901,0.12186594966383534,0.12186594966383534,0.12186594966383534,0.12186594966383534,1.0
32450,100.46863443700022,0.6111207706205772,0.10085612074914212,0.03989863768219948,0.05287579074501991,0.9891590071468491,0.048198386774836184,-0.006598011925816535,-0.002601491921232082,0.03989863768219948,-0.05287579074501991,3.1136512756347656,-4.082950115203857,-0.006598011925816535,-0.002601491921232082,-0.3780382365262719,-0.1490545075239783,0.03989863768219948,-0.05287579074501991,3.1136512756347656,-4.082950115203857,0.04706680764519146,0.17129002392174603,165.76809617539953,5.6097117756772885,0.00069432454209831,0.007123117325997233,-0.5,0.235413367145183,-0.49930567545790167,0.24253648447118023,0.4522388678127102,0.41382650839292623,0.4522388678127102,0.4522388678127102,0.4522388678127102,0.4522388678127102,0.5268862253461037,0.5268862253461037,0.5268862253461037,0.5268862253461037,1.0
32500,100.62399911200009,0.3650938349004271,0.14737128314208922,-0.005632677581161261,-0.07759936153888702,0.9891590071468491,0.048198386774836184,-0.0108919920027256,-0.0034133346570888535,-0.005632677581161261,0.07759936153888702,0.8349757790565491,3.098938465118408,-0.0108919920027256,-0.0034133346570888535,-0.624065172246422,-0.1955696699169254,-0.005632677581161261,0.07759936153888702,0.8349757790565491,3.098938465118408,0.19510597813139902,-0.03711014358902642,165.76190893993194,5.6097005208302155,0.0011462187492273926,0.009346026420482568,-0.4999999999999969,-0.27423383419313074,-0.4988537812507695,-0.2648878077726482,0.3037478031193705,-0.3019979513616746,0.3037478031193705,0.3037478031193705,0.3037478031193705,0.3037478031193705,-0.22606100058183198,-0.22606100058183198,-0.22606100058183198,-0.22606100058183198,1.0
32550,100.77119898399997,0.3653580244830891,0.11937125614495252,-0.02690359205007553,-0.06026315689086914,0.9891590071468491,0.048198386774836184,-0.01088738102465868,-0.002924641995341517,-0.02690359205007553,0.06026315689086914,1.3744786977767944,3.77880859375,-0.01088738102465868,-0.002924641995341517,-0.6238009826637599,-0.1675696429197887,-0.02690359205007553,0.06026315689086914,1.3744786977767944,3.77880859375,0.22198316835019455,0.004701350563861978,165.76191721330156,5.609707659724769,0.0011457334749546987,0.00800793459484673,-0.5,-0.25057588248468304,-0.4988542665250453,-0.24256794788983632,0.2768710981748507,-0.23786659732597434,0.2768710981748507,0.2768710981748507,0.2768710981748507,0.2768710981748507,-0.16864882278226168,-0.16864882278226168,-0.16864882278226168,-0.16864882278226168,1.0
32600,100.9218337680004,0.12337654844335676,-0.03238921394650334,-0.05623140186071396,-0.06847116351127625,0.9891590071468491,0.048198386774836184,-0.015110754510387778,-0.00027592211787123237,-0.05623140186071396,0.06847116351127625,0.4258488714694977,1.1286334991455078,-0.015110754510387778,-0.00027592211787123237,-0.8657824587034924,-0.01580917282833284,-0.05623140186071396,0.06847116351127625,0.4258488714694977,1.1286334991455078,0.3489881561955259,-0.08497324815389257,165.75287152288502,5.609727198957036,0.0015902378372227158,0.0007554981780520737,-0.49999995998273694,-0.26356820700272376,-0.4984097221455142,-0.26281270882467167,0.1494215659499883,-0.34778595697856424,0.1494215659499883,0.1494215659499883,0.1494215659499883,0.1494215659499883,-0.3104305654910672,-0.3104305654910672,-0.3104305654910672,-0.3104305654910672,1.0
32650,101.07942698999977,-0.010718678730255822,-0.10803595023761473,-0.006081600673496723,-0.0004062812076881528,0.9891590071468491,0.048198386774836184,-0.017451157735777087,0.001044362498796545,-0.006081600673496723,0.0004062812076881528,1.5918511152267456,1.61825430393219,-0.017451157735777087,0.001044362498796545,-0.9998776858771049,0.05983756346277854,-0.006081600673496723,0.0004062812076881528,1.5918511152267456,1.61825430393219,0.3001999461138322,0.02078366021732845,165.74659334112067,5.60972486053473,0.0018365853269442748,-0.0028595538720804278,-0.5,-0.002437633597488361,-0.49816341467305575,-0.0052971874695687884,0.19796346855922353,0.015486472747759661,0.19796346855922353,0.19796346855922353,0.19796346855922353,0.19796346855922353,0.06497733988756554,0.06497733988756554,0.06497733988756554,0.06497733988756554,1.0
32700,101.23068574199988,-0.15639911235798,-0.13115698768164752,-0.028019480407238007,-0.03949473425745964,0.9891590071468491,0.048198386774836184,-0.01999376095831394,0.0014479007286718115,-0.028019480407238007,0.03949473425745964,1.3344132900238037,3.1921193599700928,-0.01999376095831394,0.0014479007286718115,-1.1455581195048292,0.08295860090681134,-0.028019480407238007,0.03949473425745964,1.3344132900238037,3.1921193599700928,0.3836592046933486,-0.060981829956851454,165.73875004563524,5.6097225424797905,0.0021042387887871784,-0.003964477043846252,-0.5,-0.19750481136427536,-0.4978957612112128,-0.20146928840812162,0.11423655651786424,-0.2624511183649731,0.11423655651786424,0.11423655651786424,0.11423655651786424,0.11423655651786424,-0.23389197923550703,-0.23389197923550703,-0.23389197923550703,-0.23389197923550703,1.0
32750,101.31843786399986,-0.28362395213032326,-0.08820971200585277,-0.04840829595923424,-0.011137839406728745,0.9891590071468491,0.048198386774836184,-0.022214253302663564,0.0006983293633675202,-0.04840829595923424,0.011137839406728745,0.45769909024238586,3.153778076171875,-0.022214253302663564,0.0006983293633675202,-1.2727829592771724,0.04001132523101659,-0.04840829595923424,0.011137839406728745,0.45769909024238586,3.153778076171875,0.4444671361333786,0.06528648228197022,165.73102920737477,5.6097262504344885,0.0023380063908171956,-0.0019120852608540608,-0.49999998880684743,-0.06574321113650464,-0.4976619824160302,-0.06765529639735869,0.05319484628265159,-0.0023688141153884734,0.05319484628265159,0.05319484628265159,0.05319484628265159,0.05319484628265159,0.010929897455274423,0.010929897455274423,0.010929897455274423,0.010929897455274423,1.0
32800,101.47244875300021,-0.29084175453573424,-0.497084572568279,0.23166438937187195,-0.2818105220794678,0.9891590071468491,0.048198386774836184,-0.022340227719396352,0.007834541908814573,0.23166438937187195,0.2818105220794678,-9.109854698181152,6.473165035247803,-0.022340227719396352,0.007834541908814573,-1.2800007616825833,0.44888618579344286,0.23166438937187195,0.2818105220794678,-9.109854698181152,6.473165035247803,0.027772027672134048,-0.4613842601142807,165.73056683656952,5.609585902515621,0.0023512693101707264,-0.021451961864515073,0.5,-0.299992368752493,0.5023512693101707,-0.3214443306170081,-0.5301232969823048,-0.7828285907312889,-0.5301232969823048,-0.5301232969823048,-0.5301232969823048,-0.5301232969823048,-0.915359414976865,-0.915359414976865,-0.915359414976865,-0.915359414976865,1.0
32850,101.62202664899996,1.5711358216167508,-1.2486209057545072,0.11574849486351013,0.0007683951407670975,0.9891590071468491,0.048198386774836184,0.010157411582767964,0.020951325371279382,0.11574849486351013,-0.0007683951407670975,7.871155738830566,0.2087131291627884,0.010157411582767964,0.020951325371279382,0.5819768144699018,1.2004225189796711,0.11574849486351013,-0.0007683951407670975,7.871155738830566,0.2087131291627884,-0.4487070153008317,-0.279366737513548,165.7631828057872,5.608715673007289,-0.0010689097209266281,-0.05737265628035439,-0.5,0.004610007931380728,-0.5010689097209267,-0.05276264834897366,0.9497759250217583,-0.33212938586252166,0.9497759250217583,0.9497759250217583,0.9497759250217583,0.9497759250217583,-0.09468540460708208,-0.09468540460708208,-0.09468540460708208,-0.09468540460708208,1.0
32900,101.77318594100052,0.6794509435727368,-0.24925889585803548,-0.12086941301822662,-0.009461324661970139,0.9891590071468491,0.048198386774836184,-0.005405425429344177,0.0035091678792377934,-0.12086941301822662,0.009461324661970139,0.5269100666046143,1.9554705619812012,-0.005405425429344177,0.0035091678792377934,-0.3097080635741123,0.2010605090831993,-0.12086941301822662,0.009461324661970139,0.5269100666046143,1.9554705619812012,0.3619309172659801,0.02110880857164585,165.7692755328802,5.609698991773507,0.000568823129036195,-0.00960842821503821,-0.4999999992975189,-0.056099956778713614,-0.4994311761684827,-0.06570838499375183,0.13750025890250261,-0.04459957642210598,0.13750025890250261,0.13750025890250261,0.13750025890250261,0.13750025890250261,-0.010224511696480323,-0.010224511696480323,-0.010224511696480323,-0.010224511696480323,1.0
32950,101.92540316400027,0.9831069067237819,-0.9575310499332575,0.2095162570476532,-0.13454261422157288,0.9891590071468491,0.048198386774836184,-0.00010562907904386465,0.015870848968042993,0.2095162570476532,0.13454261422157288,8.387990951538086,0.5679559111595154,-0.00010562907904386465,0.015870848968042993,-0.006052100423067214,0.9093326631584214,0.2095162570476532,0.13454261422157288,8.387990951538086,0.5679559111595154,-0.3885416100489578,-0.4540281998698186,165.7716818087264,5.609146828686982,1.1115440286177589e-05,-0.0434584039251606,-0.5,-0.29725265316243915,-0.4999888845597138,-0.34071105708759974,0.8885304946086716,-0.7947392569574183,0.8885304946086716,0.8885304946086716,0.8885304946086716,0.8885304946086716,-0.5726066333052504,-0.5726066333052504,-0.5726066333052504,-0.5726066333052504,1.0
33000,102.07536023800003,0.8213657326612056,-0.10047195595886195,-0.10205131024122238,0.06978865712881088,0.9891590071468491,0.048198386774836184,-0.002928545102477073,0.0009123458940302953,-0.10205131024122238,-0.06978865712881088,2.7220776081085205,1.464775800704956,-0.002928545102477073,0.0009123458940302953,-0.16779327448564346,0.052273569184025766,-0.10205131024122238,-0.06978865712881088,2.7220776081085205,1.464775800704956,0.33001863559533984,0.1394033804500357,165.7709761564646,5.609725455922408,0.00030817423198705314,-0.0024980809559734408,-0.5,0.26533037283599015,-0.49969182576801296,0.2628322918800167,0.16967319017267313,0.4022356723300524,0.16967319017267313,0.16967319017267313,0.16967319017267313,0.16967319017267313,0.4446539698732207,0.4446539698732207,0.4446539698732207,0.4446539698732207,1.0
33050,102.15043981000053,0.4442320618426179,-0.09709378708405596,-0.04751477390527725,0.009457950480282307,0.9891590071468491,0.048198386774836184,-0.009510769378393888,0.0008533857244765386,-0.04751477390527725,-0.009457950480282307,1.6935957670211792,0.9214721918106079,-0.009510769378393888,0.0008533857244765386,-0.5449269453042312,0.04889540030921977,-0.04751477390527725,-0.009457950480282307,1.6935957670211792,0.9214721918106079,0.27039990133507424,0.04797768550363109,165.7642305947404,5.609725695876747,0.0010008564730023706,-0.002336642918179648,-0.5,0.056080419391531376,-0.49899914352699765,0.053743776473351726,0.2285992421919234,0.10172146197698281,0.2285992421919234,0.2285992421919234,0.2285992421919234,0.2285992421919234,0.15887127252496366,0.15887127252496366,0.15887127252496366,0.15887127252496366,1.0
33100,102.20598702200004,0.3036105530652351,-0.10263997406127903,-0.06073649600148201,0.0012922121677547693,0.9891590071468491,0.048198386774836184,-0.011965077705681323,0.000950184948160313,-0.06073649600148201,-0.0012922121677547693,1.2436063289642334,1.1134634017944336,-0.011965077705681323,0.000950184948160313,-0.685548454081614,0.054441587286442855,-0.06073649600148201,-0.0012922121677547693,1.2436063289642334,1.1134634017944336,0.3323563712898191,0.03089280785465264,165.75988825748962,5.609725293483924,0.0012591551224104224,-0.002601687561740285,-0.5,0.007751547266189558,-0.4987408448775896,0.005149859704449273,0.16638447358777048,0.03604266755910192,0.16638447358777048,0.16638447358777048,0.16638447358777048,0.16638447358777048,0.07763878595604454,0.07763878595604454,0.07763878595604454,0.07763878595604454,1.0
33150,102.3649822440002,-0.4343089442369265,-0.38901996088255536,0.0424351766705513,-0.12775573134422302,0.9891590071468491,0.048198386774836184,-0.024844202548265457,0.005948458630009554,0.0424351766705513,0.12775573134422302,-15.751646995544434,0.0653233528137207,-0.024844202548265457,0.005948458630009554,-1.4234679513837756,0.3408215741077192,0.0424351766705513,0.12775573134422302,-15.751646995544434,0.0653233528137207,0.4364661859801964,-0.35945757138286893,165.72083396811016,5.609645819008084,0.00261491029121775,-0.016287525050017987,0.5,-0.2964008999142542,0.5026149102912177,-0.3126884249642722,-0.9390810962714141,-0.6721459963471411,-0.9390810962714141,-0.9390810962714141,-0.9390810962714141,-0.9390810962714141,-0.9069162704149947,-0.9069162704149947,-0.9069162704149947,-0.9069162704149947,1.0
33200,102.54514035100055,1.4869258857311347,-1.5828245164424641,0.30439358949661255,-0.056770384311676025,0.9891590071468491,0.048198386774836184,0.008687670938670636,0.02678427874983754,0.30439358949661255,0.056770384311676025,11.766522407531738,0.7302864193916321,0.008687670938670636,0.02678427874983754,0.4977668785842857,1.534626129667628,0.30439358949661255,0.056770384311676025,11.766522407531738,0.7302864193916321,-0.708844181967762,-0.4453541695070287,165.76546464407784,5.608073969632299,-0.0009142339935534591,-0.07335047805767816,-0.5,-0.24385857934682953,-0.5009142339935535,-0.31720905740450767,1.2097584159613155,-0.7625632269115363,1.2097584159613155,1.2097584159613155,1.2097584159613155,1.2097584159613155,-0.46012362292120745,-0.46012362292120745,-0.46012362292120745,-0.46012362292120745,1.0
33250,102.69946088500001,1.5327668070673812,0.39143232500046565,-0.26117023825645447,0.2095516175031662,0.9891590071468491,0.048198386774836184,0.009487745948135857,-0.0076730034133652225,-0.26117023825645447,-0.2095516175031662,3.1987762451171875,2.350916624069214,0.009487745948135857,-0.0076730034133652225,0.5436077999205322,-0.43963071177530183,-0.26117023825645447,-0.2095516175031662,3.1987762451171875,2.350916624069214,0.418387169874873,0.582560933564785,165.76426663067107,5.609591676292356,-0.0009984334806712831,0.02100963627865938,-0.5,0.2998626693772125,-0.5009984334806713,0.3208723056558719,0.08261126360579829,0.9034332392206569,0.08261126360579829,0.08261126360579829,0.08261126360579829,0.08261126360579829,0.9240860551221064,0.9240860551221064,0.9240860551221064,0.9240860551221064,1.0
33300,102.87683789200037,0.7597086545281485,-0.28336112324941,0.21008314192295074,-0.12807802855968475,0.9891590071468491,0.048198386774836184,-0.0040046641230583185,0.004104364029481076,0.21008314192295074,0.12807802855968475,-3.258100986480713,-0.37104353308677673,-0.0040046641230583185,0.004104364029481076,-0.2294503526187006,0.23516273647457384,0.21008314192295074,0.12807802855968475,-3.258100986480713,-0.37104353308677673,-0.2601478252442837,-0.364625403109293,165.7703614803967,5.609688547205643,0.0004214165357976013,-0.01123814309945695,0.5,-0.29644672828822294,0.5004214165357976,-0.3076848713876799,-0.24027359129151393,-0.6723102744969729,-0.24027359129151393,-0.24027359129151393,-0.24027359129151393,-0.24027359129151393,-0.7323786723198513,-0.7323786723198513,-0.7323786723198513,-0.7323786723198513,1.0
33350,103.01392714400026,1.3407582366672752,-0.5515231546048376,0.04159718379378319,-0.025012405589222908,0.9891590071468491,0.048198386774836184,0.0061365642026066786,0.00878467440546956,0.04159718379378319,0.025012405589222908,1.818738341331482,1.3677440881729126,0.0061365642026066786,0.00878467440546956,0.3515992295204261,0.5033247678300015,0.04159718379378319,0.025012405589222908,1.818738341331482,1.3677440881729126,-0.13267915094162983,-0.1324788829548625,165.7685802994346,5.6095495080837585,-0.0006457640433816795,-0.024053636986276297,-0.5,-0.13869367855090986,-0.5006457640433817,-0.16274731553718616,0.6333249149850115,-0.2952261984920487,0.6333249149850115,0.6333249149850115,0.6333249149850115,0.6333249149850115,-0.1368949697457958,-0.1368949697457958,-0.1368949697457958,-0.1368949697457958,1.0
33400,103.15581823400044,0.625687803212069,-0.1453778150595843,-0.1960134506225586,0.023112894967198372,0.9891590071468491,0.048198386774836184,-0.006343769244849681,0.0016961009887745604,-0.1960134506225586,-0.023112894967198372,0.8696963787078857,2.1104588508605957,-0.006343769244849681,0.0016961009887745604,-0.3634712039347801,0.09717942828474813,-0.1960134506225586,-0.023112894967198372,0.8696963787078857,2.1104588508605957,0.5056337839800011,0.173714631309286,165.76836725201895,5.609720743898495,0.0006675692524230804,-0.004644071642657074,-0.4999999999999992,0.12957680195693394,-0.49933243074757616,0.12493273031427686,-0.006301353232424978,0.29864736162356287,-0.006301353232424978,-0.006301353232424978,-0.006301353232424978,-0.006301353232424978,0.2970720233154566,0.2970720233154566,0.2970720233154566,0.2970720233154566,1.0
33450,103.31597107500056,0.904691212410158,-0.8391786525731874,0.20675058662891388,-0.05874353647232056,0.9891590071468491,0.048198386774836184,-0.0014742411300539965,0.013805209956481122,0.20675058662891388,0.05874353647232056,-1.0161232948303223,0.9257813096046448,-0.0014742411300539965,0.013805209956481122,-0.08446779473669111,0.7909802657983512,0.20675058662891388,0.05874353647232056,-1.0161232948303223,0.9257813096046448,-0.39819602812187904,-0.3496948687144121,165.77150367166988,5.609288111679122,0.00015513579310465257,-0.03780159524250133,0.5,-0.24774820508523665,0.5001551357931047,-0.28554980032773797,-0.10195910767122562,-0.63524466904215,-0.10195910767122562,-0.10195910767122562,-0.10195910767122562,-0.10195910767122562,-0.6607344459599565,-0.6607344459599565,-0.6607344459599565,-0.6607344459599565,1.0
33500,103.46990868100056,1.1801628801988215,-0.1444089287134342,-0.1466570645570755,0.08175480365753174,0.9891590071468491,0.048198386774836184,0.0033336464688181883,0.0016791907319566235,-0.1466570645570755,-0.08175480365753174,5.22776460647583,1.8532196283340454,0.0033336464688181883,0.0016791907319566235,0.1910038730519724,0.09621054193859802,-0.1466570645570755,-0.08175480365753174,5.22776460647583,1.8532196283340454,0.26049556851245903,0.2529967574337506,165.77076715856285,5.609720875453252,-0.00035080381731141257,-0.004597769828453012,-0.5,0.27803516935547057,-0.5003508038173115,0.27343739952701757,0.23985523530485242,0.5264341569607682,0.23985523530485242,0.23985523530485242,0.23985523530485242,0.23985523530485242,0.5863979657869813,0.5863979657869813,0.5863979657869813,0.5863979657869813,1.0
33550,103.62438136400033,0.29368476741689914,0.05018884033600863,-0.01734083704650402,0.007029566448181868,0.9891590071468491,0.048198386774836184,-0.012138315346091985,-0.00171718105499167,-0.01734083704650402,-0.007029566448181868,1.671767234802246,0.7418591380119324,-0.012138315346091985,-0.00171718105499167,-0.6954742397299499,-0.09838722711084481,-0.01734083704650402,-0.007029566448181868,1.671767234802246,0.7418591380119324,0.2678375701487517,0.07082900761573004,165.7595442542677,5.609720578058536,0.001277387694736278,0.004701790775253066,-0.5,0.04190168664405892,-0.4987226123052637,0.046603477419311985,0.230885042156512,0.11743248503504203,0.230885042156512,0.230885042156512,0.230885042156512,0.230885042156512,0.17515374557417002,0.17515374557417002,0.17515374557417002,0.17515374557417002,1.0
33600,103.77063974500015,0.18021890350051026,-0.1277999763850127,-0.015271948650479317,0.01568298600614071,0.9891590071468491,0.048198386774836184,-0.0141186682600528,0.0013893098285188898,-0.015271948650479317,-0.01568298600614071,1.8324167728424072,-1.0742764472961426,-0.0141186682600528,0.0013893098285188898,-0.8089401036463388,0.07960158961017652,-0.015271948650479317,-0.01568298600614071,1.8324167728424072,-1.0742764472961426,0.26589926470177855,0.05176489287922172,165.75526047130387,5.6097229256280325,0.0014858176263883934,-0.003804049952660216,-0.5,0.09112884313398942,-0.4985141823736116,0.0873247931813292,0.23261491767183307,0.13908968606055092,0.23261491767183307,0.23261491767183307,0.23261491767183307,0.23261491767183307,0.19724341547850918,0.19724341547850918,0.19724341547850918,0.19724341547850918,1.0
33650,103.85858432999976,0.13355829276279624,-0.01874151047656604,-0.025661900639533997,0.01851217821240425,0.9891590071468491,0.048198386774836184,-0.01493304954841733,-0.0005141194787574932,-0.025661900639533997,-0.01851217821240425,0.8267881870269775,0.6299319863319397,-0.01493304954841733,-0.0005141194787574932,-0.8556007143840528,-0.029456876298270145,-0.025661900639533997,-0.01851217821240425,0.8267881870269775,0.6299319863319397,0.3068909087695831,0.08044754741261004,165.75331135883388,5.609726765214378,0.0015715336065687897,0.0014077028342232372,-0.49999999999999567,0.1062614211857333,-0.49842846639342686,0.10766912401995654,0.19153755762384378,0.18811667143256658,0.19153755762384378,0.19153755762384378,0.19153755762384378,0.19153755762384378,0.2360010608385275,0.2360010608385275,0.2360010608385275,0.2360010608385275,1.0
33700,103.91433290799978,0.054871175135890383,-0.02180837880571416,-0.03785190358757973,0.0010667365277186036,0.9891590071468491,0.048198386774836184,-0.016306398829910904,-0.0004605925286887214,-0.03785190358757973,-0.0010667365277186036,0.34053415060043335,0.4567590057849884,-0.016306398829910904,-0.0004605925286887214,-0.9342878320109587,-0.026390007969122026,-0.03785190358757973,-0.0010667365277186036,0.34053415060043335,0.4567590057849884,0.35257331169770767,0.05324179138789158,165.74977692994193,5.609726885466858,0.001716087319155122,0.001261141478948142,-0.4999987857297007,0.006399448248601123,-0.49828269841054557,0.0076605897275492645,0.1457093867128379,0.06090238111544084,0.1457093867128379,0.1457093867128379,0.1457093867128379,0.1457093867128379,0.09732972779365032,0.09732972779365032,0.09732972779365032,0.09732972779365032,1.0
33750,104.00397366500056,-0.11963545906782772,-0.0447311389930916,-0.01733562909066677,-0.06372380256652832,0.9891590071468491,0.048198386774836184,-0.019352114163339137,-6.051488977391276e-05,-0.01733562909066677,0.06372380256652832,-13.94808578491211,3.5186216831207275,-0.019352114163339137,-6.051488977391276e-05,-1.1087944662146767,-0.003467247781744586,-0.01733562909066677,0.06372380256652832,-13.94808578491211,3.5186216831207275,0.37624311051788417,-0.06825707386689833,165.74082983713197,5.609727365992727,0.0020366918313631356,0.00016569490156434402,0.5,-0.2565018506478178,0.5020366918313631,-0.25633615574625346,-0.8782798023492473,-0.3245932296131518,-0.8782798023492473,-0.8782798023492473,-0.8782798023492473,-0.8782798023492473,-0.5441631802004636,-0.5441631802004636,-0.5441631802004636,-0.5441631802004636,1.0
33800,104.21684116699998,1.9414962126149338,-0.8405260674695311,0.21874143183231354,-0.07353164255619049,0.9891590071468491,0.048198386774836184,0.016621419824659825,0.013828726782812738,0.21874143183231354,0.07353164255619049,14.605062484741211,0.4325467050075531,0.016621419824659825,0.013828726782812738,0.9523372054680848,0.7923276806946948,0.21874143183231354,0.07353164255619049,14.605062484741211,0.4325467050075531,-0.6397361249108059,-0.2667482676455826,165.74892238399408,5.609286613882322,-0.0017492461597675773,-0.037865995314505116,-0.5,-0.2699094323555154,-0.5017492461597676,-0.30777542767002053,1.1414853710705735,-0.5745236953156032,1.1414853710705735,1.1414853710705735,1.1414853710705735,1.1414853710705735,-0.28915235254795985,-0.28915235254795985,-0.28915235254795985,-0.28915235254795985,1.0
33850,104.39982292200057,1.1258501764142321,1.1143464303046382,-0.11258496344089508,0.003560427576303482,0.9891590071468491,0.048198386774836184,0.002385710962116719,-0.020290234760032035,-0.11258496344089508,-0.003560427576303482,1.4280797243118286,0.3574049770832062,0.002385710962116719,-0.020290234760032035,0.136691169267383,-1.1625448170794743,-0.11258496344089508,-0.003560427576303482,1.4280797243118286,0.3574049770832062,0.22968544739597546,0.40152689449810974,165.77121381953066,5.608778509297156,-0.00025105092023140036,0.05556197005571274,-0.5,0.021326531123371715,-0.5002510509202314,0.07688850117908445,0.2705656035242559,0.4784153956771942,0.2705656035242559,0.2705656035242559,0.2705656035242559,0.2705656035242559,0.5460567965582582,0.5460567965582582,0.5460567965582582,0.5460567965582582,1.0
33900,104.59694518600008,0.978683718905964,1.079813420747877,-0.04269539192318916,-0.053837329149246216,0.9891590071468491,0.048198386774836184,-0.0001828282698988909,-0.019687520042643885,-0.04269539192318916,0.053837329149246216,-3.721555709838867,0.09998240321874619,-0.0001828282698988909,-0.019687520042643885,-0.010475288240885158,-1.128011807522713,-0.04269539192318916,0.053837329149246216,-3.721555709838867,0.09998240321874619,0.10152339479169183,0.2779740047029244,165.77167997410297,5.608834041706255,1.9239178737805603e-05,0.05391120283280436,0.5,-0.23759684949810217,0.5000192391787378,-0.1836856466652978,-0.6015426339704296,0.09428835803762659,-0.6015426339704296,-0.6015426339704296,-0.6015426339704296,-0.6015426339704296,-0.05609730045498082,-0.05609730045498082,-0.05609730045498082,-0.05609730045498082,1.0
33950,104.79645852500016,2.149966179245005,0.3671415042692558,-0.13482744991779327,0.17516039311885834,0.9891590071468491,0.048198386774836184,0.020259907133877278,-0.007249048613593914,-0.13482744991779327,-0.17516039311885834,7.2184882164001465,0.2773088812828064,0.020259907133877278,-0.007249048613593914,1.160807172098156,-0.41533989104409197,-0.13482744991779327,-0.17516039311885834,7.2184882164001465,0.2773088812828064,0.010365776445439734,0.516491265918487,165.73786747606508,5.6096062573598235,-0.002132256829071531,0.019848764719847173,-0.5,0.29945686192501464,-0.5021322568290715,0.31930562664486184,0.49176648038363174,0.8357968925633489,0.49176648038363174,0.49176648038363174,0.49176648038363174,0.49176648038363174,0.9587385126592568,0.9587385126592568,0.9587385126592568,0.9587385126592568,1.0
34000,104.90119026400043,1.1712343288497338,0.7193000280987366,-0.11053894460201263,-0.0322331041097641,0.9891590071468491,0.048198386774836184,0.003177813850343228,-0.013395374343381262,-0.11053894460201263,0.0322331041097641,3.7056376934051514,-0.027622554451227188,0.003177813850343228,-0.013395374343381262,0.18207532170288476,-0.7674984148735727,-0.11053894460201263,0.0322331041097641,3.7056376934051514,-0.027622554451227188,0.20825434384250577,0.1823284946043669,165.77085075515626,5.609313804972839,-0.00033440524248291273,0.03667927848018687,-0.5,-0.17041966501290065,-0.500334405242483,-0.13374038653271378,0.2920800613999772,0.04858810807165312,0.2920800613999772,0.2920800613999772,0.2920800613999772,0.2920800613999772,0.12160812342164742,0.12160812342164742,0.12160812342164742,0.12160812342164742,1.0
34050,104.95670829499977,0.9785247035643496,0.6266070506248175,-0.008393996395170689,-0.028548777103424072,0.9891590071468491,0.048198386774836184,-0.00018560361117124502,-0.011777576692984439,-0.008393996395170689,0.028548777103424072,3.9697389602661133,-0.18114981055259705,-0.00018560361117124502,-0.011777576692984439,-0.010634303582499519,-0.6748054373996537,-0.008393996395170689,0.028548777103424072,3.9697389602661133,-0.18114981055259705,0.0750808335577821,0.18018254093860064,165.77167988986145,5.609407667461079,1.953123033372588e-05,0.03224909642956063,-0.5,-0.15482260816749663,-0.4999804687696663,-0.122573511737936,0.4248996352118842,0.057609029200664644,0.4248996352118842,0.4248996352118842,0.4248996352118842,0.4248996352118842,0.1638339380036357,0.1638339380036357,0.1638339380036357,0.1638339380036357,1.0
34100,105.0775475420005,0.8330350574973195,0.5931322401417322,0.011067952960729599,-0.006626111920922995,0.9891590071468491,0.048198386774836184,-0.002724876962602138,-0.011193331033573485,0.011067952960729599,0.006626111920922995,2.967987537384033,0.11419287323951721,-0.002724876962602138,-0.011193331033573485,-0.15612394964952955,-0.6413306269165683,0.011067952960729599,0.006626111920922995,2.967987537384033,0.11419287323951721,0.05627136165737125,0.19997059892743232,165.77107101720472,5.609438599556619,0.0002867418859681909,0.03064922761118953,-0.5,-0.0395255574740099,-0.49971325811403183,-0.008876329862820366,0.4434418964566606,0.19109426906461197,0.4434418964566606,0.4434418964566606,0.4434418964566606,0.4434418964566606,0.30195474317877713,0.30195474317877713,0.30195474317877713,0.30195474317877713,1.0
34150,105.23362322400044,1.038134112328578,0.6003266171327241,0.03610144183039665,-0.023332394659519196,0.9891590071468491,0.048198386774836184,0.000854776836931706,-0.011318896599696017,0.03610144183039665,0.023332394659519196,3.329864978790283,-0.08377400785684586,0.000854776836931706,-0.011318896599696017,0.04897510518172895,-0.6485250039075602,0.03610144183039665,0.023332394659519196,3.329864978790283,-0.08377400785684586,-0.05560882541960225,0.19641172748970803,165.77162253327566,5.609432084396329,-8.994893482904886e-05,0.030993068697655154,-0.5,-0.1306460702794772,-0.500089948934829,-0.09965300158182204,0.5556987743544313,0.09675872590788599,0.5556987743544313,0.5556987743544313,0.5556987743544313,0.5556987743544313,0.2356834194964938,0.2356834194964938,0.2356834194964938,0.2356834194964938,1.0
34200,105.38614512700042,1.036194978934529,0.7862134704066475,0.03324093297123909,-0.023217979818582535,0.9891590071468491,0.048198386774836184,0.0008209325745701795,-0.01456323422549758,0.03324093297123909,0.023217979818582535,3.918104410171509,-0.5111986994743347,0.0008209325745701795,-0.01456323422549758,0.04703597178768002,-0.8344118571814836,0.03324093297123909,0.023217979818582535,3.918104410171509,-0.5111986994743347,0.00248037652838759,0.2810656017054655,165.7716272056356,5.609238549624606,-8.638747106298728e-05,0.03987743601822442,-0.5,-0.13008921914245747,-0.5000863874710629,-0.09021178312423306,0.4976060109426753,0.19085381858123246,0.4976060109426753,0.4976060109426753,0.4976060109426753,0.4976060109426753,0.31525532131690126,0.31525532131690126,0.31525532131690126,0.31525532131690126,1.0
34250,105.5394077840001,1.2409361958863023,1.0365901694110378,-0.0333920493721962,0.08040622621774673,0.9891590071468491,0.048198386774836184,0.004394340924918652,-0.018933131993399,-0.0333920493721962,-0.08040622621774673,4.580442428588867,-0.7113009095191956,0.004394340924918652,-0.018933131993399,0.2517771887394533,-1.0847885561858739,-0.0333920493721962,-0.08040622621774673,4.580442428588867,-0.7113009095191956,0.009583457721846482,0.4656754439139623,165.77009184078287,5.608901189638893,-0.0004624232831586304,0.051845059906995956,-0.5,0.27686471975362015,-0.5004624232831586,0.3287097796606161,0.4908789655613121,0.7943852235745784,0.4908789655613121,0.4908789655613121,0.4908789655613121,0.4908789655613121,0.9171049649649065,0.9171049649649065,0.9171049649649065,0.9171049649649065,1.0
34300,105.68869134200031,0.8144100387651939,1.2469615966730172,-0.1391250491142273,-0.044300466775894165,0.9891590071468491,0.048198386774836184,-0.00304994486272335,-0.022604806051240302,-0.1391250491142273,0.044300466775894165,1.126753807067871,-1.6278530359268188,-0.00304994486272335,-0.022604806051240302,-0.17474896838165518,-1.2951599834478533,-0.1391250491142273,0.044300466775894165,1.126753807067871,-1.6278530359268188,0.34591016331623065,0.32048526878815997,165.7709163619606,5.608549691658201,0.0003209493479248865,0.06190160087391121,-0.5,-0.212825119753298,-0.49967905065207513,-0.15092351887938676,0.15376888733584448,0.1695617499087732,0.15376888733584448,0.15376888733584448,0.15376888733584448,0.15376888733584448,0.20800397174273433,0.20800397174273433,0.20800397174273433,0.20800397174273433,1.0
34350,105.7486469610003,0.4114045985463763,1.143955407078349,-0.1298961639404297,0.016315355896949768,0.9891590071468491,0.048198386774836184,-0.010083716697990894,-0.02080700889287982,-0.1298961639404297,-0.016315355896949768,-13.892020225524902,-0.23960886895656586,-0.010083716697990894,-0.02080700889287982,-0.5777544086004728,-1.1921537938531854,-0.1298961639404297,-0.016315355896949768,-13.892020225524902,-0.23960886895656586,0.4518285135391102,0.31789715125617496,165.76330569598093,5.608729562064909,0.0010611539566564392,0.05697737929199185,0.5,0.09455959962581169,0.5010611539566564,0.15153697891780354,-0.9528896674957665,0.4694341301739785,-0.9528896674957665,-0.9528896674957665,-0.9528896674957665,-0.9528896674957665,0.23121171330003687,0.23121171330003687,0.23121171330003687,0.23121171330003687,1.0
34400,105.81168713399984,0.44255519704052687,0.6611937945604398,0.05357641726732254,-0.32502713799476624,0.9891590071468491,0.048198386774836184,-0.00954003619030118,-0.01238122925220523,0.05357641726732254,0.32502713799476624,-6.444112300872803,-4.001953125,-0.00954003619030118,-0.01238122925220523,-0.5466038101063222,-0.7093921813352759,0.05357641726732254,0.32502713799476624,-6.444112300872803,-4.001953125,-0.023340877080495093,-0.33367120941317124,165.76418466068657,5.6093740552417195,0.0010039365221074866,0.033902125075374635,0.5,-0.29999864527679526,0.5010039365221075,-0.2660965202014206,-0.4776630594416124,-0.5997677296145918,-0.4776630594416124,-0.4776630594416124,-0.4776630594416124,-0.4776630594416124,-0.7191834944749949,-0.7191834944749949,-0.7191834944749949,-0.7191834944749949,1.0
34450,105.9786092610002,1.320475136153276,-0.24386542097167904,0.0855540931224823,-0.010511999018490314,0.9891590071468491,0.048198386774836184,0.00578255731612444,0.0034150339843472466,0.0855540931224823,0.010511999018490314,-4.673699855804443,-1.1616992950439453,0.00578255731612444,0.0034150339843472466,0.331316129006427,0.19566703419684287,0.0855540931224823,0.010511999018490314,-4.673699855804443,-1.1616992950439453,-0.2195413135372994,-0.04799852890597001,165.7689279204039,5.609700494085475,-0.0006085102780080588,-0.009350679362397458,0.5,-0.06215885672875236,0.49939148972199193,-0.07150953609114982,-0.27985017618469255,-0.11950806499711983,-0.27985017618469255,-0.27985017618469255,-0.27985017618469255,-0.27985017618469255,-0.18947060904329296,-0.18947060904329296,-0.18947060904329296,-0.18947060904329296,1.0
34500,106.1358680049998,2.063642406532976,-0.14464987964466228,0.0740971490740776,0.013178898021578789,0.9891590071468491,0.048198386774836184,0.018753273077309132,0.0016833961190423,0.0740971490740776,-0.013178898021578789,-0.814336359500885,-0.40819239616394043,0.018753273077309132,0.0016833961190423,1.074483399386127,0.09645149286982611,0.0740971490740776,-0.013178898021578789,-0.814336359500885,-0.40819239616394043,-0.39397340486613613,0.03161123371105661,165.74270969176916,5.609720842860238,-0.0019736525851853917,-0.004609284558864117,0.49999999999999284,0.07729171904353961,0.49802634741480745,0.0726824344846755,-0.10405294254867131,0.1042936681957321,-0.10405294254867131,-0.10405294254867131,-0.10405294254867131,-0.10405294254867131,0.07828043255856428,0.07828043255856428,0.07828043255856428,0.07828043255856428,1.0
34550,106.2901391559999,2.14654852333906,-0.15363954251052298,0.04345126822590828,-0.05482115596532822,0.9891590071468491,0.048198386774836184,0.020200257785618306,0.0018402953346958384,0.04345126822590828,0.05482115596532822,-1.6914347410202026,2.332641124725342,0.020200257785618306,0.0018402953346958384,1.157389516192211,0.1054411557356868,0.04345126822590828,0.05482115596532822,-1.6914347410202026,2.332641124725342,-0.3421844347905169,-0.08693395544242577,165.73806629434372,5.609719568583761,-0.002125977329727486,-0.005038888898004798,0.5,-0.23976315529276823,0.49787402267027253,-0.24480204419077303,-0.15568958787975562,-0.3317359996331988,-0.15568958787975562,-0.15568958787975562,-0.15568958787975562,-0.15568958787975562,-0.3706583966031377,-0.3706583966031377,-0.3706583966031377,-0.3706583966031377,1.0
34600,106.43665254500047,2.5382797224765667,-0.2152751962611445,0.10161624103784561,0.02664625458419323,0.9891590071468491,0.048198386774836184,0.027037256993353367,0.002916040429263376,0.10161624103784561,-0.02664625458419323,8.004560470581055,-3.527231454849243,0.027037256993353367,0.002916040429263376,1.5491207153297177,0.16707680948630832,0.10161624103784561,-0.02664625458419323,8.004560470581055,-3.527231454849243,-0.573497421331733,0.05483581717934649,165.71146125369378,5.609707775518688,-0.002845841375946361,-0.00798438263013967,-0.5,0.1462841608373269,-0.5028458413759463,0.13829977820718722,1.0763432627076792,0.19313559538653371,1.0763432627076792,1.0763432627076792,1.0763432627076792,1.0763432627076792,0.4622214110634535,0.4622214110634535,0.4622214110634535,0.4622214110634535,1.0
34650,106.57934951400057,1.830657823754671,0.9767187588591159,-0.17233647406101227,0.044225044548511505,0.9891590071468491,0.048198386774836184,0.014686925001442433,-0.017888178751454688,-0.17233647406101227,-0.044225044548511505,5.118137836456299,-0.5764968395233154,0.014686925001442433,-0.017888178751454688,0.8414988166078219,-1.024917145633952,-0.17233647406101227,-0.044225044548511505,5.118137836456299,-0.5764968395233154,0.13366696199648853,0.4530536889841367,165.75391194636958,5.608989867823426,-0.001545628075206203,0.04898317849572355,-0.5,0.21260009338605113,-0.5015456280752062,0.26158327188177466,0.36787866607871766,0.7146369608659113,0.36787866607871766,0.36787866607871766,0.36787866607871766,0.36787866607871766,0.8066066273855907,0.8066066273855907,0.8066066273855907,0.8066066273855907,1.0
34700,106.77874348200021,0.6621603196888495,0.9339680712354772,0.025642981752753258,-0.010413779877126217,0.9891590071468491,0.048198386774836184,-0.005707203745841979,-0.017142038494930602,0.025642981752753258,0.010413779877126217,1.742111325263977,-1.2274214029312134,-0.005707203745841979,-0.017142038494930602,-0.3269986874579996,-0.9821664580103133,0.025642981752753258,0.010413779877126217,1.742111325263977,-1.2274214029312134,0.06854681586277957,0.266227702302668,165.76899924922134,5.609050108013403,0.0006005804966482001,0.046939723880192276,-0.5,-0.06159461239187314,-0.4993994195033518,-0.014654888511680862,0.43085260364057226,0.25157281379098717,0.43085260364057226,0.43085260364057226,0.43085260364057226,0.43085260364057226,0.3592859647011302,0.3592859647011302,0.3592859647011302,0.3592859647011302,1.0
34750,106.9508504559999,1.017021784160657,1.0621122384618482,-0.026695003733038902,0.04962318763136864,0.9891590071468491,0.048198386774836184,0.0004862971976399427,-0.019378576130256987,-0.026695003733038902,-0.04962318763136864,2.896106719970703,-1.2135653495788574,0.0004862971976399427,-0.019378576130256987,0.027862777013807977,-1.1103106252366843,-0.026695003733038902,-0.04962318763136864,2.896106719970703,-1.2135653495788574,0.05508092832763351,0.45058629050497434,165.77166324493422,5.608861857873173,-5.117348284159053e-05,0.0530650516943564,-0.5,0.22752327458519858,-0.5000511734828416,0.280588326279555,0.44497024515520806,0.7311746167845293,0.44497024515520806,0.44497024515520806,0.44497024515520806,0.44497024515520806,0.8424171780733314,0.8424171780733314,0.8424171780733314,0.8424171780733314,1.0
34800,107.14938366099977,0.749274580075602,1.1307574538894747,-0.0029041292145848274,0.00048425421118736267,0.9891590071468491,0.048198386774836184,-0.00418677307665348,-0.020576661155209876,-0.0029041292145848274,-0.00048425421118736267,1.4271758794784546,-1.7670520544052124,-0.00418677307665348,-0.020576661155209876,-0.2398844270712471,-1.1789558406643108,-0.0029041292145848274,-0.00048425421118736267,1.4271758794784546,-1.7670520544052124,0.11194556196295596,0.36035494044492106,165.7702385829751,5.608751531920771,0.0004405803386530311,0.056346469768142095,-0.5,0.002905434423613184,-0.499559419661347,0.05925190419175528,0.387613857698391,0.41960684463667636,0.387613857698391,0.387613857698391,0.387613857698391,0.387613857698391,0.5165103090612742,0.5165103090612742,0.5165103090612742,0.5165103090612742,1.0
34850,107.26598806600032,0.5951323116297823,1.181507040083139,-0.08031658083200455,-0.06825990974903107,0.9891590071468491,0.048198386774836184,-0.006877063177525997,-0.02146240852831397,-0.08031658083200455,0.06825990974903107,-11.658222198486328,-3.002347469329834,-0.006877063177525997,-0.02146240852831397,-0.3940266955170668,-1.229705426857975,-0.08031658083200455,0.06825990974903107,-11.658222198486328,-3.002347469329834,0.28633521526035627,0.2632543458171327,165.7677863874904,5.608665714349257,0.0007236906702065901,0.05877250651060672,0.5,-0.2632779700378179,0.5007236906702066,-0.20450546352721116,-0.7870589059305628,0.058748882289921533,-0.7870589059305628,-0.7870589059305628,-0.7870589059305628,-0.7870589059305628,-0.13801584419271917,-0.13801584419271917,-0.13801584419271917,-0.13801584419271917,1.0
34900,107.32041511900024,0.6887973637608117,0.6812617974764364,0.13676273822784424,-0.3348267078399658,0.9891590071468491,0.048198386774836184,-0.0052422996237874026,-0.012731481977389193,0.13676273822784424,0.3348267078399658,-4.610782623291016,-0.3822197914123535,-0.0052422996237874026,-0.012731481977389193,-0.30036164338603744,-0.7294601842512726,0.13676273822784424,0.3348267078399658,-4.610782623291016,-0.3822197914123535,-0.17653844237819516,-0.35687992240626,165.76941862971472,5.609353782664784,0.0005516567758565247,0.03486125753461185,0.5,-0.29999908459153646,0.5005516567758566,-0.2651378270569246,-0.3240132143976614,-0.6220177494631847,-0.3240132143976614,-0.3240132143976614,-0.3240132143976614,-0.3240132143976614,-0.7030210530626,-0.7030210530626,-0.7030210530626,-0.7030210530626,1.0
34950,107.43708781700025,1.4332971613588987,-0.43593412905299284,-0.08351442962884903,-0.0219177957624197,0.9891590071468491,0.048198386774836184,0.0077516731247305876,0.006767265330418013,-0.08351442962884903,0.0219177957624197,-5.240482330322266,-0.6045410633087158,0.0077516731247305876,0.006767265330418013,0.4441381542120496,0.38773574227815666,-0.08351442962884903,0.0219177957624197,-5.240482330322266,-0.6045410633087158,0.01754070766468295,-0.1309836983823217,165.76673231635993,5.609621821575125,-0.0008157315241991531,-0.01852955373760669,0.5,-0.12368422109708893,0.49918426847580083,-0.14221377483469563,-0.5167249761404837,-0.2731974732170174,-0.5167249761404837,-0.5167249761404837,-0.5167249761404837,-0.5167249761404837,-0.4023787172521383,-0.4023787172521383,-0.4023787172521383,-0.4023787172521383,1.0
35000,107.59273446899988,1.692288756619085,-0.67607368183243,0.11733837425708771,0.07251634448766708,0.9891590071468491,0.048198386774836184,0.012271929197013379,0.010958491190685891,0.11733837425708771,-0.07251634448766708,6.207025051116943,-1.9061881303787231,0.012271929197013379,0.010958491190685891,0.7031297494722359,0.6278752950575938,0.11733837425708771,-0.07251634448766708,6.207025051116943,-1.9061881303787231,-0.40461139640787247,-0.0015582313299416228,165.7592755556639,5.609450589513015,-0.0012914500727344194,-0.030006158405662627,-0.5,0.2687272476689067,-0.5012914500727345,0.2387210892632441,0.9059028464806069,0.23716285793330247,0.9059028464806069,0.9059028464806069,0.9059028464806069,0.9059028464806069,0.46363856955345417,0.46363856955345417,0.46363856955345417,0.46363856955345417,1.0
35050,107.74543311800062,0.5944026019665016,0.2629279186562293,-0.10181013494729996,-0.0455460287630558,0.9891590071468491,0.048198386774836184,-0.006889799013733863,-0.005430178419337608,-0.10181013494729996,0.0455460287630558,-3.017300605773926,0.8714501857757568,-0.006889799013733863,-0.005430178419337608,-0.3947564051803475,-0.31112630543106545,-0.10181013494729996,0.0455460287630558,-3.017300605773926,0.8714501857757568,0.33870642838797604,0.055387364254020355,165.76777194268877,5.609659411458871,0.0007250309363027399,0.014868396194500992,0.5,-0.21647214232234044,0.5007250309363027,-0.20160374612783943,-0.8394314593242788,-0.14621638187381908,-0.8394314593242788,-0.8394314593242788,-0.8394314593242788,-0.8394314593242788,-0.35607424670488874,-0.35607424670488874,-0.35607424670488874,-0.35607424670488874,1.0
35100,107.94637549100025,1.710375524428102,-0.46286863319939436,-0.15050703287124634,0.2880820035934448,0.9891590071468491,0.048198386774836184,0.012587602846324448,0.007237361110164784,-0.15050703287124634,-0.2880820035934448,3.380647897720337,-2.6120190620422363,0.012587602846324448,0.007237361110164784,0.721216517281253,0.4146702464245582,-0.15050703287124634,-0.2880820035934448,3.380647897720337,-2.6120190620422363,-0.03937668759674415,0.3633006349199561,165.75862904949008,5.6096066475927975,-0.001324673773162798,-0.019816762114035415,-0.5,0.29999406186629146,-0.5013246737731628,0.280177299752256,0.540701361369907,0.6434779346722121,0.540701361369907,0.540701361369907,0.540701361369907,0.540701361369907,0.7786532750146888,0.7786532750146888,0.7786532750146888,0.7786532750146888,1.0
35150,108.13370256500002,0.21611935161366252,0.6351150650922733,0.0739629939198494,-0.158140629529953,0.9891590071468491,0.048198386774836184,-0.013492087237536907,-0.011926069558248854,0.0739629939198494,0.158140629529953,-6.608444690704346,-1.0552928447723389,-0.013492087237536907,-0.011926069558248854,-0.7730396555331865,-0.6833134518671095,0.0739629939198494,0.158140629529953,-6.608444690704346,-1.0552928447723389,0.24019081629161504,0.025159571494032584,165.75668573199073,5.6093995549402935,0.0014198695015507988,0.03265572433442273,0.5,-0.2989280105438028,0.5014198695015508,-0.2662722862093801,-0.7416106857931659,-0.2411127147153475,-0.7416106857931659,-0.7416106857931659,-0.7416106857931659,-0.7416106857931659,-0.426515386163639,-0.426515386163639,-0.426515386163639,-0.426515386163639,1.0
35200,108.31057085000066,1.562473114036765,-0.27375867768916545,-0.0030599799938499928,0.06975704431533813,0.9891590071468491,0.048198386774836184,0.010006218813359738,0.0039367697382112965,-0.0030599799938499928,-0.06975704431533813,-1.874245285987854,-2.586545467376709,0.010006218813359738,0.0039367697382112965,0.5733141068899158,0.22556029091432925,-0.0030599799938499928,-0.06975704431533813,-1.874245285987854,-2.586545467376709,-0.11090401205535043,0.10491812205806453,165.7634339626062,5.609691653342473,-0.0010529979710887601,-0.010779250278428645,0.5,0.26528904275628284,0.49894700202891124,0.2545097924778542,-0.3880429899735608,0.3594279145359187,-0.3880429899735608,-0.3880429899735608,-0.3880429899735608,-0.3880429899735608,0.2624171670425285,0.2624171670425285,0.2624171670425285,0.2624171670425285,1.0
35250,108.5075354999999,1.447228185944786,-0.00761019560595955,-0.19751808047294617,0.13242657482624054,0.9891590071468491,0.048198386774836184,0.0079948153719306,-0.000708397573325783,-0.19751808047294617,-0.13242657482624054,3.2813096046447754,-0.10135585814714432,0.0079948153719306,-0.000708397573325783,0.4580691787979369,-0.04058819116887663,-0.19751808047294617,-0.13242657482624054,3.2813096046447754,-0.10135585814714432,0.2830252246134279,0.3143688451189934,165.766416894172,5.609726217790195,-0.000841319167101509,0.0019396528837539518,-0.5,0.29701119728902947,-0.5008413191671015,0.29895085017278344,0.21781609455367362,0.6133196952917768,0.21781609455367362,0.21781609455367362,0.21781609455367362,0.21781609455367362,0.6677737189301952,0.6677737189301952,0.6677737189301952,0.6677737189301952,1.0
35300,108.61632548200032,0.4955763280613227,0.04820767193009503,-0.10748663544654846,-0.040259264409542084,0.9891590071468491,0.048198386774836184,-0.00861464288085699,-0.0016826031432719902,-0.10748663544654846,0.040259264409542084,-10.235095024108887,5.585912227630615,-0.00861464288085699,-0.0016826031432719902,-0.49358267908552644,-0.09640605870493121,-0.10748663544654846,0.040259264409542084,-10.235095024108887,5.585912227630615,0.3800226186499552,-0.004417712120040065,165.76556874176956,5.609720849012276,0.0009065486172688021,0.004607113319434779,0.5,-0.20007769783467666,0.5009065486172688,-0.19547058451524188,-0.8809291672672239,-0.19988829663528196,-0.8809291672672239,-0.8809291672672239,-0.8809291672672239,-0.8809291672672239,-0.42012058845208794,-0.42012058845208794,-0.42012058845208794,-0.42012058845208794,1.0
35350,108.69232250500045,0.5967112059059659,-0.33774743833056214,0.182597815990448,-0.2292306125164032,0.9891590071468491,0.048198386774836184,-0.006849506273865699,0.005053584295674227,0.182597815990448,0.2292306125164032,-3.190528392791748,-0.21713609993457794,-0.006849506273865699,0.005053584295674227,-0.3924478012408832,0.28954905155572597,0.182597815990448,0.2292306125164032,-3.190528392791748,-0.21713609993457794,-0.21897616284818386,-0.46802575768290977,165.7678175506584,5.609668511303476,0.0007207906978016731,-0.01383722877277779,0.5,-0.29993748814356647,0.5007207906978016,-0.31377471691634423,-0.28174462784961773,-0.781800474599254,-0.28174462784961773,-0.28174462784961773,-0.28174462784961773,-0.28174462784961773,-0.8522366315616584,-0.8522366315616584,-0.8522366315616584,-0.8522366315616584,1.0
35400,108.89272062500004,0.6892395651487171,0.013156590190250906,-0.14384204149246216,0.020427275449037552,0.9891590071468491,0.048198386774836184,-0.005234581753611564,-0.0010708463605260477,-0.14384204149246216,-0.020427275449037552,2.1726207733154297,0.8978323340415955,-0.005234581753611564,-0.0010708463605260477,-0.299919441998132,-0.06135497696508709,-0.14384204149246216,-0.020427275449037552,2.1726207733154297,0.8978323340415955,0.42896674325457684,0.16995157024619156,165.7694252913383,5.609724731418828,0.0005508445955516736,0.0029320689914317023,-0.5,0.11617109717835541,-0.49944915540444834,0.11910316616978711,0.0704824121498715,0.2890547364159787,0.0704824121498715,0.0704824121498715,0.0704824121498715,0.0704824121498715,0.30667533945344655,0.30667533945344655,0.30667533945344655,0.30667533945344655,1.0
35450,109.08706308199999,0.838681702950216,-0.6685681043473793,0.20827807486057281,-0.07356340438127518,0.9891590071468491,0.048198386774836184,-0.0026263244077563263,0.010827494151308202,0.20827807486057281,0.07356340438127518,-0.8236060738563538,0.2642679214477539,-0.0026263244077563263,0.010827494151308202,-0.150477304196633,0.6203697175725431,0.20827807486057281,0.07356340438127518,-0.8236060738563538,0.2642679214477539,-0.38392866670332604,-0.3001410458568804,165.77111446535025,5.609457167232435,0.0002763710409654848,-0.029647446217828697,0.49999999999999506,-0.2699457236300063,0.5002763710409606,-0.299593169847835,-0.11634770433763453,-0.5997342157047154,-0.11634770433763453,-0.11634770433763453,-0.11634770433763453,-0.11634770433763453,-0.6288211417891241,-0.6288211417891241,-0.6288211417891241,-0.6288211417891241,1.0
35500,109.24327102400002,0.7842463225648308,0.02036880971642819,-0.14808224141597748,0.054918039590120316,0.9891590071468491,0.048198386774836184,-0.0035764010250568384,-0.0011967233376344666,-0.14808224141597748,-0.054918039590120316,3.0480775833129883,0.838600754737854,-0.0035764010250568384,-0.0011967233376344666,-0.20491268458201822,-0.06856719649126437,-0.14808224141597748,-0.054918039590120316,3.0480775833129883,0.838600754737854,0.3936448258177072,0.220990958969646,165.77062896107822,5.609724073530619,0.0003763493935947102,0.003276731157268263,-0.5,0.239972832873119,-0.4996236506064053,0.24324956403038725,0.10597882478869808,0.46424052300003327,0.10597882478869808,0.10597882478869808,0.10597882478869808,0.10597882478869808,0.4907352291972078,0.4907352291972078,0.4907352291972078,0.4907352291972078,1.0
35550,109.43793519700012,0.48585440755145576,-0.799819580759283,0.21001146733760834,-0.14331310987472534,0.9891590071468491,0.048198386774836184,-0.008784322403371334,0.013118264562799596,0.21001146733760834,0.14331310987472534,-3.549131155014038,-0.24137736856937408,-0.008784322403371334,0.013118264562799596,-0.5033045995953933,0.7516211939844469,0.21001146733760834,0.14331310987472534,-3.549131155014038,-0.24137736856937408,-0.19919822735258608,-0.49239019250506116,165.7653255213923,5.60933073874512,0.0009244054808284954,-0.03592043069297325,0.5,-0.2980629395277663,0.5009244054808285,-0.33398337022073954,-0.30172617812824243,-0.8263735627258006,-0.30172617812824243,-0.30172617812824243,-0.30172617812824243,-0.30172617812824243,-0.9018051072578612,-0.9018051072578612,-0.9018051072578612,-0.9018051072578612,1.0
35600,109.63425768900015,1.3878390507812903,0.13187156954313367,-0.20654785633087158,0.18714745342731476,0.9891590071468491,0.048198386774836184,0.006958279423415661,-0.003142813621670939,-0.20654785633087158,-0.18714745342731476,3.3406922817230225,1.62529718875885,0.006958279423415661,-0.003142813621670939,0.3986800436344413,-0.18006995631796985,-0.20654785633087158,-0.18714745342731476,3.3406922817230225,1.62529718875885,0.3252234620643091,0.5173381836495184,165.76769381500023,5.609704608673849,-0.0007322375319969818,0.008605311043858963,-0.5,0.2996636251997452,-0.500732237531997,0.3082689362436042,0.17550877546768795,0.8256071198931226,0.17550877546768795,0.17550877546768795,0.17550877546768795,0.17550877546768795,0.8694843137600446,0.8694843137600446,0.8694843137600446,0.8694843137600446,1.0
35650,109.83236579300046,1.048445883706299,-0.701545645042376,0.18330439925193787,-0.15008677542209625,0.9891590071468491,0.048198386774836184,0.0010347511991858523,0.011403060815646314,0.18330439925193787,0.15008677542209625,-1.6530245542526245,-0.4657078683376312,0.0010347511991858523,0.011403060815646314,0.05928687655945012,0.6533472582675399,0.18330439925193787,0.15008677542209625,-1.6530245542526245,-0.4657078683376312,-0.3612882400233323,-0.45943288819359357,165.77159451660663,5.609427676725771,-0.00010888781096247967,-0.031223539252738828,0.5,-0.29852155402257535,0.49989111218903753,-0.3297450932753142,-0.13860287216570522,-0.7891779814689077,-0.13860287216570522,-0.13860287216570522,-0.13860287216570522,-0.13860287216570522,-0.823828699510334,-0.823828699510334,-0.823828699510334,-0.823828699510334,1.0
35700,110.01784206400043,1.7110454165752922,-0.8613615595326549,-0.022842349484562874,0.005809932015836239,0.9891590071468491,0.048198386774836184,0.01259929466992617,0.014192374720587396,-0.022842349484562874,-0.005809932015836239,7.645666122436523,-0.9318942427635193,0.01259929466992617,0.014192374720587396,0.7218864094284432,0.8131631727578188,-0.022842349484562874,-0.005809932015836239,7.645666122436523,-0.9318942427635193,-0.11183243940863534,-0.16635635181200178,165.75860478908595,5.609263128514454,-0.0013259043073526806,-0.03886183742614393,-0.5,0.03470354199880971,-0.5013259043073527,-0.004158295427334216,0.613158343715988,-0.17051464723933601,0.613158343715988,0.613158343715988,0.613158343715988,0.613158343715988,-0.017225061310339018,-0.017225061310339018,-0.017225061310339018,-0.017225061310339018,1.0
35750,110.07747598200058,1.4110765282764375,-0.6968247570262807,-0.2288665771484375,0.17375221848487854,0.9891590071468491,0.048198386774836184,0.007363849915564064,0.011320665776147508,-0.2288665771484375,-0.17375221848487854,1.2329696416854858,-1.629243016242981,0.007363849915564064,0.011320665776147508,0.4219175211295885,0.6486263702514445,-0.2288665771484375,-0.17375221848487854,1.2329696416854858,-1.629243016242981,0.3371874956784024,0.22557503246122435,165.767215269973,5.609431992080717,-0.0007749182385560835,-0.03099791330762281,-0.5,0.29942542070977085,-0.5007749182385561,0.26842750740214805,0.16358742256015374,0.4940025398633724,0.16358742256015374,0.16358742256015374,0.16358742256015374,0.16358742256015374,0.5348993955034108,0.5348993955034108,0.5348993955034108,0.5348993955034108,1.0
35800,110.13251342900003,0.8830422341447149,-0.24724959294243526,-0.156031534075737,0.01311512291431427,0.9891590071468491,0.048198386774836184,-0.0018520870804786677,0.0034740989276906475,-0.156031534075737,-0.01311512291431427,2.299139976501465,2.7307183742523193,-0.0018520870804786677,0.0034740989276906475,-0.1061167730021341,0.19905120616759905,-0.156031534075737,-0.01311512291431427,2.299139976501465,2.7307183742523193,0.38527530156037393,0.030668665813131053,165.7714001259267,5.609699556223902,0.0001948969619394605,-0.00951240559331625,-0.5,0.07693435069685362,-0.4998051030380605,0.06742194510353737,0.1145298014776866,0.09809061091666843,0.1145298014776866,0.1145298014776866,0.1145298014776866,0.1145298014776866,0.12672306128609007,0.12672306128609007,0.12672306128609007,0.12672306128609007,1.0
35850,110.19056870999975,0.4018864631336991,-0.22145894537881256,-0.11783555895090103,0.05473864823579788,0.9891590071468491,0.048198386774836184,-0.01024983949959278,0.0030239672114839777,-0.11783555895090103,-0.05473864823579788,0.16518834233283997,0.014923547394573689,-0.01024983949959278,0.0030239672114839777,-0.58727254401315,0.17326055860397638,-0.11783555895090103,-0.05473864823579788,0.16518834233283997,0.014923547394573689,0.44853833706703283,0.08588255274857479,165.763027412334,5.609706297905224,0.001078636994895175,-0.008279897224721958,-0.49865166251848614,0.23958407756802347,-0.49757302552359095,0.23130418034330152,0.04903468845655812,0.3171867330918763,0.04903468845655812,0.04903468845655812,0.04903468845655812,0.04903468845655812,0.32944540520601584,0.32944540520601584,0.32944540520601584,0.32944540520601584,1.0
35900,110.32424536500002,0.8093936917066427,-0.7368823757653774,0.20138615369796753,-0.09252478927373886,0.9891590071468491,0.048198386774836184,-0.003137496635317802,0.012019803113653325,0.20138615369796753,0.09252478927373886,0.32043060660362244,-0.20671868324279785,-0.003137496635317802,0.012019803113653325,-0.17976531544020644,0.6886839889905413,0.20138615369796753,0.09252478927373886,0.32043060660362244,-0.20671868324279785,-0.3486643221067649,-0.34845043107094514,165.77087173185262,5.609394381724094,0.0003301625848120674,-0.03291240171569535,-0.49999728637988244,-0.2855377884098125,-0.4996671237950704,-0.31845019012550785,0.8483314459018353,-0.666900621196453,0.8483314459018353,0.8483314459018353,0.8483314459018353,0.8483314459018353,-0.45481775972099414,-0.45481775972099414,-0.45481775972099414,-0.45481775972099414,1.0
35950,110.47343352700045,0.8126347765503724,0.05061035105320569,-0.1187695860862732,0.07965466380119324,0.9891590071468491,0.048198386774836184,-0.0030809290334582323,-0.0017245378048392013,-0.1187695860862732,-0.07965466380119324,3.0667459964752197,0.43132585287094116,-0.0030809290334582323,-0.0017245378048392013,-0.1765242305964767,-0.09880873782804186,-0.1187695860862732,-0.07965466380119324,3.0667459964752197,0.43132585287094116,0.33255444380495347,0.26151904409638316,165.77090071196707,5.609720519699728,0.0003242098696349176,0.004721934224078226,-0.5,0.2761866785050451,-0.49967579013036506,0.2809086127291233,0.1671213463254116,0.5424276568255064,0.1671213463254116,0.1671213463254116,0.1671213463254116,0.1671213463254116,0.5842079934068594,0.5842079934068594,0.5842079934068594,0.5842079934068594,1.0
36000,110.62644468400049,0.5182948179012544,-0.3768813273452675,0.2552546262741089,-0.1088302955031395,0.9891590071468491,0.048198386774836184,-0.008218130432069301,0.005736599508090876,0.2552546262741089,0.1088302955031395,-1.7994747161865234,-0.8679701685905457,-0.008218130432069301,0.005736599508090876,-0.47086418924559464,0.32868294057043135,0.2552546262741089,0.1088302955031395,-1.7994747161865234,-0.8679701685905457,-0.29913726382868355,-0.3311846536131493,165.766118611677,5.609651524864248,0.0008648203363916409,-0.015707422294625992,0.5,-0.2923787952040823,0.5008648203363917,-0.3080862174987083,-0.20172755650770813,-0.6392708711118575,-0.20172755650770813,-0.20172755650770813,-0.20172755650770813,-0.20172755650770813,-0.6897027602387846,-0.6897027602387846,-0.6897027602387846,-0.6897027602387846,1.0
36050,110.77804403200025,0.9789842472294445,0.05376468115529501,-0.14905646443367004,0.12925320863723755,0.9891590071468491,0.048198386774836184,-0.00017758306115865652,-0.0017795912508154288,-0.14905646443367004,-0.12925320863723755,0.8250216841697693,0.17615994811058044,-0.00017758306115865652,-0.0017795912508154288,-0.010174759917404597,-0.1019630679301312,-0.14905646443367004,-0.12925320863723755,0.8250216841697693,0.17615994811058044,0.32107608328211384,0.27980110184413226,165.77168012984785,5.609720075058608,1.8687220823092978e-05,0.004872675568136668,-0.49999999999999534,0.296608970500299,-0.49998131277917224,0.30148164606843564,0.1789052294970584,0.581282747912568,0.1789052294970584,0.1789052294970584,0.1789052294970584,0.1789052294970584,0.6260090552868326,0.6260090552868326,0.6260090552868326,0.6260090552868326,1.0
36100,110.84373987500021,0.41178175305460796,0.22732401014280398,-0.12356043606996536,-0.03412308171391487,0.9891590071468491,0.048198386774836184,-0.010077134110033512,-0.004808772989199497,-0.12356043606996536,0.03412308171391487,-5.569256782531738,2.2551093101501465,-0.010077134110033512,-0.004808772989199497,-0.5773772540922412,-0.2755223969176402,-0.12356043606996536,0.03412308171391487,-5.569256782531738,2.2551093101501465,0.42737965817948137,0.06602681903020668,165.76331662926802,5.609674076181991,0.001060461195420782,0.013166902705484129,0.5,-0.1779352156906557,0.5010604611954208,-0.16476831298517158,-0.9284401193749021,-0.0987414939549649,-0.9284401193749021,-0.9284401193749021,-0.9284401193749021,-0.9284401193749021,-0.33085152379869043,-0.33085152379869043,-0.33085152379869043,-0.33085152379869043,1.0
36150,111.03185823900003,1.3728808297772568,-0.6001018078594954,0.10014670342206955,0.06541012972593307,0.9891590071468491,0.048198386774836184,0.006697209216654301,0.009632531850948,0.10014670342206955,-0.06541012972593307,-2.337401866912842,-1.1850413084030151,0.006697209216654301,0.009632531850948,0.3837218226304076,0.5519034210846593,0.10014670342206955,-0.06541012972593307,-2.337401866912842,-1.1850413084030151,-0.28115040858785856,0.004179651361254283,165.76798752163964,5.609513517765681,-0.0007047636167909205,-0.02637528692118405,0.5,0.25914597354103613,0.4992952363832091,0.2327706866198521,-0.21814482779535055,0.23695033798110637,-0.21814482779535055,-0.21814482779535055,-0.21814482779535055,-0.21814482779535055,0.18241413103226872,0.18241413103226872,0.18241413103226872,0.18241413103226872,1.0
36200,111.18750461699983,1.6942564914302833,-0.4280136175758639,0.042414650321006775,-0.004145563114434481,0.9891590071468491,0.048198386774836184,0.012306272648274899,0.006629026326700114,0.042414650321006775,0.004145563114434481,1.3892701864242554,-1.6800296306610107,0.012306272648274899,0.006629026326700114,0.7050974842834343,0.37981523080102775,0.042414650321006775,0.004145563114434481,1.3892701864242554,-1.6800296306610107,-0.22616871085298207,-0.03323976934212257,165.75920601550274,5.6096260898972465,-0.0012950646050145004,-0.01815103117741163,-0.5,-0.024816539471132115,-0.5012950646050145,-0.04296757064854374,0.7274637754579966,-0.07620733999066631,0.7274637754579966,0.7274637754579966,0.7274637754579966,0.7274637754579966,0.10565860387383283,0.10565860387383283,0.10565860387383283,0.10565860387383283,1.0
36250,111.33836014200006,0.8684267498987984,0.32366996488391625,-0.17445984482765198,0.0052984897047281265,0.9891590071468491,0.048198386774836184,-0.0021071754023432726,-0.006490327120409347,-0.17445984482765198,-0.0052984897047281265,-8.839417457580566,0.820631206035614,-0.0021071754023432726,-0.006490327120409347,-0.12073225724805067,-0.3718683516587525,-0.17445984482765198,-0.0052984897047281265,-8.839417457580566,0.820631206035614,0.44374480548319906,0.2249422231654747,165.77131691944325,5.609630283898338,0.0002217402332351858,0.01777124901289612,0.5,0.031672470526812595,0.5002217402332352,0.04944371953970872,-0.9439665457164342,0.2743859427051834,-0.9439665457164342,-0.9439665457164342,-0.9439665457164342,-0.9439665457164342,0.03839430627607485,0.03839430627607485,0.03839430627607485,0.03839430627607485,1.0
36300,111.4636084849999,1.0362579447409401,-0.5898760008157814,0.21114535629749298,-0.06321016699075699,0.9891590071468491,0.048198386774836184,0.0008220315352082258,0.009454057849361562,0.21114535629749298,0.06321016699075699,-1.790568232536316,0.0467665009200573,0.0008220315352082258,0.009454057849361562,0.047098937594091075,0.5416776140409453,0.21114535629749298,0.06321016699075699,-1.790568232536316,0.0467665009200573,-0.3957391118943143,-0.26495109950468115,165.7716270568836,5.609521369072543,-8.650311572810605e-05,-0.025886577357786964,0.5,-0.2556656371406889,0.4999134968842719,-0.2815522144984759,-0.10417438498995757,-0.546503314003157,-0.10417438498995757,-0.10417438498995757,-0.10417438498995757,-0.10417438498995757,-0.5725469102506464,-0.5725469102506464,-0.5725469102506464,-0.5725469102506464,1.0
36350,111.51934926400008,1.6421342506568584,-0.6542631802652867,0.15584734082221985,0.025212973356246948,0.9891590071468491,0.048198386774836184,0.011396567933261399,0.01057782612682786,0.15584734082221985,-0.025212973356246948,10.440951347351074,-3.18381404876709,0.011396567933261399,0.01057782612682786,0.6529752435100094,0.6060647934904506,0.15584734082221985,-0.025212973356246948,10.440951347351074,-3.18381404876709,-0.4584008962731486,-0.06014352603924153,165.76098242563228,5.609469484705142,-0.0011993222514592925,-0.028963776615288553,-0.5,0.13963812136440498,-0.5011993222514592,0.11067434474911643,0.9596002185246079,0.0505308187098749,0.9596002185246079,0.9596002185246079,0.9596002185246079,0.9596002185246079,0.29043087334102685,0.29043087334102685,0.29043087334102685,0.29043087334102685,1.0
36400,111.65851155300061,1.0525367401323136,0.35466442952250854,-0.12837669253349304,0.029399599879980087,0.9891590071468491,0.048198386774836184,0.0011061501130461698,-0.007031282578245737,-0.12837669253349304,-0.029399599879980087,1.7211718559265137,-0.01449897326529026,0.0011061501130461698,-0.007031282578245737,0.06337773298546444,-0.4028628162973447,-0.12837669253349304,-0.029399599879980087,1.7211718559265137,-0.01449897326529026,0.2777483709364815,0.23180434121986723,165.77158192327175,5.6096134248974066,-0.00011640118956305221,0.019252480570375347,-0.5,0.15853496834530986,-0.500116401189563,0.1777874489156852,0.2223680302530815,0.40959179013555247,0.2223680302530815,0.2223680302530815,0.2223680302530815,0.2223680302530815,0.46518379769882284,0.46518379769882284,0.46518379769882284,0.46518379769882284,1.0
36450,111.80898645900015,0.668725038615731,0.138834907381322,0.15157967805862427,-0.2212517261505127,0.9891590071468491,0.048198386774836184,-0.0055926277860999084,-0.00326434679387603,0.15157967805862427,0.2212517261505127,-4.1965131759643555,2.5488481521606445,-0.0055926277860999084,-0.00326434679387603,-0.3204339685311181,-0.18703329415615821,0.15157967805862427,0.2212517261505127,-4.1965131759643555,2.5488481521606445,-0.09170288249702899,-0.21252156605576922,165.76910591269987,5.6097028139198315,0.0005885231869184683,0.008938081680782695,0.5,-0.2999139892295143,0.5005885231869185,-0.2909759075487316,-0.40888564068988953,-0.5034974736045008,-0.40888564068988953,-0.40888564068988953,-0.40888564068988953,-0.40888564068988953,-0.6057188837769731,-0.6057188837769731,-0.6057188837769731,-0.6057188837769731,1.0
36500,111.95957812100005,1.981602016204191,-0.03523625557206151,-0.21310895681381226,0.06711181253194809,0.9891590071468491,0.048198386774836184,0.01732139814645052,-0.00022623186756391082,-0.21310895681381226,-0.06711181253194809,3.7370638847351074,4.088235378265381,0.01732139814645052,-0.00022623186756391082,0.9924430090573418,-0.012962131202774676,-0.21310895681381226,-0.06711181253194809,3.7370638847351074,4.088235378265381,-0.024961288724507896,0.3390016478430372,165.7469650532878,5.609727256468356,-0.0018229265209545671,0.0006194420513985408,-0.5,0.2616624962326712,-0.5018229265209546,0.2622819382840697,0.5267842152454625,0.6012835861271069,0.5267842152454625,0.5267842152454625,0.5267842152454625,0.5267842152454625,0.7329796399384725,0.7329796399384725,0.7329796399384725,0.7329796399384725,1.0
36550,112.11092259900033,0.594576238181808,0.5002150403639662,-0.15042516589164734,0.007353188470005989,0.9891590071468491,0.048198386774836184,-0.0068867684900760645,-0.009571619965718127,-0.15042516589164734,-0.007353188470005989,-12.390344619750977,5.335819721221924,-0.0068867684900760645,-0.009571619965718127,-0.3945827689650411,-0.5484134271388024,-0.15042516589164734,-0.007353188470005989,-12.390344619750977,5.335819721221924,0.43727221696167184,0.14364564033978952,165.76777538228805,5.609516213864112,0.0007247120166562579,0.02620849374646876,0.5,0.04380379268413217,0.5007247120166562,0.07001228643060092,-0.9379969289783281,0.21365792677039044,-0.9379969289783281,-0.9379969289783281,-0.9379969289783281,-0.9379969289783281,-0.02084130547419158,-0.02084130547419158,-0.02084130547419158,-0.02084130547419158,1.0
36600,112.27238671299983,1.5708778752538772,-0.18412514471573607,0.04970310628414154,0.022445261478424072,0.9891590071468491,0.048198386774836184,0.010152909569442276,0.002372369467630051,0.04970310628414154,-0.022445261478424072,-1.3518263101577759,-0.5516411662101746,0.010152909569442276,0.002372369467630051,0.5817188681070282,0.1359267579408999,0.04970310628414154,-0.022445261478424072,-1.3518263101577759,-0.5516411662101746,-0.31623357058108975,0.06083971266290292,165.76319033879963,5.609714402350995,-0.0010684359217144122,-0.006495757767969802,0.5,0.12629960613836133,0.4989315640782856,0.11980384837039153,-0.18269799349719584,0.18064356103329443,-0.18269799349719584,-0.18269799349719584,-0.18269799349719584,-0.18269799349719584,0.13496906265899547,0.13496906265899547,0.13496906265899547,0.13496906265899547,1.0
36650,112.40228595600001,1.6618524731821562,-0.216727318491073,-0.10477890074253082,-0.05062449723482132,0.9891590071468491,0.048198386774836184,0.011740715838968754,0.0029413847433170303,-0.10477890074253082,0.05062449723482132,3.163602352142334,0.38830289244651794,0.011740715838968754,0.0029413847433170303,0.6726934660353071,0.1685289317162368,-0.10477890074253082,0.05062449723482132,3.163602352142334,0.38830289244651794,0.05875804773112758,-0.1001583751814718,165.7603264308334,5.6097074333565775,-0.001235542039859184,-0.008053777947937227,-0.5,-0.23003697557716463,-0.5012355420398592,-0.23809075352510184,0.4424774943087316,-0.33824912870657364,0.4424774943087316,0.4424774943087316,0.4424774943087316,0.4424774943087316,-0.22762975512939074,-0.22762975512939074,-0.22762975512939074,-0.22762975512939074,1.0
36700,112.46751100399979,0.9439772865773077,0.3308864866288579,-0.23441298305988312,-0.02285635471343994,0.9891590071468491,0.048198386774836184,-0.0007885697856545443,-0.0066162791854003445,-0.23441298305988312,0.02285635471343994,0.9504952430725098,4.235622406005859,-0.0007885697856545443,-0.0066162791854003445,-0.04518172056954135,-0.37908487340369407,-0.23441298305988312,0.02285635471343994,0.9504952430725098,4.235622406005859,0.4868267195042588,0.17225129796944028,165.77163149694763,5.609626479047082,8.298190433356696e-05,0.01811612730173415,-0.49999999999999994,-0.12832194712996392,-0.49991701809566635,-0.11020581982822977,0.013090298591407534,0.0620454781412105,0.013090298591407534,0.013090298591407534,0.013090298591407534,0.013090298591407534,0.06531805278906239,0.06531805278906239,0.06531805278906239,0.06531805278906239,1.0
36750,112.53409738099981,0.1506993328358176,0.1371299347499708,-0.04131019487977028,-0.11331430077552795,0.9891590071468491,0.048198386774836184,-0.014633881961926817,-0.0032345894078025595,-0.04131019487977028,0.11331430077552795,-6.480828762054443,-1.6548492908477783,-0.014633881961926817,-0.0032345894078025595,-0.8384596743110315,-0.18532832152480697,-0.04131019487977028,0.11331430077552795,-6.480828762054443,-1.6548492908477783,0.40084564978957793,-0.1072549841030809,165.7540400735725,5.609703259659756,0.0015400451208402533,0.008856602803230215,0.5,-0.29361684784884934,0.5015400451208403,-0.28476024504561914,-0.9023856949104182,-0.3920152291487,-0.9023856949104182,-0.9023856949104182,-0.9023856949104182,-0.9023856949104182,-0.6176116528763046,-0.6176116528763046,-0.6176116528763046,-0.6176116528763046,1.0
36800,112.6007485150003,0.5389958939759466,-0.37336241922096225,0.2229400873184204,-0.11210568249225616,0.9891590071468491,0.048198386774836184,-0.0078568284958601,0.005675182975246571,0.2229400873184204,0.11210568249225616,-2.3768227100372314,0.6244949102401733,-0.0078568284958601,0.005675182975246571,-0.45016311317090246,0.3251640324461261,0.2229400873184204,0.11210568249225616,-2.3768227100372314,0.6244949102401733,-0.29012127928082965,-0.2688801621096609,165.76659709638633,5.609653140270167,0.0008267977836499566,-0.015539254606916172,0.5,-0.2933042033871049,0.5008267977836499,-0.3088434579940211,-0.21070551850282027,-0.577723620103682,-0.21070551850282027,-0.21070551850282027,-0.21070551850282027,-0.21070551850282027,-0.630399999729387,-0.630399999729387,-0.630399999729387,-0.630399999729387,1.0
36850,112.66557735300012,1.29676253362399,-0.5815667555253435,0.21069106459617615,-0.0018357140943408012,0.9891590071468491,0.048198386774836184,0.005368694327771664,0.009309034160687589,0.21069106459617615,0.0018357140943408012,7.270234107971191,-0.6634886264801025,0.005368694327771664,0.009309034160687589,0.307603526477141,0.5333683687505074,0.21069106459617615,0.0018357140943408012,7.270234107971191,-0.6634886264801025,-0.4758030422191169,-0.09328459105523383,165.76930813653092,5.6095276407285555,-0.0005649577719778207,-0.02548946459092484,-0.5,-0.011009338373507833,-0.5005649577719778,-0.03649880296443267,0.9763679999910948,-0.1297833940196665,0.9763679999910948,0.9763679999910948,0.9763679999910948,0.9763679999910948,0.11430860597810721,0.11430860597810721,0.11430860597810721,0.11430860597810721,1.0
36900,112.81411204699998,0.7744035930840194,0.44536219134599053,-0.20865382254123688,-0.08034355193376541,0.9891590071468491,0.048198386774836184,-0.003748189061880111,-0.008614257146255112,-0.20865382254123688,0.08034355193376541,1.0818125009536743,1.709678292274475,-0.003748189061880111,-0.008614257146255112,-0.21475541406282972,-0.49356057812082665,-0.20865382254123688,0.08034355193376541,1.0818125009536743,1.709678292274475,0.5093554989118119,0.12044651641485035,165.77052529710474,5.609556342098687,0.0003944270390646344,0.0235869942017498,-0.5,-0.27680889210592596,-0.4996055729609354,-0.25322189790417615,-0.009749925950876481,-0.1327753814893258,-0.009749925950876481,-0.009749925950876481,-0.009749925950876481,-0.009749925950876481,-0.13521286297704493,-0.13521286297704493,-0.13521286297704493,-0.13521286297704493,1.0
36950,112.98584633000064,1.0898976614488718,-0.6498121914431128,0.2213180661201477,-0.05867529287934303,0.9891590071468491,0.048198386774836184,0.0017582212015986448,0.010500141716911458,0.2213180661201477,0.05867529287934303,-1.834580898284912,0.5650816559791565,0.0017582212015986448,0.010500141716911458,0.10073865430202261,0.6016138046682766,0.2213180661201477,0.05867529287934303,-1.834580898284912,0.5650816559791565,-0.42551012947502803,-0.2716178777516817,165.7714280452176,5.609473258687058,-0.00018501934161864318,-0.02875105280214688,0.5,-0.24761784569445267,0.49981498065838137,-0.27636889849659957,-0.07430485118335334,-0.5479867762482813,-0.07430485118335334,-0.07430485118335334,-0.07430485118335334,-0.07430485118335334,-0.5665629890441196,-0.5665629890441196,-0.5665629890441196,-0.5665629890441196,1.0
37000,113.1543991590006,1.805896893909494,0.34859452578448286,-0.042896147817373276,0.10356259346008301,0.9891590071468491,0.048198386774836184,0.014254765249788762,-0.006925342772738077,-0.042896147817373276,-0.10356259346008301,10.44599723815918,2.800004243850708,0.014254765249788762,-0.006925342772738077,0.8167378867626448,-0.39679291255931903,-0.042896147817373276,-0.10356259346008301,10.44599723815918,2.800004243850708,-0.11860061984448798,0.3309997964492024,165.75494234584517,5.609616832754013,-0.001500142088215378,0.01896239804750873,-0.5,0.2906191751374041,-0.5015001420882154,0.3095815731849128,0.6201007619327034,0.6405813696341152,0.6201007619327034,0.6201007619327034,0.6201007619327034,0.6201007619327034,0.795606560117291,0.795606560117291,0.795606560117291,0.795606560117291,1.0
37050,113.30672796500039,1.0655997970850803,0.7262274941035691,-0.052964355796575546,0.017091922461986542,0.9891590071468491,0.048198386774836184,0.0013341434672474901,-0.013516281433985568,-0.052964355796575546,-0.017091922461986542,7.720217227935791,1.2693426609039307,0.0013341434672474901,-0.013516281433985568,0.07644078993823136,-0.7744258808784052,-0.052964355796575546,-0.017091922461986542,7.720217227935791,1.2693426609039307,0.10114966460843419,0.3183552764635114,165.77153608621347,5.609306305610631,-0.0001403931648552048,0.037010376267383446,-0.5,0.09873530901130202,-0.5001403931648553,0.13574568527868547,0.39899072855642104,0.4541009617421969,0.39899072855642104,0.39899072855642104,0.39899072855642104,0.39899072855642104,0.5538486438813022,0.5538486438813022,0.5538486438813022,0.5538486438813022,1.0
37100,113.40104561099997,1.2352964873442818,0.6483549599115199,-0.398734450340271,0.07624195516109467,0.9891590071468491,0.048198386774836184,0.004295909442007542,-0.012157149315462447,-0.398734450340271,-0.07624195516109467,0.16044914722442627,-0.9869787096977234,0.004295909442007542,-0.012157149315462447,0.24613748019743265,-0.696553346686356,-0.398734450340271,-0.07624195516109467,0.16044914722442627,-0.9869787096977234,0.7451595988125472,0.40195427505239834,165.77016231293445,5.609386728351131,-0.0004520650584389653,0.03328850753053802,-0.49837068652070576,0.2728611790423812,-0.49882275157914474,0.30614968657291924,-0.2463368472334025,0.7081039616253175,-0.2463368472334025,-0.2463368472334025,-0.2463368472334025,-0.2463368472334025,0.6465197498169669,0.6465197498169669,0.6465197498169669,0.6465197498169669,1.0
37150,113.4565072180003,0.14817216284291287,0.9151629596248454,-0.26419660449028015,-0.09854951500892639,0.9891590071468491,0.048198386774836184,-0.014677989399060606,-0.016813827381120063,-0.26419660449028015,0.09854951500892639,-20.07455825805664,-0.6504353880882263,-0.014677989399060606,-0.016813827381120063,-0.8409868443039362,-0.9633613463996815,-0.26419660449028015,0.09854951500892639,-20.07455825805664,-0.6504353880882263,0.7990011651238198,0.1358848422650044,165.75393356307737,5.609075793776444,0.001544687573063653,0.04604086420024653,0.5,-0.2885758985327286,0.5015446875730637,-0.24253503433248205,-1.3005458526968834,-0.10665019206747764,-1.3005458526968834,-1.3005458526968834,-1.3005458526968834,-1.3005458526968834,-0.43178665524169846,-0.43178665524169846,-0.43178665524169846,-0.43178665524169846,1.0
37200,113.51119229300002,-0.7612019046354426,0.45887542713416984,-0.1025114506483078,-0.24438253045082092,0.9891590071468491,0.048198386774836184,-0.030549561008810996,-0.008850107603357173,-0.1025114506483078,0.24438253045082092,-28.989044189453125,-3.3371994495391846,-0.030549561008810996,-0.008850107603357173,-1.7503609117822916,-0.507073813909006,-0.1025114506483078,0.24438253045082092,-28.989044189453125,-3.3371994495391846,0.6896421846942771,-0.31375605913676863,165.6948000056809,5.6095468485355955,0.0032157483898781272,0.02423280883756847,0.5,-0.29996589899419707,0.5032157483898781,-0.2757330901566286,-1.1928579330841553,-0.5894891492933972,-1.1928579330841553,-1.1928579330841553,-1.1928579330841553,-1.1928579330841553,-0.8877036325644361,-0.8877036325644361,-0.8877036325644361,-0.8877036325644361,1.0
37250,113.56667506600024,-0.9673092127820713,-0.09240682323018594,0.19987568259239197,-0.3112318813800812,0.9891590071468491,0.048198386774836184,-0.0341468121483922,0.0007715827733045444,0.19987568259239197,0.3112318813800812,-26.69318962097168,-1.7822327613830566,-0.0341468121483922,0.0007715827733045444,-1.9564682199289203,0.044208436455349755,0.19987568259239197,0.3112318813800812,-26.69318962097168,-1.7822327613830566,0.13851431746118087,-0.5666526789480977,165.6756297768478,5.609726002255833,0.003594683471137131,-0.0021126593904681416,0.5,-0.29999764767133585,0.5035946834711371,-0.302110307061804,-0.642109000932318,-0.8687629860099016,-0.642109000932318,-0.642109000932318,-0.642109000932318,-0.642109000932318,-1.0292902362429812,-1.0292902362429812,-1.0292902362429812,-1.0292902362429812,1.0
37300,113.66097449100016,1.7817165301437679,-1.4839711885848696,0.5000304579734802,0.10623619705438614,0.9891590071468491,0.048198386774836184,0.01383273828774691,0.025058962702169084,0.5000304579734802,-0.10623619705438614,11.397147178649902,-1.2316519021987915,0.01383273828774691,0.025058962702169084,0.7925575229969188,1.4357728018100335,0.5000304579734802,-0.10623619705438614,11.397147178649902,-1.2316519021987915,-1.2053345177603527,-0.23148481950921312,165.7559188894493,5.608280107302956,-0.001455723140965224,-0.06862408924182123,-0.5,0.29155722919454463,-0.5014557231409652,0.2229331399527234,1.7067902409013178,-0.008551679556489722,1.7067902409013178,1.7067902409013178,1.7067902409013178,1.7067902409013178,0.41814588066883973,0.41814588066883973,0.41814588066883973,0.41814588066883973,1.0
37350,113.83499296900027,2.9687952970423446,1.2341495491722485,-0.23875874280929565,0.0755021795630455,0.9891590071468491,0.048198386774836184,0.03455117125064135,-0.022381193638429976,-0.23875874280929565,-0.0755021795630455,27.662546157836914,0.29249146580696106,0.03455117125064135,-0.022381193638429976,1.9796362898954953,-1.2823479359470846,-0.23875874280929565,-0.0755021795630455,27.662546157836914,0.29249146580696106,-0.06623781376348808,0.49822001598587173,165.67334165901053,5.608572875313291,-0.003637284321794361,0.06128910412052157,-0.5,0.2720840359313346,-0.5036372843217943,0.3333731400518562,0.5698750980852825,0.8315931560377279,0.5698750980852825,0.5698750980852825,0.5698750980852825,0.5698750980852825,0.9740619305590485,0.9740619305590485,0.9740619305590485,0.9740619305590485,1.0
37400,114.03118473700033,-0.8743351303351239,0.9196079186706427,-0.026005050167441368,-0.19304972887039185,0.9891590071468491,0.048198386774836184,-0.0325241082906723,-0.016891406551585532,-0.026005050167441368,0.19304972887039185,-25.606060028076172,-2.5760867595672607,-0.0325241082906723,-0.016891406551585532,-1.863494137481973,-0.9678063054454789,-0.026005050167441368,0.19304972887039185,-25.606060028076172,-2.5760867595672607,0.6883224877061758,-0.20859071115120742,165.68454121536337,5.609069767248631,0.003423736712415859,0.04625332675366911,0.5,-0.29973433054148807,0.5034237367124159,-0.25348100378781896,-1.1917462244185917,-0.4620717149390264,-1.1917462244185917,-1.1917462244185917,-1.1917462244185917,-1.1917462244185917,-0.7600082710436743,-0.7600082710436743,-0.7600082710436743,-0.7600082710436743,1.0
37450,114.20003215700035,1.1269246505480397,-0.5243288097852847,0.4763154089450836,-0.012117433361709118,0.9891590071468491,0.048198386774836184,0.002404464073479176,0.008310043550445699,0.4763154089450836,0.012117433361709118,-3.016533374786377,-0.058926381170749664,0.002404464073479176,0.008310043550445699,0.13776564340119066,0.47613042301044856,0.4763154089450836,0.012117433361709118,-3.016533374786377,-0.058926381170749664,-0.8700045920166486,-0.17604766550603962,165.7712064187611,5.609568208783662,-0.00025302433773721647,-0.022753987867342215,0.5,-0.07131388001965128,0.4997469756622628,-0.09406786788699349,0.3702576163543858,-0.2701155333930331,0.3702576163543858,0.3702576163543858,0.3702576163543858,0.3702576163543858,-0.17755112930443667,-0.17755112930443667,-0.17755112930443667,-0.17755112930443667,1.0
37500,114.35527047200048,2.779462026362768,0.5535777075236892,-0.09782208502292633,0.04122044891119003,0.9891590071468491,0.048198386774836184,0.0312466822937131,-0.010502974205301142,-0.09782208502292633,-0.04122044891119003,29.132041931152344,-0.0475802905857563,0.0312466822937131,-0.010502974205301142,1.7903030192159193,-0.6017760942985253,-0.09782208502292633,-0.04122044891119003,29.132041931152344,-0.0475802905857563,-0.2783675038229745,0.3176440492907153,165.69125143152965,5.609473121570743,-0.0032891765197295385,0.028758809022265488,-0.5,0.20323873791510585,-0.5032891765197295,0.23199754693737135,0.781656680342704,0.5496415962280867,0.781656680342704,0.781656680342704,0.781656680342704,0.781656680342704,0.7450557663137627,0.7450557663137627,0.7450557663137627,0.7450557663137627,1.0
37550,114.49989242399988,1.1697892102317473,0.9854352541788157,-0.31227824091911316,0.058619577437639236,0.9891590071468491,0.048198386774836184,0.0031525917723774916,-0.018040310294018126,-0.31227824091911316,-0.058619577437639236,4.621978759765625,0.14085246622562408,0.0031525917723774916,-0.018040310294018126,0.18063020308489816,-1.033633640953652,-0.31227824091911316,-0.058619577437639236,4.621978759765625,0.14085246622562408,0.5867488407604767,0.4772932673703161,165.77086390935077,5.608977270446947,-0.00033175107483913427,0.049399826062311206,-0.5,0.2475111996603429,-0.5003317510748392,0.2969110257226541,-0.08641708968563755,0.7742042930929702,-0.08641708968563755,-0.08641708968563755,-0.08641708968563755,-0.08641708968563755,0.7526000206715608,0.7526000206715608,0.7526000206715608,0.7526000206715608,1.0
37600,114.55410199800008,0.45825644124063747,0.995975410006909,-0.11670201271772385,-0.0294911228120327,0.9891590071468491,0.048198386774836184,-0.009265997782349586,-0.018224270716891623,-0.11670201271772385,0.0294911228120327,-3.549053907394409,1.2060550451278687,-0.009265997782349586,-0.018224270716891623,-0.5309025659062117,-1.0441737967817453,-0.11670201271772385,0.0294911228120327,-3.549053907394409,1.2060550451278687,0.4161480063843898,0.26844440282940524,165.76460923609125,5.608961894973049,0.0009750966941357524,0.049903646650336954,0.5,-0.15893037124586537,0.5009750966941358,-0.10902672459552842,-0.9171231030785256,0.15941767823387681,-0.9171231030785256,-0.9171231030785256,-0.9171231030785256,-0.9171231030785256,-0.06986309753575459,-0.06986309753575459,-0.06986309753575459,-0.06986309753575459,1.0
37650,114.60918476700044,0.3165706769327756,0.8620549304551169,0.12767016887664795,-0.08430257439613342,0.9891590071468491,0.048198386774836184,-0.01173888087272644,-0.015886917412863112,0.12767016887664795,0.08430257439613342,-7.785263538360596,-0.2986886203289032,-0.01173888087272644,-0.015886917412863112,-0.6725883302140735,-0.9102533172299532,0.12767016887664795,0.08430257439613342,-7.785263538360596,-0.2986886203289032,-0.0329017764395112,0.14808930392874414,165.7603299802855,5.6091456525692704,0.001235348918384314,0.04350240881816704,0.5,-0.2800927299503808,0.5012353489183843,-0.2365903211322138,-0.4683335724788731,-0.08850101720346965,-0.4683335724788731,-0.4683335724788731,-0.4683335724788731,-0.4683335724788731,-0.20558441032318792,-0.20558441032318792,-0.20558441032318792,-0.20558441032318792,1.0
37700,114.72831832800057,1.4828817734122526,0.27331799708556737,0.058852650225162506,-0.0025244727730751038,0.9891590071468491,0.048198386774836184,0.008617087863385678,-0.005611519497469999,0.058852650225162506,0.0025244727730751038,-0.252251535654068,-1.2905943393707275,0.008617087863385678,-0.005611519497469999,0.49372276626540346,-0.3215163838604036,0.058852650225162506,0.0025244727730751038,-0.252251535654068,-1.2905943393707275,-0.2574592846926663,0.13510763404502896,165.76556527079148,5.609654796422865,-0.0009068059238431436,0.0153649345372791,0.4999585118583596,-0.01513397905201708,0.4990517059345165,0.0002309554852620195,-0.24159242124185015,0.135338589530291,-0.24159242124185015,-0.24159242124185015,-0.24159242124185015,-0.24159242124185015,0.07494048421982845,0.07494048421982845,0.07494048421982845,0.07494048421982845,1.0
37750,114.89041793400065,1.7659061363190691,0.034778139309781415,0.02943328395485878,-0.013588882982730865,0.9891590071468491,0.048198386774836184,0.013556794859468937,-0.001448213582043536,0.02943328395485878,0.013588882982730865,12.653924942016602,-4.084329128265381,0.013556794859468937,-0.001448213582043536,0.7767471291722201,-0.0829765260846176,0.02943328395485878,0.013588882982730865,12.653924942016602,-4.084329128265381,-0.2581271815801718,0.10222703738572331,165.7565415390159,5.609722540391449,-0.0014266799754862301,0.00396533366423195,-0.5,-0.07958345240574026,-0.5014266799754862,-0.07561811874150831,0.759553861555658,0.026608918644214996,0.759553861555658,0.759553861555658,0.759553861555658,0.759553861555658,0.2164973840331295,0.2164973840331295,0.2164973840331295,0.2164973840331295,1.0
37800,115.04724568599977,1.2660214529953495,0.642317873098022,-0.1493300199508667,0.06810195744037628,0.9891590071468491,0.048198386774836184,0.00483216125518084,-0.012051782273338175,-0.1493300199508667,-0.06810195744037628,1.9228178262710571,0.5677099227905273,0.00483216125518084,-0.012051782273338175,0.2768624458485005,-0.6905162598728581,-0.1493300199508667,-0.06810195744037628,1.9228178262710571,0.5677099227905273,0.25647520605908053,0.3620824264795448,165.7697590402214,5.60939260750805,-0.0005084964712921046,0.03299997266079843,-0.5,0.2630595520465447,-0.5005084964712921,0.2960595247073431,0.2440332904122116,0.6581419511868879,0.2440332904122116,0.2440332904122116,0.2440332904122116,0.2440332904122116,0.7191502737899408,0.7191502737899408,0.7191502737899408,0.7191502737899408,1.0
37850,115.19613955099976,1.0234658541991526,0.7053177237332213,0.01668013632297516,-0.004023004323244095,0.9891590071468491,0.048198386774836184,0.0005987674370408064,-0.013151337095187045,0.01668013632297516,0.004023004323244095,-10.45919418334961,0.19973036646842957,0.0005987674370408064,-0.013151337095187045,0.03430684705230344,-0.7535161105080574,0.01668013632297516,0.004023004323244095,-10.45919418334961,0.19973036646842957,0.02674516001603571,0.20666959867451493,165.77165319077434,5.609328736331937,-6.300882783077427e-05,0.03601099753850105,0.5,-0.0240860720155127,0.4999369911721692,0.011924925522988353,-0.5266821511882049,0.21859452419750328,-0.5266821511882049,-0.5266821511882049,-0.5266821511882049,-0.5266821511882049,0.08692398640045204,0.08692398640045204,0.08692398640045204,0.08692398640045204,1.0
